id;data_inversa;dia_semana;horario;uf;br;km;municipio;causa_acidente;tipo_acidente;classificacao_acidente;fase_dia;sentido_via;condicao_metereologica;tipo_pista;tracado_via;uso_solo;pessoas;mortos;feridos_leves;feridos_graves;ilesos;ignorados;feridos;veiculos;latitude;longitude;regional;delegacia;uop
260240;01/01/2020;quarta-feira;19:40:00;PA;316;32,5;SANTA IZABEL DO PARA;Pista Escorregadia;Saída de leito carroçável;Com Vítimas Feridas;Plena Noite;Decrescente;Chuva;Dupla;Curva;Sim;1;0;0;1;0;0;1;1;-1,29883965;-48,18120718;SR-PA;DEL19/1;UOP01/PA
260241;01/01/2020;quarta-feira;18:10:00;PR;376;667;GUARATUBA;Defeito Mecânico no Veículo;Saída de leito carroçável;Sem Vítimas;Anoitecer;Crescente;Céu Claro;Dupla;Reta;Não;1;0;0;0;1;0;0;1;-25,86649659;-48,94666822;SR-PR;DEL7/1;UOP08/PR
260242;01/01/2020;quarta-feira;20:20:00;RO;364;358;OURO PRETO DO OESTE;Defeito na Via;Tombamento;Com Vítimas Feridas;Plena Noite;Crescente;Chuva;Simples;Reta;Não;1;0;1;0;0;0;1;1;-10,79098663;-62,04115379;SR-RO;DEL21/2;UOP01/RO
260243;01/01/2020;quarta-feira;19:00:00;MS;163;16,1;MUNDO NOVO;Ingestão de Álcool;Saída de leito carroçável;Sem Vítimas;Plena Noite;Crescente;Céu Claro;Simples;Curva;Sim;1;0;0;0;1;0;0;1;-23,95437523;-54,29279479;SR-MS;DEL3/09;UOP02/MS
260244;01/01/2020;quarta-feira;21:40:00;ES;447;12;VILA VELHA;Falta de Atenção do Pedestre;Atropelamento de Pedestre;Com Vítimas Feridas;Plena Noite;Crescente;Céu Claro;Dupla;Reta;Sim;2;0;2;0;0;0;2;1;-20,35784325;-40,3328294;SR-ES;DEL12/1;UOP01/ES
260245;01/01/2020;quarta-feira;22:10:00;MG;459;95,9;POUSO ALEGRE;Desobediência às normas de trânsito pelo condutor;Colisão frontal;Com Vítimas Fatais;Plena Noite;Crescente;Céu Claro;Simples;Não Informado;Não;4;1;0;3;0;0;3;2;-22,202257;-45,960611;SR-MG;DEL09;UOP04/MG
260246;01/01/2020;quarta-feira;17:30:00;SP;116;351;MIRACATU;Velocidade Incompatível;Saída de leito carroçável;Com Vítimas Feridas;Plena Noite;Crescente;Céu Claro;Dupla;Reta;Não;2;0;1;0;1;0;1;1;-24,06157909;-47,22591797;SR-SP;DEL6/4;UOP03/SP
260247;01/01/2020;quarta-feira;21:40:00;BA;242;883;LUIS EDUARDO MAGALHAES;Ingestão de Álcool;Queda de ocupante de veículo;Com Vítimas Feridas;Plena Noite;Crescente;Céu Claro;Dupla;Reta;Não;1;0;0;1;0;0;1;1;-12,09236717;-45,79994202;SR-BA;DEL10/10;UOP01/BA
260248;01/01/2020;quarta-feira;19:40:00;PR;376;626;SAO JOSE DOS PINHAIS;Defeito Mecânico no Veículo;Queda de ocupante de veículo;Com Vítimas Feridas;Plena Noite;Decrescente;Chuva;Simples;Reta;Sim;2;0;2;0;0;0;2;1;-25,66095117;-49,15500053;SR-PR;DEL7/1;UOP08/PR
260249;01/01/2020;quarta-feira;22:45:00;RN;101;94;NATAL;Falta de Atenção à Condução;Colisão com objeto estático;Com Vítimas Feridas;Plena Noite;Crescente;Ignorado;Dupla;Curva;Não;2;0;1;1;0;0;2;1;-5,83176615;-35,21191342;SR-RN;DEL15/1;UOP01/RN
260250;01/01/2020;quarta-feira;23:00:00;MG;40;449,8;CAETANOPOLIS;Defeito Mecânico no Veículo;Incêndio;Sem Vítimas;Plena Noite;Decrescente;Nublado;Dupla;Reta;Não;1;0;0;0;1;0;0;1;-19,313;-44,37;SR-MG;DEL4/2;UOP01/MG
260251;01/01/2020;quarta-feira;19:20:00;MA;10;299,1;CIDELANDIA;Ultrapassagem Indevida;Colisão traseira;Com Vítimas Fatais;Plena Noite;Decrescente;Céu Claro;Simples;Reta;Não;2;1;0;0;1;0;0;2;-5,122542;-47,547592;SR-MA;DEL18/4;UOP03/MA
260253;01/01/2020;quarta-feira;10:15:00;SC;470;31;GASPAR;Não guardar distância de segurança;Colisão traseira;Com Vítimas Feridas;Pleno dia;Crescente;Sol;Dupla;Não Informado;Não;3;0;1;0;2;0;1;2;-26,89854448;-48,92593861;SR-SC;DEL8/4;UOP01/SC
260255;01/01/2020;quarta-feira;22:10:00;RJ;101;478;ANGRA DOS REIS;Ingestão de Álcool;Colisão frontal;Com Vítimas Feridas;Plena Noite;Decrescente;Céu Claro;Simples;Curva;Sim;4;0;1;0;3;0;1;2;-23,00246527;-44,27270594;SR-RJ;DEL5/3;UOP02/RJ
260256;01/01/2020;quarta-feira;17:55:00;SP;116;331,6;JUQUITIBA;Pista Escorregadia;Colisão com objeto estático;Com Vítimas Feridas;Anoitecer;Decrescente;Garoa/Chuvisco;Dupla;Curva;Não;4;0;4;0;0;0;4;1;-23,95129388;-47,10220309;SR-SP;DEL6/4;UOP01/SP
260257;01/01/2020;quarta-feira;22:50:00;CE;116;1;FORTALEZA;Ingestão de Álcool;Capotamento;Com Vítimas Feridas;Plena Noite;Crescente;Céu Claro;Dupla;Reta;Sim;1;0;1;0;0;0;1;1;-3,76159894;-38,51900662;SR-CE;DEL16/1;UOP02/CE
260258;01/01/2020;quarta-feira;20:55:00;RJ;116;202,9;SEROPEDICA;Velocidade Incompatível;Colisão transversal;Com Vítimas Feridas;Plena Noite;Decrescente;Céu Claro;Dupla;Reta;Não;5;0;5;0;0;0;5;2;-22,72996588;-43,61317403;SR-RJ;DEL5/1;UOP03/RJ
260259;01/01/2020;quarta-feira;22:10:00;RO;364;515;ARIQUEMES;Sinalização da via insuficiente ou inadequada;Colisão com objeto estático;Sem Vítimas;Plena Noite;Crescente;Chuva;Simples;Reta;Sim;4;0;0;0;4;0;0;1;-9,92497302;-63,05491046;SR-RO;DEL21/3;UOP01/RO
260260;01/01/2020;quarta-feira;23:30:00;MG;381;487;BETIM;Desobediência às normas de trânsito pelo condutor;Colisão com objeto estático;Com Vítimas Feridas;Plena Noite;Decrescente;Chuva;Dupla;Curva;Sim;3;0;2;0;1;0;2;1;-19,95586853;-44,14609501;SR-MG;DEL4/1;UOP03/MG
260261;01/01/2020;quarta-feira;23:45:00;MG;381;499,4;BETIM;Ingestão de Álcool;Colisão com objeto estático;Sem Vítimas;Plena Noite;Decrescente;Chuva;Simples;Não Informado;Sim;1;0;0;0;0;1;0;1;-19,99754736;-44,20919895;SR-MG;DEL4/1;UOP03/MG
260262;02/01/2020;quinta-feira;01:30:00;TO;153;255,8;COLINAS DO TOCANTINS;Falta de Atenção à Condução;Colisão transversal;Com Vítimas Fatais;Plena Noite;Decrescente;Nublado;Simples;Reta;Não;2;1;0;0;1;0;0;2;-8,13315806;-48,4703064;SR-TO;UOP03/TO;
260263;02/01/2020;quinta-feira;02:15:00;BA;20;95;SAO DESIDERIO;Condutor Dormindo;Capotamento;Com Vítimas Fatais;Plena Noite;Crescente;Céu Claro;Simples;Reta;Não;5;1;0;3;1;0;3;1;-13,129472;-46,023173;SR-BA;DEL10/10;UOP01/BA
260264;02/01/2020;quinta-feira;03:10:00;SP;116;407,1;JUQUIA;Condutor Dormindo;Colisão com objeto estático;Com Vítimas Feridas;Plena Noite;Crescente;Chuva;Dupla;Ponte;Não;1;0;0;1;0;0;1;1;-24,32689195;-47,56569901;SR-SP;DEL6/5;UOP01/SP
260265;02/01/2020;quinta-feira;02:00:00;SC;101;363;SANGAO;Velocidade Incompatível;Tombamento;Com Vítimas Feridas;Plena Noite;Crescente;Chuva;Dupla;Não Informado;Não;5;0;2;0;3;0;2;4;-28,67634681;-49,12963202;SR-SC;DEL8/2;UOP01/SC
260266;01/01/2020;quarta-feira;21:00:00;SP;116;548;BARRA DO TURVO;Velocidade Incompatível;Capotamento;Com Vítimas Feridas;Plena Noite;Crescente;Garoa/Chuvisco;Dupla;Não Informado;Não;3;0;2;0;1;0;2;1;-24,95393;-48,447268;SR-SP;DEL6/5;UOP03/SP
260267;02/01/2020;quinta-feira;05:40:00;MG;381;584,3;CARMOPOLIS DE MINAS;Condutor Dormindo;Saída de leito carroçável;Com Vítimas Feridas;Amanhecer;Crescente;Nublado;Dupla;Curva;Não;3;0;0;3;0;0;3;1;-20,52516037;-44,63089389;SR-MG;DEL4/4;UOP01/MG
260268;02/01/2020;quinta-feira;04:15:00;SC;280;111;SAO BENTO DO SUL;Velocidade Incompatível;Tombamento;Com Vítimas Feridas;Plena Noite;Decrescente;Céu Claro;Simples;Não Informado;Sim;2;0;2;0;0;0;2;1;-26,31295828;-49,38837778;SR-SC;DEL8/6;UOP03/SC
260269;02/01/2020;quinta-feira;06:30:00;PE;232;27,5;MORENO;Desobediência às normas de trânsito pelo condutor;Colisão com objeto estático;Com Vítimas Feridas;Pleno dia;Decrescente;Céu Claro;Dupla;Reta;Não;2;0;1;0;0;1;1;2;-8,11418416;-35,12568999;SR-PE;DEL11/1;UOP04/PE
260270;02/01/2020;quinta-feira;04:45:00;RJ;116;83;TERESOPOLIS;Defeito Mecânico no Veículo;Queda de ocupante de veículo;Com Vítimas Feridas;Plena Noite;Crescente;Nublado;Simples;Não Informado;Sim;1;0;1;0;0;0;1;1;-22,41517488;-42,95011324;SR-RJ;DEL5/4;UOP01/RJ
260271;01/01/2020;quarta-feira;16:30:00;RJ;101;418;MANGARATIBA;Falta de Atenção à Condução;Colisão traseira;Com Vítimas Feridas;Pleno dia;Crescente;Sol;Simples;Reta;Não;2;0;1;0;1;0;1;2;-22,9178274;-43,90471593;SR-RJ;DEL5/3;UOP01/RJ
260272;02/01/2020;quinta-feira;06:30:00;DF;60;25;BRASILIA;Condutor Dormindo;Saída de leito carroçável;Com Vítimas Feridas;Amanhecer;Decrescente;Céu Claro;Dupla;Não Informado;Não;3;0;3;0;0;0;3;1;-15,996379;-48,240028;SR-DF;UOP03/DF;
260273;01/01/2020;quarta-feira;17:15:00;BA;242;350;LENCOIS;Falta de Atenção à Condução;Capotamento;Com Vítimas Feridas;Pleno dia;Crescente;Chuva;Simples;Desvio Temporário;Não;2;0;1;0;1;0;1;1;-12,49530755;-41,32112295;SR-BA;DEL10/6;UOP01/BA
260274;02/01/2020;quinta-feira;04:00:00;MG;381;443;SANTA LUZIA;Pista Escorregadia;Saída de leito carroçável;Com Vítimas Feridas;Plena Noite;Decrescente;Chuva;Simples;Curva;Não;2;0;2;0;0;0;2;1;-19,822546;-43,817345;SR-MG;DEL4/1;UOP01/MG
260275;02/01/2020;quinta-feira;05:30:00;CE;222;128,2;ITAPAJE;Falta de Atenção à Condução;Saída de leito carroçável;Com Vítimas Feridas;Amanhecer;Crescente;Chuva;Simples;Curva;Não;1;0;1;0;0;0;1;1;-3,70427286;-39,61528609;SR-CE;DEL16/4;UOP03/CE
260276;02/01/2020;quinta-feira;06:25:00;ES;262;1,8;CARIACICA;Falta de Atenção à Condução;Colisão lateral;Com Vítimas Feridas;Pleno dia;Crescente;Céu Claro;Dupla;Reta;Sim;2;0;0;1;1;0;1;2;-20,33295742;-40,35887718;SR-ES;DEL12/1;UOP01/ES
260277;02/01/2020;quinta-feira;07:00:00;SP;153;287,9;OCAUCU;Condutor Dormindo;Colisão frontal;Com Vítimas Fatais;Pleno dia;Decrescente;Nublado;Simples;Não Informado;Não;3;1;1;0;1;0;1;2;-22,47307976;-49,88805771;SR-SP;DEL6/07;UOP02/SP
260278;02/01/2020;quinta-feira;05:30:00;MT;364;11,3;ALTO ARAGUAIA;Falta de Atenção à Condução;Tombamento;Sem Vítimas;Pleno dia;Crescente;Céu Claro;Simples;Não Informado;Não;2;0;0;0;2;0;0;2;-17,26808961;-53,29705668;SR-MT;DEL2/2;UOP04/MT
260279;02/01/2020;quinta-feira;07:45:00;SP;116;108,9;TAUBATE;Defeito Mecânico no Veículo;Colisão com objeto em movimento;Com Vítimas Feridas;Pleno dia;Decrescente;Nublado;Dupla;Reta;Sim;1;0;1;0;0;0;1;1;-23,02834313;-45,54472446;SR-SP;DEL6;UOP01/SP
260280;02/01/2020;quinta-feira;04:20:00;SP;116;550,2;BARRA DO TURVO;Falta de Atenção à Condução;Colisão com objeto estático;Com Vítimas Feridas;Plena Noite;Decrescente;Chuva;Dupla;Curva;Não;4;0;1;0;3;0;1;1;-24,95749618;-48,46440871;SR-SP;DEL6/5;UOP03/SP
260281;02/01/2020;quinta-feira;06:10:00;CE;116;4;FORTALEZA;Defeito Mecânico no Veículo;Danos eventuais;Sem Vítimas;Pleno dia;Decrescente;Chuva;Dupla;Reta;Sim;1;0;0;0;1;0;0;1;-3,7867209;-38,5114568;SR-CE;DEL16/1;UOP02/CE
260282;01/01/2020;quarta-feira;16:30:00;MG;262;802;UBERABA;Falta de Atenção à Condução;Saída de leito carroçável;Sem Vítimas;Pleno dia;Crescente;Céu Claro;Dupla;Reta;Não;1;0;0;0;1;0;0;1;-19,703245;-47,985657;SR-MG;DEL13;UOP01/MG
260283;02/01/2020;quinta-feira;03:45:00;SC;470;355,5;CAMPOS NOVOS;Velocidade Incompatível;Colisão com objeto estático;Sem Vítimas;Plena Noite;Crescente;Ignorado;Simples;Reta;Não;1;0;0;0;0;1;0;1;-27,588255;-51,473515;SR-SC;DEL7;UOP08/SC
260284;01/01/2020;quarta-feira;20:30:00;CE;222;314;TIANGUA;Ingestão de Álcool;Colisão traseira;Sem Vítimas;Plena Noite;Decrescente;Chuva;Simples;Reta;Sim;2;0;0;0;2;0;0;2;-3,73510648;-41,00097656;SR-CE;DEL16/4;UOP02/CE
260285;02/01/2020;quinta-feira;07:30:00;RJ;101;58;CAMPOS DOS GOYTACAZES;Falta de Atenção à Condução;Colisão transversal;Com Vítimas Feridas;Pleno dia;Crescente;Céu Claro;Simples;Reta;Sim;2;0;1;0;1;0;1;2;-21,70488703;-41,30979616;SR-RJ;DEL5/8;UOP01/RJ
260286;02/01/2020;quinta-feira;07:45:00;SP;116;308;SAO LOURENCO DA SERRA;Avarias e/ou desgaste excessivo no pneu;Saída de leito carroçável;Com Vítimas Feridas;Pleno dia;Crescente;Garoa/Chuvisco;Dupla;Curva;Sim;5;0;3;0;2;0;3;1;-23,86213995;-46,94718508;SR-SP;DEL6/4;UOP01/SP
260287;02/01/2020;quinta-feira;07:40:00;DF;40;3;BRASILIA;Falta de Atenção à Condução;Colisão lateral;Com Vítimas Feridas;Pleno dia;Decrescente;Céu Claro;Dupla;Reta;Não;2;0;1;0;1;0;1;2;-16,003145;-47,983944;SR-DF;UOP01/DF;
260288;02/01/2020;quinta-feira;07:30:00;RN;304;29;MOSSORO;Desobediência às normas de trânsito pelo condutor;Colisão transversal;Com Vítimas Feridas;Pleno dia;Decrescente;Céu Claro;Simples;Reta;Não;3;0;2;0;1;0;2;2;-5,1147805;-37,34056776;SR-RN;DEL15/4;UOP02/RN
260289;02/01/2020;quinta-feira;07:10:00;GO;60;250,5;INDIARA;Falta de Atenção à Condução;Saída de leito carroçável;Com Vítimas Feridas;Pleno dia;Decrescente;Céu Claro;Dupla;Reta;Não;3;0;1;0;2;0;1;1;-17,13201422;-49,98075485;SR-GO;DEL1/1;UOP02/GO
260290;02/01/2020;quinta-feira;06:20:00;ES;259;25,1;COLATINA;Falta de Atenção à Condução;Tombamento;Com Vítimas Feridas;Pleno dia;Crescente;Nublado;Simples;Curva;Não;1;0;1;0;0;0;1;1;-19,61785197;-40,48108118;SR-ES;DEL12/2;UOP01/ES
260291;02/01/2020;quinta-feira;06:30:00;PI;316;321;PICOS;Falta de Atenção à Condução;Colisão traseira;Sem Vítimas;Pleno dia;Crescente;Céu Claro;Simples;Reta;Sim;2;0;0;0;2;0;0;2;-7,09414429;-41,38012304;SR-PI;DEL17/4;UOP01/PI
260292;02/01/2020;quinta-feira;06:15:00;MG;251;492,5;FRANCISCO SA;Falta de Atenção à Condução;Colisão lateral;Com Vítimas Feridas;Amanhecer;Crescente;Garoa/Chuvisco;Simples;Desvio Temporário;Não;7;0;3;0;4;0;3;6;-16,54433804;-43,59543496;SR-MG;DEL4/12;UOP01/MG
260293;02/01/2020;quinta-feira;08:50:00;PR;373;172,5;PONTA GROSSA;Desobediência às normas de trânsito pelo condutor;Colisão com objeto estático;Com Vítimas Feridas;Pleno dia;Decrescente;Céu Claro;Dupla;Reta;Sim;3;0;0;1;2;0;1;3;-25,08139932;-50,19200981;SR-PR;DEL7/3;UOP01/PR
260294;02/01/2020;quinta-feira;08:30:00;SP;116;545,6;BARRA DO TURVO;Pista Escorregadia;Saída de leito carroçável;Com Vítimas Feridas;Pleno dia;Crescente;Nublado;Simples;Não Informado;Não;2;0;1;0;1;0;1;1;-24,95016699;-48,42400302;SR-SP;DEL6/5;UOP03/SP
260296;02/01/2020;quinta-feira;07:30:00;MG;153;43;CANAPOLIS;Condutor Dormindo;Saída de leito carroçável;Com Vítimas Feridas;Pleno dia;Decrescente;Chuva;Dupla;Reta;Não;1;0;1;0;0;0;1;1;-18,76410695;-49,07452386;SR-MG;DEL4/15;UOP03/MG
260297;02/01/2020;quinta-feira;08:20:00;MG;50;51,5;ARAGUARI;Pista Escorregadia;Queda de ocupante de veículo;Com Vítimas Feridas;Pleno dia;Crescente;Chuva;Dupla;Reta;Não;1;0;1;0;0;0;1;1;-18,74433705;-48,2313459;SR-MG;DEL4/15;UOP02/MG
260298;02/01/2020;quinta-feira;09:30:00;RS;290;38;SANTO ANTONIO DA PATRULHA;Falta de Atenção à Condução;Saída de leito carroçável;Com Vítimas Feridas;Pleno dia;Decrescente;Céu Claro;Dupla;Reta;Não;4;0;4;0;0;0;4;1;-29,886322;-50,637886;SR-RS;DEL9/3;UOP01/RS
260299;02/01/2020;quinta-feira;09:10:00;RS;116;248;SAO LEOPOLDO;Falta de Atenção à Condução;Colisão traseira;Sem Vítimas;Pleno dia;Decrescente;Céu Claro;Dupla;Interseção de vias;Sim;2;0;0;0;2;0;0;2;-29,77605895;-51,15508618;SR-RS;DEL9/1;UOP02/RS
260300;02/01/2020;quinta-feira;08:35:00;RS;290;24,1;SANTO ANTONIO DA PATRULHA;Falta de Atenção à Condução;Saída de leito carroçável;Com Vítimas Feridas;Pleno dia;Crescente;Céu Claro;Dupla;Reta;Não;2;0;2;0;0;0;2;1;-29,882015;-50,493973;SR-RS;DEL9/3;UOP01/RS
260302;02/01/2020;quinta-feira;05:40:00;MA;135;292;DOM PEDRO;Falta de Atenção à Condução;Colisão frontal;Com Vítimas Feridas;Amanhecer;Decrescente;Céu Claro;Simples;Curva;Não;2;0;2;0;0;0;2;2;-4,91258731;-44,37054035;SR-MA;DEL18/3;UOP01/MA
260303;02/01/2020;quinta-feira;08:38:00;MG;40;115,2;LAGOA GRANDE;Velocidade Incompatível;Saída de leito carroçável;Com Vítimas Fatais;Pleno dia;Decrescente;Céu Claro;Simples;Curva;Não;1;1;0;0;0;0;0;1;-17,65256684;-46,41082393;SR-MG;DEL4/14;UOP01/MG
260304;02/01/2020;quinta-feira;07:52:00;RO;319;61;PORTO VELHO;Falta de Atenção à Condução;Colisão lateral;Com Vítimas Feridas;Pleno dia;Crescente;Nublado;Dupla;Rotatória;Sim;3;0;1;1;1;0;2;2;-8,766685;-63,884052;SR-RO;DEL21/1;UOP01/RO
260305;02/01/2020;quinta-feira;08:10:00;BA;116;812,2;VITORIA DA CONQUISTA;Desobediência às normas de trânsito pelo condutor;Saída de leito carroçável;Com Vítimas Feridas;Pleno dia;Crescente;Céu Claro;Simples;Reta;Não;1;0;1;0;0;0;1;1;-14,76037784;-40,69756008;SR-BA;DEL10/8;UOP01/BA
260306;02/01/2020;quinta-feira;08:50:00;GO;50;159,8;IPAMERI;Falta de Atenção à Condução;Colisão com objeto estático;Com Vítimas Feridas;Pleno dia;Decrescente;Nublado;Dupla;Não Informado;Não;5;0;2;2;1;0;4;1;-17,2456;-47,7647;SR-GO;DEL1/6;UOP01/GO
260307;02/01/2020;quinta-feira;08:40:00;MG;116;430,2;CARATINGA;Desobediência às normas de trânsito pelo condutor;Atropelamento de Pedestre;Com Vítimas Feridas;Pleno dia;Decrescente;Nublado;Dupla;Não Informado;Sim;2;0;1;0;1;0;1;1;-19,800765;-42,137801;SR-MG;DEL4/6;UOP01/MG
260308;01/01/2020;quarta-feira;23:00:00;RJ;493;85;JAPERI;Condutor Dormindo;Colisão com objeto estático;Com Vítimas Feridas;Plena Noite;Decrescente;Nublado;Dupla;Reta;Não;2;0;1;1;0;0;2;1;-22,66036;-43,62017;SR-RJ;DEL5/1;UOP03/RJ
260310;01/01/2020;quarta-feira;13:20:00;BA;101;612;MASCOTE;Falta de Atenção à Condução;Colisão frontal;Com Vítimas Feridas;Pleno dia;Decrescente;Chuva;Simples;Curva;Não;3;0;1;1;0;1;2;2;-15,74211501;-39,47647498;SR-BA;DEL10/5;UOP02/BA
260311;02/01/2020;quinta-feira;10:00:00;RS;392;88,7;PELOTAS;Não guardar distância de segurança;Colisão traseira;Com Vítimas Feridas;Pleno dia;Decrescente;Sol;Simples;Reta;Não;2;0;1;0;1;0;1;2;-31,62068801;-52,50653602;SR-RS;DEL9/7;UOP01/RS
260312;02/01/2020;quinta-feira;10:20:00;MG;116;811;ALEM PARAIBA;Condutor Dormindo;Colisão frontal;Com Vítimas Feridas;Pleno dia;Crescente;Sol;Simples;Reta;Não;5;0;0;2;3;0;2;2;-21,84029908;-42,68088324;SR-MG;DEL4/7;UOP01/MG
260314;02/01/2020;quinta-feira;10:20:00;SC;101;430;SOMBRIO;Não guardar distância de segurança;Colisão traseira;Sem Vítimas;Pleno dia;Crescente;Nublado;Dupla;Reta;Não;3;0;0;0;3;0;0;3;-29,05578387;-49,62209542;SR-SC;DEL8/2;UOP02/SC
260315;02/01/2020;quinta-feira;10:40:00;TO;153;465;BARROLANDIA;Velocidade Incompatível;Saída de leito carroçável;Com Vítimas Feridas;Pleno dia;Crescente;Chuva;Simples;Não Informado;Não;2;0;1;1;0;0;2;1;-9,957962;-48,74406002;SR-TO;UOP02/TO;
260316;02/01/2020;quinta-feira;10:00:00;BA;242;806;BARREIRAS;Avarias e/ou desgaste excessivo no pneu;Capotamento;Com Vítimas Feridas;Pleno dia;Crescente;Chuva;Simples;Reta;Não;2;0;1;0;1;0;1;1;-12,13130609;-45,09982109;SR-BA;DEL10/10;UOP01/BA
260318;02/01/2020;quinta-feira;10:50:00;RJ;101;480;ANGRA DOS REIS;Falta de Atenção à Condução;Saída de leito carroçável;Com Vítimas Feridas;Pleno dia;Crescente;Céu Claro;Simples;Curva;Não;2;0;2;0;0;0;2;1;-23,01331268;-44,28361913;SR-RJ;DEL5/3;UOP02/RJ
260319;02/01/2020;quinta-feira;10:40:00;GO;153;575;PROFESSOR JAMIL;Pista Escorregadia;Saída de leito carroçável;Com Vítimas Feridas;Pleno dia;Decrescente;Chuva;Dupla;Curva;Não;1;0;1;0;0;0;1;1;-17,3442;-49,2472;SR-GO;DEL1/3;UOP01/GO
260322;02/01/2020;quinta-feira;10:40:00;ES;101;297;VIANA;Falta de Atenção à Condução;Colisão frontal;Com Vítimas Feridas;Pleno dia;Decrescente;Céu Claro;Múltipla;Reta;Não;2;0;1;0;1;0;1;2;-20,34529844;-40,41026774;SR-ES;DEL12/1;UOP01/ES
260323;02/01/2020;quinta-feira;10:35:00;RS;290;14;SANTO ANTONIO DA PATRULHA;Falta de Atenção à Condução;Colisão com objeto estático;Com Vítimas Feridas;Pleno dia;Crescente;Chuva;Dupla;Reta;Não;1;0;1;0;0;0;1;1;-29,867395;-50,401199;SR-RS;DEL9/3;UOP01/RS
260324;02/01/2020;quinta-feira;09:00:00;MG;116;409,3;GOVERNADOR VALADARES;Falta de Atenção à Condução;Atropelamento de Pedestre;Com Vítimas Fatais;Pleno dia;Crescente;Céu Claro;Dupla;Reta;Sim;2;1;0;0;1;0;0;1;-18,84936788;-41,97891368;SR-MG;DEL4/6;UOP01/MG
260325;02/01/2020;quinta-feira;11:55:00;SC;101;139;BALNEARIO CAMBORIU;Falta de Atenção à Condução;Colisão traseira;Com Vítimas Feridas;Pleno dia;Decrescente;Céu Claro;Dupla;Reta;Sim;2;0;1;0;1;0;1;2;-27,02982303;-48,60115006;SR-SC;DEL8/4;UOP03/SC
260326;02/01/2020;quinta-feira;11:40:00;SC;101;150;PORTO BELO;Não guardar distância de segurança;Colisão lateral;Com Vítimas Feridas;Pleno dia;Crescente;Céu Claro;Dupla;Reta;Sim;2;0;1;0;1;0;1;2;-27,11744799;-48,60940987;SR-SC;DEL8/4;UOP03/SC
260327;02/01/2020;quinta-feira;12:00:00;PB;230;138,5;CAMPINA GRANDE;Desobediência às normas de trânsito pelo condutor;Colisão transversal;Com Vítimas Feridas;Pleno dia;Decrescente;Céu Claro;Dupla;Desvio Temporário;Não;3;0;2;0;1;0;2;2;-7,2755;-35,7831;SR-PB;DEL14/2;UOP01/PB
260328;02/01/2020;quinta-feira;10:20:00;PR;376;590,7;CURITIBA;Velocidade Incompatível;Saída de leito carroçável;Com Vítimas Feridas;Pleno dia;Crescente;Chuva;Dupla;Reta;Sim;1;0;1;0;0;0;1;1;-25,45155592;-49,36237578;SR-PR;DEL7/1;UOP04/PR
260329;02/01/2020;quinta-feira;08:40:00;SC;101;91;BARRA VELHA;Falta de Atenção à Condução;Colisão lateral;Com Vítimas Feridas;Pleno dia;Decrescente;Nublado;Dupla;Reta;Sim;2;0;1;0;1;0;1;2;-26,67120698;-48,69011814;SR-SC;DEL8/3;UOP02/SC
260330;01/01/2020;quarta-feira;17:00:00;PI;135;500,3;MONTE ALEGRE DO PIAUI;Desobediência às normas de trânsito pelo condutor;Colisão transversal;Com Vítimas Feridas;Pleno dia;Decrescente;Céu Claro;Simples;Reta;Não;3;0;0;2;1;0;2;2;-9,73827734;-45,26741798;SR-PI;DEL17/3;UOP02/PI
260331;02/01/2020;quinta-feira;12:00:00;PR;376;492,5;PONTA GROSSA;Falta de Atenção à Condução;Colisão traseira;Com Vítimas Feridas;Pleno dia;Crescente;Céu Claro;Dupla;Reta;Sim;3;0;1;0;2;0;1;2;-25,15559918;-50,13322909;SR-PR;DEL7/3;UOP03/PR
260333;02/01/2020;quinta-feira;11:05:00;MS;163;803;SONORA;Avarias e/ou desgaste excessivo no pneu;Saída de leito carroçável;Com Vítimas Feridas;Pleno dia;Crescente;Céu Claro;Simples;Reta;Não;2;0;2;0;0;0;2;1;-17,890628;-54,691692;SR-MS;DEL3/6;UOP01/MS
260334;02/01/2020;quinta-feira;12:20:00;RN;110;47;MOSSORO;Desobediência às normas de trânsito pelo condutor;Colisão transversal;Com Vítimas Feridas;Pleno dia;Crescente;Céu Claro;Simples;Reta;Não;2;0;1;0;1;0;1;2;-5,20338376;-37,32563418;SR-RN;DEL15/4;UOP01/RN
260336;01/01/2020;quarta-feira;17:30:00;ES;101;120;SOORETAMA;Falta de Atenção à Condução;Saída de leito carroçável;Sem Vítimas;Pleno dia;Crescente;Céu Claro;Simples;Reta;Não;1;0;0;0;0;1;0;1;-19,1438532;-40,0751016;SR-ES;DEL12/4;UOP01/ES
260337;02/01/2020;quinta-feira;12:20:00;MG;381;589;CARMOPOLIS DE MINAS;Falta de Atenção à Condução;Saída de leito carroçável;Com Vítimas Feridas;Pleno dia;Crescente;Nublado;Dupla;Reta;Não;8;0;1;0;7;0;1;1;-20,56175976;-44,66523212;SR-MG;DEL4/4;UOP01/MG
260338;02/01/2020;quinta-feira;11:00:00;RS;290;232,2;RIO PARDO;Falta de Atenção à Condução;Colisão traseira;Com Vítimas Fatais;Pleno dia;Decrescente;Céu Claro;Simples;Reta;Não;3;1;0;0;2;0;0;3;-30,212383;-52,540459;SR-RS;DEL9/2;UOP03/RS