id;data_inversa;dia_semana;horario;uf;br;km;municipio;causa_acidente;tipo_acidente;classificacao_acidente;fase_dia;sentido_via;condicao_metereologica;tipo_pista;tracado_via;uso_solo;pessoas;mortos;feridos_leves;feridos_graves;ilesos;ignorados;feridos;veiculos;latitude;longitude;regional;delegacia;uop
260339;02/01/2020;quinta-feira;11:20:00;BA;20;157;SAO DESIDERIO;Pista Escorregadia;Capotamento;Com Vítimas Feridas;Pleno dia;Crescente;Chuva;Simples;Reta;Não;4;0;3;0;1;0;3;1;-12,65139312;-45,92147827;SR-BA;DEL10/10;UOP01/BA
260340;02/01/2020;quinta-feira;12:00:00;RN;101;84;SAO GONCALO DO AMARANTE;Não guardar distância de segurança;Colisão traseira;Com Vítimas Feridas;Pleno dia;Crescente;Céu Claro;Múltipla;Reta;Não;2;0;1;0;1;0;1;2;-5,774175;-35,2578;SR-RN;DEL15/2;UOP01/RN
260341;02/01/2020;quinta-feira;11:10:00;RO;364;711;PORTO VELHO;Desobediência às normas de trânsito pelo condutor;Colisão transversal;Com Vítimas Feridas;Pleno dia;Decrescente;Céu Claro;Simples;Reta;Sim;3;0;1;0;2;0;1;2;-8,78332371;-63,86316245;SR-RO;DEL21/1;UOP01/RO
260342;02/01/2020;quinta-feira;12:35:00;RS;386;373,7;TAQUARI;Condutor Dormindo;Colisão traseira;Com Vítimas Feridas;Pleno dia;Crescente;Céu Claro;Dupla;Curva;Não;2;0;1;0;1;0;1;2;-29,610334;-51,804359;SR-RS;DEL9/4;UOP02/RS
260343;02/01/2020;quinta-feira;12:40:00;RJ;393;172;TRES RIOS;Velocidade Incompatível;Colisão com objeto estático;Com Vítimas Feridas;Pleno dia;Decrescente;Céu Claro;Simples;Curva;Não;1;0;1;0;0;0;1;1;-22,12366631;-43,20173442;SR-RJ;DEL5/6;UOP01/RJ
260344;02/01/2020;quinta-feira;12:50:00;RN;304;15,3;MOSSORO;Objeto estático sobre o leito carroçável;Capotamento;Com Vítimas Feridas;Pleno dia;Decrescente;Nublado;Simples;Reta;Não;5;0;3;2;0;0;5;1;-4,99504885;-37,37495375;SR-RN;DEL15/4;UOP02/RN
260345;02/01/2020;quinta-feira;12:40:00;RS;116;40,4;VACARIA;Falta de Atenção à Condução;Colisão traseira;Com Vítimas Feridas;Pleno dia;Crescente;Sol;Simples;Retorno Regulamentado;Sim;2;0;1;0;1;0;1;2;-28,51839098;-50,93942202;SR-RS;DEL9/5;UOP03/RS
260346;02/01/2020;quinta-feira;12:45:00;RS;158;225,8;CRUZ ALTA;Falta de Atenção à Condução;Colisão lateral;Com Vítimas Feridas;Pleno dia;Crescente;Céu Claro;Simples;Curva;Não;1;0;1;0;0;0;1;1;-28,90362464;-53,6270804;SR-RS;DEL9/10;UOP02/RS
260348;02/01/2020;quinta-feira;12:45:00;PR;376;601;CURITIBA;Não guardar distância de segurança;Colisão traseira;Com Vítimas Feridas;Pleno dia;Decrescente;Chuva;Dupla;Reta;Não;3;0;1;0;2;0;1;2;-25,537054;-49,31404;SR-PR;DEL7/1;UOP04/PR
260349;02/01/2020;quinta-feira;13:15:00;AL;101;89;RIO LARGO;Defeito Mecânico no Veículo;Saída de leito carroçável;Com Vítimas Feridas;Pleno dia;Crescente;Sol;Dupla;Curva;Não;1;0;0;1;0;0;1;1;-9,49037062;-35,89829517;SR-AL;DEL13/1;UOP01/AL
260350;02/01/2020;quinta-feira;12:40:00;BA;116;452;ANTONIO CARDOSO;Pista Escorregadia;Colisão frontal;Com Vítimas Feridas;Pleno dia;Decrescente;Chuva;Simples;Desvio Temporário;Não;5;0;4;0;1;0;4;2;-12,40121588;-39,16830008;SR-BA;DEL10/2;UOP01/BA
260351;02/01/2020;quinta-feira;13:10:00;PR;277;200;PALMEIRA;Velocidade Incompatível;Saída de leito carroçável;Com Vítimas Feridas;Pleno dia;Crescente;Nublado;Simples;Reta;Não;2;0;2;0;0;0;2;1;-25,46955114;-50,2816987;SR-PR;DEL7/3;UOP04/PR
260352;02/01/2020;quinta-feira;13:50:00;GO;60;408;RIO VERDE;Defeito Mecânico no Veículo;Tombamento;Com Vítimas Feridas;Pleno dia;Crescente;Sol;Dupla;Reta;Não;2;0;1;1;0;0;2;1;-17,8163;-51,1282;SR-GO;DEL1/4;UOP01/GO
260353;02/01/2020;quinta-feira;13:30:00;MG;40;785,5;JUIZ DE FORA;Pista Escorregadia;Saída de leito carroçável;Com Vítimas Feridas;Pleno dia;Decrescente;Chuva;Dupla;Curva;Sim;4;0;0;1;3;0;1;1;-21,71976086;-43,44303569;SR-MG;DEL5;UOP01/MG
260354;02/01/2020;quinta-feira;13:00:00;AP;210;2;MACAPA;Falta de Atenção à Condução;Colisão lateral;Com Vítimas Feridas;Pleno dia;Decrescente;Nublado;Simples;Reta;Sim;2;0;1;0;1;0;1;2;0,08282017;-51,07776189;SR-AP;UOP01/AP;
260355;02/01/2020;quinta-feira;13:45:00;MG;381;710;NEPOMUCENO;Velocidade Incompatível;Saída de leito carroçável;Com Vítimas Feridas;Pleno dia;Crescente;Chuva;Dupla;Curva;Não;2;0;2;0;0;0;2;1;-21,38614615;-45,1948603;SR-MG;DEL4/4;UOP02/MG
260356;02/01/2020;quinta-feira;13:00:00;PB;230;132;CAMPINA GRANDE;Condutor Dormindo;Colisão traseira;Com Vítimas Feridas;Pleno dia;Crescente;Céu Claro;Dupla;Reta;Não;2;0;1;0;1;0;1;2;-7,2774;-35,7367;SR-PB;DEL14/2;UOP01/PB
260357;02/01/2020;quinta-feira;12:15:00;BA;367;56,6;PORTO SEGURO;Desobediência às normas de trânsito pelo condutor;Colisão traseira;Com Vítimas Feridas;Pleno dia;Crescente;Nublado;Simples;Reta;Não;4;0;1;0;2;1;1;3;-16,38851188;-39,348101;SR-BA;DEL10/9;UOP01/BA
260358;02/01/2020;quinta-feira;13:00:00;PR;116;28;CAMPINA GRANDE DO SUL;Velocidade Incompatível;Saída de leito carroçável;Sem Vítimas;Pleno dia;Decrescente;Chuva;Dupla;Curva;Não;1;0;0;0;1;0;0;1;-25,10670298;-48,80405799;SR-PR;DEL7/1;UOP02/PR
260359;02/01/2020;quinta-feira;13:50:00;SC;101;203;SAO JOSE;Não guardar distância de segurança;Colisão traseira;Com Vítimas Feridas;Pleno dia;Decrescente;Nublado;Dupla;Não Informado;Sim;2;0;1;0;1;0;1;2;-27,5650044;-48,61460082;SR-SC;DEL8/1;UOP01/SC
260361;02/01/2020;quinta-feira;13:50:00;MG;40;447;CAETANOPOLIS;Pista Escorregadia;Colisão com objeto estático;Com Vítimas Feridas;Pleno dia;Crescente;Chuva;Dupla;Reta;Não;3;0;3;0;0;0;3;1;-19,301651;-44,377922;SR-MG;DEL4/2;UOP01/MG
260362;02/01/2020;quinta-feira;13:55:00;RS;116;295,9;GUAIBA;Avarias e/ou desgaste excessivo no pneu;Tombamento;Com Vítimas Feridas;Pleno dia;Decrescente;Céu Claro;Dupla;Viaduto;Sim;2;0;2;0;0;0;2;1;-30,07969402;-51,34154882;SR-RS;DEL9/2;UOP01/RS
260364;02/01/2020;quinta-feira;14:00:00;PR;116;22;ANTONINA;Velocidade Incompatível;Capotamento;Com Vítimas Feridas;Pleno dia;Crescente;Chuva;Dupla;Curva;Não;5;0;2;0;3;0;2;1;-25,10922624;-48,74659689;SR-PR;DEL7/1;UOP02/PR
260365;02/01/2020;quinta-feira;14:10:00;PR;277;125;BALSA NOVA;Falta de Atenção à Condução;Engavetamento;Com Vítimas Feridas;Pleno dia;Decrescente;Céu Claro;Simples;Não Informado;Não;4;0;1;0;3;0;1;3;-25,47032845;-49,61640358;SR-PR;DEL7/1;UOP05/PR
260366;02/01/2020;quinta-feira;14:30:00;GO;20;97;VILA BOA;Pista Escorregadia;Saída de leito carroçável;Com Vítimas Feridas;Pleno dia;Decrescente;Chuva;Simples;Reta;Não;8;0;5;2;1;0;7;1;-14,968002;-47,009731;SR-DF;UOP01/DEL02/DF;
260368;02/01/2020;quinta-feira;13:10:00;DF;80;34;BRASILIA;Velocidade Incompatível;Capotamento;Com Vítimas Feridas;Pleno dia;Crescente;Garoa/Chuvisco;Dupla;Reta;Não;1;0;1;0;0;0;1;1;-15,710013;-48,199486;SR-DF;UOP06/DF;
260369;02/01/2020;quinta-feira;14:40:00;MG;262;356;BETIM;Falta de Atenção à Condução;Saída de leito carroçável;Com Vítimas Feridas;Pleno dia;Decrescente;Nublado;Dupla;Desvio Temporário;Não;4;0;4;0;0;0;4;1;-19,96890716;-44,18104581;SR-MG;DEL4/1;UOP03/MG
260370;02/01/2020;quinta-feira;14:30:00;SP;116;316;JUQUITIBA;Velocidade Incompatível;Colisão com objeto estático;Com Vítimas Feridas;Pleno dia;Decrescente;Chuva;Dupla;Curva;Não;4;0;1;0;3;0;1;1;-23,91064025;-46,99152058;SR-SP;DEL6/4;UOP01/SP
260371;02/01/2020;quinta-feira;14:40:00;MG;146;596;POCOS DE CALDAS;Velocidade Incompatível;Colisão frontal;Com Vítimas Fatais;Pleno dia;Decrescente;Chuva;Simples;Reta;Não;2;1;0;0;1;0;0;2;-21,74732471;-46,40491826;SR-MG;DEL09;UOP04/MG
260373;02/01/2020;quinta-feira;11:00:00;MG;116;661,5;SAO FRANCISCO DO GLORIA;Condutor Dormindo;Colisão traseira;Com Vítimas Feridas;Pleno dia;Decrescente;Sol;Simples;Reta;Sim;2;0;0;1;1;0;1;2;-20,79822139;-42,30955489;SR-MG;DEL4/7;UOP03/MG
260374;02/01/2020;quinta-feira;11:30:00;GO;364;136;APARECIDA DO RIO DOCE;Pista Escorregadia;Saída de leito carroçável;Com Vítimas Feridas;Pleno dia;Crescente;Chuva;Simples;Desvio Temporário;Não;3;0;2;0;1;0;2;1;-18,2087;-51,317787;SR-GO;DEL1/5;UOP01/GO
260375;02/01/2020;quinta-feira;14:30:00;GO;50;132,8;IPAMERI;Velocidade Incompatível;Colisão lateral;Sem Vítimas;Pleno dia;Crescente;Chuva;Dupla;Não Informado;Não;4;0;0;0;4;0;0;2;-17,0245;-47,7626;SR-GO;DEL1/6;UOP01/GO
260376;02/01/2020;quinta-feira;14:00:00;BA;116;572;BREJOES;Ultrapassagem Indevida;Colisão lateral;Com Vítimas Feridas;Pleno dia;Decrescente;Nublado;Simples;Não Informado;Não;15;0;3;0;11;1;3;5;-13,026093;-39,96092;SR-BA;DEL10/3;UOP02/BA
260377;02/01/2020;quinta-feira;12:10:00;MA;316;610;TIMON;Falta de Atenção à Condução;Saída de leito carroçável;Com Vítimas Feridas;Pleno dia;Decrescente;Sol;Simples;Reta;Não;1;0;1;0;0;0;1;1;-5,069847;-42,876633;SR-MA;DEL18/3;UOP02/MA
260378;02/01/2020;quinta-feira;14:45:00;PE;101;82,3;JABOATAO DOS GUARARAPES;Falta de Atenção à Condução;Colisão lateral;Sem Vítimas;Pleno dia;Crescente;Céu Claro;Dupla;Reta;Sim;1;0;0;0;1;0;0;1;-8,168383;-34,9376;SR-PE;DEL11/1;UOP03/PE
260379;02/01/2020;quinta-feira;15:30:00;SP;381;54;ATIBAIA;Pista Escorregadia;Saída de leito carroçável;Sem Vítimas;Pleno dia;Crescente;Chuva;Dupla;Curva;Sim;1;0;0;0;0;1;0;1;-23,2449074;-46,59562343;SR-SP;DEL6/3;UOP02/SP
260381;02/01/2020;quinta-feira;15:00:00;MG;40;617,5;CONGONHAS;Falta de Atenção à Condução;Colisão traseira;Sem Vítimas;Pleno dia;Crescente;Chuva;Simples;Reta;Não;7;0;0;0;7;0;0;3;-20,55970999;-43,81303221;SR-MG;DEL5;UOP02/MG
260382;02/01/2020;quinta-feira;13:30:00;RJ;101;206;CASIMIRO DE ABREU;Desobediência às normas de trânsito pelo condutor;Colisão transversal;Com Vítimas Feridas;Pleno dia;Crescente;Nublado;Simples;Reta;Sim;2;0;2;0;0;0;2;2;-22,47673341;-42,2017251;SR-RJ;DEL5/2;UOP03/RJ
260383;02/01/2020;quinta-feira;12:30:00;MG;153;94,4;PRATA;Velocidade Incompatível;Saída de leito carroçável;Com Vítimas Feridas;Pleno dia;Decrescente;Chuva;Simples;Curva;Não;2;0;2;0;0;0;2;1;-19,17736794;-48,95075187;SR-MG;DEL4/15;UOP03/MG
260384;02/01/2020;quinta-feira;14:45:00;PI;343;304,3;ALTOS;Não guardar distância de segurança;Engavetamento;Com Vítimas Feridas;Pleno dia;Crescente;Céu Claro;Simples;Reta;Não;10;0;2;0;8;0;2;3;-5,028232;-42,437134;SR-PI;DEL17/1;UOP03/PI
260385;02/01/2020;quinta-feira;15:55:00;PR;277;204;PALMEIRA;Falta de Atenção à Condução;Saída de leito carroçável;Com Vítimas Feridas;Pleno dia;Crescente;Céu Claro;Simples;Curva;Não;3;0;2;0;1;0;2;1;-25,46541671;-50,24006397;SR-PR;DEL7/3;UOP04/PR
260387;02/01/2020;quinta-feira;15:00:00;PB;230;113,5;INGA;Falta de Atenção à Condução;Saída de leito carroçável;Com Vítimas Feridas;Pleno dia;Decrescente;Nublado;Dupla;Reta;Não;3;0;3;0;0;0;3;1;-7,22459267;-35,59785085;SR-PB;DEL14/1;UOP02/PB
260388;02/01/2020;quinta-feira;11:50:00;MG;381;799,5;SAO GONCALO DO SAPUCAI;Velocidade Incompatível;Saída de leito carroçável;Com Vítimas Feridas;Pleno dia;Crescente;Chuva;Dupla;Curva;Não;1;0;1;0;0;0;1;1;-21,97237106;-45,63123585;SR-MG;DEL09;UOP02/MG
260389;02/01/2020;quinta-feira;15:30:00;BA;116;438,9;FEIRA DE SANTANA;Velocidade Incompatível;Engavetamento;Com Vítimas Feridas;Pleno dia;Crescente;Chuva;Dupla;Reta;Não;12;0;4;0;8;0;4;9;-12,31624811;-39,04401672;SR-BA;DEL10/2;UOP01/BA
260390;02/01/2020;quinta-feira;14:05:00;AC;364;122;RIO BRANCO;Animais na Pista;Atropelamento de Animal;Com Vítimas Feridas;Pleno dia;Crescente;Céu Claro;Dupla;Reta;Sim;1;0;1;0;0;0;1;1;-10,01188291;-67,773345;SR-AC;UOP01/AC;
260392;02/01/2020;quinta-feira;17:10:00;MG;40;467,5;SETE LAGOAS;Velocidade Incompatível;Saída de leito carroçável;Sem Vítimas;Pleno dia;Crescente;Chuva;Dupla;Reta;Sim;1;0;0;0;1;0;0;1;-19,45038924;-44,3166822;SR-MG;DEL4/2;UOP01/MG
260393;02/01/2020;quinta-feira;17:20:00;GO;40;2;VALPARAISO DE GOIAS;Falta de Atenção à Condução;Colisão traseira;Sem Vítimas;Pleno dia;Crescente;Nublado;Dupla;Reta;Sim;2;0;0;0;2;0;0;2;-16,067129;-47,984235;SR-DF;UOP01/DF;
260394;02/01/2020;quinta-feira;16:30:00;GO;40;154,4;CRISTALINA;Pista Escorregadia;Saída de leito carroçável;Com Vítimas Feridas;Pleno dia;Crescente;Chuva;Simples;Curva;Não;2;0;1;0;1;0;1;1;-17,021539;-47,178851;SR-DF;UOP02/DF;
260395;02/01/2020;quinta-feira;17:15:00;RS;290;268,2;CACHOEIRA DO SUL;Não guardar distância de segurança;Engavetamento;Com Vítimas Feridas;Pleno dia;Decrescente;Sol;Simples;Não Informado;Não;6;0;2;0;4;0;2;4;-30,270569;-52,906219;SR-RS;DEL9/2;UOP03/RS
260398;02/01/2020;quinta-feira;17:20:00;MG;50;157;UBERABA;Defeito Mecânico no Veículo;Colisão com objeto estático;Com Vítimas Feridas;Pleno dia;Crescente;Chuva;Dupla;Reta;Não;1;0;1;0;0;0;1;1;-19,62528388;-48,01556068;SR-MG;DEL13;UOP01/MG
260399;02/01/2020;quinta-feira;18:10:00;RN;101;100,5;PARNAMIRIM;Falta de Atenção à Condução;Colisão traseira;Com Vítimas Feridas;Plena Noite;Crescente;Céu Claro;Dupla;Não Informado;Sim;4;0;2;0;2;0;2;4;-5,88106901;-35,22542396;SR-RN;DEL15/1;UOP01/RN
260400;02/01/2020;quinta-feira;16:00:00;PB;101;73,6;SANTA RITA;Desobediência às normas de trânsito pelo condutor;Colisão transversal;Com Vítimas Feridas;Pleno dia;Decrescente;Céu Claro;Dupla;Reta;Não;4;0;4;0;0;0;4;2;-7,07828212;-34,98823508;SR-PB;DEL14/1;UOP03/PB
260401;02/01/2020;quinta-feira;18:30:00;MG;365;4,2;MONTES CLAROS;Falta de Atenção à Condução;Colisão traseira;Com Vítimas Feridas;Anoitecer;Crescente;Céu Claro;Simples;Reta;Não;2;0;0;1;1;0;1;2;-16,78810728;-43,89347076;SR-MG;DEL4/12;UOP01/MG
260402;02/01/2020;quinta-feira;17:15:00;MT;163;519;DIAMANTINO;Pista Escorregadia;Saída de leito carroçável;Com Vítimas Feridas;Pleno dia;Crescente;Chuva;Simples;Reta;Não;1;0;1;0;0;0;1;1;-14,52154211;-56,21818591;SR-MT;DEL2/4;UOP01/MT
260403;02/01/2020;quinta-feira;16:55:00;SC;101;348,5;JAGUARUNA;Não guardar distância de segurança;Colisão traseira;Com Vítimas Feridas;Pleno dia;Crescente;Céu Claro;Simples;Reta;Não;3;0;1;0;2;0;1;2;-28,5820168;-49,05059372;SR-SC;DEL8/2;UOP01/SC
260404;02/01/2020;quinta-feira;17:30:00;SC;101;37,2;JOINVILLE;Animais na Pista;Tombamento;Com Vítimas Feridas;Pleno dia;Crescente;Chuva;Dupla;Reta;Sim;1;0;1;0;0;0;1;1;-26,25050176;-48,90863867;SR-SC;DEL8/3;UOP01/SC
260405;02/01/2020;quinta-feira;16:50:00;SC;282;520,7;XAXIM;Falta de Atenção à Condução;Colisão lateral;Sem Vítimas;Pleno dia;Decrescente;Céu Claro;Simples;Rotatória;Não;2;0;0;0;2;0;0;2;-26,950415;-52,526096;SR-SC;DEL7;UOP01/SC
260406;02/01/2020;quinta-feira;16:35:00;MG;381;734;TRES CORACOES;Velocidade Incompatível;Capotamento;Com Vítimas Feridas;Pleno dia;Decrescente;Nublado;Dupla;Curva;Não;1;0;1;0;0;0;1;1;-21,57173297;-45,24325979;SR-MG;DEL4/4;UOP02/MG
260407;02/01/2020;quinta-feira;13:50:00;MG;116;571,4;MANHUACU;Defeito Mecânico no Veículo;Saída de leito carroçável;Com Vítimas Feridas;Pleno dia;Crescente;Céu Claro;Simples;Desvio Temporário;Não;1;0;1;0;0;0;1;1;-20,11476401;-42,18102184;SR-MG;DEL4/6;UOP04/MG
260408;02/01/2020;quinta-feira;18:20:00;PR;376;179,1;MARINGA;Não guardar distância de segurança;Colisão traseira;Com Vítimas Feridas;Pleno dia;Crescente;Céu Claro;Múltipla;Reta;Sim;3;0;1;0;2;0;1;2;-23,42244278;-51,90360392;SR-PR;DEL7/7;UOP04/PR
260409;02/01/2020;quinta-feira;16:00:00;RS;392;115;CANGUCU;Defeito Mecânico no Veículo;Colisão com objeto estático;Sem Vítimas;Pleno dia;Decrescente;Céu Claro;Simples;Curva;Não;1;0;0;0;1;0;0;1;-31,42456531;-52,66149946;SR-RS;DEL9/7;UOP01/RS
260410;02/01/2020;quinta-feira;17:20:00;RJ;116;84,9;TERESOPOLIS;Pista Escorregadia;Colisão frontal;Com Vítimas Feridas;Plena Noite;Crescente;Chuva;Simples;Curva;Não;8;0;5;0;3;0;5;2;-22,4226117;-42,95115115;SR-RJ;DEL5/4;UOP01/RJ
260411;02/01/2020;quinta-feira;18:10:00;CE;20;202,9;BOA VIAGEM;Falta de Atenção à Condução;Colisão transversal;Com Vítimas Feridas;Plena Noite;Decrescente;Céu Claro;Simples;Reta;Sim;2;0;1;0;0;1;1;2;-5,13728811;-39,73839081;SR-CE;DEL16/2;UOP02/CE
260412;02/01/2020;quinta-feira;12:20:00;MG;262;32,2;MANHUACU;Condutor Dormindo;Colisão frontal;Com Vítimas Feridas;Pleno dia;Decrescente;Nublado;Simples;Curva;Não;3;0;3;0;0;0;3;2;-20,256748;-42,008616;SR-MG;DEL4/6;UOP04/MG
260413;02/01/2020;quinta-feira;16:30:00;SE;235;54;ITABAIANA;Desobediência às normas de trânsito pelo condutor;Colisão transversal;Com Vítimas Feridas;Pleno dia;Crescente;Céu Claro;Múltipla;Interseção de vias;Sim;3;0;1;0;2;0;1;2;-10,676047;-37,443279;SR-SE;DEL20/1;UOP02/SE
260414;02/01/2020;quinta-feira;16:40:00;MG;381;439,4;SABARA;Pista Escorregadia;Colisão frontal;Com Vítimas Fatais;Pleno dia;Decrescente;Chuva;Simples;Não Informado;Não;4;1;1;2;0;0;3;2;-19,79938863;-43,76137197;SR-MG;DEL4/1;UOP01/MG
260415;02/01/2020;quinta-feira;16:30:00;SP;116;316;JUQUITIBA;Falta de Atenção à Condução;Colisão com objeto estático;Com Vítimas Feridas;Pleno dia;Crescente;Chuva;Dupla;Curva;Sim;4;0;3;0;1;0;3;1;-23,91054997;-46,99149375;SR-SP;DEL6/4;UOP01/SP
260416;02/01/2020;quinta-feira;15:30:00;SC;470;121;IBIRAMA;Velocidade Incompatível;Colisão frontal;Com Vítimas Feridas;Pleno dia;Decrescente;Chuva;Múltipla;Curva;Não;5;0;1;3;1;0;4;2;-27,09550316;-49,52962875;SR-SC;DEL8/4;UOP02/SC
260417;02/01/2020;quinta-feira;16:40:00;MG;381;671,5;PERDOES;Velocidade Incompatível;Saída de leito carroçável;Com Vítimas Feridas;Pleno dia;Crescente;Chuva;Dupla;Não Informado;Não;4;0;3;0;1;0;3;1;-21,08945416;-45,06864195;SR-MG;DEL4/4;UOP02/MG
260418;02/01/2020;quinta-feira;17:20:00;RJ;40;113;DUQUE DE CAXIAS;Defeito Mecânico no Veículo;Queda de ocupante de veículo;Com Vítimas Feridas;Pleno dia;Crescente;Chuva;Múltipla;Não Informado;Sim;2;0;1;0;1;0;1;1;-22,71701306;-43,2899791;SR-RJ;DEL5/1;UOP01/RJ
260419;02/01/2020;quinta-feira;15:10:00;MG;116;777,4;LEOPOLDINA;Pista Escorregadia;Colisão frontal;Com Vítimas Feridas;Pleno dia;Crescente;Chuva;Simples;Reta;Não;5;0;0;1;4;0;1;2;-21,59632074;-42,69196405;SR-MG;DEL4/7;UOP01/MG
260420;02/01/2020;quinta-feira;18:00:00;PE;101;54;PAULISTA;Desobediência às normas de trânsito pelo condutor;Colisão traseira;Com Vítimas Feridas;Plena Noite;Decrescente;Céu Claro;Dupla;Reta;Não;2;0;1;0;1;0;1;2;-7,948726;-34,907193;SR-PE;DEL11/1;UOP02/PE
260421;02/01/2020;quinta-feira;19:00:00;MG;381;484,9;BETIM;Defeito na Via;Colisão com objeto estático;Com Vítimas Feridas;Plena Noite;Crescente;Chuva;Múltipla;Reta;Sim;26;0;24;1;1;0;25;1;-19,95624622;-44,09843445;SR-MG;DEL4/1;UOP03/MG
260422;02/01/2020;quinta-feira;18:10:00;PE;101;58,6;RECIFE;Não guardar distância de segurança;Saída de leito carroçável;Com Vítimas Feridas;Plena Noite;Crescente;Nublado;Dupla;Ponte;Sim;4;0;3;0;0;1;3;2;-7,97063209;-34,92064675;SR-PE;DEL11/1;UOP02/PE
260423;02/01/2020;quinta-feira;12:40:00;MG;381;892,8;CAMBUI;Velocidade Incompatível;Saída de leito carroçável;Sem Vítimas;Pleno dia;Crescente;Chuva;Dupla;Reta;Não;2;0;0;0;2;0;0;1;-22,58389953;-46,04782104;SR-MG;DEL09;UOP03/MG
260424;02/01/2020;quinta-feira;17:30:00;MG;381;912,5;CAMANDUCAIA;Velocidade Incompatível;Saída de leito carroçável;Com Vítimas Feridas;Pleno dia;Crescente;Chuva;Dupla;Curva;Não;5;0;3;0;2;0;3;1;-22,70588891;-46,12060547;SR-MG;DEL09;UOP03/MG
260425;02/01/2020;quinta-feira;19:30:00;SP;116;565;BARRA DO TURVO;Pista Escorregadia;Colisão com objeto estático;Com Vítimas Feridas;Plena Noite;Crescente;Chuva;Simples;Curva;Não;6;0;1;0;5;0;1;1;-25,0358686;-48,54404396;SR-SP;DEL6/5;UOP03/SP
260426;02/01/2020;quinta-feira;17:40:00;PR;487;116,5;TUNEIRAS DO OESTE;Falta de Atenção à Condução;Saída de leito carroçável;Com Vítimas Feridas;Pleno dia;Crescente;Nublado;Simples;Reta;Não;4;0;3;0;1;0;3;1;-23,83401989;-52,95866195;SR-PR;DEL7/4;UOP05/PR
260427;02/01/2020;quinta-feira;14:45:00;MG;381;924;ITAPEVA;Pista Escorregadia;Saída de leito carroçável;Com Vítimas Feridas;Pleno dia;Crescente;Chuva;Dupla;Curva;Não;3;0;1;0;2;0;1;1;-22,77050246;-46,23490598;SR-MG;DEL09;UOP03/MG
260429;02/01/2020;quinta-feira;19:00:00;RJ;116;123;MAGE;Não guardar distância de segurança;Queda de ocupante de veículo;Com Vítimas Feridas;Plena Noite;Decrescente;Chuva;Dupla;Não Informado;Não;1;0;1;0;0;0;1;1;-22,64080106;-43,06288894;SR-RJ;DEL5/4;UOP02/RJ
260430;02/01/2020;quinta-feira;16:30:00;PA;10;103;PARAGOMINAS;Pista Escorregadia;Saída de leito carroçável;Com Vítimas Feridas;Pleno dia;Decrescente;Chuva;Simples;Desvio Temporário;Não;3;0;3;0;0;0;3;1;-3,53991983;-47,49086353;SR-PA;DEL19/2;UOP03/PA
260431;02/01/2020;quinta-feira;17:30:00;TO;153;250;COLINAS DO TOCANTINS;Falta de Atenção à Condução;Colisão lateral;Com Vítimas Feridas;Anoitecer;Decrescente;Nublado;Dupla;Desvio Temporário;Sim;2;0;0;1;1;0;1;2;-8,05584913;-48,46619817;SR-TO;UOP03/TO;
260433;02/01/2020;quinta-feira;18:55:00;SC;101;153;ITAPEMA;Falta de Atenção à Condução;Colisão lateral;Com Vítimas Feridas;Pleno dia;Decrescente;Céu Claro;Dupla;Reta;Sim;2;0;1;0;1;0;1;2;-27,144717;-48,61063935;SR-SC;DEL8/4;UOP03/SC
260434;02/01/2020;quinta-feira;20:00:00;RS;293;2,2;PELOTAS;Falta de Atenção à Condução;Colisão transversal;Com Vítimas Feridas;Plena Noite;Decrescente;Céu Claro;Simples;Reta;Sim;2;0;1;0;1;0;1;2;-31,750426;-52,35999499;SR-RS;DEL9/7;UOP01/RS
260435;02/01/2020;quinta-feira;20:00:00;SC;101;216;PALHOCA;Defeito Mecânico no Veículo;Queda de ocupante de veículo;Com Vítimas Feridas;Plena Noite;Decrescente;Garoa/Chuvisco;Dupla;Reta;Sim;2;0;2;0;0;0;2;1;-27,65981409;-48,67747798;SR-SC;DEL8/1;UOP02/SC
260436;02/01/2020;quinta-feira;19:10:00;GO;40;24;LUZIANIA;Ingestão de Álcool;Colisão traseira;Com Vítimas Feridas;Plena Noite;Crescente;Chuva;Dupla;Reta;Sim;1;0;1;0;0;0;1;1;-16,252738;-47,900437;SR-DF;UOP01/DF;
260437;02/01/2020;quinta-feira;20:00:00;PE;101;56,9;RECIFE;Falta de Atenção à Condução;Colisão transversal;Com Vítimas Feridas;Plena Noite;Crescente;Vento;Múltipla;Reta;Não;3;0;2;0;1;0;2;2;-7,9554509;-34,91140727;SR-PE;DEL11/1;UOP02/PE
260438;02/01/2020;quinta-feira;16:00:00;MG;262;450,2;NOVA SERRANA;Desobediência às normas de trânsito pelo condutor;Saída de leito carroçável;Com Vítimas Feridas;Pleno dia;Decrescente;Chuva;Simples;Reta;Não;2;0;1;0;1;0;1;1;-19,85068565;-45,02952576;SR-MG;DEL4/8;UOP03/MG
260439;02/01/2020;quinta-feira;20:25:00;TO;153;382;FORTALEZA DO TABOCAO;Ultrapassagem Indevida;Colisão frontal;Com Vítimas Feridas;Plena Noite;Decrescente;Garoa/Chuvisco;Simples;Reta;Não;2;0;0;1;1;0;1;2;-9,260822;-48,54802936;SR-TO;UOP03/TO;