id;data_inversa;dia_semana;horario;uf;br;km;municipio;causa_acidente;tipo_acidente;classificacao_acidente;fase_dia;sentido_via;condicao_metereologica;tipo_pista;tracado_via;uso_solo;pessoas;mortos;feridos_leves;feridos_graves;ilesos;ignorados;feridos;veiculos;latitude;longitude;regional;delegacia;uop
260440;02/01/2020;quinta-feira;20:40:00;SP;101;32,4;UBATUBA;Falta de Atenção à Condução;Colisão lateral;Com Vítimas Feridas;Plena Noite;Decrescente;Nublado;Simples;Reta;Sim;2;0;1;0;1;0;1;2;-23,38790115;-44,98068892;SR-SP;DEL6;UOP03/SP
260441;02/01/2020;quinta-feira;17:00:00;RR;174;17;BOA VISTA;Defeito Mecânico no Veículo;Capotamento;Com Vítimas Feridas;Pleno dia;Decrescente;Nublado;Simples;Reta;Não;9;0;3;0;6;0;3;1;2,874681;-60,791526;SR-RR;UOP01/RR;
260442;02/01/2020;quinta-feira;18:00:00;BA;324;515;FEIRA DE SANTANA;Falta de Atenção à Condução;Colisão traseira;Com Vítimas Feridas;Anoitecer;Crescente;Garoa/Chuvisco;Simples;Reta;Sim;1;0;1;0;0;0;1;1;-12,23547809;-38,94396807;SR-BA;DEL10/2;UOP01/BA
260444;02/01/2020;quinta-feira;20:35:00;RS;116;302,7;GUAIBA;Falta de Atenção à Condução;Colisão transversal;Com Vítimas Feridas;Plena Noite;Decrescente;Nublado;Simples;Reta;Não;3;0;1;0;2;0;1;2;-30,13970487;-51,35942618;SR-RS;DEL9/2;UOP01/RS
260445;02/01/2020;quinta-feira;19:30:00;SC;470;91,6;ASCURRA;Falta de Atenção à Condução;Colisão traseira;Com Vítimas Feridas;Plena Noite;Crescente;Chuva;Simples;Ponte;Não;2;0;0;1;1;0;1;1;-26,97769;-49,369198;SR-SC;DEL8/4;UOP01/SC
260446;02/01/2020;quinta-feira;17:00:00;GO;60;99;ANAPOLIS;Falta de Atenção à Condução;Colisão com objeto estático;Com Vítimas Feridas;Pleno dia;Decrescente;Céu Claro;Dupla;Viaduto;Sim;2;0;1;0;1;0;1;1;-16,3924;-48,9588;SR-GO;DEL1/2;UOP01/GO
260447;02/01/2020;quinta-feira;17:18:00;GO;60;81;ANAPOLIS;Pista Escorregadia;Saída de leito carroçável;Com Vítimas Feridas;Pleno dia;Crescente;Chuva;Dupla;Curva;Não;2;0;2;0;0;0;2;1;-16,31142839;-48,82787704;SR-GO;DEL1/2;UOP01/GO
260448;02/01/2020;quinta-feira;17:30:00;SC;282;564,2;NOVA ERECHIM;Velocidade Incompatível;Saída de leito carroçável;Com Vítimas Feridas;Pleno dia;Crescente;Sol;Simples;Curva;Não;1;0;0;1;0;0;1;1;-26,898739;-52,877975;SR-SC;DEL7;UOP02/SC
260449;02/01/2020;quinta-feira;21:00:00;RJ;101;428;MANGARATIBA;Não guardar distância de segurança;Colisão traseira;Sem Vítimas;Plena Noite;Decrescente;Chuva;Simples;Reta;Não;2;0;0;0;2;0;0;2;-22,93154625;-43,98133788;SR-RJ;DEL5/3;UOP01/RJ
260450;02/01/2020;quinta-feira;20:50:00;SC;163;84,2;GUARACIABA;Ingestão de Álcool;Colisão com objeto estático;Com Vítimas Feridas;Plena Noite;Crescente;Céu Claro;Simples;Rotatória;Não;1;0;1;0;0;0;1;1;-26,61594101;-53,51942819;SR-SC;DEL7;UOP03/SC
260451;02/01/2020;quinta-feira;16:20:00;MG;40;764,1;JUIZ DE FORA;Velocidade Incompatível;Colisão frontal;Com Vítimas Fatais;Anoitecer;Crescente;Chuva;Simples;Curva;Não;11;2;8;0;1;0;8;2;-21,5606587;-43,49865196;SR-MG;DEL5;UOP01/MG
260454;02/01/2020;quinta-feira;21:50:00;RN;405;16,8;MOSSORO;Falta de Atenção do Pedestre;Atropelamento de Pedestre;Com Vítimas Fatais;Plena Noite;Decrescente;Céu Claro;Simples;Reta;Sim;2;1;0;1;0;0;1;1;-5,21378318;-37,49323725;SR-RN;DEL15/4;UOP02/RN
260455;02/01/2020;quinta-feira;19:00:00;SC;282;424,8;VARGEM BONITA;Velocidade Incompatível;Colisão frontal;Com Vítimas Feridas;Pleno dia;Decrescente;Céu Claro;Simples;Curva;Não;5;0;1;2;1;1;3;2;-26,988014;-51,753124;SR-SC;DEL7;UOP07/SC
260456;02/01/2020;quinta-feira;21:40:00;SP;116;384;MIRACATU;Falta de Atenção à Condução;Engavetamento;Com Vítimas Feridas;Plena Noite;Decrescente;Chuva;Dupla;Reta;Não;4;0;1;0;3;0;1;3;-24,24780677;-47,37000424;SR-SP;DEL6/4;UOP03/SP
260460;02/01/2020;quinta-feira;21:00:00;RJ;465;7;SEROPEDICA;Ingestão de álcool e/ou substâncias psicoativas pelo pedestre;Atropelamento de Pedestre;Com Vítimas Feridas;Plena Noite;Decrescente;Céu Claro;Simples;Viaduto;Não;3;0;0;2;1;0;2;1;-22,761377;-43,686352;SR-RJ;DEL5/1;UOP03/RJ
260464;02/01/2020;quinta-feira;17:30:00;PR;116;18;ANTONINA;Pista Escorregadia;Danos eventuais;Com Vítimas Feridas;Anoitecer;Decrescente;Chuva;Dupla;Desvio Temporário;Sim;2;0;1;0;1;0;1;1;-25,103973;-48,710786;SR-PR;DEL7/1;UOP02/PR
260467;02/01/2020;quinta-feira;22:40:00;SP;116;214;GUARULHOS;Velocidade Incompatível;Colisão com objeto estático;Com Vítimas Feridas;Plena Noite;Decrescente;Chuva;Múltipla;Reta;Sim;1;0;1;0;0;0;1;1;-23,44333014;-46,44531294;SR-SP;DEL6/1;UOP01/SP
260468;02/01/2020;quinta-feira;22:00:00;SC;282;80;RANCHO QUEIMADO;Velocidade Incompatível;Capotamento;Com Vítimas Feridas;Plena Noite;Crescente;Chuva;Simples;Curva;Não;1;0;1;0;0;0;1;1;-27,663555;-49,159309;SR-SC;DEL8/1;UOP03/SC
260469;02/01/2020;quinta-feira;21:40:00;RJ;101;92;CAMPOS DOS GOYTACAZES;Falta de Atenção à Condução;Saída de leito carroçável;Com Vítimas Feridas;Pleno dia;Decrescente;Garoa/Chuvisco;Dupla;Reta;Não;2;0;2;0;0;0;2;1;-21,85456357;-41,52621893;SR-RJ;DEL5/8;UOP02/RJ
260470;02/01/2020;quinta-feira;22:50:00;PR;369;174;ROLANDIA;Desobediência às normas de trânsito pelo condutor;Colisão transversal;Sem Vítimas;Plena Noite;Crescente;Nublado;Simples;Interseção de vias;Sim;2;0;0;0;0;2;0;2;-23,31597519;-51,37657642;SR-PR;DEL7/7;UOP01/PR
260472;02/01/2020;quinta-feira;23:00:00;SP;381;73;SAO PAULO;Pista Escorregadia;Saída de leito carroçável;Com Vítimas Feridas;Plena Noite;Decrescente;Garoa/Chuvisco;Dupla;Curva;Não;1;0;1;0;0;0;1;1;-23,36553404;-46,55253934;SR-SP;DEL6/3;UOP02/SP
260473;02/01/2020;quinta-feira;20:30:00;MG;40;137;JOAO PINHEIRO;Condutor Dormindo;Saída de leito carroçável;Com Vítimas Feridas;Plena Noite;Crescente;Céu Claro;Simples;Reta;Não;1;0;1;0;0;0;1;1;-17,72382989;-46,22254698;SR-MG;DEL4/14;UOP01/MG
260474;02/01/2020;quinta-feira;20:15:00;SC;101;384,1;ICARA;Ingestão de álcool e/ou substâncias psicoativas pelo pedestre;Colisão frontal;Com Vítimas Feridas;Plena Noite;Decrescente;Garoa/Chuvisco;Dupla;Reta;Não;4;0;3;1;0;0;4;2;-28,76851141;-49,3025538;SR-SC;DEL8/2;UOP02/SC
260475;02/01/2020;quinta-feira;20:30:00;SC;282;134,6;BOM RETIRO;Desobediência às normas de trânsito pelo condutor;Colisão transversal;Com Vítimas Feridas;Plena Noite;Crescente;Nublado;Simples;Reta;Não;3;0;2;1;0;0;3;2;-27,813074;-49,540077;SR-SC;DEL8/5;UOP01/SC
260477;01/01/2020;quarta-feira;14:50:00;RJ;40;120;DUQUE DE CAXIAS;Defeito Mecânico no Veículo;Tombamento;Com Vítimas Feridas;Pleno dia;Decrescente;Céu Claro;Múltipla;Reta;Sim;2;0;2;0;0;0;2;1;-22,77280597;-43,28626763;SR-RJ;DEL5/1;UOP01/RJ
260478;02/01/2020;quinta-feira;22:30:00;ES;101;435,4;MIMOSO DO SUL;Pista Escorregadia;Tombamento;Com Vítimas Fatais;Plena Noite;Crescente;Chuva;Simples;Curva;Não;2;1;1;0;0;0;1;1;-21,05500952;-41,19609059;SR-ES;DEL12/3;UOP02/ES
260480;02/01/2020;quinta-feira;22:55:00;ES;101;247;SERRA;Falta de Atenção à Condução;Saída de leito carroçável;Com Vítimas Feridas;Plena Noite;Crescente;Chuva;Simples;Reta;Não;1;0;1;0;0;0;1;1;-20,06746339;-40,37085006;SR-ES;DEL12/2;UOP01/ES
260481;02/01/2020;quinta-feira;23:25:00;BA;116;528,4;ITATIM;Velocidade Incompatível;Colisão frontal;Com Vítimas Fatais;Plena Noite;Crescente;Garoa/Chuvisco;Simples;Não Informado;Não;2;1;0;0;1;0;0;2;-12,71846546;-39,74793434;SR-BA;DEL10/3;UOP02/BA
260482;02/01/2020;quinta-feira;23:00:00;RJ;101;61;CAMPOS DOS GOYTACAZES;Falta de Atenção à Condução;Colisão transversal;Com Vítimas Feridas;Plena Noite;Crescente;Céu Claro;Simples;Interseção de vias;Sim;2;0;0;1;1;0;1;2;-21,72655788;-41,32133519;SR-RJ;DEL5/8;UOP01/RJ
260483;03/01/2020;sexta-feira;00:10:00;ES;101;220,7;IBIRACU;Velocidade Incompatível;Saída de leito carroçável;Com Vítimas Feridas;Plena Noite;Crescente;Chuva;Simples;Reta;Não;1;0;1;0;0;0;1;1;-19,86715386;-40,40119171;SR-ES;DEL12/2;UOP01/ES
260484;03/01/2020;sexta-feira;00:30:00;SP;116;87;PINDAMONHANGABA;Falta de Atenção à Condução;Saída de leito carroçável;Sem Vítimas;Plena Noite;Crescente;Nublado;Dupla;Reta;Não;2;0;0;0;1;1;0;1;-22,93065267;-45,36166116;SR-SP;DEL6;UOP01/SP
260485;02/01/2020;quinta-feira;23:50:00;GO;40;141,8;CRISTALINA;Desobediência às normas de trânsito pelo condutor;Colisão frontal;Com Vítimas Feridas;Plena Noite;Crescente;Chuva;Simples;Reta;Não;7;0;5;0;2;0;5;3;-16,95712;-47,270758;SR-DF;UOP02/DF;
260486;02/01/2020;quinta-feira;20:55:00;MT;70;696;CACERES;Ingestão de Álcool;Colisão traseira;Sem Vítimas;Plena Noite;Decrescente;Céu Claro;Simples;Reta;Não;2;0;0;0;2;0;0;2;-16,20852786;-57,41284118;SR-MT;DEL2/3;UOP01/MT
260487;03/01/2020;sexta-feira;00:30:00;MG;381;651;SANTO ANTONIO DO AMPARO;Objeto estático sobre o leito carroçável;Danos eventuais;Sem Vítimas;Plena Noite;Decrescente;Nublado;Dupla;Reta;Não;2;0;0;0;2;0;0;1;-20,97575268;-44,93997846;SR-MG;DEL4/4;UOP02/MG
260488;03/01/2020;sexta-feira;00:30:00;RJ;101;11,6;CAMPOS DOS GOYTACAZES;Não guardar distância de segurança;Colisão traseira;Com Vítimas Feridas;Plena Noite;Crescente;Nublado;Simples;Não Informado;Não;4;0;2;0;2;0;2;2;-21,30766784;-41,3253282;SR-RJ;DEL5/8;UOP01/RJ
260489;03/01/2020;sexta-feira;00:45:00;RO;364;341;JI-PARANA;Ingestão de Álcool;Queda de ocupante de veículo;Com Vítimas Feridas;Plena Noite;Decrescente;Chuva;Simples;Reta;Sim;1;0;0;1;0;0;1;1;-10,88987987;-61,93126772;SR-RO;DEL21/2;UOP01/RO
260490;03/01/2020;sexta-feira;00:50:00;MG;153;59;MONTE ALEGRE DE MINAS;Falta de Atenção à Condução;Colisão traseira;Com Vítimas Feridas;Plena Noite;Decrescente;Nublado;Dupla;Reta;Não;2;0;1;0;0;1;1;2;-18,88622703;-49,05195006;SR-MG;DEL4/15;UOP03/MG
260491;03/01/2020;sexta-feira;01:30:00;PR;476;140;CURITIBA;Falta de Atenção à Condução;Colisão com objeto estático;Com Vítimas Feridas;Plena Noite;Crescente;Nublado;Múltipla;Reta;Sim;1;0;1;0;0;0;1;1;-25,520693;-49,294121;SR-PR;DEL7/1;UOP03/PR
260492;03/01/2020;sexta-feira;01:45:00;BA;324;625;SALVADOR;Agressão Externa;Colisão transversal;Com Vítimas Feridas;Plena Noite;Crescente;Nublado;Múltipla;Reta;Sim;2;0;1;0;1;0;1;2;-12,94194706;-38,47081224;SR-BA;DEL10/1;UOP01/BA
260493;03/01/2020;sexta-feira;02:30:00;MG;116;38,6;PEDRA AZUL;Velocidade Incompatível;Saída de leito carroçável;Com Vítimas Feridas;Plena Noite;Crescente;Céu Claro;Dupla;Reta;Não;2;0;2;0;0;0;2;1;-15,96601299;-41,40367703;SR-MG;DEL4/11;UOP02/MG
260494;03/01/2020;sexta-feira;01:50:00;MG;116;416;GOVERNADOR VALADARES;Desobediência às normas de trânsito pelo condutor;Saída de leito carroçável;Com Vítimas Feridas;Plena Noite;Crescente;Céu Claro;Simples;Reta;Sim;3;0;0;1;2;0;1;3;-18,89215187;-41,94699543;SR-MG;DEL4/6;UOP01/MG
260495;03/01/2020;sexta-feira;02:50:00;GO;40;92,5;CRISTALINA;Falta de Atenção à Condução;Colisão lateral;Com Vítimas Feridas;Plena Noite;Decrescente;Chuva;Simples;Interseção de vias;Sim;3;0;1;0;2;0;1;2;-16,730814;-47,626211;SR-DF;UOP02/DF;
260496;03/01/2020;sexta-feira;02:10:00;RN;226;148,2;CURRAIS NOVOS;Condutor Dormindo;Saída de leito carroçável;Com Vítimas Feridas;Plena Noite;Crescente;Céu Claro;Simples;Reta;Não;3;0;1;2;0;0;3;1;-6,20865867;-36,29031686;SR-RN;DEL15/3;UOP02/RN
260497;03/01/2020;sexta-feira;02:40:00;SC;101;36,8;JOINVILLE;Ingestão de Álcool;Colisão traseira;Sem Vítimas;Plena Noite;Crescente;Nublado;Dupla;Reta;Sim;2;0;0;0;1;1;0;2;-26,24573198;-48,9101069;SR-SC;DEL8/3;UOP01/SC
260498;03/01/2020;sexta-feira;03:20:00;GO;20;88;VILA BOA;Velocidade Incompatível;Tombamento;Com Vítimas Fatais;Plena Noite;Decrescente;Chuva;Simples;Reta;Não;14;1;13;0;0;0;13;1;-15,035155;-47,056973;SR-DF;UOP01/DEL02/DF;
260499;03/01/2020;sexta-feira;02:45:00;MT;70;502,5;SANTO ANTONIO DO LEVERGER;Falta de Atenção à Condução;Saída de leito carroçável;Com Vítimas Feridas;Plena Noite;Crescente;Céu Claro;Simples;Reta;Não;1;0;1;0;0;0;1;1;-15,674941;-55,939884;SR-MT;DEL2/1;UOP01/MT
260501;03/01/2020;sexta-feira;05:15:00;GO;153;440,4;ANAPOLIS;Falta de Atenção à Condução;Colisão traseira;Com Vítimas Feridas;Amanhecer;Crescente;Céu Claro;Dupla;Reta;Sim;2;0;0;1;1;0;1;2;-16,306765;-48,923847;SR-GO;DEL1/2;UOP01/GO
260502;03/01/2020;sexta-feira;05:17:00;BA;116;511;SANTA TERESINHA;Falta de Atenção à Condução;Colisão lateral;Sem Vítimas;Amanhecer;Crescente;Céu Claro;Dupla;Reta;Não;2;0;0;0;2;0;0;2;-12,64828829;-39,60617355;SR-BA;DEL10/3;UOP02/BA
260503;03/01/2020;sexta-feira;05:25:00;ES;101;264,5;SERRA;Desobediência às normas de trânsito pelo condutor;Colisão transversal;Com Vítimas Feridas;Pleno dia;Crescente;Chuva;Múltipla;Interseção de vias;Sim;3;0;1;1;1;0;2;2;-20,17889309;-40,26530538;SR-ES;DEL12/2;UOP01/ES
260504;03/01/2020;sexta-feira;05:35:00;SC;470;61,8;INDAIAL;Falta de Atenção à Condução;Capotamento;Com Vítimas Feridas;Pleno dia;Crescente;Nublado;Simples;Curva;Não;4;0;4;0;0;0;4;1;-26,87296395;-49,19126901;SR-SC;DEL8/4;UOP01/SC
260505;02/01/2020;quinta-feira;19:00:00;CE;116;139,3;RUSSAS;Falta de Atenção à Condução;Saída de leito carroçável;Com Vítimas Feridas;Plena Noite;Decrescente;Céu Claro;Simples;Reta;Não;1;0;0;1;0;0;1;1;-4,75147981;-38,06476096;SR-CE;DEL16/3;UOP01/CE
260506;03/01/2020;sexta-feira;05:15:00;RS;386;423;MONTENEGRO;Condutor Dormindo;Saída de leito carroçável;Com Vítimas Feridas;Amanhecer;Decrescente;Sol;Dupla;Retorno Regulamentado;Não;1;0;1;0;0;0;1;1;-29,816875;-51,392719;SR-RS;DEL9/4;UOP02/RS
260507;02/01/2020;quinta-feira;19:30:00;MG;50;176;UBERABA;Falta de Atenção à Condução;Colisão traseira;Sem Vítimas;Plena Noite;Decrescente;Chuva;Dupla;Desvio Temporário;Sim;2;0;0;0;0;2;0;2;-19,77919981;-47,960032;SR-MG;DEL13;UOP01/MG
260508;03/01/2020;sexta-feira;06:30:00;PI;316;9;TERESINA;Ultrapassagem Indevida;Colisão lateral;Com Vítimas Feridas;Amanhecer;Decrescente;Céu Claro;Simples;Reta;Sim;3;0;2;0;1;0;2;2;-5,17381686;-42,76624952;SR-PI;DEL17/1;UOP02/PI
260509;03/01/2020;sexta-feira;06:40:00;SP;116;340;JUQUITIBA;Defeito Mecânico no Veículo;Saída de leito carroçável;Com Vítimas Feridas;Pleno dia;Decrescente;Nublado;Dupla;Curva;Não;2;0;1;0;1;0;1;1;-24,00328505;-47,15633198;SR-SP;DEL6/4;UOP03/SP
260510;03/01/2020;sexta-feira;06:55:00;BA;407;5;JUAZEIRO;Desobediência às normas de trânsito pelo condutor;Colisão frontal;Com Vítimas Feridas;Pleno dia;Crescente;Nublado;Simples;Reta;Sim;2;0;2;0;0;0;2;2;-9,44778544;-40,49043801;SR-BA;DEL10/4;UOP01/BA
260511;03/01/2020;sexta-feira;04:40:00;MS;163;0,6;MUNDO NOVO;Desobediência às normas de trânsito pelo condutor;Colisão traseira;Sem Vítimas;Amanhecer;Crescente;Céu Claro;Simples;Reta;Não;2;0;0;0;2;0;0;2;-24,044483;-54,272316;SR-MS;DEL3/09;UOP02/MS
260512;03/01/2020;sexta-feira;06:10:00;SP;101;47,2;UBATUBA;Falta de Atenção à Condução;Colisão transversal;Com Vítimas Feridas;Amanhecer;Decrescente;Céu Claro;Simples;Rotatória;Sim;2;0;1;0;1;0;1;2;-23,43387535;-45,08591652;SR-SP;DEL6;UOP03/SP
260513;03/01/2020;sexta-feira;06:30:00;PR;476;147,5;ARAUCARIA;Não guardar distância de segurança;Colisão traseira;Com Vítimas Feridas;Pleno dia;Decrescente;Nublado;Dupla;Reta;Sim;2;0;2;0;0;0;2;2;-25,554628;-49,339268;SR-PR;DEL7/1;UOP04/PR
260515;03/01/2020;sexta-feira;05:50:00;MG;262;61;MATIPO;Condutor Dormindo;Colisão com objeto estático;Com Vítimas Feridas;Pleno dia;Crescente;Chuva;Simples;Curva;Não;4;0;4;0;0;0;4;1;-20,2924829;-42,21744498;SR-MG;DEL4/6;UOP04/MG
260518;03/01/2020;sexta-feira;08:25:00;MG;40;462,8;SETE LAGOAS;Falta de Atenção à Condução;Colisão traseira;Com Vítimas Feridas;Pleno dia;Decrescente;Nublado;Dupla;Não Informado;Não;5;0;2;0;2;1;2;2;-19,418214;-44,339468;SR-MG;DEL4/2;UOP01/MG
260519;03/01/2020;sexta-feira;06:00:00;SC;282;435;VARGEM BONITA;Condutor Dormindo;Colisão lateral;Com Vítimas Feridas;Pleno dia;Decrescente;Céu Claro;Simples;Reta;Não;6;0;3;0;3;0;3;2;-26,973248;-51,841671;SR-SC;DEL7;UOP05/SC
260520;03/01/2020;sexta-feira;08:05:00;RS;386;50,3;SEBERI;Avarias e/ou desgaste excessivo no pneu;Queda de ocupante de veículo;Com Vítimas Feridas;Pleno dia;Decrescente;Céu Claro;Simples;Reta;Sim;2;0;1;0;1;0;1;1;-27,491682;-53,389172;SR-RS;DEL08;UOP02/RS
260521;03/01/2020;sexta-feira;07:30:00;MG;40;735,8;SANTOS DUMONT;Velocidade Incompatível;Tombamento;Com Vítimas Feridas;Pleno dia;Crescente;Nublado;Simples;Curva;Não;1;0;1;0;0;0;1;1;-21,37449311;-43,56992662;SR-MG;DEL5;UOP01/MG
260522;03/01/2020;sexta-feira;08:00:00;ES;101;269,1;SERRA;Falta de Atenção à Condução;Colisão lateral;Com Vítimas Feridas;Pleno dia;Decrescente;Céu Claro;Dupla;Reta;Sim;2;0;0;1;1;0;1;2;-20,21740496;-40,26990578;SR-ES;DEL12/2;UOP01/ES
260523;03/01/2020;sexta-feira;07:20:00;BA;101;717,5;EUNAPOLIS;Falta de Atenção à Condução;Colisão transversal;Com Vítimas Feridas;Pleno dia;Decrescente;Céu Claro;Simples;Interseção de vias;Sim;2;0;1;0;1;0;1;2;-16,32475225;-39,59403992;SR-BA;DEL10/9;UOP01/BA
260524;03/01/2020;sexta-feira;07:00:00;PR;369;22,5;CAMBARA;Falta de Atenção à Condução;Colisão transversal;Com Vítimas Feridas;Pleno dia;Crescente;Céu Claro;Simples;Interseção de vias;Não;3;0;1;0;2;0;1;2;-23,0431141;-50,104056;SR-PR;DEL7/7;UOP06/PR
260525;03/01/2020;sexta-feira;08:20:00;GO;452;164,6;ITUMBIARA;Ultrapassagem Indevida;Colisão transversal;Com Vítimas Feridas;Pleno dia;Crescente;Céu Claro;Simples;Reta;Não;3;0;3;0;0;0;3;2;-18,32249395;-49,47512698;SR-GO;DEL1/3;UOP02/GO
260526;03/01/2020;sexta-feira;07:55:00;GO;50;281;CATALAO;Desobediência às normas de trânsito pelo condutor;Colisão frontal;Com Vítimas Feridas;Pleno dia;Decrescente;Céu Claro;Simples;Reta;Sim;4;0;2;0;2;0;2;2;-18,1838;-47,9441;SR-GO;DEL1/6;UOP01/GO
260527;03/01/2020;sexta-feira;08:40:00;PI;316;298;PICOS;Falta de Atenção à Condução;Tombamento;Com Vítimas Feridas;Pleno dia;Crescente;Céu Claro;Simples;Não Informado;Não;3;0;3;0;0;0;3;1;-7,02855707;-41,5570932;SR-PI;DEL17/4;UOP01/PI
260528;03/01/2020;sexta-feira;08:00:00;RS;392;1,6;RIO GRANDE;Defeito Mecânico no Veículo;Colisão frontal;Com Vítimas Feridas;Pleno dia;Crescente;Céu Claro;Simples;Curva;Sim;2;0;1;0;1;0;1;2;-32,04488513;-52,0855305;SR-RS;DEL9/7;UOP02/RS
260529;02/01/2020;quinta-feira;16:00:00;MG;116;765,5;LEOPOLDINA;Falta de Atenção à Condução;Colisão transversal;Com Vítimas Feridas;Pleno dia;Decrescente;Chuva;Simples;Interseção de vias;Sim;2;0;1;0;1;0;1;2;-21,5197389;-42,6491103;SR-MG;DEL4/7;UOP01/MG
260530;03/01/2020;sexta-feira;01:20:00;MG;381;268;TIMOTEO;Ultrapassagem Indevida;Colisão lateral;Com Vítimas Feridas;Plena Noite;Crescente;Nublado;Simples;Curva;Sim;2;0;1;0;1;0;1;2;-19,52832567;-42,63334751;SR-MG;DEL4/3;UOP02/MG
260531;03/01/2020;sexta-feira;08:40:00;MG;381;592;CARMOPOLIS DE MINAS;Falta de Atenção à Condução;Colisão traseira;Sem Vítimas;Pleno dia;Decrescente;Nublado;Dupla;Curva;Não;2;0;0;0;2;0;0;2;-20,57880683;-44,6872411;SR-MG;DEL4/4;UOP01/MG
260532;03/01/2020;sexta-feira;08:00:00;MT;70;47,8;BARRA DO GARCAS;Falta de Atenção à Condução;Saída de leito carroçável;Com Vítimas Feridas;Pleno dia;Decrescente;Chuva;Simples;Curva;Não;4;0;2;0;2;0;2;1;-15,74586406;-52,61386501;SR-MT;DEL2/8;UOP01/MT
260534;02/01/2020;quinta-feira;18:40:00;MG;40;42,2;PARACATU;Falta de Atenção à Condução;Colisão transversal;Com Vítimas Feridas;Plena Noite;Crescente;Chuva;Simples;Não Informado;Sim;2;0;2;0;0;0;2;2;-17,2188441;-46,8666753;SR-MG;DEL4/14;UOP01/MG
260535;03/01/2020;sexta-feira;08:40:00;RS;290;25,7;SANTO ANTONIO DA PATRULHA;Falta de Atenção à Condução;Colisão traseira;Com Vítimas Feridas;Pleno dia;Crescente;Garoa/Chuvisco;Dupla;Reta;Não;3;0;1;1;1;0;2;2;-29,879977;-50,51217;SR-RS;DEL9/3;UOP01/RS
260536;03/01/2020;sexta-feira;08:15:00;PB;230;46,9;SANTA RITA;Falta de Atenção à Condução;Colisão traseira;Com Vítimas Feridas;Pleno dia;Decrescente;Céu Claro;Dupla;Não Informado;Não;7;0;0;3;1;3;3;2;-7,17221614;-35,03649044;SR-PB;DEL14/1;UOP02/PB
260537;03/01/2020;sexta-feira;09:55:00;PR;369;155;LONDRINA;Não guardar distância de segurança;Colisão traseira;Com Vítimas Feridas;Pleno dia;Decrescente;Nublado;Dupla;Interseção de vias;Sim;2;0;1;0;1;0;1;2;-23,29567178;-51,20865405;SR-PR;DEL7/7;UOP01/PR
260538;03/01/2020;sexta-feira;09:15:00;PI;316;2,4;TERESINA;Desobediência às normas de trânsito pelo condutor;Colisão lateral;Com Vítimas Feridas;Pleno dia;Decrescente;Nublado;Dupla;Rotatória;Sim;3;0;0;1;1;1;1;3;-5,123238;-42,79601812;SR-PI;DEL17/1;UOP02/PI
260539;03/01/2020;sexta-feira;09:30:00;PR;376;169;MARINGA;Falta de Atenção à Condução;Colisão lateral;Com Vítimas Feridas;Pleno dia;Decrescente;Céu Claro;Dupla;Reta;Não;2;0;1;0;1;0;1;2;-23,39457259;-52,0085907;SR-PR;DEL7/7;UOP04/PR
260540;03/01/2020;sexta-feira;09:15:00;SC;101;215,5;PALHOCA;Falta de Atenção à Condução;Colisão lateral;Com Vítimas Feridas;Pleno dia;Decrescente;Nublado;Simples;Reta;Sim;2;0;1;0;1;0;1;2;-27,65184843;-48,67604941;SR-SC;DEL8/1;UOP02/SC
260541;03/01/2020;sexta-feira;07:45:00;SC;101;278;IMBITUBA;Falta de Atenção à Condução;Colisão transversal;Com Vítimas Feridas;Pleno dia;Crescente;Céu Claro;Simples;Reta;Não;2;0;0;1;1;0;1;2;-28,16300604;-48,6939345;SR-SC;DEL8/2;UOP03/SC
260542;03/01/2020;sexta-feira;08:00:00;SC;470;302;CAMPOS NOVOS;Condutor Dormindo;Colisão transversal;Com Vítimas Feridas;Pleno dia;Crescente;Sol;Simples;Interseção de vias;Não;4;0;3;0;1;0;3;2;-27,374527;-51,065792;SR-SC;DEL7;UOP08/SC
260543;03/01/2020;sexta-feira;09:45:00;DF;20;21;BRASILIA;Velocidade Incompatível;Atropelamento de Pedestre;Com Vítimas Fatais;Pleno dia;Crescente;Nublado;Dupla;Reta;Sim;2;1;0;0;1;0;0;1;-15,603384;-47,684692;SR-DF;UOP01/DEL02/DF;
260544;03/01/2020;sexta-feira;10:25:00;SC;282;57,8;RANCHO QUEIMADO;Falta de Atenção à Condução;Colisão traseira;Com Vítimas Feridas;Pleno dia;Crescente;Nublado;Simples;Reta;Não;3;0;2;0;1;0;2;2;-27,68421213;-49,00410891;SR-SC;DEL8/1;UOP03/SC
260545;03/01/2020;sexta-feira;04:00:00;BA;330;810;IBIRAPITANGA;Falta de Atenção à Condução;Saída de leito carroçável;Com Vítimas Fatais;Amanhecer;Crescente;Céu Claro;Simples;Reta;Não;3;1;0;1;0;1;1;1;-14,2260037;-39,5058199;SR-BA;DEL10/5;UOP01/BA
260547;03/01/2020;sexta-feira;11:00:00;PE;101;86,6;JABOATAO DOS GUARARAPES;Velocidade Incompatível;Colisão lateral;Com Vítimas Feridas;Pleno dia;Decrescente;Céu Claro;Dupla;Reta;Sim;2;0;0;1;1;0;1;2;-8,18470013;-34,96816895;SR-PE;DEL11/1;UOP03/PE