id;data_inversa;dia_semana;horario;uf;br;km;municipio;causa_acidente;tipo_acidente;classificacao_acidente;fase_dia;sentido_via;condicao_metereologica;tipo_pista;tracado_via;uso_solo;pessoas;mortos;feridos_leves;feridos_graves;ilesos;ignorados;feridos;veiculos;latitude;longitude;regional;delegacia;uop
260667;03/01/2020;sexta-feira;19:50:00;PR;376;124;ALTO PARANA;Falta de Atenção à Condução;Colisão com objeto estático;Com Vítimas Feridas;Plena Noite;Decrescente;Chuva;Dupla;Reta;Não;4;0;0;1;3;0;1;1;-23,14400328;-52,2818582;SR-PR;DEL7/7;UOP05/PR
260668;03/01/2020;sexta-feira;18:30:00;AL;316;209,9;MARIBONDO;Falta de Atenção à Condução;Saída de leito carroçável;Com Vítimas Feridas;Plena Noite;Crescente;Céu Claro;Simples;Reta;Não;2;0;2;0;0;0;2;1;-9,54888383;-36,25620605;SR-AL;DEL13/1;UOP01/AL
260669;03/01/2020;sexta-feira;19:45:00;SC;282;16;PALHOCA;Falta de Atenção à Condução;Colisão transversal;Com Vítimas Feridas;Plena Noite;Crescente;Chuva;Simples;Reta;Sim;3;0;1;0;2;0;1;2;-27,658611;-48,681847;SR-SC;DEL8/1;UOP02/SC
260670;03/01/2020;sexta-feira;12:00:00;RJ;116;6,3;SAPUCAIA;Defeito Mecânico no Veículo;Colisão transversal;Com Vítimas Feridas;Pleno dia;Decrescente;Chuva;Simples;Curva;Não;3;0;1;0;2;0;1;2;-21,90897631;-42,69105244;SR-RJ;DEL5/4;UOP01/RJ
260672;03/01/2020;sexta-feira;18:35:00;RO;174;15;VILHENA;Restrição de Visibilidade;Colisão transversal;Com Vítimas Feridas;Anoitecer;Decrescente;Chuva;Simples;Reta;Sim;2;0;1;0;1;0;1;2;-12,723321;-60,12801;SR-RO;DEL21/4;UOP01/RO
260673;03/01/2020;sexta-feira;18:20:00;RN;304;299;MACAIBA;Defeito na Via;Queda de ocupante de veículo;Com Vítimas Feridas;Plena Noite;Crescente;Céu Claro;Dupla;Reta;Não;1;0;1;0;0;0;1;1;-5,87095859;-35,32359587;SR-RN;DEL15/1;UOP02/RN
260674;03/01/2020;sexta-feira;20:00:00;PR;476;140;CURITIBA;Defeito Mecânico no Veículo;Queda de ocupante de veículo;Com Vítimas Feridas;Plena Noite;Decrescente;Nublado;Múltipla;Reta;Sim;2;0;2;0;0;0;2;1;-25,520693;-49,294121;SR-PR;DEL7/1;UOP03/PR
260675;03/01/2020;sexta-feira;18:30:00;SC;101;339,2;TUBARAO;Falta de Atenção à Condução;Engavetamento;Com Vítimas Feridas;Anoitecer;Decrescente;Chuva;Dupla;Desvio Temporário;Sim;10;0;7;0;3;0;7;6;-28,50703917;-49,04947737;SR-SC;DEL8/2;UOP01/SC
260677;03/01/2020;sexta-feira;20:25:00;PR;376;3,8;APUCARANA;Desobediência às normas de trânsito pelo pedestre;Atropelamento de Pedestre;Com Vítimas Fatais;Plena Noite;Decrescente;Chuva;Dupla;Reta;Sim;7;1;0;0;4;2;0;3;-23,557347;-51,442053;SR-PR;DEL7/7;UOP03/PR
260678;03/01/2020;sexta-feira;18:15:00;CE;222;310,2;TIANGUA;Falta de Atenção à Condução;Colisão transversal;Com Vítimas Feridas;Plena Noite;Decrescente;Chuva;Simples;Interseção de vias;Sim;2;0;1;0;1;0;1;2;-3,70670595;-40,97707006;SR-CE;DEL16/4;UOP02/CE
260679;03/01/2020;sexta-feira;19:20:00;ES;482;106,5;GUACUI;Velocidade Incompatível;Colisão transversal;Com Vítimas Feridas;Plena Noite;Crescente;Chuva;Simples;Reta;Sim;2;0;1;0;1;0;1;2;-20,7749648;-41,67600002;SR-ES;DEL12/3;UOP02/ES
260680;03/01/2020;sexta-feira;18:00:00;MG;381;673,3;PERDOES;Velocidade Incompatível;Saída de leito carroçável;Com Vítimas Feridas;Anoitecer;Crescente;Chuva;Dupla;Curva;Não;4;0;2;0;2;0;2;1;-21,09966091;-45,08510908;SR-MG;DEL4/4;UOP02/MG
260681;03/01/2020;sexta-feira;19:54:00;RO;319;59,9;PORTO VELHO;Desobediência às normas de trânsito pelo condutor;Colisão transversal;Com Vítimas Feridas;Plena Noite;Decrescente;Nublado;Dupla;Interseção de vias;Sim;2;0;2;0;0;0;2;2;-8,74250565;-63,90262496;SR-RO;DEL21/1;UOP01/RO
260682;03/01/2020;sexta-feira;19:25:00;SC;101;228,9;PALHOCA;Velocidade Incompatível;Colisão com objeto estático;Com Vítimas Feridas;Plena Noite;Decrescente;Chuva;Dupla;Reta;Não;1;0;1;0;0;0;1;1;-27,7597249;-48,63078869;SR-SC;DEL8/1;UOP02/SC
260683;03/01/2020;sexta-feira;21:20:00;BA;235;347,8;JUAZEIRO;Animais na Pista;Atropelamento de Animal;Com Vítimas Feridas;Plena Noite;Crescente;Céu Claro;Simples;Reta;Sim;1;0;0;1;0;0;1;1;-9,44825774;-40,48922661;SR-PE;DEL11/6;UOP01/PE
260684;03/01/2020;sexta-feira;20:30:00;MA;316;579,6;CAXIAS;Falta de Atenção à Condução;Colisão transversal;Com Vítimas Feridas;Plena Noite;Crescente;Chuva;Simples;Reta;Não;3;0;1;1;1;0;2;2;-4,957611;-43,128502;SR-MA;DEL18/3;UOP02/MA
260685;03/01/2020;sexta-feira;21:25:00;PI;316;22,3;TERESINA;Animais na Pista;Atropelamento de Animal;Com Vítimas Feridas;Plena Noite;Decrescente;Céu Claro;Simples;Reta;Não;1;0;1;0;0;0;1;1;-5,27552796;-42,72607975;SR-PI;DEL17/1;UOP02/PI
260686;03/01/2020;sexta-feira;20:50:00;RJ;101;86;CAMPOS DOS GOYTACAZES;Velocidade Incompatível;Saída de leito carroçável;Sem Vítimas;Plena Noite;Decrescente;Chuva;Dupla;Curva;Não;2;0;0;0;2;0;0;1;-21,82667291;-41,48736902;SR-RJ;DEL5/8;UOP02/RJ
260687;03/01/2020;sexta-feira;21:30:00;SP;101;46;UBATUBA;Ingestão de Álcool;Colisão frontal;Com Vítimas Feridas;Plena Noite;Decrescente;Céu Claro;Simples;Reta;Não;4;0;0;1;1;2;1;2;-23,42546837;-45,07701159;SR-SP;DEL6;UOP03/SP
260688;03/01/2020;sexta-feira;21:40:00;RN;101;83,2;SAO GONCALO DO AMARANTE;Falta de Atenção à Condução;Atropelamento de Pedestre;Com Vítimas Feridas;Plena Noite;Crescente;Céu Claro;Dupla;Reta;Sim;2;0;1;0;0;1;1;1;-5,7710445;-35,26616981;SR-RN;DEL15/2;UOP01/RN
260689;03/01/2020;sexta-feira;22:10:00;PR;277;80;CURITIBA;Falta de Atenção à Condução;Atropelamento de Animal;Com Vítimas Feridas;Plena Noite;Decrescente;Nublado;Dupla;Reta;Não;1;0;1;0;0;0;1;1;-25,568939;-49,181978;SR-PR;DEL7/1;UOP04/PR
260690;03/01/2020;sexta-feira;17:15:00;RJ;40;4,5;COMENDADOR LEVY GASPARIAN;Pista Escorregadia;Saída de leito carroçável;Com Vítimas Feridas;Plena Noite;Decrescente;Garoa/Chuvisco;Dupla;Curva;Não;4;0;3;0;1;0;3;1;-22,01337537;-43,23594846;SR-RJ;DEL5/6;UOP01/RJ
260691;02/01/2020;quinta-feira;22:00:00;BA;235;60;JEREMOABO;Velocidade Incompatível;Saída de leito carroçável;Sem Vítimas;Plena Noite;Crescente;Céu Claro;Simples;Curva;Não;2;0;0;0;0;2;0;2;-10,08929173;-38,18273974;SR-SE;DEL20/1;UOP02/SE
260692;03/01/2020;sexta-feira;20:00:00;MT;364;258,5;JUSCIMEIRA;Falta de Atenção à Condução;Colisão transversal;Com Vítimas Feridas;Plena Noite;Decrescente;Céu Claro;Múltipla;Reta;Sim;2;0;1;0;1;0;1;2;-16,056505;-54,88351;SR-MT;DEL2/1;UOP02/MT
260693;03/01/2020;sexta-feira;21:30:00;GO;50;280,3;CATALAO;Falta de Atenção à Condução;Colisão transversal;Com Vítimas Feridas;Plena Noite;Decrescente;Céu Claro;Simples;Interseção de vias;Sim;2;0;1;0;0;1;1;2;-18,18053259;-47,93921828;SR-GO;DEL1/6;UOP01/GO
260694;03/01/2020;sexta-feira;20:00:00;BA;242;490;OLIVEIRA DOS BREJINHOS;Falta de Atenção à Condução;Colisão com objeto em movimento;Com Vítimas Feridas;Plena Noite;Crescente;Nublado;Simples;Reta;Não;3;0;1;0;2;0;1;2;-12,40813704;-42,37388109;SR-BA;DEL10/6;UOP01/BA
260695;03/01/2020;sexta-feira;17:50:00;MG;262;721,8;ARAXA;Pista Escorregadia;Tombamento;Sem Vítimas;Pleno dia;Decrescente;Chuva;Simples;Reta;Não;1;0;0;0;1;0;0;1;-19,61417495;-47,20534846;SR-MG;DEL4/8;UOP01/MG
260696;03/01/2020;sexta-feira;21:25:00;MS;262;305,9;CAMPO GRANDE;Falta de Atenção à Condução;Atropelamento de Pedestre;Com Vítimas Fatais;Plena Noite;Decrescente;Céu Claro;Simples;Reta;Não;3;1;0;0;0;2;0;1;-20,48390019;-54,33577621;SR-MS;DEL3/1;UOP01/MS
260697;03/01/2020;sexta-feira;22:15:00;BA;420;348,9;JAGUAQUARA;Desobediência às normas de trânsito pelo condutor;Colisão frontal;Com Vítimas Feridas;Plena Noite;Crescente;Ignorado;Simples;Interseção de vias;Não;2;0;0;1;1;0;1;2;-13,50815149;-40,0429421;SR-BA;DEL10/3;UOP01/BA
260698;03/01/2020;sexta-feira;22:35:00;SC;282;6;SAO JOSE;Falta de Atenção à Condução;Tombamento;Com Vítimas Feridas;Plena Noite;Crescente;Nublado;Dupla;Curva;Sim;2;0;1;0;1;0;1;1;-27,591936;-48,618244;SR-SC;DEL8/1;UOP01/SC
260700;03/01/2020;sexta-feira;20:30:00;SP;116;506;CAJATI;Objeto estático sobre o leito carroçável;Saída de leito carroçável;Com Vítimas Feridas;Plena Noite;Decrescente;Chuva;Simples;Curva;Não;2;0;1;0;1;0;1;2;-24,79857835;-48,21075439;SR-SP;DEL6/5;UOP03/SP
260702;03/01/2020;sexta-feira;19:00:00;PE;101;10;GOIANA;Falta de Atenção à Condução;Colisão transversal;Com Vítimas Feridas;Plena Noite;Decrescente;Céu Claro;Dupla;Reta;Não;2;0;0;1;1;0;1;2;-7,58679204;-34,98736241;SR-PE;DEL11/1;UOP02/PE
260703;03/01/2020;sexta-feira;21:50:00;PR;277;419,4;CANTAGALO;Falta de Atenção à Condução;Saída de leito carroçável;Com Vítimas Feridas;Plena Noite;Decrescente;Céu Claro;Simples;Reta;Não;2;0;1;0;1;0;1;1;-25,41318664;-52,07945271;SR-PR;DEL7/4;UOP03/PR
260705;04/01/2020;sábado;00:20:00;SE;101;26;MURIBECA;Falta de Atenção à Condução;Capotamento;Com Vítimas Feridas;Plena Noite;Crescente;Ignorado;Simples;Reta;Não;3;0;2;0;1;0;2;1;-10,41385308;-36,92027362;SR-SE;DEL20/2;UOP02/SE
260706;03/01/2020;sexta-feira;22:15:00;SC;280;18,2;BALNEARIO BARRA DO SUL;Carga excessiva e/ou mal acondicionada;Tombamento;Com Vítimas Feridas;Plena Noite;Decrescente;Chuva;Simples;Curva;Não;2;0;2;0;0;0;2;1;-26,36432495;-48,66444809;SR-SC;DEL8/3;UOP03/SC
260707;03/01/2020;sexta-feira;18:15:00;RJ;116;17;SAPUCAIA;Falta de Atenção à Condução;Capotamento;Com Vítimas Feridas;Anoitecer;Crescente;Chuva;Simples;Reta;Não;5;0;5;0;0;0;5;2;-21,98043992;-42,75368608;SR-RJ;DEL5/4;UOP01/RJ
260708;04/01/2020;sábado;01:10:00;SC;101;93,1;BARRA VELHA;Velocidade Incompatível;Saída de leito carroçável;Com Vítimas Feridas;Plena Noite;Crescente;Chuva;Dupla;Reta;Não;2;0;2;0;0;0;2;1;-26,6899011;-48,69663873;SR-SC;DEL8/3;UOP02/SC
260710;04/01/2020;sábado;00:10:00;RS;386;348;LAJEADO;Falta de Atenção à Condução;Saída de leito carroçável;Com Vítimas Feridas;Plena Noite;Crescente;Céu Claro;Dupla;Reta;Sim;1;0;1;0;0;0;1;1;-29,456644;-51,957329;SR-RS;DEL9/4;UOP02/RS
260711;03/01/2020;sexta-feira;23:30:00;BA;101;610;MASCOTE;Agressão Externa;Saída de leito carroçável;Sem Vítimas;Plena Noite;Decrescente;Céu Claro;Simples;Curva;Não;1;0;0;0;1;0;0;1;-15,57794;-39,4081;SR-BA;DEL10/5;UOP02/BA
260712;03/01/2020;sexta-feira;21:40:00;TO;242;422,2;FORMOSO DO ARAGUAIA;Defeito Mecânico no Veículo;Saída de leito carroçável;Sem Vítimas;Plena Noite;Decrescente;Céu Claro;Simples;Reta;Não;5;0;0;0;5;0;0;1;-11,93028018;-49,29724405;SR-TO;UOP01/TO;
260713;04/01/2020;sábado;00:45:00;PR;376;168,3;MARINGA;Ingestão de Álcool;Saída de leito carroçável;Com Vítimas Feridas;Plena Noite;Crescente;Céu Claro;Dupla;Reta;Não;2;0;1;0;1;0;1;1;-23,409788;-51,987453;SR-PR;DEL7/7;UOP04/PR
260714;04/01/2020;sábado;00:45:00;SC;470;71,1;INDAIAL;Desobediência às normas de trânsito pelo condutor;Colisão transversal;Com Vítimas Fatais;Plena Noite;Decrescente;Chuva;Simples;Reta;Não;3;1;2;0;0;0;2;2;-26,895243;-49,262104;SR-SC;DEL8/4;UOP01/SC
260715;04/01/2020;sábado;02:30:00;MG;381;742,2;TRES CORACOES;Falta de Atenção à Condução;Saída de leito carroçável;Com Vítimas Feridas;Plena Noite;Crescente;Céu Claro;Dupla;Reta;Não;3;0;2;1;0;0;3;1;-21,60383448;-45,24054337;SR-MG;DEL09;UOP02/MG
260716;04/01/2020;sábado;02:40:00;RS;116;143,4;CAXIAS DO SUL;Velocidade Incompatível;Colisão com objeto estático;Com Vítimas Feridas;Plena Noite;Crescente;Céu Claro;Dupla;Curva;Sim;2;0;0;1;0;1;1;1;-29,1201739;-51,12260651;SR-RS;DEL9/5;UOP01/RS
260717;04/01/2020;sábado;02:40:00;MG;381;882,4;ESTIVA;Animais na Pista;Atropelamento de Animal;Com Vítimas Feridas;Plena Noite;Crescente;Nublado;Dupla;Reta;Não;5;0;3;0;2;0;3;2;-22,47895349;-46,01083274;SR-MG;DEL09;UOP01/MG
260718;04/01/2020;sábado;04:15:00;GO;50;161;CAMPO ALEGRE DE GOIAS;Falta de Atenção à Condução;Saída de leito carroçável;Com Vítimas Feridas;Amanhecer;Crescente;Chuva;Dupla;Reta;Não;5;0;1;0;4;0;1;1;-17,263;-47,7694;SR-GO;DEL1/6;UOP01/GO
260719;03/01/2020;sexta-feira;23:40:00;MG;262;480,7;BOM DESPACHO;Falta de Atenção à Condução;Tombamento;Com Vítimas Feridas;Plena Noite;Crescente;Chuva;Simples;Não Informado;Não;1;0;1;0;0;0;1;1;-19,78696514;-45,24828201;SR-MG;DEL4/8;UOP03/MG
260720;04/01/2020;sábado;05:40:00;RS;472;578,6;URUGUAIANA;Ingestão de Álcool;Colisão lateral;Com Vítimas Fatais;Amanhecer;Decrescente;Céu Claro;Simples;Reta;Sim;5;1;1;1;0;2;2;2;-29,78389642;-57,07174301;SR-RS;DEL9/13;UOP01/RS
260721;04/01/2020;sábado;05:50:00;BA;116;337;TEOFILANDIA;Ultrapassagem Indevida;Colisão frontal;Com Vítimas Feridas;Amanhecer;Crescente;Nublado;Simples;Reta;Não;2;0;1;0;1;0;1;2;-11,47624586;-38,99386633;SR-BA;DEL10/2;UOP01/BA
260723;04/01/2020;sábado;05:10:00;PR;116;122;CURITIBA;Falta de Atenção à Condução;Capotamento;Sem Vítimas;Amanhecer;Decrescente;Céu Claro;Dupla;Reta;Não;1;0;0;0;0;1;0;1;-25,56857207;-49,31023179;SR-PR;DEL7/1;UOP03/PR
260724;04/01/2020;sábado;05:25:00;PR;376;656;TIJUCAS DO SUL;Velocidade Incompatível;Saída de leito carroçável;Com Vítimas Feridas;Amanhecer;Crescente;Garoa/Chuvisco;Simples;Reta;Não;2;0;1;0;1;0;1;1;-25,84642894;-49,03607349;SR-PR;DEL7/1;UOP08/PR
260725;04/01/2020;sábado;03:20:00;RS;116;514,5;PELOTAS;Animais na Pista;Atropelamento de Animal;Sem Vítimas;Plena Noite;Crescente;Céu Claro;Simples;Reta;Sim;1;0;0;0;1;0;0;1;-31,65213506;-52,33684672;SR-RS;DEL9/7;UOP01/RS
260727;03/01/2020;sexta-feira;22:00:00;RS;153;414,5;CACHOEIRA DO SUL;Condutor Dormindo;Capotamento;Com Vítimas Feridas;Plena Noite;Decrescente;Céu Claro;Simples;Curva;Não;1;0;1;0;0;0;1;1;-30,0693168;-52,87934303;SR-RS;DEL9/2;UOP03/RS
260728;04/01/2020;sábado;04:00:00;SP;116;308,4;SAO LOURENCO DA SERRA;Falta de Atenção à Condução;Colisão traseira;Com Vítimas Feridas;Plena Noite;Decrescente;Nublado;Dupla;Reta;Sim;6;0;3;0;3;0;3;2;-23,86178414;-46,94696817;SR-SP;DEL6/4;UOP01/SP
260729;04/01/2020;sábado;06:00:00;SC;101;90;BARRA VELHA;Defeito Mecânico no Veículo;Saída de leito carroçável;Sem Vítimas;Amanhecer;Decrescente;Chuva;Múltipla;Reta;Sim;1;0;0;0;0;1;0;1;-26,66148503;-48,68866176;SR-SC;DEL8/3;UOP02/SC
260730;04/01/2020;sábado;06:40:00;PB;101;85;JOAO PESSOA;Falta de Atenção à Condução;Colisão transversal;Com Vítimas Feridas;Pleno dia;Crescente;Céu Claro;Dupla;Reta;Sim;2;0;1;1;0;0;2;2;-7,14538184;-34,91662887;SR-PB;DEL14/1;UOP01/PB
260731;03/01/2020;sexta-feira;23:20:00;SP;116;272;TABOAO DA SERRA;Velocidade Incompatível;Capotamento;Com Vítimas Feridas;Plena Noite;Crescente;Céu Claro;Dupla;Reta;Sim;2;0;0;2;0;0;2;1;-23,61104027;-46,77023113;SR-SP;DEL6/4;UOP01/SP
260732;03/01/2020;sexta-feira;18:20:00;MA;316;135;NOVA OLINDA DO MARANHAO;Falta de Atenção à Condução;Colisão traseira;Com Vítimas Feridas;Anoitecer;Decrescente;Garoa/Chuvisco;Simples;Reta;Não;5;0;2;0;2;1;2;2;-2,721481;-45,727669;SR-MA;DEL18/2;UOP02/MA
260733;04/01/2020;sábado;06:25:00;GO;153;606,8;MORRINHOS;Pista Escorregadia;Capotamento;Sem Vítimas;Amanhecer;Decrescente;Chuva;Dupla;Reta;Não;1;0;0;0;1;0;0;1;-17,6114;-49,1825;SR-GO;DEL1/3;UOP01/GO
260734;04/01/2020;sábado;03:00:00;MG;50;53,1;ARAGUARI;Falta de Atenção à Condução;Colisão com objeto estático;Sem Vítimas;Plena Noite;Crescente;Chuva;Dupla;Curva;Sim;3;0;0;0;3;0;0;1;-18,759049;-48,24054499;SR-MG;DEL4/15;UOP02/MG
260735;04/01/2020;sábado;05:50:00;PI;343;606;FLORIANO;Falta de Atenção à Condução;Saída de leito carroçável;Com Vítimas Feridas;Amanhecer;Crescente;Nublado;Simples;Reta;Não;5;0;2;0;3;0;2;1;-6,866972;-43,110107;SR-PI;DEL17/3;UOP01/PI
260736;04/01/2020;sábado;04:40:00;MS;163;793,6;PEDRO GOMES;Condutor Dormindo;Saída de leito carroçável;Com Vítimas Feridas;Amanhecer;Crescente;Céu Claro;Simples;Não Informado;Não;2;0;2;0;0;0;2;1;-17,969596;-54,678044;SR-MS;DEL3/6;UOP01/MS
260737;04/01/2020;sábado;01:15:00;RJ;116;179,9;NOVA IGUACU;Falta de Atenção à Condução;Colisão com objeto estático;Sem Vítimas;Plena Noite;Decrescente;Nublado;Dupla;Reta;Sim;1;0;0;0;1;0;0;1;-22,74016179;-43,45921668;SR-RJ;DEL5/1;UOP02/RJ
260738;04/01/2020;sábado;07:20:00;SC;282;5,8;SAO JOSE;Falta de Atenção à Condução;Colisão com objeto estático;Com Vítimas Feridas;Pleno dia;Decrescente;Chuva;Dupla;Curva;Sim;1;0;1;0;0;0;1;1;-27,588425;-48,612919;SR-SC;DEL8/1;UOP01/SC
260739;04/01/2020;sábado;08:00:00;SC;101;212;PALHOCA;Falta de Atenção à Condução;Colisão traseira;Sem Vítimas;Pleno dia;Decrescente;Garoa/Chuvisco;Dupla;Reta;Sim;2;0;0;0;2;0;0;2;-27,62996929;-48,65903871;SR-SC;DEL8/1;UOP02/SC
260741;04/01/2020;sábado;06:47:00;MG;381;940,9;EXTREMA;Velocidade Incompatível;Colisão com objeto estático;Com Vítimas Feridas;Pleno dia;Crescente;Chuva;Dupla;Curva;Não;1;0;1;0;0;0;1;1;-22,82616775;-46,31346703;SR-MG;DEL09;UOP03/MG
260742;04/01/2020;sábado;05:30:00;MG;251;465,1;GRAO MOGOL;Não guardar distância de segurança;Colisão traseira;Com Vítimas Feridas;Amanhecer;Crescente;Chuva;Simples;Não Informado;Não;4;0;1;0;2;1;1;2;-16,45710399;-43,40386502;SR-MG;DEL4/12;UOP01/MG
260743;04/01/2020;sábado;03:30:00;MG;381;749,6;TRES CORACOES;Falta de Atenção à Condução;Colisão traseira;Com Vítimas Feridas;Plena Noite;Crescente;Chuva;Dupla;Reta;Não;50;0;0;2;48;0;2;3;-21,66281681;-45,30798018;SR-MG;DEL09;UOP02/MG
260745;04/01/2020;sábado;08:10:00;RN;226;132;CAMPO REDONDO;Falta de Atenção à Condução;Colisão traseira;Com Vítimas Feridas;Pleno dia;Decrescente;Céu Claro;Simples;Reta;Não;8;0;3;1;4;0;4;4;-6,21519915;-36,15992188;SR-RN;DEL15/3;UOP02/RN
260746;04/01/2020;sábado;08:15:00;GO;60;297;ACREUNA;Pista Escorregadia;Saída de leito carroçável;Com Vítimas Feridas;Pleno dia;Crescente;Chuva;Dupla;Reta;Não;2;0;2;0;0;0;2;1;-17,3441;-50,318;SR-GO;DEL1/4;UOP01/GO
260747;04/01/2020;sábado;07:15:00;MG;262;359;BETIM;Falta de Atenção à Condução;Colisão traseira;Com Vítimas Feridas;Pleno dia;Decrescente;Garoa/Chuvisco;Dupla;Reta;Não;2;0;1;0;1;0;1;2;-19,98332234;-44,20214426;SR-MG;DEL4/1;UOP03/MG
260748;04/01/2020;sábado;08:00:00;SP;116;217,6;GUARULHOS;Defeito Mecânico no Veículo;Colisão com objeto estático;Sem Vítimas;Pleno dia;Crescente;Céu Claro;Múltipla;Reta;Sim;1;0;0;0;1;0;0;1;-23,45534319;-46,47502184;SR-SP;DEL6/1;UOP01/SP
260749;04/01/2020;sábado;07:00:00;RS;470;156;NOVA PRATA;Velocidade Incompatível;Colisão lateral;Com Vítimas Feridas;Pleno dia;Decrescente;Céu Claro;Simples;Reta;Não;6;0;1;0;3;2;1;5;-28,78874508;-51,61532195;SR-RS;DEL9/6;UOP02/RS
260750;04/01/2020;sábado;08:30:00;PE;232;328;CUSTODIA;Falta de Atenção do Pedestre;Atropelamento de Pedestre;Com Vítimas Feridas;Pleno dia;Decrescente;Sol;Simples;Reta;Sim;2;0;0;1;1;0;1;1;-8,09113514;-37,59520501;SR-PE;DEL11/3;UOP02/PE
260752;04/01/2020;sábado;07:40:00;MT;163;552,1;DIAMANTINO;Pista Escorregadia;Saída de leito carroçável;Com Vítimas Feridas;Pleno dia;Crescente;Chuva;Simples;Curva;Não;1;0;0;1;0;0;1;1;-14,29259489;-56,1477147;SR-MT;DEL2/4;UOP01/MT
260753;04/01/2020;sábado;07:30:00;PR;116;102;SAO JOSE DOS PINHAIS;Ingestão de Álcool;Saída de leito carroçável;Sem Vítimas;Pleno dia;Crescente;Garoa/Chuvisco;Dupla;Curva;Não;1;0;0;0;1;0;0;1;-25,550639;-49,15025;SR-PR;DEL7/1;UOP01/PR
260755;04/01/2020;sábado;08:45:00;CE;116;13,9;FORTALEZA;Não guardar distância de segurança;Colisão traseira;Com Vítimas Feridas;Pleno dia;Crescente;Nublado;Múltipla;Reta;Sim;4;0;1;0;3;0;1;3;-3,86088501;-38,49715296;SR-CE;DEL16/1;UOP02/CE
260756;04/01/2020;sábado;08:50:00;ES;262;49;MARECHAL FLORIANO;Falta de Atenção à Condução;Colisão transversal;Com Vítimas Feridas;Pleno dia;Decrescente;Nublado;Simples;Reta;Sim;2;0;1;0;1;0;1;2;-20,41251052;-40,69798571;SR-ES;DEL12/1;UOP01/ES
260758;04/01/2020;sábado;07:20:00;AC;364;255,9;SENA MADUREIRA;Desobediência às normas de trânsito pelo condutor;Colisão transversal;Com Vítimas Fatais;Pleno dia;Decrescente;Céu Claro;Simples;Reta;Não;2;1;0;0;1;0;0;2;-9,18755199;-68,55481799;SR-AC;UOP01/AC;
260760;04/01/2020;sábado;08:20:00;PR;116;58;CAMPINA GRANDE DO SUL;Velocidade Incompatível;Colisão com objeto estático;Com Vítimas Feridas;Pleno dia;Crescente;Chuva;Dupla;Curva;Não;2;0;1;0;1;0;1;1;-25,29614033;-48,93795675;SR-PR;DEL7/1;UOP02/PR
260761;04/01/2020;sábado;09:50:00;ES;262;76,1;DOMINGOS MARTINS;Pista Escorregadia;Colisão frontal;Com Vítimas Feridas;Pleno dia;Crescente;Garoa/Chuvisco;Simples;Curva;Não;3;0;1;0;2;0;1;2;-20,41279327;-40,90834307;SR-ES;DEL12/1;UOP02/ES
260762;04/01/2020;sábado;09:57:00;SP;101;41,8;UBATUBA;Falta de Atenção à Condução;Colisão traseira;Sem Vítimas;Pleno dia;Decrescente;Céu Claro;Simples;Reta;Não;2;0;0;0;2;0;0;2;-23,4147983;-45,04725717;SR-SP;DEL6;UOP03/SP
260763;04/01/2020;sábado;09:35:00;TO;153;483,9;PARAISO DO TOCANTINS;Ultrapassagem Indevida;Saída de leito carroçável;Com Vítimas Feridas;Pleno dia;Crescente;Nublado;Simples;Curva;Não;2;0;0;2;0;0;2;1;-10,07093792;-48,85200006;SR-TO;UOP02/TO;
260764;04/01/2020;sábado;10:10:00;PE;101;50,9;ABREU E LIMA;Falta de Atenção à Condução;Colisão traseira;Com Vítimas Feridas;Pleno dia;Crescente;Sol;Múltipla;Reta;Sim;2;0;1;0;1;0;1;2;-7,90938602;-34,90123228;SR-PE;DEL11/1;UOP02/PE
260765;04/01/2020;sábado;10:15:00;SP;116;561,4;BARRA DO TURVO;Falta de Atenção à Condução;Colisão com objeto estático;Com Vítimas Feridas;Pleno dia;Crescente;Chuva;Dupla;Curva;Não;2;0;2;0;0;0;2;1;-25,02045097;-48,51586004;SR-SP;DEL6/5;UOP03/SP
260766;04/01/2020;sábado;08:40:00;SP;116;564;BARRA DO TURVO;Velocidade Incompatível;Colisão com objeto estático;Com Vítimas Feridas;Pleno dia;Crescente;Nublado;Dupla;Curva;Não;4;0;2;0;2;0;2;1;-25,03458919;-48,53543877;SR-SP;DEL6/5;UOP03/SP
260768;04/01/2020;sábado;07:50:00;RS;386;214,5;TIO HUGO;Desobediência às normas de trânsito pelo condutor;Colisão transversal;Com Vítimas Feridas;Pleno dia;Decrescente;Sol;Simples;Não Informado;Sim;4;0;2;0;2;0;2;2;-28,57347958;-52,59507179;SR-RS;DEL9/4;UOP03/RS
260769;04/01/2020;sábado;10:20:00;MG;40;726,7;BARBACENA;Velocidade Incompatível;Colisão com objeto estático;Com Vítimas Feridas;Pleno dia;Crescente;Nublado;Dupla;Curva;Não;2;0;2;0;0;0;2;1;-21,31059847;-43,60380204;SR-MG;DEL5;UOP01/MG
260770;04/01/2020;sábado;08:50:00;PR;277;123;BALSA NOVA;Falta de Atenção à Condução;Colisão transversal;Com Vítimas Feridas;Pleno dia;Crescente;Nublado;Simples;Reta;Não;2;0;0;1;1;0;1;2;-25,44687294;-49,57633406;SR-PR;DEL7/1;UOP05/PR
260771;04/01/2020;sábado;10:20:00;MG;40;526,7;CONTAGEM;Falta de Atenção à Condução;Colisão transversal;Com Vítimas Feridas;Pleno dia;Decrescente;Nublado;Dupla;Reta;Sim;3;0;1;0;2;0;1;3;-19,89255399;-44,04985478;SR-MG;DEL4/1;UOP02/MG