id;data_inversa;dia_semana;horario;uf;br;km;municipio;causa_acidente;tipo_acidente;classificacao_acidente;fase_dia;sentido_via;condicao_metereologica;tipo_pista;tracado_via;uso_solo;pessoas;mortos;feridos_leves;feridos_graves;ilesos;ignorados;feridos;veiculos;latitude;longitude;regional;delegacia;uop
261187;06/01/2020;segunda-feira;14:00:00;PE;232;176,2;BELO JARDIM;Mal Súbito;Colisão frontal;Com Vítimas Feridas;Pleno dia;Crescente;Sol;Simples;Reta;Sim;2;0;0;1;1;0;1;2;-8,34573608;-36,39481995;SR-PE;DEL11/2;UOP02/PE
261188;06/01/2020;segunda-feira;11:00:00;PR;376;392,1;IMBAU;Velocidade Incompatível;Saída de leito carroçável;Com Vítimas Feridas;Pleno dia;Decrescente;Céu Claro;Dupla;Desvio Temporário;Não;1;0;1;0;0;0;1;1;-24,537697;-50,694386;SR-PR;DEL7/3;UOP05/PR
261189;06/01/2020;segunda-feira;14:15:00;PR;476;133;CURITIBA;Falta de Atenção à Condução;Colisão lateral;Com Vítimas Feridas;Pleno dia;Crescente;Céu Claro;Múltipla;Reta;Sim;2;0;0;1;1;0;1;2;-25,46886827;-49,25424099;SR-PR;DEL7/1;UOP03/PR
261190;06/01/2020;segunda-feira;13:30:00;RS;285;565,3;SAO LUIZ GONZAGA;Falta de Atenção à Condução;Colisão lateral;Com Vítimas Feridas;Pleno dia;Crescente;Céu Claro;Simples;Não Informado;Sim;2;0;1;0;1;0;1;2;-28,418699;-54,946823;SR-RS;DEL9/10;UOP01/RS
261191;06/01/2020;segunda-feira;13:00:00;MG;459;103,5;POUSO ALEGRE;Desobediência às normas de trânsito pelo condutor;Colisão traseira;Com Vítimas Feridas;Pleno dia;Decrescente;Chuva;Dupla;Não Informado;Sim;3;0;1;0;2;0;1;2;-22,2319438;-45,9000957;SR-MG;DEL09;UOP01/MG
261192;06/01/2020;segunda-feira;12:13:00;MG;381;845;SAO SEBASTIAO DA BELA VISTA;Falta de Atenção à Condução;Saída de leito carroçável;Com Vítimas Feridas;Pleno dia;Crescente;Chuva;Dupla;Reta;Não;3;0;3;0;0;0;3;1;-22,23698876;-45,87928703;SR-MG;DEL09;UOP01/MG
261193;06/01/2020;segunda-feira;14:30:00;SP;116;160;JACAREI;Objeto estático sobre o leito carroçável;Colisão com objeto em movimento;Com Vítimas Feridas;Pleno dia;Crescente;Céu Claro;Dupla;Reta;Sim;1;0;1;0;0;0;1;1;-23,27101606;-45,96787896;SR-SP;DEL6/2;UOP01/SP
261194;06/01/2020;segunda-feira;13:35:00;PR;163;33,7;SANTO ANTONIO DO SUDOESTE;Desobediência às normas de trânsito pelo condutor;Colisão transversal;Com Vítimas Feridas;Pleno dia;Crescente;Céu Claro;Simples;Não Informado;Não;3;0;2;0;1;0;2;2;-26,075128;-53,719018;SR-PR;DEL7/2;UOP04/PR
261195;06/01/2020;segunda-feira;12:05:00;MG;381;853,2;POUSO ALEGRE;Falta de Atenção do Pedestre;Atropelamento de Pedestre;Com Vítimas Feridas;Pleno dia;Decrescente;Sol;Dupla;Reta;Não;2;0;1;0;1;0;1;1;-22,26844632;-45,89160919;SR-MG;DEL09;UOP01/MG
261196;06/01/2020;segunda-feira;14:20:00;SC;101;305;LAGUNA;Defeito Mecânico no Veículo;Saída de leito carroçável;Com Vítimas Feridas;Pleno dia;Decrescente;Céu Claro;Dupla;Reta;Não;5;0;1;0;4;0;1;1;-28,37674574;-48,76400229;SR-SC;DEL8/2;UOP03/SC
261197;06/01/2020;segunda-feira;14:30:00;MG;40;422,3;CURVELO;Condutor Dormindo;Colisão frontal;Com Vítimas Fatais;Pleno dia;Crescente;Céu Claro;Simples;Reta;Sim;5;1;2;2;0;0;4;3;-19,15357;-44,54329;SR-MG;DEL4/2;UOP01/MG
261198;06/01/2020;segunda-feira;14:00:00;RJ;116;189,8;QUEIMADOS;Falta de Atenção à Condução;Colisão transversal;Com Vítimas Fatais;Pleno dia;Crescente;Céu Claro;Simples;Curva;Sim;2;1;0;0;1;0;0;2;-22,73765712;-43,49182298;SR-RJ;DEL5/1;UOP02/RJ
261199;06/01/2020;segunda-feira;12:30:00;RJ;101;333;RIO DE JANEIRO;Falta de Atenção à Condução;Colisão traseira;Com Vítimas Feridas;Pleno dia;Crescente;Nublado;Dupla;Reta;Não;3;0;2;0;1;0;2;2;-22,87827816;-43,21053578;SR-RJ;UOP01;DEL02
261200;06/01/2020;segunda-feira;14:20:00;SP;381;49;ATIBAIA;Falta de Atenção à Condução;Colisão com objeto estático;Sem Vítimas;Pleno dia;Decrescente;Céu Claro;Múltipla;Reta;Sim;1;0;0;0;1;0;0;1;-23,20535293;-46,59066516;SR-SP;DEL6/3;UOP02/SP
261201;06/01/2020;segunda-feira;15:00:00;SC;101;29;JOINVILLE;Não guardar distância de segurança;Colisão traseira;Com Vítimas Feridas;Pleno dia;Decrescente;Céu Claro;Dupla;Não Informado;Não;3;0;2;0;1;0;2;2;-26,211903;-48,91589904;SR-SC;DEL8/3;UOP01/SC
261202;06/01/2020;segunda-feira;09:30:00;SC;280;283,8;IRINEOPOLIS;Mal Súbito;Capotamento;Com Vítimas Feridas;Pleno dia;Decrescente;Sol;Simples;Curva;Não;5;0;2;1;2;0;3;1;-26,29391936;-50,85814305;SR-SC;DEL8/6;UOP04/SC
261203;06/01/2020;segunda-feira;12:20:00;RJ;493;22;MAGE;Falta de Atenção à Condução;Colisão transversal;Com Vítimas Feridas;Pleno dia;Decrescente;Sol;Simples;Reta;Sim;5;0;5;0;0;0;5;2;-22,659311;-43,053303;SR-RJ;DEL5/4;UOP02/RJ
261204;06/01/2020;segunda-feira;14:00:00;RS;386;408,7;TRIUNFO;Falta de Atenção à Condução;Saída de leito carroçável;Com Vítimas Fatais;Pleno dia;Crescente;Nublado;Simples;Curva;Não;4;2;1;1;0;0;2;1;-29,791815;-51,535404;SR-RS;DEL9/4;UOP02/RS
261207;06/01/2020;segunda-feira;14:50:00;RN;101;103,9;PARNAMIRIM;Não guardar distância de segurança;Colisão traseira;Com Vítimas Feridas;Pleno dia;Decrescente;Céu Claro;Dupla;Não Informado;Sim;3;0;1;0;2;0;1;2;-5,89034;-35,24895;SR-RN;DEL15/1;UOP01/RN
261208;06/01/2020;segunda-feira;15:00:00;SP;381;77;SAO PAULO;Não guardar distância de segurança;Engavetamento;Sem Vítimas;Pleno dia;Decrescente;Céu Claro;Múltipla;Reta;Sim;5;0;0;0;5;0;0;5;-23,38884;-46,56935;SR-SP;DEL6/3;UOP02/SP
261209;06/01/2020;segunda-feira;13:50:00;BA;324;556;AMELIA RODRIGUES;Defeito Mecânico no Veículo;Saída de leito carroçável;Sem Vítimas;Pleno dia;Crescente;Céu Claro;Dupla;Reta;Não;1;0;0;0;1;0;0;1;-12,47106;-38,68242;SR-BA;DEL10/1;UOP01/BA
261210;06/01/2020;segunda-feira;15:20:00;ES;101;297,6;VIANA;Desobediência às normas de trânsito pelo condutor;Colisão lateral;Com Vítimas Feridas;Pleno dia;Decrescente;Céu Claro;Dupla;Reta;Não;2;0;1;0;1;0;1;2;-20,3453;-40,41027;SR-ES;DEL12/1;UOP01/ES
261211;06/01/2020;segunda-feira;14:10:00;MG;153;104;PRATA;Velocidade Incompatível;Saída de leito carroçável;Com Vítimas Feridas;Pleno dia;Crescente;Chuva;Simples;Curva;Não;2;0;1;0;0;1;1;1;-19,26347;-48,9226;SR-MG;DEL4/15;UOP03/MG
261212;06/01/2020;segunda-feira;13:45:00;MT;70;556;NOSSA SENHORA DO LIVRAMENTO;Velocidade Incompatível;Saída de leito carroçável;Sem Vítimas;Pleno dia;Crescente;Chuva;Simples;Curva;Não;3;0;0;0;3;0;0;1;-15,69395;-56,43919;SR-MT;DEL2/4;UOP02/MT
261213;06/01/2020;segunda-feira;15:50:00;TO;153;757,9;ALVORADA;Defeito Mecânico no Veículo;Colisão frontal;Com Vítimas Fatais;Pleno dia;Decrescente;Céu Claro;Simples;Reta;Não;3;1;0;2;0;0;2;2;-12,45418;-49,11938;SR-TO;UOP01/TO;
261214;06/01/2020;segunda-feira;15:45:00;SP;153;62,1;SAO JOSE DO RIO PRETO;Não guardar distância de segurança;Colisão traseira;Com Vítimas Feridas;Pleno dia;Crescente;Céu Claro;Dupla;Não Informado;Sim;3;0;2;0;1;0;2;2;-20,81325;-49,35676;SR-SP;DEL6/9;UOP01/SP
261215;06/01/2020;segunda-feira;16:05:00;RS;116;266;CANOAS;Falta de Atenção à Condução;Colisão transversal;Com Vítimas Feridas;Pleno dia;Decrescente;Sol;Dupla;Reta;Sim;2;0;0;1;1;0;1;2;-29,93593;-51,1771;SR-RS;DEL9/1;UOP01/RS
261216;06/01/2020;segunda-feira;15:25:00;MG;146;608;POCOS DE CALDAS;Desobediência às normas de trânsito pelo condutor;Colisão transversal;Com Vítimas Feridas;Pleno dia;Crescente;Céu Claro;Simples;Reta;Sim;4;0;2;0;2;0;2;2;-21,80782;-46,47518;SR-MG;DEL09;UOP04/MG
261218;06/01/2020;segunda-feira;16:10:00;RJ;40;16,3;TRES RIOS;Pista Escorregadia;Colisão com objeto estático;Com Vítimas Feridas;Pleno dia;Crescente;Chuva;Dupla;Curva;Sim;4;0;1;0;3;0;1;1;-22,07858;-43,18129;SR-RJ;DEL5/6;UOP01/RJ
261219;06/01/2020;segunda-feira;14:30:00;MS;163;485,1;CAMPO GRANDE;Falta de Atenção à Condução;Engavetamento;Sem Vítimas;Pleno dia;Crescente;Chuva;Simples;Reta;Não;5;0;0;0;4;1;0;3;-20,44234;-54,54202;SR-MS;DEL3/1;UOP02/MS
261220;06/01/2020;segunda-feira;16:40:00;MG;365;431,5;PATOS DE MINAS;Falta de Atenção à Condução;Colisão lateral;Com Vítimas Feridas;Pleno dia;Crescente;Céu Claro;Dupla;Interseção de vias;Não;4;0;3;0;1;0;3;2;-18,7642;-46,67446;SR-MG;DEL4/10;UOP01/MG
261221;06/01/2020;segunda-feira;16:30:00;SP;116;282;EMBU DAS ARTES;Desobediência às normas de trânsito pelo condutor;Colisão com objeto estático;Com Vítimas Feridas;Pleno dia;Decrescente;Sol;Simples;Curva;Sim;2;0;2;0;0;0;2;1;-23,6857;-46,85971;SR-SP;DEL6/4;UOP01/SP
261223;06/01/2020;segunda-feira;11:30:00;SC;101;91;BARRA VELHA;Condutor Dormindo;Colisão com objeto estático;Com Vítimas Feridas;Pleno dia;Crescente;Céu Claro;Simples;Não Informado;Não;2;0;2;0;0;0;2;1;-26,67121;-48,69012;SR-SC;DEL8/3;UOP02/SC
261224;06/01/2020;segunda-feira;16:20:00;MG;365;596;ARAGUARI;Não guardar distância de segurança;Colisão traseira;Com Vítimas Feridas;Pleno dia;Crescente;Nublado;Simples;Reta;Não;3;0;2;0;0;1;2;2;-18,87427;-48,07504;SR-MG;DEL4/15;UOP02/MG
261225;06/01/2020;segunda-feira;15:00:00;RO;364;295;PRESIDENTE MEDICI;Falta de Atenção à Condução;Saída de leito carroçável;Com Vítimas Feridas;Pleno dia;Decrescente;Céu Claro;Simples;Reta;Não;1;0;1;0;0;0;1;1;-11,2892;-61,89866;SR-RO;DEL21/2;UOP01/RO
261226;06/01/2020;segunda-feira;16:50:00;ES;101;262,1;SERRA;Falta de Atenção à Condução;Colisão traseira;Com Vítimas Feridas;Pleno dia;Crescente;Nublado;Múltipla;Reta;Sim;3;0;2;0;1;0;2;2;-20,15723;-40,27678;SR-ES;DEL12/2;UOP01/ES
261227;06/01/2020;segunda-feira;17:00:00;MG;40;734,9;SANTOS DUMONT;Pista Escorregadia;Saída de leito carroçável;Com Vítimas Feridas;Pleno dia;Decrescente;Chuva;Simples;Desvio Temporário;Não;3;0;1;0;2;0;1;1;-21,36248;-43,57519;SR-MG;DEL5;UOP01/MG
261228;06/01/2020;segunda-feira;17:25:00;PR;376;17;MARINGA;Defeito na Via;Colisão lateral;Com Vítimas Feridas;Pleno dia;Decrescente;Céu Claro;Dupla;Curva;Não;2;0;1;0;1;0;1;2;-23,4273;-51,9375;SR-PR;DEL7/7;UOP04/PR
261229;06/01/2020;segunda-feira;17:00:00;SC;163;84;GUARACIABA;Falta de Atenção à Condução;Colisão traseira;Sem Vítimas;Pleno dia;Decrescente;Céu Claro;Simples;Rotatória;Sim;2;0;0;0;2;0;0;2;-26,61594;-53,51943;SR-SC;DEL7;UOP03/SC
261232;06/01/2020;segunda-feira;18:00:00;GO;60;32;ALEXANIA;Falta de Atenção à Condução;Colisão transversal;Com Vítimas Feridas;Pleno dia;Crescente;Céu Claro;Simples;Interseção de vias;Sim;3;0;1;0;2;0;1;2;-16,0963;-48,5202;SR-DF;UOP03/DF;
261233;06/01/2020;segunda-feira;16:50:00;MT;163;534;DIAMANTINO;Falta de Atenção à Condução;Colisão frontal;Com Vítimas Feridas;Pleno dia;Crescente;Nublado;Simples;Reta;Não;6;0;3;0;3;0;3;2;-14,43224;-56,11613;SR-MT;DEL2/4;UOP01/MT
261234;06/01/2020;segunda-feira;18:30:00;PE;232;10,8;JABOATAO DOS GUARARAPES;Não guardar distância de segurança;Colisão traseira;Com Vítimas Feridas;Plena Noite;Crescente;Céu Claro;Dupla;Reta;Sim;2;0;1;0;1;0;1;2;-8,079172;-34,98719;SR-PE;DEL11/1;UOP01/PE
261235;06/01/2020;segunda-feira;15:20:00;CE;116;359,6;ICO;Velocidade Incompatível;Queda de ocupante de veículo;Com Vítimas Feridas;Pleno dia;Decrescente;Céu Claro;Simples;Reta;Não;1;0;0;1;0;0;1;1;-6,307981;-38,72939;SR-CE;DEL16/5;UOP02/CE
261236;06/01/2020;segunda-feira;18:05:00;RS;470;217;BENTO GONCALVES;Falta de Atenção à Condução;Colisão frontal;Com Vítimas Feridas;Pleno dia;Crescente;Céu Claro;Simples;Não Informado;Sim;7;0;4;2;1;0;6;2;-29,17857;-51,5182;SR-RS;DEL9/6;UOP01/RS
261237;06/01/2020;segunda-feira;18:35:00;CE;116;21,2;EUSEBIO;Defeito Mecânico no Veículo;Queda de ocupante de veículo;Com Vítimas Feridas;Plena Noite;Crescente;Céu Claro;Múltipla;Reta;Não;2;0;2;0;0;0;2;1;-3,931759;-38,50825;SR-CE;DEL16/1;UOP02/CE
261238;06/01/2020;segunda-feira;16:40:00;SC;101;135,2;BALNEARIO CAMBORIU;Não guardar distância de segurança;Colisão lateral;Com Vítimas Feridas;Pleno dia;Crescente;Nublado;Dupla;Reta;Sim;2;0;1;0;1;0;1;2;-27,00501;-48,62677;SR-SC;DEL8/4;UOP03/SC
261240;06/01/2020;segunda-feira;18:15:00;SP;116;146,5;SAO JOSE DOS CAMPOS;Falta de Atenção à Condução;Colisão lateral;Com Vítimas Feridas;Anoitecer;Decrescente;Céu Claro;Dupla;Reta;Sim;2;0;1;0;1;0;1;2;-23,19123;-45,86328;SR-SP;DEL6/2;UOP01/SP
261241;06/01/2020;segunda-feira;16:00:00;GO;60;460;JATAI;Falta de Atenção à Condução;Saída de leito carroçável;Com Vítimas Feridas;Pleno dia;Crescente;Céu Claro;Dupla;Reta;Não;2;0;1;0;1;0;1;1;-17,8715;-51,6163;SR-GO;DEL1/5;UOP01/GO
261242;06/01/2020;segunda-feira;18:35:00;PB;230;36;SANTA RITA;Falta de Atenção do Pedestre;Atropelamento de Pedestre;Com Vítimas Feridas;Plena Noite;Decrescente;Céu Claro;Dupla;Reta;Sim;1;0;0;1;0;0;1;1;-7,1246;-34,9473;SR-PB;DEL14/1;UOP02/PB
261243;06/01/2020;segunda-feira;17:50:00;PR;376;601;CURITIBA;Desobediência às normas de trânsito pelo condutor;Colisão transversal;Com Vítimas Feridas;Anoitecer;Decrescente;Céu Claro;Dupla;Reta;Não;3;0;1;0;1;1;1;3;-25,53705;-49,31404;SR-PR;DEL7/1;UOP04/PR
261244;06/01/2020;segunda-feira;17:30:00;MT;364;139,3;PEDRA PRETA;Falta de Atenção à Condução;Tombamento;Com Vítimas Feridas;Anoitecer;Crescente;Nublado;Simples;Reta;Não;3;0;2;0;1;0;2;1;-16,80095;-54,10993;SR-MT;DEL2/2;UOP01/MT
261245;06/01/2020;segunda-feira;14:30:00;MG;262;607,5;CAMPOS ALTOS;Velocidade Incompatível;Saída de leito carroçável;Com Vítimas Feridas;Pleno dia;Decrescente;Sol;Simples;Curva;Não;4;0;1;0;3;0;1;1;-19,62458;-46,26931;SR-MG;DEL4/8;UOP02/MG
261246;06/01/2020;segunda-feira;18:05:00;MS;163;39,8;ELDORADO;Desobediência às normas de trânsito pelo condutor;Colisão frontal;Sem Vítimas;Anoitecer;Crescente;Céu Claro;Simples;Reta;Sim;2;0;0;0;2;0;0;2;-23,79489;-54,28687;SR-MS;DEL3/09;UOP02/MS
261247;06/01/2020;segunda-feira;19:00:00;PR;376;418;TIBAGI;Falta de Atenção à Condução;Queda de ocupante de veículo;Com Vítimas Feridas;Anoitecer;Decrescente;Céu Claro;Simples;Reta;Não;1;0;1;0;0;0;1;1;-24,70753;-50,55575;SR-PR;DEL7/3;UOP05/PR
261248;06/01/2020;segunda-feira;16:55:00;MS;163;83;ITAQUIRAI;Defeito Mecânico no Veículo;Saída de leito carroçável;Com Vítimas Feridas;Pleno dia;Crescente;Céu Claro;Simples;Reta;Não;2;0;1;0;1;0;1;1;-23,43274;-54,20589;SR-MS;DEL3/09;UOP01/MS
261249;06/01/2020;segunda-feira;18:30:00;PR;153;23,2;JACAREZINHO;Falta de Atenção à Condução;Colisão traseira;Com Vítimas Feridas;Pleno dia;Decrescente;Céu Claro;Simples;Não Informado;Não;3;0;1;1;1;0;2;2;-23,1766;-49,97635;SR-PR;DEL7/7;UOP07/PR
261250;06/01/2020;segunda-feira;19:50:00;PE;232;107,4;BEZERROS;Objeto estático sobre o leito carroçável;Colisão com objeto estático;Com Vítimas Feridas;Plena Noite;Decrescente;Céu Claro;Dupla;Reta;Não;4;0;2;0;2;0;2;1;-8,26839;-35,79747;SR-PE;DEL11/2;UOP02/PE
261251;06/01/2020;segunda-feira;11:20:00;AM;174;986,9;PRESIDENTE FIGUEIREDO;Ingestão de Álcool;Queda de ocupante de veículo;Com Vítimas Feridas;Pleno dia;Crescente;Céu Claro;Dupla;Não Informado;Não;2;0;2;0;0;0;2;1;-2,081516;-60,00708;SR-AM;UOP02/AM;
261252;06/01/2020;segunda-feira;11:55:00;RJ;116;33,6;SAPUCAIA;Defeito Mecânico no Veículo;Colisão frontal;Com Vítimas Feridas;Pleno dia;Crescente;Céu Claro;Simples;Curva;Não;6;0;1;1;4;0;2;3;-22,08649;-42,81176;SR-RJ;DEL5/6;UOP02/RJ
261253;06/01/2020;segunda-feira;11:30:00;MA;316;553;CAXIAS;Falta de Atenção à Condução;Colisão traseira;Com Vítimas Feridas;Pleno dia;Crescente;Céu Claro;Simples;Rotatória;Sim;2;0;1;0;1;0;1;2;-4,877648;-43,33816;SR-MA;DEL18/3;UOP02/MA
261254;06/01/2020;segunda-feira;20:30:00;PR;369;176;ROLANDIA;Falta de Atenção do Pedestre;Atropelamento de Pedestre;Com Vítimas Feridas;Plena Noite;Crescente;Céu Claro;Simples;Reta;Sim;3;0;0;2;0;1;2;1;-23,34482;-51,38674;SR-PR;DEL7/7;UOP01/PR
261255;06/01/2020;segunda-feira;20:30:00;BA;324;514,5;FEIRA DE SANTANA;Ingestão de Álcool;Colisão lateral;Sem Vítimas;Plena Noite;Crescente;Céu Claro;Simples;Reta;Sim;2;0;0;0;2;0;0;2;-12,23359;-38,94692;SR-BA;DEL10/2;UOP01/BA
261256;06/01/2020;segunda-feira;18:48:00;AC;364;136,7;RIO BRANCO;Defeito na Via;Queda de ocupante de veículo;Com Vítimas Feridas;Plena Noite;Decrescente;Céu Claro;Dupla;Reta;Sim;2;0;2;0;0;0;2;1;-9,977578;-67,8489;SR-AC;UOP01/AC;
261257;06/01/2020;segunda-feira;21:07:00;ES;101;424,5;ATILIO VIVACQUA;Falta de Atenção à Condução;Tombamento;Com Vítimas Feridas;Plena Noite;Crescente;Nublado;Simples;Reta;Não;1;0;0;1;0;0;1;1;-20,99479;-41,12522;SR-ES;DEL12/3;UOP02/ES
261258;06/01/2020;segunda-feira;17:50:00;MT;70;690;CACERES;Falta de Atenção à Condução;Tombamento;Com Vítimas Feridas;Anoitecer;Crescente;Nublado;Simples;Curva;Não;1;0;1;0;0;0;1;1;-16,18454;-57,36781;SR-MT;DEL2/3;UOP01/MT
261259;06/01/2020;segunda-feira;21:30:00;PB;230;366,8;MALTA;Ingestão de Álcool;Colisão transversal;Com Vítimas Feridas;Plena Noite;Decrescente;Céu Claro;Simples;Reta;Sim;2;0;0;1;1;0;1;2;-6,9051;-37,5155;SR-PB;DEL14/3;UOP02/PB
261260;06/01/2020;segunda-feira;21:00:00;PE;101;67,8;RECIFE;Ingestão de Álcool;Colisão traseira;Sem Vítimas;Plena Noite;Decrescente;Céu Claro;Múltipla;Reta;Sim;2;0;0;0;2;0;0;2;-8,042334;-34,9431;SR-PE;DEL11/1;UOP01/PE
261261;06/01/2020;segunda-feira;15:40:00;SC;470;237,2;SAO CRISTOVAO DO SUL;Velocidade Incompatível;Saída de leito carroçável;Sem Vítimas;Pleno dia;Crescente;Céu Claro;Simples;Curva;Não;1;0;0;0;1;0;0;1;-27,30413;-50,45621;SR-SC;DEL8/5;UOP03/SC
261262;06/01/2020;segunda-feira;20:50:00;BA;135;181;BARREIRAS;Ingestão de Álcool;Colisão traseira;Com Vítimas Feridas;Plena Noite;Crescente;Nublado;Simples;Reta;Sim;2;0;0;1;1;0;1;2;-12,1637;-45,0078;SR-BA;DEL10/10;UOP01/BA
261263;06/01/2020;segunda-feira;21:00:00;CE;222;5;CAUCAIA;Falta de Atenção à Condução;Colisão lateral;Com Vítimas Feridas;Plena Noite;Decrescente;Céu Claro;Múltipla;Reta;Sim;2;0;1;0;1;0;1;2;-3,742969;-38,61331;SR-CE;DEL16/1;UOP01/CE
261265;06/01/2020;segunda-feira;21:00:00;RS;116;299,4;GUAIBA;Falta de Atenção do Pedestre;Atropelamento de Pedestre;Com Vítimas Fatais;Plena Noite;Crescente;Chuva;Dupla;Reta;Não;2;1;0;0;1;0;0;1;-30,11517;-51,34563;SR-RS;DEL9/2;UOP01/RS
261266;06/01/2020;segunda-feira;22:22:00;RJ;101;314;SAO GONCALO;Defeito Mecânico no Veículo;Queda de ocupante de veículo;Com Vítimas Feridas;Plena Noite;Crescente;Céu Claro;Dupla;Reta;Sim;1;0;0;1;0;0;1;1;-22,81649;-43,07728;SR-RJ;DEL5/2;UOP01/RJ
261267;06/01/2020;segunda-feira;20:50:00;PR;476;278,5;SAO MATEUS DO SUL;Ingestão de Álcool;Atropelamento de Pedestre;Com Vítimas Feridas;Plena Noite;Crescente;Nublado;Simples;Reta;Sim;2;0;2;0;0;0;2;1;-25,86875;-50,39648;SR-PR;DEL7/2;UOP03/PR
261268;06/01/2020;segunda-feira;16:00:00;SC;116;138,8;SANTA CECILIA;Falta de Atenção à Condução;Colisão transversal;Com Vítimas Feridas;Pleno dia;Crescente;Céu Claro;Simples;Interseção de vias;Não;2;0;0;1;1;0;1;2;-26,95365;-50,42351;SR-SC;DEL8/6;UOP02/SC
261269;06/01/2020;segunda-feira;21:50:00;BA;324;515,7;FEIRA DE SANTANA;Ingestão de Álcool;Colisão transversal;Com Vítimas Feridas;Plena Noite;Crescente;Céu Claro;Simples;Reta;Sim;3;0;3;0;0;0;3;2;-12,23548;-38,94397;SR-BA;DEL10/2;UOP01/BA
261271;06/01/2020;segunda-feira;16:00:00;MA;316;436,3;PERITORO;Pista Escorregadia;Capotamento;Com Vítimas Feridas;Pleno dia;Crescente;Chuva;Simples;Curva;Não;2;0;1;1;0;0;2;1;-4,413616;-44,2411;SR-MA;DEL18/3;UOP01/MA
261272;06/01/2020;segunda-feira;22:20:00;MT;364;440;VARZEA GRANDE;Pista Escorregadia;Saída de leito carroçável;Com Vítimas Feridas;Plena Noite;Crescente;Garoa/Chuvisco;Simples;Curva;Não;1;0;1;0;0;0;1;1;-15,64329;-56,18077;SR-MT;DEL2/4;UOP02/MT
261274;06/01/2020;segunda-feira;23:18:00;DF;70;18,8;BRASILIA;Agressão Externa;Incêndio;Sem Vítimas;Plena Noite;Crescente;Nublado;Dupla;Reta;Não;1;0;0;0;0;1;0;1;-15,79109;-48,21096;SR-DF;UOP06/DF;
261275;06/01/2020;segunda-feira;21:50:00;RS;290;97;PORTO ALEGRE;Avarias e/ou desgaste excessivo no pneu;Colisão com objeto estático;Sem Vítimas;Plena Noite;Crescente;Chuva;Múltipla;Não Informado;Sim;1;0;0;0;0;1;0;1;-29,99779;-51,20779;SR-RS;DEL9/1;UOP01/RS
261276;06/01/2020;segunda-feira;23:50:00;GO;153;213;URUACU;Velocidade Incompatível;Saída de leito carroçável;Com Vítimas Feridas;Plena Noite;Crescente;Céu Claro;Simples;Interseção de vias;Não;4;0;4;0;0;0;4;1;-14,63458;-49,17599;SR-GO;DEL1/7;UOP01/GO
261277;06/01/2020;segunda-feira;22:45:00;RJ;116;78;TERESOPOLIS;Falta de Atenção à Condução;Colisão traseira;Sem Vítimas;Plena Noite;Crescente;Nublado;Simples;Curva;Não;2;0;0;0;2;0;0;2;-22,37409;-42,9526;SR-RJ;DEL5/6;UOP02/RJ
261278;07/01/2020;terça-feira;01:00:00;PR;376;679,1;GUARATUBA;Defeito Mecânico no Veículo;Incêndio;Sem Vítimas;Plena Noite;Crescente;Céu Claro;Dupla;Não Informado;Não;1;0;0;0;1;0;0;1;-25,94961;-48,906;SR-PR;DEL7/1;UOP08/PR
261279;07/01/2020;terça-feira;00:00:00;SP;116;514;CAJATI;Velocidade Incompatível;Tombamento;Com Vítimas Feridas;Plena Noite;Decrescente;Céu Claro;Simples;Não Informado;Não;2;0;1;0;0;1;1;1;-24,85874;-48,21731;SR-SP;DEL6/5;UOP03/SP
261280;07/01/2020;terça-feira;01:45:00;PB;230;142,9;CAMPINA GRANDE;Ingestão de Álcool;Saída de leito carroçável;Com Vítimas Feridas;Plena Noite;Crescente;Céu Claro;Dupla;Não Informado;Não;1;0;0;1;0;0;1;1;-7,2573;-35,8131;SR-PB;DEL14/2;UOP01/PB
261281;07/01/2020;terça-feira;02:30:00;ES;101;142;LINHARES;Falta de Atenção à Condução;Colisão traseira;Com Vítimas Feridas;Plena Noite;Crescente;Céu Claro;Simples;Reta;Sim;4;0;1;0;3;0;1;2;-19,33459;-40,06755;SR-ES;DEL12/4;UOP01/ES
261282;07/01/2020;terça-feira;01:45:00;PR;277;310,2;GUARAPUAVA;Falta de Atenção à Condução;Colisão traseira;Com Vítimas Feridas;Plena Noite;Crescente;Nublado;Simples;Reta;Não;12;0;11;0;1;0;11;2;-25,31655;-51,21417;SR-PR;DEL7/3;UOP02/PR
261283;07/01/2020;terça-feira;03:30:00;ES;262;173,2;IBATIBA;Animais na Pista;Atropelamento de Animal;Sem Vítimas;Plena Noite;Decrescente;Céu Claro;Simples;Ponte;Não;1;0;0;0;1;0;0;1;-20,26977;-41,61269;SR-ES;DEL12/1;UOP02/ES
261284;06/01/2020;segunda-feira;23:00:00;BA;110;386;SAO SEBASTIAO DO PASSE;Falta de Atenção do Pedestre;Colisão transversal;Com Vítimas Feridas;Plena Noite;Crescente;Céu Claro;Simples;Curva;Não;2;0;1;1;0;0;2;2;-12,49943;-38,49254;SR-BA;DEL10/1;UOP01/BA
261285;07/01/2020;terça-feira;02:40:00;SC;101;269,8;IMBITUBA;Condutor Dormindo;Saída de leito carroçável;Com Vítimas Feridas;Plena Noite;Decrescente;Nublado;Múltipla;Reta;Não;1;0;1;0;0;0;1;1;-28,10247;-48,70371;SR-SC;DEL8/2;UOP03/SC
261286;07/01/2020;terça-feira;03:05:00;GO;50;250,1;CATALAO;Falta de Atenção à Condução;Colisão traseira;Com Vítimas Feridas;Plena Noite;Decrescente;Nublado;Dupla;Reta;Não;3;0;1;1;1;0;2;2;-17,9676;-47,7962;SR-GO;DEL1/6;UOP01/GO