id;data_inversa;dia_semana;horario;uf;br;km;municipio;causa_acidente;tipo_acidente;classificacao_acidente;fase_dia;sentido_via;condicao_metereologica;tipo_pista;tracado_via;uso_solo;pessoas;mortos;feridos_leves;feridos_graves;ilesos;ignorados;feridos;veiculos;latitude;longitude;regional;delegacia;uop
261390;07/01/2020;terça-feira;15:30:00;MG;262;38,9;MANHUACU;Ultrapassagem Indevida;Colisão transversal;Com Vítimas Feridas;Pleno dia;Decrescente;Nublado;Simples;Reta;Não;2;0;1;0;1;0;1;2;-20,26306;-42,03685;SR-MG;DEL4/6;UOP04/MG
261391;07/01/2020;terça-feira;16:50:00;PR;116;126;FAZENDA RIO GRANDE;Falta de Atenção à Condução;Colisão traseira;Com Vítimas Feridas;Pleno dia;Decrescente;Chuva;Dupla;Reta;Sim;2;0;1;0;1;0;1;2;-25,6039;-49,31824;SR-PR;DEL7/1;UOP03/PR
261392;07/01/2020;terça-feira;17:00:00;CE;304;53,2;ARACATI;Falta de Atenção à Condução;Colisão lateral;Com Vítimas Feridas;Pleno dia;Decrescente;Céu Claro;Simples;Interseção de vias;Não;3;0;1;0;2;0;1;2;-4,574024;-37,73636;SR-CE;DEL16/3;UOP03/CE
261393;07/01/2020;terça-feira;16:20:00;PI;316;32;DEMERVAL LOBAO;Ingestão de Álcool;Saída de leito carroçável;Com Vítimas Feridas;Pleno dia;Decrescente;Céu Claro;Simples;Reta;Sim;2;0;1;0;1;0;1;1;-5,34218;-42,68627;SR-PI;DEL17/1;UOP02/PI
261394;07/01/2020;terça-feira;17:40:00;TO;153;249,2;COLINAS DO TOCANTINS;Velocidade Incompatível;Tombamento;Com Vítimas Feridas;Pleno dia;Crescente;Céu Claro;Múltipla;Curva;Sim;2;0;1;0;1;0;1;1;-8,070951;-48,46698;SR-TO;UOP03/TO;
261395;07/01/2020;terça-feira;18:25:00;SP;116;387,9;MIRACATU;Falta de Atenção à Condução;Colisão traseira;Com Vítimas Feridas;Pleno dia;Decrescente;Nublado;Dupla;Reta;Sim;2;0;0;1;1;0;1;2;-24,26559;-47,38859;SR-SP;DEL6/4;UOP03/SP
261396;07/01/2020;terça-feira;18:40:00;PE;101;42,7;IGARASSU;Agressão Externa;Saída de leito carroçável;Com Vítimas Feridas;Plena Noite;Decrescente;Céu Claro;Múltipla;Reta;Sim;4;0;4;0;0;0;4;1;-7,838874;-34,91197;SR-PE;DEL11/1;UOP02/PE
261397;07/01/2020;terça-feira;16:55:00;PR;376;474,8;PONTA GROSSA;Velocidade Incompatível;Saída de leito carroçável;Com Vítimas Feridas;Pleno dia;Decrescente;Garoa/Chuvisco;Dupla;Curva;Não;2;0;0;1;1;0;1;1;-25,04787;-50,23558;SR-PR;DEL7/3;UOP01/PR
261398;07/01/2020;terça-feira;17:00:00;BA;101;814,1;ITAMARAJU;Ultrapassagem Indevida;Colisão com objeto estático;Sem Vítimas;Pleno dia;Decrescente;Céu Claro;Simples;Reta;Não;2;0;0;0;2;0;0;2;-17,06426;-39,55545;SR-BA;DEL10/9;UOP01/BA
261399;07/01/2020;terça-feira;19:20:00;PB;230;7,5;CABEDELO;Falta de Atenção à Condução;Colisão lateral;Com Vítimas Feridas;Plena Noite;Crescente;Céu Claro;Múltipla;Não Informado;Sim;2;0;1;0;0;1;1;2;-7,026;-34,8385;SR-PB;DEL14/1;UOP01/PB
261400;07/01/2020;terça-feira;13:45:00;PR;376;323;ORTIGUEIRA;Carga excessiva e/ou mal acondicionada;Tombamento;Com Vítimas Feridas;Pleno dia;Crescente;Chuva;Simples;Curva;Não;2;0;1;0;1;0;1;1;-24,07454;-51,05832;SR-PR;DEL7/7;UOP02/PR
261401;07/01/2020;terça-feira;20:00:00;RJ;116;271;BARRA MANSA;Defeito Mecânico no Veículo;Incêndio;Sem Vítimas;Plena Noite;Decrescente;Nublado;Simples;Curva;Sim;1;0;0;0;1;0;0;1;-22,56088;-44,12224;SR-RJ;DEL5/7;UOP02/RJ
261402;07/01/2020;terça-feira;19:05:00;RN;304;47,9;MOSSORO;Desobediência às normas de trânsito pelo condutor;Colisão transversal;Com Vítimas Feridas;Plena Noite;Decrescente;Céu Claro;Dupla;Reta;Sim;3;0;1;0;1;1;1;3;-5,228272;-37,32202;SR-RN;DEL15/4;UOP01/RN
261403;07/01/2020;terça-feira;22:40:00;MS;163;152;JUTI;Animais na Pista;Atropelamento de Animal;Sem Vítimas;Plena Noite;Decrescente;Céu Claro;Simples;Reta;Não;1;0;0;0;1;0;0;1;-22,95405;-54,4458;SR-MS;DEL3/09;UOP01/MS
261404;07/01/2020;terça-feira;19:10:00;PR;376;652;TIJUCAS DO SUL;Velocidade Incompatível;Capotamento;Com Vítimas Feridas;Anoitecer;Crescente;Chuva;Dupla;Não Informado;Não;1;0;1;0;0;0;1;1;-25,84238;-49,0576;SR-PR;DEL7/1;UOP08/PR
261405;07/01/2020;terça-feira;22:00:00;SP;116;519;CAJATI;Falta de Atenção à Condução;Atropelamento de Pedestre;Com Vítimas Fatais;Plena Noite;Crescente;Garoa/Chuvisco;Dupla;Reta;Não;2;1;0;0;1;0;0;1;-24,88932;-48,23326;SR-SP;DEL6/5;UOP03/SP
261407;07/01/2020;terça-feira;22:35:00;RN;406;125;POCO BRANCO;Animais na Pista;Atropelamento de Animal;Com Vítimas Feridas;Plena Noite;Crescente;Céu Claro;Simples;Reta;Não;1;0;1;0;0;0;1;1;-5,59708;-35,6245;SR-RN;DEL15/2;UOP01/RN
261408;07/01/2020;terça-feira;23:40:00;RN;406;110,8;POCO BRANCO;Animais na Pista;Capotamento;Com Vítimas Feridas;Plena Noite;Decrescente;Nublado;Simples;Reta;Não;4;0;1;0;3;0;1;1;-5,556798;-35,75381;SR-RN;DEL15/2;UOP01/RN
261409;08/01/2020;quarta-feira;00:15:00;TO;153;334,2;GUARAI;Falta de Atenção à Condução;Atropelamento de Pedestre;Com Vítimas Feridas;Plena Noite;Crescente;Nublado;Simples;Reta;Sim;2;0;1;0;1;0;1;1;-8,837718;-48,51171;SR-TO;UOP03/TO;
261411;07/01/2020;terça-feira;20:20:00;MG;262;501,3;LUZ;Ultrapassagem Indevida;Colisão frontal;Com Vítimas Feridas;Plena Noite;Decrescente;Céu Claro;Simples;Ponte;Não;8;0;2;6;0;0;8;2;-19,78309;-45,44643;SR-MG;DEL4/8;UOP03/MG
261412;07/01/2020;terça-feira;23:40:00;RS;290;89;PORTO ALEGRE;Falta de Atenção à Condução;Saída de leito carroçável;Com Vítimas Feridas;Pleno dia;Decrescente;Céu Claro;Simples;Reta;Sim;1;0;0;1;0;0;1;1;-29,96789;-51,14733;SR-RS;DEL9/1;UOP01/RS
261414;07/01/2020;terça-feira;23:47:00;SC;101;162;TIJUCAS;Desobediência às normas de trânsito pelo condutor;Colisão traseira;Sem Vítimas;Plena Noite;Decrescente;Nublado;Simples;Reta;Sim;2;0;0;0;2;0;0;2;-27,22554;-48,62794;SR-SC;DEL8/4;UOP03/SC
261415;07/01/2020;terça-feira;18:30:00;RO;364;396;OURO PRETO DO OESTE;Defeito Mecânico no Veículo;Saída de leito carroçável;Com Vítimas Feridas;Anoitecer;Crescente;Nublado;Simples;Desvio Temporário;Não;1;0;1;0;0;0;1;1;-10,63143;-62,32007;SR-RO;DEL21/3;UOP02/RO
261416;07/01/2020;terça-feira;16:35:00;MG;365;87;JEQUITAI;Condutor Dormindo;Colisão com objeto estático;Sem Vítimas;Pleno dia;Decrescente;Nublado;Simples;Reta;Não;1;0;0;0;1;0;0;1;-17,18108;-44,42674;SR-MG;DEL4/12;UOP01/MG
261417;07/01/2020;terça-feira;19:30:00;PB;412;53,5;SAO JOAO DO CARIRI;Falta de Atenção à Condução;Colisão traseira;Com Vítimas Fatais;Plena Noite;Decrescente;Chuva;Simples;Não Informado;Não;6;2;1;2;1;0;3;2;-7,36929;-36,51078;SR-PB;DEL14/2;UOP02/PB
261418;08/01/2020;quarta-feira;01:30:00;PR;277;5;PARANAGUA;Falta de Atenção à Condução;Colisão lateral;Com Vítimas Feridas;Plena Noite;Decrescente;Garoa/Chuvisco;Dupla;Reta;Sim;2;0;1;0;1;0;1;2;-25,5205;-48,5095;SR-PR;DEL7/1;UOP07/PR
261419;07/01/2020;terça-feira;10:15:00;RS;158;334;SANTA MARIA;Falta de Atenção à Condução;Colisão transversal;Com Vítimas Feridas;Pleno dia;Crescente;Céu Claro;Simples;Reta;Não;2;0;1;0;1;0;1;2;-29,70751;-53,87442;SR-RS;DEL9/9;UOP01/RS
261421;08/01/2020;quarta-feira;03:50:00;BA;324;605,3;SIMOES FILHO;Animais na Pista;Atropelamento de Animal;Sem Vítimas;Plena Noite;Decrescente;Céu Claro;Dupla;Reta;Sim;4;0;0;0;4;0;0;1;-12,78605;-38,40973;SR-BA;DEL10/1;UOP01/BA
261422;08/01/2020;quarta-feira;03:20:00;BA;116;780;PLANALTO;Condutor Dormindo;Saída de leito carroçável;Com Vítimas Fatais;Plena Noite;Decrescente;Nublado;Simples;Reta;Não;2;1;1;0;0;0;1;1;-14,67661;-40,50423;SR-BA;DEL10/8;UOP02/BA
261423;07/01/2020;terça-feira;14:15:00;SC;101;381;ICARA;Pista Escorregadia;Colisão com objeto estático;Com Vítimas Feridas;Pleno dia;Decrescente;Chuva;Múltipla;Não Informado;Sim;2;0;2;0;0;0;2;1;-28,75478;-49,27732;SR-SC;DEL8/2;UOP02/SC
261424;08/01/2020;quarta-feira;04:45:00;RS;290;49;GLORINHA;Falta de Atenção à Condução;Saída de leito carroçável;Com Vítimas Feridas;Plena Noite;Crescente;Céu Claro;Múltipla;Reta;Não;1;0;1;0;0;0;1;1;-29,90262;-50,74844;SR-RS;DEL9/3;UOP01/RS
261425;07/01/2020;terça-feira;20:40:00;BA;101;695,5;EUNAPOLIS;Falta de Atenção do Pedestre;Atropelamento de Pedestre;Com Vítimas Fatais;Plena Noite;Crescente;Céu Claro;Simples;Curva;Não;3;1;0;0;2;0;0;1;-16,24863;-39,59953;SR-BA;DEL10/9;UOP01/BA
261426;07/01/2020;terça-feira;16:00:00;RS;158;327;SANTA MARIA;Falta de Atenção à Condução;Colisão transversal;Com Vítimas Feridas;Pleno dia;Decrescente;Céu Claro;Simples;Interseção de vias;Sim;2;0;1;0;1;0;1;2;-29,71495;-53,81083;SR-RS;DEL9/9;UOP01/RS
261427;08/01/2020;quarta-feira;03:50:00;MG;381;869;POUSO ALEGRE;Condutor Dormindo;Colisão traseira;Com Vítimas Feridas;Plena Noite;Crescente;Nublado;Dupla;Não Informado;Não;2;0;0;1;1;0;1;2;-22,38364;-45,949;SR-MG;DEL09;UOP01/MG
261428;08/01/2020;quarta-feira;01:20:00;PR;116;113,9;CURITIBA;Defeito Mecânico no Veículo;Saída de leito carroçável;Com Vítimas Feridas;Plena Noite;Crescente;Céu Claro;Dupla;Reta;Não;1;0;1;0;0;0;1;1;-25,54729;-49,28933;SR-PR;DEL7/1;UOP04/PR
261429;07/01/2020;terça-feira;20:30:00;RS;116;115,9;SAO MARCOS;Desobediência às normas de trânsito pelo condutor;Colisão lateral;Com Vítimas Feridas;Plena Noite;Crescente;Céu Claro;Simples;Reta;Sim;2;0;1;0;1;0;1;2;-28,9712;-51,0722;SR-RS;DEL9/5;UOP01/RS
261430;08/01/2020;quarta-feira;05:10:00;RS;290;60;GRAVATAI;Condutor Dormindo;Saída de leito carroçável;Com Vítimas Feridas;Plena Noite;Crescente;Céu Claro;Dupla;Curva;Não;2;0;2;0;0;0;2;1;-29,92451;-50,85853;SR-RS;DEL9/3;UOP01/RS
261431;07/01/2020;terça-feira;18:25:00;SP;116;227,7;SAO PAULO;Falta de Atenção à Condução;Colisão lateral;Sem Vítimas;Anoitecer;Decrescente;Céu Claro;Múltipla;Reta;Sim;2;0;0;0;2;0;0;2;-23,49659;-46,55649;SR-SP;DEL6/1;UOP01/SP
261432;08/01/2020;quarta-feira;05:40:00;ES;259;50;COLATINA;Falta de Atenção à Condução;Queda de ocupante de veículo;Sem Vítimas;Amanhecer;Crescente;Céu Claro;Simples;Reta;Sim;1;0;0;0;0;1;0;1;-19,5101;-40,60615;SR-ES;DEL12/2;UOP01/ES
261433;08/01/2020;quarta-feira;05:00:00;PB;101;14,9;MAMANGUAPE;Condutor Dormindo;Saída de leito carroçável;Com Vítimas Feridas;Pleno dia;Decrescente;Céu Claro;Dupla;Reta;Não;1;0;1;0;0;0;1;1;-6,617138;-35,13804;SR-PB;DEL14/1;UOP03/PB
261434;08/01/2020;quarta-feira;03:00:00;TO;153;550;NOVA ROSALANDIA;Ingestão de Álcool;Colisão traseira;Com Vítimas Feridas;Plena Noite;Crescente;Nublado;Simples;Reta;Não;4;0;1;2;0;1;3;2;-10,65403;-48,90913;SR-TO;UOP02/TO;
261436;07/01/2020;terça-feira;22:50:00;GO;60;383;RIO VERDE;Falta de Atenção à Condução;Colisão com objeto em movimento;Com Vítimas Feridas;Plena Noite;Crescente;Céu Claro;Dupla;Reta;Sim;2;0;2;0;0;0;2;2;-17,7845;-50,9002;SR-GO;DEL1/4;UOP01/GO
261439;08/01/2020;quarta-feira;06:30:00;SP;116;272,8;TABOAO DA SERRA;Falta de Atenção à Condução;Colisão lateral;Com Vítimas Feridas;Pleno dia;Crescente;Sol;Simples;Não Informado;Sim;2;0;1;0;1;0;1;2;-23,61471;-46,78802;SR-SP;DEL6/4;UOP01/SP
261440;08/01/2020;quarta-feira;06:45:00;SC;101;233,2;PALHOCA;Falta de Atenção à Condução;Colisão traseira;Com Vítimas Feridas;Pleno dia;Crescente;Chuva;Dupla;Desvio Temporário;Sim;3;0;1;0;2;0;1;2;-27,80376;-48,63826;SR-SC;DEL8/1;UOP02/SC
261441;07/01/2020;terça-feira;22:15:00;MG;40;570;ITABIRITO;Condutor Dormindo;Colisão frontal;Sem Vítimas;Plena Noite;Decrescente;Chuva;Simples;Reta;Não;2;0;0;0;2;0;0;2;-20,21287;-43,97263;SR-MG;DEL4/1;UOP02/MG
261442;08/01/2020;quarta-feira;02:30:00;MG;40;559;NOVA LIMA;Falta de Atenção à Condução;Capotamento;Com Vítimas Feridas;Plena Noite;Crescente;Chuva;Dupla;Reta;Sim;2;0;1;0;0;1;1;1;-20,11862;-43,96784;SR-MG;DEL4/1;UOP02/MG
261443;08/01/2020;quarta-feira;02:50:00;PR;277;126;BALSA NOVA;Ingestão de Álcool;Saída de leito carroçável;Com Vítimas Feridas;Plena Noite;Decrescente;Garoa/Chuvisco;Dupla;Não Informado;Não;2;0;1;0;1;0;1;1;-25,47048;-49,6128;SR-PR;DEL7/1;UOP05/PR
261444;07/01/2020;terça-feira;21:05:00;RS;471;673;SANTA VITORIA DO PALMAR;Falta de Atenção à Condução;Colisão traseira;Com Vítimas Fatais;Plena Noite;Decrescente;Céu Claro;Simples;Reta;Sim;2;1;0;0;1;0;0;2;-33,26166;-53,07529;SR-RS;DEL9/7;UOP04/RS
261445;08/01/2020;quarta-feira;03:33:00;MG;381;601,5;OLIVEIRA;Condutor Dormindo;Colisão traseira;Com Vítimas Feridas;Plena Noite;Crescente;Nublado;Dupla;Reta;Não;2;0;1;0;1;0;1;2;-20,63244;-44,73521;SR-MG;DEL4/4;UOP01/MG
261446;07/01/2020;terça-feira;16:30:00;RJ;101;592;PARATY;Não guardar distância de segurança;Colisão traseira;Com Vítimas Feridas;Pleno dia;Decrescente;Céu Claro;Simples;Reta;Sim;2;0;1;0;1;0;1;2;-23,31817;-44,72196;SR-RJ;DEL5/3;UOP04/RJ
261447;07/01/2020;terça-feira;15:50:00;GO;452;41,8;SANTA HELENA DE GOIAS;Desobediência às normas de trânsito pelo condutor;Colisão transversal;Com Vítimas Feridas;Pleno dia;Crescente;Céu Claro;Simples;Reta;Não;2;0;1;0;1;0;1;2;-17,93128;-50,55007;SR-GO;DEL1/4;UOP01/GO
261448;07/01/2020;terça-feira;16:53:00;PR;277;199,1;PALMEIRA;Velocidade Incompatível;Saída de leito carroçável;Com Vítimas Feridas;Pleno dia;Crescente;Chuva;Simples;Curva;Não;4;0;1;1;2;0;2;2;-25,44981;-50,19419;SR-PR;DEL7/3;UOP04/PR
261449;07/01/2020;terça-feira;22:50:00;GO;452;44;SANTA HELENA DE GOIAS;Falta de Atenção à Condução;Saída de leito carroçável;Com Vítimas Feridas;Plena Noite;Crescente;Céu Claro;Simples;Reta;Não;2;0;2;0;0;0;2;1;-17,9415;-50,52586;SR-GO;DEL1/4;UOP01/GO
261450;08/01/2020;quarta-feira;07:25:00;GO;40;4,9;VALPARAISO DE GOIAS;Falta de Atenção à Condução;Colisão lateral;Com Vítimas Feridas;Pleno dia;Decrescente;Céu Claro;Dupla;Reta;Sim;2;0;1;0;1;0;1;2;-16,08524;-47,98675;SR-DF;UOP01/DF;
261451;08/01/2020;quarta-feira;07:30:00;PB;230;19;JOAO PESSOA;Objeto estático sobre o leito carroçável;Colisão com objeto estático;Com Vítimas Feridas;Pleno dia;Decrescente;Céu Claro;Dupla;Reta;Não;2;0;2;0;0;0;2;1;-7,1281;-34,8466;SR-PB;DEL14/1;UOP01/PB
261452;08/01/2020;quarta-feira;02:40:00;BA;101;398;IBIRAPITANGA;Agressão Externa;Saída de leito carroçável;Sem Vítimas;Plena Noite;Decrescente;Céu Claro;Simples;Curva;Não;1;0;0;0;1;0;0;1;-14,07899;-39,38422;SR-BA;DEL10/5;UOP03/BA
261454;08/01/2020;quarta-feira;08:00:00;SC;101;214;PALHOCA;Falta de Atenção à Condução;Colisão lateral;Com Vítimas Feridas;Pleno dia;Decrescente;Nublado;Dupla;Reta;Sim;3;0;2;0;1;0;2;2;-27,64443;-48,67057;SR-SC;DEL8/1;UOP02/SC
261455;08/01/2020;quarta-feira;07:45:00;SP;153;61,8;SAO JOSE DO RIO PRETO;Não guardar distância de segurança;Colisão traseira;Com Vítimas Feridas;Pleno dia;Crescente;Sol;Dupla;Desvio Temporário;Sim;4;0;1;2;1;0;3;3;-20,80503;-49,35575;SR-SP;DEL6/9;UOP01/SP
261456;08/01/2020;quarta-feira;08:00:00;PR;376;135;NOVA ESPERANCA;Desobediência às normas de trânsito pelo pedestre;Atropelamento de Pedestre;Com Vítimas Feridas;Plena Noite;Decrescente;Nublado;Dupla;Reta;Sim;2;0;0;1;1;0;1;1;-23,19376;-52,20398;SR-PR;DEL7/7;UOP05/PR
261457;08/01/2020;quarta-feira;07:00:00;RS;158;565,5;SANTANA DO LIVRAMENTO;Falta de Atenção à Condução;Colisão lateral;Sem Vítimas;Pleno dia;Decrescente;Céu Claro;Simples;Interseção de vias;Sim;2;0;0;0;2;0;0;2;-30,86854;-55,50789;SR-RS;DEL9/11;UOP01/RS
261458;08/01/2020;quarta-feira;07:15:00;MS;463;1,8;DOURADOS;Ingestão de Álcool;Colisão traseira;Com Vítimas Feridas;Pleno dia;Crescente;Sol;Simples;Reta;Sim;7;0;1;0;6;0;1;2;-22,25906;-54,8137;SR-MS;DEL3/4;UOP01/MS
261459;08/01/2020;quarta-feira;08:00:00;PE;104;66,8;CARUARU;Não guardar distância de segurança;Colisão traseira;Com Vítimas Feridas;Pleno dia;Crescente;Céu Claro;Dupla;Reta;Sim;2;0;1;0;1;0;1;2;-8,293841;-35,98637;SR-PE;DEL11/2;UOP01/PE
261460;08/01/2020;quarta-feira;06:40:00;SC;282;33,1;AGUAS MORNAS;Velocidade Incompatível;Saída de leito carroçável;Com Vítimas Feridas;Pleno dia;Decrescente;Chuva;Simples;Curva;Não;2;0;1;0;1;0;1;1;-27,70562;-48,80999;SR-SC;DEL8/1;UOP03/SC
261461;08/01/2020;quarta-feira;08:00:00;RS;293;2;PELOTAS;Falta de Atenção à Condução;Colisão transversal;Com Vítimas Feridas;Pleno dia;Crescente;Céu Claro;Simples;Reta;Sim;2;0;1;0;1;0;1;2;-31,75043;-52,35999;SR-RS;DEL9/7;UOP01/RS
261463;08/01/2020;quarta-feira;08:30:00;ES;262;1,5;CARIACICA;Desobediência às normas de trânsito pelo condutor;Colisão lateral;Com Vítimas Feridas;Pleno dia;Decrescente;Sol;Dupla;Reta;Sim;3;0;2;0;0;1;2;2;-20,32955;-40,35493;SR-ES;DEL12/1;UOP01/ES
261464;08/01/2020;quarta-feira;08:05:00;SC;101;131;CAMBORIU;Desobediência às normas de trânsito pelo condutor;Colisão lateral;Sem Vítimas;Pleno dia;Crescente;Sol;Simples;Interseção de vias;Não;3;0;0;0;3;0;0;2;-27,01572;-48,61193;SR-SC;DEL8/4;UOP03/SC
261465;08/01/2020;quarta-feira;08:10:00;SP;116;4;GUARULHOS;Não guardar distância de segurança;Colisão traseira;Com Vítimas Feridas;Pleno dia;Crescente;Nublado;Dupla;Reta;Sim;2;0;1;0;1;0;1;2;-23,46326;-46,53373;SR-SP;DEL6/1;UOP01/SP
261466;08/01/2020;quarta-feira;08:30:00;PE;101;128;ESCADA;Falta de Atenção à Condução;Tombamento;Com Vítimas Feridas;Pleno dia;Decrescente;Céu Claro;Dupla;Reta;Sim;2;0;0;1;1;0;1;2;-8,379865;-35,24406;SR-PE;DEL11/1;UOP03/PE
261467;05/01/2020;domingo;16:10:00;BA;101;735,4;ITABELA;Pista Escorregadia;Tombamento;Com Vítimas Feridas;Pleno dia;Decrescente;Sol;Simples;Não Informado;Não;1;0;0;1;0;0;1;1;-16,53221;-39,56589;SR-BA;DEL10/9;UOP01/BA
261468;08/01/2020;quarta-feira;03:30:00;CE;20;381;CAUCAIA;Falta de Atenção à Condução;Saída de leito carroçável;Sem Vítimas;Plena Noite;Crescente;Céu Claro;Simples;Reta;Sim;1;0;0;0;1;0;0;1;-3,908753;-38,84597;SR-CE;DEL16/1;UOP01/CE
261470;08/01/2020;quarta-feira;08:45:00;DF;70;19;BRASILIA;Velocidade Incompatível;Colisão traseira;Com Vítimas Feridas;Pleno dia;Crescente;Céu Claro;Dupla;Desvio Temporário;Não;2;0;2;0;0;0;2;2;-15,78728;-48,22825;SR-DF;UOP06/DF;
261472;08/01/2020;quarta-feira;03:40:00;MG;116;23;CACHOEIRA DE PAJEU;Falta de Atenção do Pedestre;Atropelamento de Pedestre;Com Vítimas Fatais;Plena Noite;Decrescente;Céu Claro;Simples;Reta;Não;2;1;0;0;1;0;0;1;-15,85764;-41,4193;SR-BA;DEL10/8;UOP03/BA
261473;08/01/2020;quarta-feira;08:00:00;SC;101;136,1;BALNEARIO CAMBORIU;Desobediência às normas de trânsito pelo condutor;Colisão transversal;Com Vítimas Feridas;Pleno dia;Decrescente;Nublado;Dupla;Reta;Sim;5;0;1;2;1;1;3;2;-27,00811;-48,61724;SR-SC;DEL8/4;UOP03/SC
261474;08/01/2020;quarta-feira;09:00:00;SP;116;18,3;LAVRINHAS;Avarias e/ou desgaste excessivo no pneu;Tombamento;Com Vítimas Feridas;Pleno dia;Crescente;Nublado;Dupla;Reta;Não;1;0;1;0;0;0;1;1;-22,55842;-44,85667;SR-SP;DEL6/8;UOP01/SP
261475;08/01/2020;quarta-feira;08:40:00;SC;101;200,8;SAO JOSE;Desobediência às normas de trânsito pelo condutor;Queda de ocupante de veículo;Com Vítimas Feridas;Pleno dia;Crescente;Nublado;Dupla;Reta;Não;2;0;1;0;1;0;1;2;-27,54837;-48,61978;SR-SC;DEL8/1;UOP01/SC
261476;08/01/2020;quarta-feira;09:05:00;SC;101;206,9;SAO JOSE;Desobediência às normas de trânsito pelo condutor;Colisão transversal;Com Vítimas Feridas;Pleno dia;Crescente;Nublado;Múltipla;Não Informado;Sim;2;0;2;0;0;0;2;2;-27,59912;-48,62209;SR-SC;DEL8/1;UOP01/SC
261477;08/01/2020;quarta-feira;05:30:00;GO;20;67;FORMOSA;Falta de Atenção à Condução;Atropelamento de Animal;Sem Vítimas;Amanhecer;Decrescente;Céu Claro;Simples;Reta;Não;3;0;0;0;3;0;0;1;-15,19578;-47,15213;SR-DF;UOP01/DEL02/DF;
261478;08/01/2020;quarta-feira;09:15:00;RS;392;67;PELOTAS;Desobediência às normas de trânsito pelo condutor;Colisão transversal;Sem Vítimas;Pleno dia;Crescente;Sol;Simples;Interseção de vias;Sim;4;0;0;0;4;0;0;2;-31,7571;-52,39981;SR-RS;DEL9/7;UOP01/RS
261479;08/01/2020;quarta-feira;09:25:00;MG;381;482,3;BETIM;Não guardar distância de segurança;Queda de ocupante de veículo;Com Vítimas Feridas;Pleno dia;Crescente;Nublado;Dupla;Reta;Sim;1;0;1;0;0;0;1;1;-19,95553;-44,09721;SR-MG;DEL4/1;UOP03/MG
261480;08/01/2020;quarta-feira;09:00:00;RO;429;42;PRESIDENTE MEDICI;Desobediência às normas de trânsito pelo condutor;Colisão traseira;Com Vítimas Feridas;Pleno dia;Decrescente;Céu Claro;Simples;Curva;Não;2;0;0;1;1;0;1;2;-11,19946;-61,91061;SR-RO;DEL21/2;UOP03/RO
261481;08/01/2020;quarta-feira;08:40:00;RO;364;185,7;PIMENTA BUENO;Ingestão de Álcool;Saída de leito carroçável;Com Vítimas Feridas;Pleno dia;Decrescente;Sol;Simples;Curva;Não;2;0;0;1;0;1;1;1;-11,74555;-61,11007;SR-RO;DEL21/2;UOP02/RO
261482;08/01/2020;quarta-feira;09:00:00;RO;319;63;PORTO VELHO;Desobediência às normas de trânsito pelo condutor;Colisão transversal;Com Vítimas Feridas;Pleno dia;Crescente;Céu Claro;Dupla;Não Informado;Sim;3;0;1;0;2;0;1;2;-8,766685;-63,88405;SR-RO;DEL21/1;UOP01/RO
261483;08/01/2020;quarta-feira;10:30:00;RS;101;35;TRES CACHOEIRAS;Falta de Atenção à Condução;Colisão transversal;Com Vítimas Feridas;Pleno dia;Decrescente;Céu Claro;Dupla;Não Informado;Não;2;0;1;0;1;0;1;2;-29,5172;-49,99124;SR-RS;DEL9/3;UOP02/RS
261485;08/01/2020;quarta-feira;10:10:00;RS;116;518;PELOTAS;Falta de Atenção à Condução;Colisão traseira;Com Vítimas Feridas;Pleno dia;Crescente;Céu Claro;Dupla;Reta;Sim;2;0;1;0;1;0;1;2;-31,68674;-52,34793;SR-RS;DEL9/7;UOP01/RS
261486;08/01/2020;quarta-feira;10:15:00;PR;476;124;CURITIBA;Falta de Atenção à Condução;Colisão lateral;Com Vítimas Feridas;Pleno dia;Crescente;Céu Claro;Dupla;Reta;Sim;2;0;1;0;1;0;1;2;-25,39943;-49,21575;SR-PR;DEL7/1;UOP06/PR
261487;08/01/2020;quarta-feira;10:50:00;ES;101;266;SERRA;Falta de Atenção à Condução;Colisão traseira;Com Vítimas Feridas;Pleno dia;Decrescente;Céu Claro;Múltipla;Reta;Sim;2;0;1;0;1;0;1;2;-20,1902;-40,26829;SR-ES;DEL12/2;UOP01/ES
261488;02/01/2020;quinta-feira;13:50:00;SP;116;86,3;PINDAMONHANGABA;Não guardar distância de segurança;Colisão traseira;Com Vítimas Feridas;Pleno dia;Crescente;Nublado;Múltipla;Reta;Não;3;0;1;0;2;0;1;2;-22,92639;-45,35308;SR-SP;DEL6;UOP01/SP
261489;08/01/2020;quarta-feira;10:50:00;SC;101;208,5;SAO JOSE;Não guardar distância de segurança;Colisão lateral;Com Vítimas Feridas;Pleno dia;Decrescente;Nublado;Múltipla;Reta;Não;2;0;1;0;1;0;1;2;-27,60328;-48,63202;SR-SC;DEL8/1;UOP01/SC
261490;08/01/2020;quarta-feira;11:10:00;SP;101;50;UBATUBA;Falta de Atenção à Condução;Colisão traseira;Com Vítimas Feridas;Pleno dia;Crescente;Céu Claro;Simples;Reta;Sim;2;0;1;0;1;0;1;2;-23,45108;-45,07673;SR-SP;DEL6;UOP03/SP