id;data_inversa;dia_semana;horario;uf;br;km;municipio;causa_acidente;tipo_acidente;classificacao_acidente;fase_dia;sentido_via;condicao_metereologica;tipo_pista;tracado_via;uso_solo;pessoas;mortos;feridos_leves;feridos_graves;ilesos;ignorados;feridos;veiculos;latitude;longitude;regional;delegacia;uop
261706;09/01/2020;quinta-feira;13:35:00;MT;163;611,3;NOVA MUTUM;Defeito na Via;Capotamento;Com Vítimas Feridas;Pleno dia;Crescente;Nublado;Simples;Reta;Não;1;0;1;0;0;0;1;1;-13,81151;-56,07354;SR-MT;DEL2/4;UOP01/MT
261707;09/01/2020;quinta-feira;08:00:00;MG;40;16,2;PARACATU;Condutor Dormindo;Saída de leito carroçável;Com Vítimas Feridas;Pleno dia;Crescente;Sol;Simples;Não Informado;Não;4;0;4;0;0;0;4;1;-17,08584;-47,03223;SR-MG;DEL4/14;UOP01/MG
261708;09/01/2020;quinta-feira;13:50:00;MT;364;235,4;RONDONOPOLIS;Defeito Mecânico no Veículo;Incêndio;Sem Vítimas;Pleno dia;Crescente;Nublado;Dupla;Reta;Sim;5;0;0;0;5;0;0;1;-16,22249;-54,77953;SR-MT;DEL2/2;UOP01/MT
261709;09/01/2020;quinta-feira;15:25:00;SC;280;24,3;ARAQUARI;Falta de Atenção à Condução;Colisão transversal;Com Vítimas Feridas;Pleno dia;Decrescente;Céu Claro;Simples;Reta;Sim;2;0;0;1;1;0;1;2;-26,37725;-48,71953;SR-SC;DEL8/3;UOP03/SC
261711;09/01/2020;quinta-feira;15:40:00;MG;40;521;CONTAGEM;Condutor Dormindo;Colisão com objeto estático;Com Vítimas Feridas;Pleno dia;Decrescente;Nublado;Dupla;Reta;Não;1;0;0;1;0;0;1;1;-19,85652;-44,07213;SR-MG;DEL4/1;UOP02/MG
261715;09/01/2020;quinta-feira;15:40:00;MG;381;497;BETIM;Falta de Atenção à Condução;Colisão traseira;Com Vítimas Feridas;Pleno dia;Crescente;Céu Claro;Dupla;Interseção de vias;Sim;2;0;1;0;0;1;1;2;-20,00484;-44,21367;SR-MG;DEL4/1;UOP03/MG
261717;09/01/2020;quinta-feira;14:00:00;SC;101;356;SANGAO;Falta de Atenção à Condução;Saída de leito carroçável;Sem Vítimas;Pleno dia;Decrescente;Céu Claro;Dupla;Reta;Não;1;0;0;0;0;1;0;1;-28,6293;-49,08665;SR-SC;DEL8/2;UOP01/SC
261718;09/01/2020;quinta-feira;15:00:00;BA;324;582;CANDEIAS;Velocidade Incompatível;Saída de leito carroçável;Com Vítimas Feridas;Pleno dia;Crescente;Sol;Dupla;Reta;Não;2;0;2;0;0;0;2;1;-12,61908;-38,48345;SR-BA;DEL10/1;UOP01/BA
261720;09/01/2020;quinta-feira;16:15:00;PR;476;153;ARAUCARIA;Falta de Atenção à Condução;Colisão traseira;Com Vítimas Feridas;Pleno dia;Decrescente;Céu Claro;Dupla;Reta;Sim;2;0;1;0;1;0;1;2;-25,57731;-49,39234;SR-PR;DEL7/1;UOP04/PR
261721;09/01/2020;quinta-feira;16:05:00;ES;101;146,2;LINHARES;Falta de Atenção à Condução;Colisão traseira;Com Vítimas Feridas;Pleno dia;Crescente;Sol;Dupla;Reta;Sim;2;0;1;0;1;0;1;2;-19,36991;-40,06561;SR-ES;DEL12/4;UOP01/ES
261724;09/01/2020;quinta-feira;17:30:00;SP;116;228;SAO PAULO;Não guardar distância de segurança;Colisão traseira;Sem Vítimas;Anoitecer;Decrescente;Nublado;Simples;Reta;Não;2;0;0;0;1;1;0;2;-23,50343;-46,56639;SR-SP;DEL6/1;UOP01/SP
261726;09/01/2020;quinta-feira;17:20:00;ES;101;267,3;SERRA;Falta de Atenção à Condução;Colisão traseira;Com Vítimas Feridas;Pleno dia;Decrescente;Céu Claro;Múltipla;Reta;Não;2;0;1;0;1;0;1;2;-20,19931;-40,26885;SR-ES;DEL12/2;UOP01/ES
261727;09/01/2020;quinta-feira;16:30:00;MT;364;401;CUIABA;Falta de Atenção à Condução;Colisão transversal;Com Vítimas Feridas;Pleno dia;Crescente;Nublado;Dupla;Interseção de vias;Sim;2;0;1;0;1;0;1;2;-15,65388;-55,98975;SR-MT;DEL2/1;UOP01/MT
261728;09/01/2020;quinta-feira;17:20:00;CE;116;468,5;MILAGRES;Avarias e/ou desgaste excessivo no pneu;Colisão com objeto estático;Com Vítimas Feridas;Anoitecer;Crescente;Céu Claro;Simples;Não Informado;Não;1;0;1;0;0;0;1;1;-7,260155;-38,8442;SR-CE;DEL16/5;UOP03/CE
261730;09/01/2020;quinta-feira;17:50:00;RS;386;48,1;SEBERI;Desobediência às normas de trânsito pelo condutor;Colisão transversal;Com Vítimas Feridas;Pleno dia;Crescente;Céu Claro;Simples;Reta;Não;2;0;1;1;0;0;2;2;-27,47323;-53,40143;SR-RS;DEL08;UOP02/RS
261731;09/01/2020;quinta-feira;17:20:00;SP;116;511,8;CAJATI;Pista Escorregadia;Queda de ocupante de veículo;Com Vítimas Feridas;Pleno dia;Decrescente;Garoa/Chuvisco;Dupla;Curva;Não;5;0;1;0;4;0;1;2;-24,83558;-48,22237;SR-SP;DEL6/5;UOP03/SP
261732;09/01/2020;quinta-feira;18:00:00;SC;101;209;SAO JOSE;Falta de Atenção à Condução;Colisão traseira;Com Vítimas Feridas;Pleno dia;Decrescente;Sol;Múltipla;Interseção de vias;Sim;2;0;1;0;1;0;1;2;-27,61001;-48,63895;SR-SC;DEL8/1;UOP01/SC
261733;09/01/2020;quinta-feira;17:10:00;SP;116;488;CAJATI;Falta de Atenção à Condução;Colisão com objeto estático;Com Vítimas Feridas;Pleno dia;Crescente;Céu Claro;Simples;Rotatória;Sim;1;0;1;0;0;0;1;1;-24,73098;-48,09816;SR-SP;DEL6/5;UOP03/SP
261734;09/01/2020;quinta-feira;18:00:00;ES;101;146,7;LINHARES;Desobediência às normas de trânsito pelo condutor;Colisão transversal;Com Vítimas Feridas;Pleno dia;Decrescente;Céu Claro;Múltipla;Interseção de vias;Sim;2;0;1;0;1;0;1;2;-19,36991;-40,06561;SR-ES;DEL12/4;UOP01/ES
261735;09/01/2020;quinta-feira;18:10:00;PI;343;341,7;TERESINA;Desobediência às normas de trânsito pelo condutor;Colisão frontal;Com Vítimas Feridas;Plena Noite;Crescente;Céu Claro;Dupla;Reta;Sim;2;0;0;1;1;0;1;2;-5,077812;-42,74426;SR-PI;DEL17/1;UOP01/PI
261736;09/01/2020;quinta-feira;18:40:00;SC;470;1,8;NAVEGANTES;Desobediência às normas de trânsito pelo condutor;Colisão lateral;Com Vítimas Feridas;Anoitecer;Crescente;Céu Claro;Dupla;Reta;Sim;2;0;1;0;1;0;1;2;-26,86855;-48,67483;SR-SC;DEL8/4;UOP04/SC
261737;09/01/2020;quinta-feira;16:00:00;SP;116;555;BARRA DO TURVO;Velocidade Incompatível;Saída de leito carroçável;Com Vítimas Fatais;Pleno dia;Crescente;Chuva;Dupla;Não Informado;Não;1;1;0;0;0;0;0;1;-24,97447;-48,5046;SR-SP;DEL6/5;UOP03/SP
261738;09/01/2020;quinta-feira;18:30:00;SE;101;104,3;SAO CRISTOVAO;Animais na Pista;Atropelamento de Animal;Com Vítimas Feridas;Plena Noite;Decrescente;Céu Claro;Dupla;Reta;Não;1;0;1;0;0;0;1;1;-10,95669;-37,22726;SR-SE;DEL20/2;UOP01/SE
261739;09/01/2020;quinta-feira;17:55:00;PR;116;44;CAMPINA GRANDE DO SUL;Pista Escorregadia;Capotamento;Com Vítimas Feridas;Pleno dia;Crescente;Chuva;Dupla;Curva;Não;1;0;1;0;0;0;1;1;-25,18823;-48,88493;SR-PR;DEL7/1;UOP02/PR
261740;09/01/2020;quinta-feira;18:30:00;PE;101;71,7;RECIFE;Ingestão de Álcool;Atropelamento de Pedestre;Com Vítimas Feridas;Plena Noite;Decrescente;Nublado;Dupla;Reta;Sim;3;0;0;1;2;0;1;1;-8,076631;-34,94278;SR-PE;DEL11/1;UOP01/PE
261741;09/01/2020;quinta-feira;17:30:00;PB;101;34,9;MAMANGUAPE;Defeito Mecânico no Veículo;Tombamento;Com Vítimas Feridas;Anoitecer;Decrescente;Céu Claro;Dupla;Reta;Não;2;0;1;1;0;0;2;1;-6,785339;-35,13428;SR-PB;DEL14/1;UOP03/PB
261742;09/01/2020;quinta-feira;18:23:00;SP;153;56,3;SAO JOSE DO RIO PRETO;Pista Escorregadia;Tombamento;Com Vítimas Feridas;Anoitecer;Decrescente;Chuva;Simples;Não Informado;Sim;1;0;1;0;0;0;1;1;-20,76156;-49,34622;SR-SP;DEL6/9;UOP01/SP
261743;09/01/2020;quinta-feira;18:10:00;CE;116;6;FORTALEZA;Falta de Atenção à Condução;Colisão traseira;Com Vítimas Feridas;Anoitecer;Crescente;Nublado;Dupla;Reta;Sim;2;0;1;0;1;0;1;2;-3,802624;-38,504;SR-CE;DEL16/1;UOP02/CE
261744;09/01/2020;quinta-feira;15:50:00;MG;116;691,1;MURIAE;Velocidade Incompatível;Colisão frontal;Com Vítimas Feridas;Pleno dia;Crescente;Chuva;Simples;Curva;Não;5;0;5;0;0;0;5;2;-21,0118;-42,36035;SR-MG;DEL4/7;UOP02/MG
261745;09/01/2020;quinta-feira;18:00:00;MG;40;460,3;SETE LAGOAS;Fenômenos da Natureza;Saída de leito carroçável;Com Vítimas Feridas;Plena Noite;Crescente;Chuva;Dupla;Curva;Não;1;0;1;0;0;0;1;1;-19,39771;-44,33529;SR-MG;DEL4/2;UOP01/MG
261746;09/01/2020;quinta-feira;18:30:00;ES;101;270;SERRA;Desobediência às normas de trânsito pelo pedestre;Atropelamento de Pedestre;Com Vítimas Feridas;Anoitecer;Crescente;Céu Claro;Dupla;Reta;Sim;2;0;1;0;0;1;1;1;-20,22662;-40,27075;SR-ES;DEL12/2;UOP01/ES
261747;09/01/2020;quinta-feira;18:00:00;PI;343;624;FLORIANO;Falta de Atenção à Condução;Saída de leito carroçável;Com Vítimas Feridas;Pleno dia;Crescente;Sol;Simples;Reta;Não;4;0;1;0;3;0;1;1;-6,965058;-43,23861;SR-PI;DEL17/3;UOP01/PI
261748;09/01/2020;quinta-feira;17:40:00;PE;423;39,5;CACHOEIRINHA;Desobediência às normas de trânsito pelo condutor;Colisão frontal;Com Vítimas Feridas;Anoitecer;Crescente;Céu Claro;Simples;Reta;Sim;5;0;1;1;3;0;2;2;-8,489712;-36,23276;SR-PE;DEL11/3;UOP01/PE
261749;09/01/2020;quinta-feira;18:30:00;RJ;465;4,5;SEROPEDICA;Desobediência às normas de trânsito pelo condutor;Colisão transversal;Com Vítimas Feridas;Plena Noite;Crescente;Céu Claro;Simples;Reta;Sim;3;0;1;0;2;0;1;3;-22,74097;-43,7056;SR-RJ;DEL5/1;UOP03/RJ
261750;09/01/2020;quinta-feira;17:00:00;PR;277;101;CURITIBA;Fenômenos da Natureza;Queda de ocupante de veículo;Com Vítimas Feridas;Pleno dia;Crescente;Chuva;Dupla;Reta;Sim;2;0;1;0;1;0;1;1;-25,42741;-49,38096;SR-PR;DEL7/1;UOP04/PR
261751;09/01/2020;quinta-feira;18:40:00;MG;381;744;TRES CORACOES;Velocidade Incompatível;Capotamento;Com Vítimas Feridas;Plena Noite;Decrescente;Chuva;Dupla;Curva;Não;2;0;2;0;0;0;2;1;-21,63153;-45,2765;SR-MG;DEL09;UOP02/MG
261752;09/01/2020;quinta-feira;15:00:00;MG;267;55,9;GUARARA;Desobediência às normas de trânsito pelo condutor;Saída de leito carroçável;Com Vítimas Feridas;Pleno dia;Crescente;Céu Claro;Simples;Curva;Não;1;0;1;0;0;0;1;1;-21,7223;-43,01259;SR-MG;DEL4/7;UOP01/MG
261753;09/01/2020;quinta-feira;18:42:00;MG;40;527;CONTAGEM;Falta de Atenção à Condução;Colisão lateral;Com Vítimas Feridas;Plena Noite;Decrescente;Chuva;Dupla;Curva;Sim;2;0;0;1;1;0;1;2;-19,9015;-44,04939;SR-MG;DEL4/1;UOP02/MG
261754;07/01/2020;terça-feira;19:00:00;GO;153;506;GOIANIA;Avarias e/ou desgaste excessivo no pneu;Colisão com objeto estático;Com Vítimas Feridas;Plena Noite;Crescente;Céu Claro;Dupla;Reta;Sim;1;0;1;0;0;0;1;1;-16,7633;-49,24;SR-GO;DEL1/1;UOP01/GO
261756;09/01/2020;quinta-feira;16:45:00;MG;381;543,9;ITATIAIUCU;Velocidade Incompatível;Saída de leito carroçável;Com Vítimas Feridas;Pleno dia;Decrescente;Chuva;Dupla;Não Informado;Não;3;0;1;0;2;0;1;1;-20,25417;-44,41291;SR-MG;DEL4/4;UOP03/MG
261758;09/01/2020;quinta-feira;16:45:00;MG;381;543,9;ITATIAIUCU;Velocidade Incompatível;Saída de leito carroçável;Sem Vítimas;Pleno dia;Decrescente;Chuva;Dupla;Não Informado;Não;1;0;0;0;1;0;0;1;-20,25415;-44,41289;SR-MG;DEL4/4;UOP03/MG
261759;09/01/2020;quinta-feira;16:30:00;MG;251;484;FRANCISCO SA;Falta de Atenção à Condução;Colisão lateral;Sem Vítimas;Pleno dia;Crescente;Céu Claro;Simples;Reta;Não;6;0;0;0;5;1;0;2;-16,65601;-43,72382;SR-MG;DEL4/12;UOP01/MG
261760;09/01/2020;quinta-feira;20:35:00;SP;101;49;UBATUBA;Não guardar distância de segurança;Colisão traseira;Com Vítimas Feridas;Plena Noite;Decrescente;Céu Claro;Simples;Reta;Sim;2;0;1;0;1;0;1;2;-23,44697;-45,08082;SR-SP;DEL6;UOP03/SP
261761;09/01/2020;quinta-feira;20:15:00;TO;153;558,5;FATIMA;Falta de Atenção à Condução;Colisão traseira;Com Vítimas Feridas;Plena Noite;Crescente;Céu Claro;Simples;Reta;Não;2;0;0;1;1;0;1;2;-10,74277;-48,90261;SR-TO;UOP02/TO;
261763;09/01/2020;quinta-feira;19:00:00;PE;232;27,5;MORENO;Objeto estático sobre o leito carroçável;Colisão com objeto estático;Com Vítimas Feridas;Plena Noite;Crescente;Céu Claro;Dupla;Reta;Não;2;0;0;2;0;0;2;2;-8,114184;-35,12569;SR-PE;DEL11/1;UOP04/PE
261764;09/01/2020;quinta-feira;20:14:00;MG;153;194,9;FRUTAL;Ingestão de álcool e/ou substâncias psicoativas pelo pedestre;Colisão com objeto estático;Com Vítimas Feridas;Plena Noite;Decrescente;Chuva;Simples;Ponte;Não;1;0;1;0;0;0;1;1;-19,96223;-48,98832;SR-MG;DEL13;UOP02/MG
261765;09/01/2020;quinta-feira;20:15:00;GO;158;270;JATAI;Desobediência às normas de trânsito pelo condutor;Colisão transversal;Com Vítimas Feridas;Plena Noite;Crescente;Céu Claro;Simples;Interseção de vias;Sim;3;0;1;0;1;1;1;3;-17,87552;-51,73079;SR-GO;DEL1/5;UOP01/GO
261766;09/01/2020;quinta-feira;20:50:00;DF;20;4,9;BRASILIA;Ingestão de Álcool;Saída de leito carroçável;Com Vítimas Feridas;Plena Noite;Crescente;Nublado;Dupla;Reta;Sim;1;0;1;0;0;0;1;1;-15,67548;-47,82376;SR-DF;UOP01/DEL02/DF;
261767;09/01/2020;quinta-feira;20:30:00;SC;101;208;SAO JOSE;Defeito Mecânico no Veículo;Queda de ocupante de veículo;Com Vítimas Feridas;Plena Noite;Crescente;Céu Claro;Dupla;Curva;Sim;2;0;2;0;0;0;2;1;-27,60328;-48,63202;SR-SC;DEL8/1;UOP01/SC
261768;09/01/2020;quinta-feira;16:00:00;MS;163;67,3;ITAQUIRAI;Defeito Mecânico no Veículo;Incêndio;Sem Vítimas;Pleno dia;Crescente;Céu Claro;Simples;Reta;Não;1;0;0;0;1;0;0;1;-23,57259;-54,19599;SR-MS;DEL3/09;UOP02/MS
261769;09/01/2020;quinta-feira;20:00:00;TO;NA;NA;PARAISO DO TOCANTINS;Restrição de Visibilidade;Capotamento;Com Vítimas Feridas;Plena Noite;Não Informado;Nublado;Dupla;Curva;Não;4;0;1;0;3;0;1;1;-10,15126;-48,8678;SR-TO;UOP02/TO;
261770;09/01/2020;quinta-feira;18:45:00;CE;116;163,5;RUSSAS;Desobediência às normas de trânsito pelo condutor;Colisão frontal;Com Vítimas Feridas;Plena Noite;Crescente;Garoa/Chuvisco;Simples;Reta;Não;3;0;2;0;1;0;2;2;-4,948504;-37,99279;SR-CE;DEL16/3;UOP01/CE
261771;09/01/2020;quinta-feira;20:30:00;RS;NA;NA;LAJEADO;Restrição de Visibilidade;Colisão lateral;Sem Vítimas;Plena Noite;Não Informado;Chuva;Dupla;Reta;Sim;6;0;0;0;6;0;0;3;-29,45437;-51,96707;SR-RS;DEL9/4;UOP01/RS
261772;09/01/2020;quinta-feira;21:10:00;RS;471;677;SANTA VITORIA DO PALMAR;Restrição de Visibilidade;Colisão transversal;Com Vítimas Feridas;Plena Noite;Crescente;Garoa/Chuvisco;Simples;Interseção de vias;Não;2;0;1;0;1;0;1;2;-33,37799;-53,19483;SR-RS;DEL9/7;UOP04/RS
261773;09/01/2020;quinta-feira;20:30:00;SC;101;115,8;ITAJAI;Falta de Atenção à Condução;Colisão traseira;Com Vítimas Feridas;Plena Noite;Decrescente;Céu Claro;Dupla;Reta;Sim;3;0;1;1;1;0;2;2;-26,87064;-48,72954;SR-SC;DEL8/4;UOP04/SC
261774;09/01/2020;quinta-feira;20:55:00;RN;101;96;NATAL;Desobediência às normas de trânsito pelo condutor;Colisão transversal;Com Vítimas Feridas;Plena Noite;Decrescente;Ignorado;Dupla;Reta;Sim;3;0;1;0;2;0;1;2;-5,849496;-35,20891;SR-RN;DEL15/1;UOP01/RN
261775;09/01/2020;quinta-feira;15:25:00;MG;381;302;ANTONIO DIAS;Falta de Atenção à Condução;Colisão com objeto estático;Com Vítimas Feridas;Pleno dia;Decrescente;Céu Claro;Dupla;Reta;Não;1;0;1;0;0;0;1;1;-19,63953;-42,89904;SR-MG;DEL4/3;UOP02/MG
261776;09/01/2020;quinta-feira;17:20:00;MG;116;240;TEOFILO OTONI;Agressão Externa;Tombamento;Sem Vítimas;Pleno dia;Crescente;Céu Claro;Simples;Reta;Não;1;0;0;0;1;0;0;1;-17,57023;-41,46855;SR-MG;DEL4/11;UOP01/MG
261777;09/01/2020;quinta-feira;20:39:00;MG;381;739,5;TRES CORACOES;Falta de Atenção à Condução;Colisão lateral;Com Vítimas Feridas;Plena Noite;Crescente;Nublado;Dupla;Reta;Sim;3;0;1;0;2;0;1;2;-21,61515;-45,24157;SR-MG;DEL09;UOP02/MG
261778;09/01/2020;quinta-feira;21:50:00;DF;80;11,6;BRASILIA;Ingestão de Álcool;Colisão traseira;Sem Vítimas;Plena Noite;Crescente;Céu Claro;Simples;Reta;Não;2;0;0;0;2;0;0;2;-15,73093;-48,17708;SR-DF;UOP06/DF;
261779;09/01/2020;quinta-feira;22:20:00;ES;101;67,9;SAO MATEUS;Desobediência às normas de trânsito pelo condutor;Colisão frontal;Com Vítimas Fatais;Plena Noite;Decrescente;Céu Claro;Simples;Curva;Sim;2;1;0;1;0;0;1;2;-18,72054;-39,86589;SR-ES;DEL12/4;UOP02/ES
261780;09/01/2020;quinta-feira;21:30:00;MG;40;518;RIBEIRAO DAS NEVES;Falta de Atenção à Condução;Saída de leito carroçável;Com Vítimas Feridas;Plena Noite;Crescente;Chuva;Dupla;Retorno Regulamentado;Sim;2;0;2;0;0;0;2;1;-19,83212;-44,08209;SR-MG;DEL4/1;UOP02/MG
261781;09/01/2020;quinta-feira;21:30:00;MA;316;272;BELA VISTA DO MARANHAO;Falta de Atenção à Condução;Colisão traseira;Com Vítimas Feridas;Plena Noite;Crescente;Chuva;Simples;Reta;Não;3;0;0;3;0;0;3;2;-3,710173;-45,30104;SR-MA;DEL18/2;UOP01/MA
261782;09/01/2020;quinta-feira;19:20:00;BA;116;837,7;VITORIA DA CONQUISTA;Ingestão de álcool e/ou substâncias psicoativas pelo pedestre;Saída de leito carroçável;Sem Vítimas;Plena Noite;Crescente;Céu Claro;Simples;Reta;Não;1;0;0;0;1;0;0;1;-14,89251;-40,8635;SR-BA;DEL10/8;UOP01/BA
261783;09/01/2020;quinta-feira;21:45:00;PB;230;9;CABEDELO;Falta de Atenção à Condução;Queda de ocupante de veículo;Com Vítimas Feridas;Plena Noite;Decrescente;Céu Claro;Dupla;Reta;Não;1;0;1;0;0;0;1;1;-7,0433;-34,8466;SR-PB;DEL14/1;UOP01/PB
261784;09/01/2020;quinta-feira;22:10:00;GO;153;494,7;GOIANIA;Falta de Atenção à Condução;Colisão com objeto estático;Com Vítimas Feridas;Plena Noite;Decrescente;Nublado;Dupla;Reta;Sim;2;0;1;0;0;1;1;1;-16,65976;-49,22055;SR-GO;DEL1/1;UOP01/GO
261785;09/01/2020;quinta-feira;21:00:00;PR;277;659,8;MATELANDIA;Mal Súbito;Queda de ocupante de veículo;Com Vítimas Feridas;Plena Noite;Crescente;Céu Claro;Dupla;Reta;Sim;1;0;1;0;0;0;1;1;-25,24664;-53,98335;SR-PR;DEL7/5;UOP02/PR
261786;09/01/2020;quinta-feira;22:27:00;PR;158;532;PATO BRANCO;Agressão Externa;Colisão traseira;Sem Vítimas;Plena Noite;Crescente;Nublado;Simples;Rotatória;Sim;3;0;0;0;3;0;0;2;-26,211;-52,68072;SR-PR;DEL7/2;UOP01/PR
261787;09/01/2020;quinta-feira;21:00:00;SP;381;38,9;ATIBAIA;Falta de Atenção do Pedestre;Atropelamento de Pedestre;Com Vítimas Fatais;Plena Noite;Crescente;Céu Claro;Dupla;Reta;Sim;2;1;0;0;1;0;0;1;-23,11332;-46,57175;SR-SP;DEL6/3;UOP02/SP
261788;09/01/2020;quinta-feira;21:50:00;GO;60;26;ALEXANIA;Falta de Atenção à Condução;Colisão traseira;Sem Vítimas;Plena Noite;Crescente;Nublado;Dupla;Ponte;Não;2;0;0;0;2;0;0;2;-16,0963;-48,5202;SR-DF;UOP03/DF;
261789;09/01/2020;quinta-feira;22:30:00;ES;101;421,7;CACHOEIRO DE ITAPEMIRIM;Falta de Atenção à Condução;Saída de leito carroçável;Com Vítimas Feridas;Plena Noite;Crescente;Céu Claro;Simples;Curva;Não;1;0;0;1;0;0;1;1;-20,97397;-41,11067;SR-ES;DEL12/3;UOP02/ES
261791;09/01/2020;quinta-feira;22:40:00;DF;70;12,2;BRASILIA;Ingestão de Álcool;Colisão lateral;Sem Vítimas;Plena Noite;Crescente;Céu Claro;Dupla;Reta;Não;2;0;0;0;2;0;0;2;-15,80743;-48,09516;SR-DF;UOP06/DF;
261792;09/01/2020;quinta-feira;21:45:00;GO;153;510,3;APARECIDA DE GOIANIA;Falta de Atenção à Condução;Colisão traseira;Com Vítimas Feridas;Plena Noite;Crescente;Ignorado;Simples;Reta;Sim;2;0;0;1;1;0;1;2;-16,7977;-49,2386;SR-GO;DEL1/1;UOP03/GO
261795;09/01/2020;quinta-feira;23:00:00;SP;381;89;GUARULHOS;Falta de Atenção à Condução;Colisão com objeto em movimento;Com Vítimas Feridas;Plena Noite;Decrescente;Céu Claro;Dupla;Reta;Sim;2;0;1;0;1;0;1;2;-23,48754;-46,55912;SR-SP;DEL6/3;UOP02/SP
261796;09/01/2020;quinta-feira;22:00:00;RN;101;169;CANGUARETAMA;Desobediência às normas de trânsito pelo condutor;Capotamento;Com Vítimas Feridas;Plena Noite;Decrescente;Nublado;Dupla;Curva;Não;1;0;0;1;0;0;1;1;-6,440476;-35,1129;SR-RN;DEL15/1;UOP01/RN
261797;09/01/2020;quinta-feira;23:00:00;SP;116;269;TABOAO DA SERRA;Falta de Atenção à Condução;Queda de ocupante de veículo;Com Vítimas Feridas;Plena Noite;Crescente;Nublado;Dupla;Reta;Não;1;0;1;0;0;0;1;1;-23,60858;-46,75867;SR-SP;DEL6/4;UOP01/SP
261798;09/01/2020;quinta-feira;23:00:00;MG;381;620,9;OLIVEIRA;Velocidade Incompatível;Colisão com objeto estático;Com Vítimas Feridas;Plena Noite;Decrescente;Céu Claro;Dupla;Curva;Não;1;0;1;0;0;0;1;1;-20,78558;-44,78579;SR-MG;DEL4/4;UOP01/MG
261799;10/01/2020;sexta-feira;00:05:00;SP;116;225;GUARULHOS;Defeito Mecânico no Veículo;Incêndio;Sem Vítimas;Plena Noite;Crescente;Céu Claro;Múltipla;Reta;Sim;1;0;0;0;1;0;0;1;-23,48587;-46,54075;SR-SP;DEL6/1;UOP01/SP
261800;09/01/2020;quinta-feira;22:40:00;RJ;40;84;PETROPOLIS;Agressão Externa;Colisão com objeto estático;Com Vítimas Feridas;Plena Noite;Decrescente;Céu Claro;Simples;Reta;Sim;1;0;1;0;0;0;1;1;-22,54425;-43,22516;SR-RJ;DEL5/6;UOP03/RJ
261801;09/01/2020;quinta-feira;23:30:00;CE;116;27;ITAITINGA;Animais na Pista;Atropelamento de Animal;Com Vítimas Feridas;Plena Noite;Crescente;Céu Claro;Dupla;Reta;Não;1;0;1;0;0;0;1;1;-3,984187;-38,51514;SR-CE;DEL16/1;UOP02/CE
261802;09/01/2020;quinta-feira;22:50:00;PR;277;607,6;SANTA TEREZA DO OESTE;Falta de Atenção à Condução;Colisão traseira;Com Vítimas Feridas;Plena Noite;Crescente;Céu Claro;Simples;Reta;Sim;2;0;1;0;0;1;1;2;-25,03814;-53,59653;SR-PR;DEL7/5;UOP02/PR
261803;10/01/2020;sexta-feira;00:30:00;RJ;101;64;CAMPOS DOS GOYTACAZES;Defeito na Via;Queda de ocupante de veículo;Com Vítimas Feridas;Plena Noite;Crescente;Céu Claro;Dupla;Reta;Sim;1;0;1;0;0;0;1;1;-21,74909;-41,33632;SR-RJ;DEL5/8;UOP02/RJ
261804;09/01/2020;quinta-feira;23:40:00;PR;277;62;SAO JOSE DOS PINHAIS;Falta de Atenção à Condução;Queda de ocupante de veículo;Com Vítimas Feridas;Plena Noite;Decrescente;Nublado;Dupla;Reta;Não;1;0;1;0;0;0;1;1;-25,56498;-49,00826;SR-PR;DEL7/1;UOP06/PR
261805;09/01/2020;quinta-feira;22:30:00;RJ;101;485;ANGRA DOS REIS;Ultrapassagem Indevida;Colisão frontal;Com Vítimas Feridas;Plena Noite;Crescente;Céu Claro;Simples;Reta;Sim;2;0;2;0;0;0;2;2;-22,98574;-44,2971;SR-RJ;DEL5/3;UOP02/RJ
261806;10/01/2020;sexta-feira;01:00:00;PE;101;48,7;ABREU E LIMA;Animais na Pista;Atropelamento de Animal;Sem Vítimas;Plena Noite;Crescente;Céu Claro;Múltipla;Não Informado;Sim;2;0;0;0;2;0;0;1;-7,891747;-34,90335;SR-PE;DEL11/1;UOP02/PE
261807;09/01/2020;quinta-feira;21:30:00;PR;163;35,5;SANTO ANTONIO DO SUDOESTE;Ingestão de Álcool;Saída de leito carroçável;Com Vítimas Feridas;Plena Noite;Crescente;Nublado;Simples;Reta;Sim;3;0;1;0;2;0;1;2;-26,06003;-53,71941;SR-PR;DEL7/2;UOP04/PR
261808;10/01/2020;sexta-feira;01:30:00;MG;262;156,2;SAO DOMINGOS DO PRATA;Velocidade Incompatível;Tombamento;Com Vítimas Fatais;Plena Noite;Decrescente;Céu Claro;Simples;Curva;Não;2;1;0;1;0;0;1;1;-19,97159;-42,80273;SR-MG;DEL4/3;UOP03/MG
261809;09/01/2020;quinta-feira;23:30:00;RJ;101;309,4;SAO GONCALO;Agressão Externa;Colisão com objeto estático;Com Vítimas Feridas;Plena Noite;Crescente;Céu Claro;Dupla;Reta;Sim;2;0;0;1;0;1;1;2;-22,79499;-43,03446;SR-RJ;DEL5/2;UOP01/RJ
261810;10/01/2020;sexta-feira;00:07:00;RJ;101;311;SAO GONCALO;Falta de Atenção do Pedestre;Atropelamento de Pedestre;Com Vítimas Fatais;Plena Noite;Crescente;Céu Claro;Dupla;Reta;Sim;2;1;0;0;1;0;0;1;-22,80062;-43,05319;SR-RJ;DEL5/2;UOP01/RJ