id;data_inversa;dia_semana;horario;uf;br;km;municipio;causa_acidente;tipo_acidente;classificacao_acidente;fase_dia;sentido_via;condicao_metereologica;tipo_pista;tracado_via;uso_solo;pessoas;mortos;feridos_leves;feridos_graves;ilesos;ignorados;feridos;veiculos;latitude;longitude;regional;delegacia;uop
261920;10/01/2020;sexta-feira;15:40:00;BA;116;632,2;JAGUAQUARA;Falta de Atenção do Pedestre;Atropelamento de Pedestre;Com Vítimas Feridas;Pleno dia;Decrescente;Sol;Simples;Reta;Sim;2;0;0;1;1;0;1;1;-13,51283;-40,05629;SR-BA;DEL10/3;UOP01/BA
261921;10/01/2020;sexta-feira;16:00:00;PE;101;72;RECIFE;Mal Súbito;Tombamento;Com Vítimas Feridas;Pleno dia;Decrescente;Céu Claro;Dupla;Reta;Sim;1;0;0;1;0;0;1;1;-8,084931;-34,94506;SR-PE;DEL11/1;UOP01/PE
261922;10/01/2020;sexta-feira;15:55:00;PB;230;19;JOAO PESSOA;Falta de Atenção à Condução;Colisão traseira;Com Vítimas Feridas;Pleno dia;Decrescente;Céu Claro;Dupla;Não Informado;Sim;5;0;2;0;2;1;2;4;-7,1281;-34,8466;SR-PB;DEL14/1;UOP01/PB
261923;10/01/2020;sexta-feira;15:20:00;SC;116;221;CORREIA PINTO;Defeito Mecânico no Veículo;Danos eventuais;Com Vítimas Feridas;Pleno dia;Decrescente;Céu Claro;Simples;Reta;Sim;1;0;1;0;0;0;1;1;-27,58573;-50,36555;SR-SC;DEL8/5;UOP03/SC
261924;04/01/2020;sábado;14:30:00;RR;174;83;RORAINOPOLIS;Mal Súbito;Saída de leito carroçável;Com Vítimas Feridas;Pleno dia;Decrescente;Céu Claro;Simples;Curva;Não;5;0;2;0;3;0;2;1;-0,140902;-60,68551;SR-RR;UOP01/RR;
261925;10/01/2020;sexta-feira;15:40:00;RJ;116;165;RIO DE JANEIRO;Não guardar distância de segurança;Colisão lateral;Com Vítimas Fatais;Pleno dia;Crescente;Sol;Múltipla;Reta;Sim;4;1;0;0;2;1;0;4;-22,81068;-43,33454;SR-RJ;DEL5/1;UOP02/RJ
261926;10/01/2020;sexta-feira;16:40:00;PI;316;333,4;GEMINIANO;Não guardar distância de segurança;Colisão traseira;Com Vítimas Feridas;Anoitecer;Crescente;Sol;Simples;Reta;Não;6;0;3;1;2;0;4;2;-7,106655;-41,27195;SR-PI;DEL17/4;UOP01/PI
261927;10/01/2020;sexta-feira;16:30:00;MG;365;253,6;BURITIZEIRO;Condutor Dormindo;Saída de leito carroçável;Com Vítimas Feridas;Pleno dia;Crescente;Céu Claro;Simples;Reta;Não;5;0;1;4;0;0;5;1;-17,85075;-45,46463;SR-MG;DEL4/14;UOP02/MG
261928;10/01/2020;sexta-feira;16:15:00;SP;381;36;ATIBAIA;Falta de Atenção à Condução;Colisão lateral;Com Vítimas Feridas;Pleno dia;Decrescente;Céu Claro;Dupla;Reta;Não;2;0;1;0;1;0;1;2;-23,08859;-46,5718;SR-SP;DEL6/3;UOP02/SP
261929;10/01/2020;sexta-feira;16:40:00;AL;424;92;MARECHAL DEODORO;Falta de Atenção à Condução;Colisão traseira;Com Vítimas Feridas;Pleno dia;Decrescente;Céu Claro;Simples;Reta;Não;4;0;1;0;3;0;1;2;-9,587824;-35,8798;SR-AL;DEL13/2;UOP01/AL
261931;10/01/2020;sexta-feira;15:45:00;MG;459;103;POUSO ALEGRE;Falta de Atenção à Condução;Colisão transversal;Com Vítimas Feridas;Pleno dia;Crescente;Céu Claro;Dupla;Reta;Sim;2;0;1;0;1;0;1;2;-22,21781;-45,91755;SR-MG;DEL09;UOP01/MG
261932;10/01/2020;sexta-feira;16:20:00;SC;101;208,6;SAO JOSE;Defeito Mecânico no Veículo;Incêndio;Sem Vítimas;Pleno dia;Decrescente;Céu Claro;Simples;Reta;Não;1;0;0;0;1;0;0;1;-27,60328;-48,63202;SR-SC;DEL8/1;UOP01/SC
261933;10/01/2020;sexta-feira;17:10:00;ES;101;144,3;LINHARES;Desobediência às normas de trânsito pelo condutor;Colisão traseira;Com Vítimas Feridas;Pleno dia;Decrescente;Céu Claro;Múltipla;Reta;Sim;2;0;1;0;1;0;1;2;-19,35188;-40,06367;SR-ES;DEL12/4;UOP01/ES
261934;10/01/2020;sexta-feira;17:15:00;RS;392;352,7;SANTA MARIA;Não guardar distância de segurança;Colisão lateral;Com Vítimas Feridas;Pleno dia;Decrescente;Chuva;Simples;Não Informado;Sim;2;0;1;0;1;0;1;2;-29,7204;-53,80763;SR-RS;DEL9/9;UOP01/RS
261935;10/01/2020;sexta-feira;17:20:00;SP;116;217;GUARULHOS;Não guardar distância de segurança;Colisão traseira;Sem Vítimas;Pleno dia;Decrescente;Céu Claro;Múltipla;Reta;Sim;3;0;0;0;3;0;0;2;-23,45424;-46,47119;SR-SP;DEL6/1;UOP01/SP
261936;10/01/2020;sexta-feira;17:00:00;MG;364;0;PLANURA;Falta de Atenção à Condução;Colisão frontal;Com Vítimas Feridas;Pleno dia;Crescente;Nublado;Simples;Ponte;Sim;4;0;1;0;3;0;1;2;-20,16571;-48,6902;SR-MG;DEL13;UOP02/MG
261937;10/01/2020;sexta-feira;17:35:00;RN;304;42;MOSSORO;Falta de Atenção à Condução;Tombamento;Com Vítimas Feridas;Pleno dia;Decrescente;Céu Claro;Dupla;Reta;Sim;2;0;2;0;0;0;2;1;-5,212781;-37,37221;SR-RN;DEL15/4;UOP01/RN
261938;10/01/2020;sexta-feira;16:20:00;RN;405;32,1;GOVERNADOR DIX-SEPT ROSADO;Carga excessiva e/ou mal acondicionada;Tombamento;Com Vítimas Feridas;Pleno dia;Crescente;Nublado;Simples;Reta;Não;1;0;0;1;0;0;1;1;-5,32832;-37,57963;SR-RN;DEL15/4;UOP02/RN
261939;10/01/2020;sexta-feira;17:25:00;SC;470;127;IBIRAMA;Ultrapassagem Indevida;Colisão transversal;Com Vítimas Feridas;Pleno dia;Crescente;Céu Claro;Simples;Reta;Sim;2;0;0;1;1;0;1;2;-27,005;-49,47247;SR-SC;DEL8/4;UOP02/SC
261940;10/01/2020;sexta-feira;17:40:00;BA;116;367;SERRINHA;Desobediência às normas de trânsito pelo condutor;Colisão lateral;Com Vítimas Feridas;Plena Noite;Crescente;Céu Claro;Simples;Reta;Não;2;0;0;1;1;0;1;2;-11,68995;-38,987;SR-BA;DEL10/2;UOP01/BA
261941;10/01/2020;sexta-feira;17:25:00;TO;153;506,6;PARAISO DO TOCANTINS;Agressão Externa;Colisão lateral;Sem Vítimas;Pleno dia;Crescente;Céu Claro;Simples;Desvio Temporário;Não;3;0;0;0;1;2;0;2;-10,25444;-48,87909;SR-TO;UOP02/TO;
261942;10/01/2020;sexta-feira;16:16:00;SC;282;332,5;CAMPOS NOVOS;Condutor Dormindo;Colisão lateral;Com Vítimas Feridas;Pleno dia;Decrescente;Sol;Simples;Reta;Não;4;0;3;0;1;0;3;4;-27,39056;-51,12584;SR-SC;DEL7;UOP08/SC
261944;10/01/2020;sexta-feira;12:40:00;MG;262;51;MANHUACU;Falta de Atenção à Condução;Colisão traseira;Com Vítimas Feridas;Pleno dia;Crescente;Céu Claro;Simples;Reta;Sim;2;0;1;0;1;0;1;2;-20,24788;-42,1455;SR-MG;DEL4/6;UOP04/MG
261945;10/01/2020;sexta-feira;15:20:00;SC;101;98;BARRA VELHA;Mal Súbito;Colisão traseira;Com Vítimas Feridas;Pleno dia;Crescente;Céu Claro;Dupla;Reta;Não;2;0;1;0;1;0;1;2;-26,73761;-48,69919;SR-SC;DEL8/3;UOP02/SC
261946;10/01/2020;sexta-feira;17:50:00;BA;324;5,7;FEIRA DE SANTANA;Desobediência às normas de trânsito pelo pedestre;Atropelamento de Pedestre;Com Vítimas Feridas;Anoitecer;Decrescente;Céu Claro;Dupla;Reta;Sim;2;0;0;1;1;0;1;1;-12,27891;-38,98058;SR-BA;DEL10/2;UOP01/BA
261947;10/01/2020;sexta-feira;14:20:00;MG;116;595,1;MANHUACU;Velocidade Incompatível;Saída de leito carroçável;Com Vítimas Feridas;Pleno dia;Crescente;Sol;Simples;Curva;Não;2;0;1;1;0;0;2;1;-20,29517;-42,14747;SR-MG;DEL4/6;UOP04/MG
261948;10/01/2020;sexta-feira;16:50:00;MS;163;264;DOURADOS;Não guardar distância de segurança;Tombamento;Com Vítimas Feridas;Pleno dia;Crescente;Sol;Dupla;Curva;Sim;1;0;1;0;0;0;1;1;-22,22743;-54,73933;SR-MS;DEL3/4;UOP01/MS
261949;10/01/2020;sexta-feira;17:40:00;CE;20;426,7;FORTALEZA;Ingestão de Álcool;Colisão transversal;Com Vítimas Feridas;Anoitecer;Decrescente;Nublado;Dupla;Reta;Sim;2;0;2;0;0;0;2;2;-3,863447;-38,52411;SR-CE;DEL16/1;UOP02/CE
261950;10/01/2020;sexta-feira;17:15:00;MG;262;608,9;CAMPOS ALTOS;Velocidade Incompatível;Saída de leito carroçável;Com Vítimas Feridas;Pleno dia;Decrescente;Chuva;Simples;Curva;Não;2;0;2;0;0;0;2;1;-19,61802;-46,27555;SR-MG;DEL4/8;UOP02/MG
261951;10/01/2020;sexta-feira;15:15:00;RS;392;203;SANTANA DA BOA VISTA;Velocidade Incompatível;Colisão lateral;Com Vítimas Feridas;Pleno dia;Crescente;Chuva;Simples;Curva;Não;2;0;0;1;1;0;1;2;-30,85344;-53,15874;SR-RS;DEL9/9;UOP02/RS
261952;10/01/2020;sexta-feira;18:27:00;TO;153;335;GUARAI;Falta de Atenção à Condução;Colisão lateral;Com Vítimas Feridas;Anoitecer;Crescente;Céu Claro;Simples;Reta;Não;2;0;0;1;1;0;1;2;-8,799443;-48,51228;SR-TO;UOP03/TO;
261953;10/01/2020;sexta-feira;17:50:00;RS;285;419,3;PANAMBI;Não guardar distância de segurança;Saída de leito carroçável;Com Vítimas Feridas;Pleno dia;Crescente;Chuva;Simples;Não Informado;Não;1;0;1;0;0;0;1;1;-28,34299;-53,54126;SR-RS;DEL9/10;UOP01/RS
261954;10/01/2020;sexta-feira;15:20:00;MT;364;621;DIAMANTINO;Pista Escorregadia;Saída de leito carroçável;Com Vítimas Feridas;Pleno dia;Decrescente;Chuva;Simples;Reta;Não;1;0;1;0;0;0;1;1;-14,38891;-56,35637;SR-MT;DEL2/4;UOP01/MT
261955;10/01/2020;sexta-feira;17:00:00;AL;316;145,1;PALMEIRA DOS INDIOS;Ingestão de Álcool;Colisão traseira;Sem Vítimas;Pleno dia;Crescente;Céu Claro;Simples;Reta;Não;3;0;0;0;3;0;0;2;-9,398176;-36,71361;SR-AL;DEL13/3;UOP01/AL
261956;10/01/2020;sexta-feira;15:40:00;RJ;493;102;SEROPEDICA;Fenômenos da Natureza;Engavetamento;Com Vítimas Feridas;Pleno dia;Crescente;Céu Claro;Dupla;Reta;Não;10;0;2;2;6;0;4;9;-22,76171;-43,73562;SR-RJ;DEL5/3;UOP01/RJ
261957;10/01/2020;sexta-feira;18:50:00;RN;101;119,1;SAO JOSE DE MIPIBU;Animais na Pista;Atropelamento de Animal;Com Vítimas Feridas;Plena Noite;Crescente;Céu Claro;Dupla;Reta;Não;1;0;1;0;0;0;1;1;-6,024968;-35,25098;SR-RN;DEL15/1;UOP01/RN
261958;10/01/2020;sexta-feira;18:40:00;SP;116;212;GUARULHOS;Falta de Atenção à Condução;Colisão traseira;Com Vítimas Feridas;Anoitecer;Decrescente;Céu Claro;Múltipla;Reta;Não;3;0;2;0;1;0;2;2;-23,43608;-46,42805;SR-SP;DEL6/1;UOP01/SP
261959;10/01/2020;sexta-feira;17:20:00;MG;40;519,6;RIBEIRAO DAS NEVES;Desobediência às normas de trânsito pelo condutor;Atropelamento de Pedestre;Com Vítimas Feridas;Pleno dia;Crescente;Céu Claro;Dupla;Não Informado;Sim;3;0;1;0;1;1;1;1;-19,83958;-44,07684;SR-MG;DEL4/1;UOP02/MG
261962;10/01/2020;sexta-feira;18:35:00;PR;116;125,5;FAZENDA RIO GRANDE;Falta de Atenção à Condução;Colisão lateral;Com Vítimas Feridas;Anoitecer;Crescente;Céu Claro;Múltipla;Reta;Sim;2;0;1;0;1;0;1;2;-25,63523;-49,31332;SR-PR;DEL7/1;UOP03/PR
261963;10/01/2020;sexta-feira;18:45:00;RN;304;46,8;MOSSORO;Ingestão de Álcool;Colisão transversal;Com Vítimas Feridas;Plena Noite;Crescente;Céu Claro;Dupla;Curva;Sim;2;0;0;1;1;0;1;2;-5,225794;-37,34005;SR-RN;DEL15/4;UOP01/RN
261964;10/01/2020;sexta-feira;18:30:00;SP;101;45,4;UBATUBA;Ultrapassagem Indevida;Colisão frontal;Com Vítimas Feridas;Anoitecer;Decrescente;Nublado;Simples;Reta;Sim;2;0;0;1;1;0;1;2;-23,4208;-45,07064;SR-SP;DEL6;UOP03/SP
261965;10/01/2020;sexta-feira;15:30:00;MT;70;380;CAMPO VERDE;Falta de Atenção à Condução;Colisão transversal;Com Vítimas Feridas;Pleno dia;Decrescente;Céu Claro;Simples;Reta;Sim;2;0;1;0;1;0;1;2;-15,54739;-55,16115;SR-MT;DEL2/5;UOP01/MT
261966;10/01/2020;sexta-feira;16:45:00;RS;285;606;SANTO ANTONIO DAS MISSOES;Pista Escorregadia;Saída de leito carroçável;Sem Vítimas;Pleno dia;Crescente;Chuva;Simples;Curva;Não;1;0;0;0;1;0;0;1;-28,49355;-55,34443;SR-RS;DEL9/12;UOP01/RS
261967;10/01/2020;sexta-feira;18:15:00;SC;470;57;BLUMENAU;Falta de Atenção à Condução;Colisão transversal;Com Vítimas Feridas;Pleno dia;Decrescente;Céu Claro;Simples;Interseção de vias;Não;2;0;1;0;1;0;1;2;-26,88043;-49,13653;SR-SC;DEL8/4;UOP01/SC
261968;10/01/2020;sexta-feira;16:00:00;MT;158;730;BARRA DO GARCAS;Desobediência às normas de trânsito pelo condutor;Capotamento;Com Vítimas Feridas;Pleno dia;Crescente;Céu Claro;Simples;Curva;Não;3;0;1;0;2;0;1;1;-15,31334;-52,16995;SR-MT;DEL2/8;UOP01/MT
261969;10/01/2020;sexta-feira;19:30:00;SC;101;132,9;BALNEARIO CAMBORIU;Falta de Atenção à Condução;Colisão traseira;Com Vítimas Feridas;Plena Noite;Crescente;Nublado;Dupla;Reta;Sim;2;0;0;1;1;0;1;2;-26,99654;-48,65565;SR-SC;DEL8/4;UOP03/SC
261970;10/01/2020;sexta-feira;18:40:00;ES;101;354,5;ANCHIETA;Defeito Mecânico no Veículo;Incêndio;Sem Vítimas;Plena Noite;Decrescente;Céu Claro;Simples;Reta;Não;1;0;0;0;1;0;0;1;-20,68449;-40,67131;SR-ES;DEL12/3;UOP01/ES
261973;10/01/2020;sexta-feira;18:50:00;RJ;101;314;SAO GONCALO;Não guardar distância de segurança;Colisão lateral;Com Vítimas Feridas;Plena Noite;Decrescente;Nublado;Dupla;Reta;Sim;2;0;1;0;1;0;1;2;-22,81649;-43,07728;SR-RJ;DEL5/2;UOP01/RJ
261974;10/01/2020;sexta-feira;18:10:00;RJ;493;119,7;ITAGUAI;Desobediência às normas de trânsito pelo condutor;Saída de leito carroçável;Com Vítimas Feridas;Anoitecer;Crescente;Céu Claro;Dupla;Curva;Sim;2;0;1;1;0;0;2;1;-22,87238;-43,81554;SR-RJ;DEL5/3;UOP01/RJ
261975;10/01/2020;sexta-feira;19:50:00;SC;470;169;POUSO REDONDO;Desobediência às normas de trânsito pelo condutor;Colisão frontal;Sem Vítimas;Plena Noite;Decrescente;Chuva;Simples;Reta;Não;2;0;0;0;2;0;0;2;-27,26547;-49,88244;SR-SC;DEL8/4;UOP02/SC
261976;10/01/2020;sexta-feira;17:15:00;SC;280;41;ARAQUARI;Velocidade Incompatível;Capotamento;Com Vítimas Feridas;Pleno dia;Crescente;Céu Claro;Simples;Reta;Não;2;0;2;0;0;0;2;1;-26,45;-48,85791;SR-SC;DEL8/3;UOP03/SC
261977;10/01/2020;sexta-feira;17:15:00;SP;381;89;GUARULHOS;Falta de Atenção à Condução;Colisão traseira;Com Vítimas Feridas;Anoitecer;Decrescente;Céu Claro;Múltipla;Reta;Sim;2;0;0;1;1;0;1;2;-23,48469;-46,55983;SR-SP;DEL6/3;UOP02/SP
261978;10/01/2020;sexta-feira;18:20:00;RS;287;262,5;SANTA MARIA;Velocidade Incompatível;Saída de leito carroçável;Com Vítimas Feridas;Pleno dia;Decrescente;Chuva;Simples;Reta;Não;1;0;1;0;0;0;1;1;-29,67311;-53,99159;SR-RS;DEL9/9;UOP01/RS
261980;10/01/2020;sexta-feira;19:50:00;CE;20;427;FORTALEZA;Falta de Atenção à Condução;Colisão lateral;Com Vítimas Feridas;Plena Noite;Decrescente;Céu Claro;Dupla;Reta;Sim;2;0;1;0;1;0;1;2;-3,864655;-38,51875;SR-CE;DEL16/1;UOP02/CE
261981;10/01/2020;sexta-feira;18:10:00;PE;424;101,8;GARANHUNS;Falta de Atenção à Condução;Colisão traseira;Com Vítimas Feridas;Plena Noite;Crescente;Céu Claro;Simples;Não Informado;Não;3;0;0;1;1;1;1;3;-8,96538;-36,51714;SR-PE;DEL11/3;UOP01/PE
261982;10/01/2020;sexta-feira;18:25:00;RS;116;270;PORTO ALEGRE;Não guardar distância de segurança;Colisão traseira;Com Vítimas Feridas;Plena Noite;Crescente;Chuva;Múltipla;Não Informado;Sim;2;0;1;0;1;0;1;2;-29,96839;-51,17624;SR-RS;DEL9/1;UOP01/RS
261983;10/01/2020;sexta-feira;14:00:00;MG;365;505;PATROCINIO;Falta de Atenção à Condução;Saída de leito carroçável;Sem Vítimas;Pleno dia;Crescente;Céu Claro;Simples;Não Informado;Não;1;0;0;0;0;1;0;1;-18,95015;-47,27279;SR-MG;DEL4/10;UOP01/MG
261984;10/01/2020;sexta-feira;19:45:00;PB;230;17;JOAO PESSOA;Ingestão de Álcool;Colisão com objeto estático;Sem Vítimas;Plena Noite;Decrescente;Céu Claro;Múltipla;Não Informado;Sim;1;0;0;0;1;0;0;1;-7,1121;-34,8426;SR-PB;DEL14/1;UOP01/PB
261986;10/01/2020;sexta-feira;18:20:00;SC;470;42,2;GASPAR;Desobediência às normas de trânsito pelo condutor;Colisão traseira;Com Vítimas Feridas;Pleno dia;Decrescente;Nublado;Simples;Curva;Não;2;0;1;0;1;0;1;2;-26,87474;-49,00603;SR-SC;DEL8/4;UOP01/SC
261987;10/01/2020;sexta-feira;20:20:00;PR;376;673;GUARATUBA;Defeito Mecânico no Veículo;Incêndio;Sem Vítimas;Plena Noite;Decrescente;Nublado;Dupla;Reta;Não;1;0;0;0;1;0;0;1;-25,9054;-48,92109;SR-PR;DEL7/1;UOP08/PR
261988;10/01/2020;sexta-feira;20:35:00;SC;282;16;PALHOCA;Desobediência às normas de trânsito pelo condutor;Colisão transversal;Com Vítimas Feridas;Plena Noite;Crescente;Garoa/Chuvisco;Simples;Reta;Sim;2;0;1;0;1;0;1;2;-27,65861;-48,68185;SR-SC;DEL8/1;UOP02/SC
261989;10/01/2020;sexta-feira;20:15:00;SC;101;123,4;ITAJAI;Não guardar distância de segurança;Colisão traseira;Com Vítimas Feridas;Plena Noite;Crescente;Garoa/Chuvisco;Dupla;Não Informado;Sim;4;0;2;0;2;0;2;2;-26,93669;-48,69877;SR-SC;DEL8/4;UOP04/SC
261990;10/01/2020;sexta-feira;09:30:00;MG;116;528;CARATINGA;Ultrapassagem Indevida;Colisão lateral;Com Vítimas Feridas;Pleno dia;Decrescente;Nublado;Dupla;Curva;Sim;2;0;1;1;0;0;2;2;-19,79403;-42,13731;SR-MG;DEL4/6;UOP02/MG
261991;10/01/2020;sexta-feira;20:39:00;SP;153;74,1;SAO JOSE DO RIO PRETO;Velocidade Incompatível;Atropelamento de Pedestre;Com Vítimas Fatais;Plena Noite;Crescente;Céu Claro;Dupla;Não Informado;Sim;5;1;0;0;4;0;0;1;-20,88539;-49,42676;SR-SP;DEL6/9;UOP01/SP
261992;10/01/2020;sexta-feira;20:30:00;GO;60;88,4;ANAPOLIS;Defeito Mecânico no Veículo;Saída de leito carroçável;Sem Vítimas;Plena Noite;Decrescente;Céu Claro;Dupla;Retorno Regulamentado;Não;1;0;0;0;1;0;0;1;-16,3315;-48,8885;SR-GO;DEL1/2;UOP01/GO
261993;10/01/2020;sexta-feira;20:30:00;PR;376;500,5;PONTA GROSSA;Falta de Atenção do Pedestre;Atropelamento de Pedestre;Com Vítimas Fatais;Plena Noite;Decrescente;Nublado;Dupla;Reta;Sim;2;1;0;0;1;0;0;1;-25,20185;-50,07092;SR-PR;DEL7/3;UOP03/PR
261994;10/01/2020;sexta-feira;20:40:00;BA;407;5,1;JUAZEIRO;Ultrapassagem Indevida;Colisão lateral;Com Vítimas Feridas;Plena Noite;Crescente;Céu Claro;Simples;Reta;Sim;2;0;1;0;1;0;1;2;-9,447785;-40,49044;SR-PE;DEL11/6;UOP01/PE
261995;10/01/2020;sexta-feira;14:00:00;MA;222;198;ITAPECURU MIRIM;Ingestão de Álcool;Colisão traseira;Com Vítimas Fatais;Pleno dia;Crescente;Nublado;Simples;Reta;Não;3;1;0;1;1;0;1;2;-3,453351;-44,30533;SR-MA;DEL18/1;UOP02/MA
261996;10/01/2020;sexta-feira;20:50:00;RN;304;107,5;ACU;Animais na Pista;Atropelamento de Animal;Com Vítimas Feridas;Plena Noite;Crescente;Nublado;Simples;Reta;Não;1;0;1;0;0;0;1;1;-5,587464;-36,96302;SR-RN;DEL15/4;UOP01/RN
261998;10/01/2020;sexta-feira;21:40:00;SP;116;15,1;QUELUZ;Animais na Pista;Atropelamento de Animal;Sem Vítimas;Plena Noite;Crescente;Céu Claro;Dupla;Curva;Não;1;0;0;0;1;0;0;1;-22,56007;-44,82887;SR-SP;DEL6/8;UOP01/SP
261999;10/01/2020;sexta-feira;18:30:00;MG;262;446,1;NOVA SERRANA;Ingestão de Álcool;Colisão com objeto estático;Com Vítimas Feridas;Plena Noite;Decrescente;Céu Claro;Múltipla;Rotatória;Sim;1;0;1;0;0;0;1;1;-19,86396;-44,99792;SR-MG;DEL4/8;UOP03/MG
262000;10/01/2020;sexta-feira;21:20:00;RJ;40;123;DUQUE DE CAXIAS;Falta de Atenção à Condução;Colisão frontal;Com Vítimas Feridas;Plena Noite;Crescente;Céu Claro;Simples;Curva;Sim;2;0;1;0;1;0;1;2;-22,79908;-43,29016;SR-RJ;DEL5/1;UOP01/RJ
262001;10/01/2020;sexta-feira;21:35:00;RN;101;99,5;NATAL;Avarias e/ou desgaste excessivo no pneu;Queda de ocupante de veículo;Com Vítimas Feridas;Plena Noite;Crescente;Céu Claro;Dupla;Reta;Sim;1;0;1;0;0;0;1;1;-5,873592;-35,22063;SR-RN;DEL15/1;UOP01/RN
262002;10/01/2020;sexta-feira;21:40:00;SP;116;6;QUELUZ;Falta de Atenção à Condução;Colisão traseira;Com Vítimas Feridas;Plena Noite;Crescente;Céu Claro;Dupla;Reta;Sim;2;0;1;0;1;0;1;2;-22,53158;-44,75375;SR-SP;DEL6/8;UOP01/SP
262003;10/01/2020;sexta-feira;20:00:00;RS;153;655,5;ACEGUA;Animais na Pista;Atropelamento de Animal;Sem Vítimas;Plena Noite;Decrescente;Céu Claro;Simples;Reta;Não;3;0;0;0;3;0;0;1;-31,52911;-54,13796;SR-RS;DEL9/11;UOP03/RS
262004;10/01/2020;sexta-feira;19:30:00;SC;282;518,8;XAXIM;Avarias e/ou desgaste excessivo no pneu;Colisão frontal;Com Vítimas Feridas;Plena Noite;Crescente;Chuva;Simples;Reta;Não;3;0;0;3;0;0;3;2;-26,9441;-52,50843;SR-SC;DEL7;UOP01/SC
262005;10/01/2020;sexta-feira;19:45:00;MT;364;472;VARZEA GRANDE;Velocidade Incompatível;Saída de leito carroçável;Com Vítimas Feridas;Pleno dia;Decrescente;Céu Claro;Simples;Reta;Não;1;0;1;0;0;0;1;1;-15,4473;-56,32918;SR-MT;DEL2/4;UOP02/MT
262006;10/01/2020;sexta-feira;22:40:00;GO;70;15;COCALZINHO DE GOIAS;Falta de Atenção à Condução;Colisão traseira;Com Vítimas Feridas;Plena Noite;Crescente;Céu Claro;Simples;Reta;Não;3;0;2;0;0;1;2;3;-15,75579;-48,33283;SR-DF;UOP06/DF;
262007;10/01/2020;sexta-feira;21:43:00;SC;101;119,2;ITAJAI;Ingestão de Álcool;Colisão traseira;Com Vítimas Feridas;Plena Noite;Crescente;Chuva;Dupla;Reta;Sim;3;0;1;0;2;0;1;2;-26,90432;-48,71555;SR-SC;DEL8/4;UOP04/SC
262008;10/01/2020;sexta-feira;23:20:00;GO;60;300;ACREUNA;Animais na Pista;Atropelamento de Animal;Com Vítimas Feridas;Plena Noite;Decrescente;Nublado;Dupla;Reta;Não;2;0;0;1;1;0;1;2;-17,3646;-50,3363;SR-GO;DEL1/4;UOP01/GO
262009;10/01/2020;sexta-feira;18:15:00;MT;70;715;CACERES;Não guardar distância de segurança;Colisão lateral;Com Vítimas Feridas;Anoitecer;Crescente;Céu Claro;Simples;Reta;Não;2;0;1;0;1;0;1;2;-16,24065;-57,55553;SR-MT;DEL2/3;UOP01/MT
262010;10/01/2020;sexta-feira;23:30:00;SP;381;33;ATIBAIA;Falta de Atenção à Condução;Queda de ocupante de veículo;Com Vítimas Feridas;Plena Noite;Decrescente;Céu Claro;Dupla;Reta;Não;1;0;1;0;0;0;1;1;-23,0728;-46,56674;SR-SP;DEL6/3;UOP02/SP
262011;10/01/2020;sexta-feira;20:50:00;MG;116;486,6;DOM CAVATI;Falta de Atenção do Pedestre;Atropelamento de Pedestre;Com Vítimas Fatais;Plena Noite;Decrescente;Céu Claro;Simples;Reta;Não;2;1;0;0;0;1;0;1;-19,44427;-42,12928;SR-MG;DEL4/6;UOP02/MG
262013;10/01/2020;sexta-feira;22:50:00;MG;262;353;BETIM;Desobediência às normas de trânsito pelo condutor;Colisão frontal;Com Vítimas Feridas;Plena Noite;Crescente;Nublado;Simples;Retorno Regulamentado;Não;2;0;1;0;1;0;1;2;-19,97671;-44,19963;SR-MG;DEL4/1;UOP03/MG
262014;10/01/2020;sexta-feira;20:30:00;PR;272;409;JANIOPOLIS;Agressão Externa;Saída de leito carroçável;Com Vítimas Feridas;Plena Noite;Decrescente;Céu Claro;Simples;Reta;Não;3;0;2;0;1;0;2;1;-24,13003;-52,77057;SR-PR;DEL7/4;UOP05/PR
262015;10/01/2020;sexta-feira;23:00:00;SC;282;411,8;CATANDUVAS;Falta de Atenção à Condução;Tombamento;Sem Vítimas;Plena Noite;Decrescente;Chuva;Simples;Curva;Não;1;0;0;0;1;0;0;1;-27,0592;-51,68005;SR-SC;DEL7;UOP07/SC
262016;10/01/2020;sexta-feira;23:00:00;SC;101;367;ICARA;Pista Escorregadia;Saída de leito carroçável;Com Vítimas Feridas;Plena Noite;Crescente;Chuva;Dupla;Não Informado;Não;5;0;4;1;0;0;5;1;-28,69146;-49,16485;SR-SC;DEL8/2;UOP01/SC
262017;10/01/2020;sexta-feira;23:40:00;SC;101;367;SANGAO;Pista Escorregadia;Saída de leito carroçável;Com Vítimas Feridas;Plena Noite;Decrescente;Chuva;Dupla;Curva;Não;2;0;1;0;1;0;1;1;-28,69146;-49,16485;SR-SC;DEL8/2;UOP01/SC
262018;10/01/2020;sexta-feira;23:00:00;PR;277;633;CEU AZUL;Falta de Atenção à Condução;Colisão transversal;Sem Vítimas;Plena Noite;Crescente;Chuva;Dupla;Interseção de vias;Não;2;0;0;0;1;1;0;2;-25,12585;-53,81903;SR-PR;DEL7/5;UOP02/PR
262020;10/01/2020;sexta-feira;23:30:00;PR;163;80;PLANALTO;Ingestão de Álcool;Saída de leito carroçável;Com Vítimas Feridas;Plena Noite;Crescente;Chuva;Simples;Curva;Não;1;0;0;1;0;0;1;1;-25,7546;-53,80005;SR-PR;DEL7/2;UOP04/PR
262021;11/01/2020;sábado;00:30:00;SE;101;148,7;ESTANCIA;Defeito na Via;Tombamento;Com Vítimas Feridas;Plena Noite;Crescente;Céu Claro;Dupla;Curva;Sim;1;0;1;0;0;0;1;1;-11,23754;-37,42983;SR-SE;DEL20/2;UOP01/SE