id;data_inversa;dia_semana;horario;uf;br;km;municipio;causa_acidente;tipo_acidente;classificacao_acidente;fase_dia;sentido_via;condicao_metereologica;tipo_pista;tracado_via;uso_solo;pessoas;mortos;feridos_leves;feridos_graves;ilesos;ignorados;feridos;veiculos;latitude;longitude;regional;delegacia;uop
262022;11/01/2020;sábado;00:05:00;PR;476;130;CURITIBA;Não guardar distância de segurança;Colisão com objeto estático;Com Vítimas Feridas;Plena Noite;Crescente;Nublado;Múltipla;Curva;Sim;3;0;0;2;1;0;2;2;-25,44956;-49,23643;SR-PR;DEL7/1;UOP06/PR
262023;11/01/2020;sábado;00:45:00;MG;153;58;MONTE ALEGRE DE MINAS;Não guardar distância de segurança;Colisão traseira;Com Vítimas Feridas;Plena Noite;Decrescente;Céu Claro;Simples;Reta;Não;2;0;0;1;1;0;1;2;-18,87839;-49,05664;SR-MG;DEL4/15;UOP03/MG
262024;10/01/2020;sexta-feira;22:10:00;BA;116;910;ENCRUZILHADA;Falta de Atenção à Condução;Colisão traseira;Com Vítimas Feridas;Plena Noite;Crescente;Céu Claro;Simples;Não Informado;Não;2;0;1;0;1;0;1;2;-15,51613;-41,23852;SR-BA;DEL10/8;UOP03/BA
262025;11/01/2020;sábado;00:40:00;RS;116;148,4;CAXIAS DO SUL;Velocidade Incompatível;Saída de leito carroçável;Sem Vítimas;Plena Noite;Crescente;Nublado;Dupla;Não Informado;Não;1;0;0;0;0;1;0;1;-29,15445;-51,15102;SR-RS;DEL9/5;UOP01/RS
262027;11/01/2020;sábado;01:45:00;GO;20;93,9;VILA BOA;Falta de Atenção à Condução;Colisão com objeto estático;Com Vítimas Feridas;Plena Noite;Crescente;Nublado;Simples;Ponte;Não;3;0;2;1;0;0;3;1;-14,99792;-47,03061;SR-DF;UOP01/DEL02/DF;
262029;11/01/2020;sábado;00:30:00;MA;230;404;BALSAS;Ingestão de Álcool;Colisão lateral;Com Vítimas Feridas;Plena Noite;Crescente;Céu Claro;Simples;Reta;Sim;2;0;2;0;0;0;2;2;-7,523399;-46,04122;SR-MA;DEL18/5;UOP01/MA
262030;10/01/2020;sexta-feira;21:00:00;MG;459;88;CONGONHAL;Velocidade Incompatível;Colisão frontal;Com Vítimas Fatais;Plena Noite;Decrescente;Céu Claro;Simples;Reta;Não;2;1;0;0;1;0;0;2;-22,14956;-46,02399;SR-MG;DEL09;UOP04/MG
262031;10/01/2020;sexta-feira;23:40:00;MG;381;532;ITATIAIUCU;Velocidade Incompatível;Saída de leito carroçável;Sem Vítimas;Plena Noite;Decrescente;Nublado;Dupla;Curva;Não;1;0;0;0;1;0;0;1;-20,19043;-44,38269;SR-MG;DEL4/4;UOP03/MG
262032;10/01/2020;sexta-feira;18:30:00;SP;116;282;EMBU DAS ARTES;Velocidade Incompatível;Tombamento;Sem Vítimas;Anoitecer;Crescente;Sol;Simples;Não Informado;Sim;1;0;0;0;1;0;0;1;-23,66057;-46,85281;SR-SP;DEL6/4;UOP01/SP
262033;11/01/2020;sábado;03:20:00;PA;316;63;CASTANHAL;Ingestão de Álcool;Capotamento;Com Vítimas Feridas;Plena Noite;Crescente;Céu Claro;Dupla;Reta;Sim;1;0;1;0;0;0;1;1;-1,296794;-47,92878;SR-PA;DEL19/1;UOP01/PA
262034;11/01/2020;sábado;03:05:00;RS;116;529;CAPAO DO LEAO;Ingestão de Álcool;Colisão traseira;Sem Vítimas;Plena Noite;Crescente;Céu Claro;Simples;Reta;Não;2;0;0;0;2;0;0;2;-31,75446;-52,42804;SR-RS;DEL9/7;UOP01/RS
262035;11/01/2020;sábado;04:20:00;RS;386;14,9;FREDERICO WESTPHALEN;Condutor Dormindo;Colisão frontal;Com Vítimas Fatais;Plena Noite;Crescente;Nublado;Simples;Curva;Não;9;1;4;3;1;0;7;2;-27,23955;-53,32888;SR-RS;DEL08;UOP02/RS
262036;11/01/2020;sábado;02:30:00;MT;364;202,5;RONDONOPOLIS;Ingestão de Álcool;Colisão com objeto estático;Sem Vítimas;Plena Noite;Crescente;Céu Claro;Dupla;Não Informado;Sim;1;0;0;0;1;0;0;1;-16,48347;-54,6497;SR-MT;DEL2/2;UOP01/MT
262038;11/01/2020;sábado;04:25:00;SP;116;23;LAVRINHAS;Falta de Atenção à Condução;Colisão traseira;Com Vítimas Feridas;Plena Noite;Decrescente;Céu Claro;Dupla;Reta;Não;30;0;16;10;4;0;26;2;-22,58978;-44,88536;SR-SP;DEL6/8;UOP01/SP
262039;11/01/2020;sábado;03:00:00;PR;376;106,9;PARANAVAI;Velocidade Incompatível;Colisão com objeto estático;Sem Vítimas;Plena Noite;Crescente;Céu Claro;Dupla;Interseção de vias;Sim;1;0;0;0;0;1;0;1;-23,06146;-52,43401;SR-PR;DEL7/7;UOP05/PR
262040;11/01/2020;sábado;05:10:00;RS;116;528;CAPAO DO LEAO;Não guardar distância de segurança;Colisão traseira;Com Vítimas Feridas;Amanhecer;Crescente;Nublado;Simples;Reta;Sim;2;0;1;0;1;0;1;2;-31,75074;-52,41851;SR-RS;DEL9/7;UOP01/RS
262041;11/01/2020;sábado;04:30:00;MG;251;438,7;GRAO MOGOL;Falta de Atenção à Condução;Colisão frontal;Com Vítimas Feridas;Amanhecer;Decrescente;Céu Claro;Simples;Reta;Não;3;0;2;0;1;0;2;2;-16,39867;-43,21254;SR-MG;DEL4/12;UOP01/MG
262042;11/01/2020;sábado;03:00:00;AC;364;67,7;SENADOR GUIOMARD;Desobediência às normas de trânsito pelo condutor;Colisão frontal;Com Vítimas Fatais;Plena Noite;Decrescente;Céu Claro;Simples;Curva;Não;2;1;1;0;0;0;1;2;-10,06104;-67,31302;SR-AC;UOP01/AC;
262043;11/01/2020;sábado;05:15:00;MG;262;676,2;ARAXA;Condutor Dormindo;Saída de leito carroçável;Com Vítimas Feridas;Amanhecer;Crescente;Nublado;Simples;Reta;Não;2;0;2;0;0;0;2;1;-19,55096;-46,85118;SR-MG;DEL4/8;UOP01/MG
262044;11/01/2020;sábado;04:10:00;SC;101;198;BIGUACU;Agressão Externa;Saída de leito carroçável;Com Vítimas Feridas;Amanhecer;Decrescente;Chuva;Dupla;Reta;Não;3;0;1;0;2;0;1;1;-27,52659;-48,63506;SR-SC;DEL8/1;UOP01/SC
262046;11/01/2020;sábado;04:50:00;PE;104;85,9;AGRESTINA;Ingestão de Álcool;Colisão lateral;Sem Vítimas;Amanhecer;Crescente;Céu Claro;Simples;Curva;Não;6;0;0;0;6;0;0;2;-8,438719;-35,95518;SR-PE;DEL11/2;UOP01/PE
262047;11/01/2020;sábado;05:30:00;SP;116;175;JACAREI;Ingestão de Álcool;Colisão com objeto estático;Com Vítimas Feridas;Amanhecer;Crescente;Céu Claro;Dupla;Não Informado;Sim;1;0;0;1;0;0;1;1;-23,32174;-46,10035;SR-SP;DEL6/2;UOP01/SP
262048;11/01/2020;sábado;03:50:00;MG;356;276,5;EUGENOPOLIS;Ingestão de Álcool;Saída de leito carroçável;Com Vítimas Feridas;Plena Noite;Crescente;Nevoeiro/Neblina;Simples;Não Informado;Não;3;0;2;1;0;0;3;1;-21,12599;-42,27931;SR-MG;DEL4/7;UOP02/MG
262049;11/01/2020;sábado;00:30:00;BA;116;63,7;CHORROCHO;Condutor Dormindo;Saída de leito carroçável;Com Vítimas Feridas;Plena Noite;Decrescente;Céu Claro;Simples;Reta;Não;4;0;3;0;1;0;3;1;-9,15583;-39,11561;SR-PE;DEL11/5;UOP03/PE
262050;11/01/2020;sábado;00:40:00;GO;153;535;HIDROLANDIA;Condutor Dormindo;Saída de leito carroçável;Com Vítimas Feridas;Plena Noite;Crescente;Nublado;Dupla;Desvio Temporário;Não;2;0;2;0;0;0;2;1;-17,01;-49,2202;SR-GO;DEL1/1;UOP03/GO
262051;11/01/2020;sábado;06:00:00;SP;116;220,7;GUARULHOS;Condutor Dormindo;Saída de leito carroçável;Com Vítimas Feridas;Amanhecer;Decrescente;Nublado;Múltipla;Reta;Não;3;0;3;0;0;0;3;1;-23,46473;-46,49794;SR-SP;DEL6/1;UOP01/SP
262052;10/01/2020;sexta-feira;21:10:00;RS;392;248;CACAPAVA DO SUL;Ingestão de Álcool;Saída de leito carroçável;Sem Vítimas;Plena Noite;Crescente;Nublado;Simples;Curva;Não;2;0;0;0;2;0;0;1;-30,55515;-53,40981;SR-RS;DEL9/9;UOP02/RS
262053;11/01/2020;sábado;06:30:00;MG;153;147;CAMPO FLORIDO;Falta de Atenção à Condução;Colisão transversal;Com Vítimas Feridas;Pleno dia;Crescente;Nublado;Simples;Interseção de vias;Não;47;0;7;0;39;1;7;2;-19,62977;-48,84916;SR-MG;DEL13;UOP02/MG
262054;11/01/2020;sábado;05:50:00;MG;262;803,9;UBERABA;Falta de Atenção à Condução;Colisão traseira;Sem Vítimas;Pleno dia;Crescente;Céu Claro;Dupla;Interseção de vias;Sim;2;0;0;0;2;0;0;2;-19,7751;-47,97202;SR-MG;DEL13;UOP01/MG
262055;11/01/2020;sábado;05:30:00;MT;163;821;SINOP;Falta de Atenção à Condução;Danos eventuais;Com Vítimas Feridas;Amanhecer;Crescente;Céu Claro;Simples;Reta;Sim;2;0;1;0;0;1;1;2;-12,11241;-55,51673;SR-MT;DEL2/6;UOP01/MT
262056;10/01/2020;sexta-feira;21:55:00;SC;470;97;APIUNA;Desobediência às normas de trânsito pelo condutor;Colisão traseira;Com Vítimas Feridas;Plena Noite;Crescente;Chuva;Simples;Reta;Não;2;0;1;0;1;0;1;2;-27,02662;-49,37812;SR-SC;DEL8/4;UOP01/SC
262057;11/01/2020;sábado;06:50:00;RS;158;333;SANTA MARIA;Ingestão de Álcool;Saída de leito carroçável;Sem Vítimas;Pleno dia;Decrescente;Céu Claro;Dupla;Não Informado;Sim;4;0;0;0;1;3;0;1;-29,70756;-53,85414;SR-RS;DEL9/9;UOP01/RS
262058;11/01/2020;sábado;07:20:00;RJ;116;224,7;PIRAI;Defeito Mecânico no Veículo;Tombamento;Com Vítimas Feridas;Pleno dia;Decrescente;Sol;Dupla;Não Informado;Não;1;0;1;0;0;0;1;1;-22,66922;-43,83605;SR-RJ;DEL5/7;UOP01/RJ
262059;11/01/2020;sábado;06:45:00;CE;222;22;CAUCAIA;Desobediência às normas de trânsito pelo condutor;Colisão traseira;Sem Vítimas;Pleno dia;Decrescente;Nublado;Simples;Reta;Sim;3;0;0;0;3;0;0;3;-3,733423;-38,75084;SR-CE;DEL16/1;UOP01/CE
262060;11/01/2020;sábado;03:50:00;BA;116;683;JEQUIE;Desobediência às normas de trânsito pelo condutor;Colisão frontal;Com Vítimas Fatais;Plena Noite;Decrescente;Céu Claro;Simples;Curva;Não;6;1;4;1;0;0;5;2;-13,8777;-40,13464;SR-BA;DEL10/3;UOP01/BA
262062;10/01/2020;sexta-feira;21:00:00;PI;316;182;VALENCA DO PIAUI;Animais na Pista;Atropelamento de Animal;Com Vítimas Feridas;Plena Noite;Crescente;Nublado;Simples;Curva;Não;1;0;1;0;0;0;1;1;-6,257728;-41,95994;SR-PI;DEL17/4;UOP02/PI
262063;10/01/2020;sexta-feira;23:00:00;PI;316;250;INHUMA;Falta de Atenção à Condução;Colisão transversal;Sem Vítimas;Plena Noite;Decrescente;Nublado;Simples;Reta;Não;2;0;0;0;1;1;0;2;-6,742085;-41,72373;SR-PI;DEL17/4;UOP02/PI
262064;11/01/2020;sábado;07:45:00;AP;210;0,3;MACAPA;Falta de Atenção à Condução;Engavetamento;Com Vítimas Feridas;Pleno dia;Decrescente;Céu Claro;Dupla;Reta;Sim;3;0;1;0;2;0;1;3;0,07756946;-51,06334;SR-AP;UOP01/AP;
262066;11/01/2020;sábado;08:30:00;DF;40;5;BRASILIA;Falta de Atenção à Condução;Queda de ocupante de veículo;Com Vítimas Feridas;Pleno dia;Decrescente;Céu Claro;Simples;Reta;Sim;1;0;1;0;0;0;1;1;-16,0209;-47,98054;SR-DF;UOP01/DF;
262067;11/01/2020;sábado;08:40:00;PR;376;174,4;MARINGA;Falta de Atenção à Condução;Colisão lateral;Com Vítimas Feridas;Pleno dia;Crescente;Sol;Múltipla;Não Informado;Sim;2;0;1;0;1;0;1;2;-23,4143;-51,94984;SR-PR;DEL7/7;UOP04/PR
262068;11/01/2020;sábado;08:20:00;DF;70;3;BRASILIA;Falta de Atenção à Condução;Colisão lateral;Com Vítimas Feridas;Pleno dia;Decrescente;Céu Claro;Simples;Reta;Sim;2;0;1;0;1;0;1;2;-15,80245;-48,08039;SR-DF;UOP06/DF;
262070;11/01/2020;sábado;09:00:00;RS;116;149,4;CAXIAS DO SUL;Ingestão de Álcool;Colisão traseira;Com Vítimas Feridas;Pleno dia;Decrescente;Chuva;Dupla;Reta;Sim;3;0;0;1;2;0;1;3;-29,15997;-51,15645;SR-RS;DEL9/5;UOP01/RS
262071;11/01/2020;sábado;06:00:00;RR;174;539,9;BOA VISTA;Ingestão de Álcool;Colisão frontal;Com Vítimas Fatais;Amanhecer;Decrescente;Céu Claro;Simples;Reta;Não;4;3;1;0;0;0;1;2;3,081079;-60,81047;SR-RR;UOP01/RR;
262073;11/01/2020;sábado;09:00:00;PE;101;5;GOIANA;Falta de Atenção à Condução;Capotamento;Com Vítimas Feridas;Pleno dia;Decrescente;Céu Claro;Simples;Reta;Não;1;0;1;0;0;0;1;1;-7,541764;-34,99139;SR-PE;DEL11/1;UOP02/PE
262074;11/01/2020;sábado;08:00:00;CE;20;418,5;MARACANAU;Não guardar distância de segurança;Colisão traseira;Com Vítimas Feridas;Pleno dia;Crescente;Céu Claro;Dupla;Reta;Sim;3;0;0;1;2;0;1;3;-3,836936;-38,60703;SR-CE;DEL16/1;UOP02/CE
262075;11/01/2020;sábado;08:30:00;RJ;116;167;SAO JOAO DE MERITI;Falta de Atenção à Condução;Queda de ocupante de veículo;Com Vítimas Feridas;Pleno dia;Decrescente;Céu Claro;Múltipla;Reta;Sim;1;0;1;0;0;0;1;1;-22,81804;-43,30787;SR-RJ;DEL5/1;UOP02/RJ
262076;11/01/2020;sábado;05:00:00;PR;277;34;MORRETES;Falta de Atenção à Condução;Saída de leito carroçável;Com Vítimas Feridas;Plena Noite;Crescente;Nublado;Dupla;Reta;Não;1;0;1;0;0;0;1;1;-25,54737;-48,79056;SR-PR;DEL7/1;UOP07/PR
262078;11/01/2020;sábado;08:45:00;SC;101;41,5;JOINVILLE;Falta de Atenção à Condução;Colisão traseira;Com Vítimas Feridas;Pleno dia;Decrescente;Nublado;Dupla;Não Informado;Sim;2;0;1;0;1;0;1;2;-26,32013;-48,87048;SR-SC;DEL8/3;UOP01/SC
262079;11/01/2020;sábado;09:00:00;PI;343;2;TERESINA;Falta de Atenção à Condução;Colisão lateral;Com Vítimas Feridas;Pleno dia;Crescente;Céu Claro;Múltipla;Reta;Sim;2;0;0;1;1;0;1;2;-5,089569;-42,80229;SR-PI;DEL17/1;UOP01/PI
262080;11/01/2020;sábado;08:45:00;RS;116;377,9;TAPES;Desobediência às normas de trânsito pelo condutor;Colisão transversal;Com Vítimas Feridas;Pleno dia;Decrescente;Nublado;Simples;Interseção de vias;Não;4;0;1;1;2;0;2;2;-30,74674;-51,63195;SR-RS;DEL9/2;UOP02/RS
262081;11/01/2020;sábado;08:10:00;PR;376;473,6;PONTA GROSSA;Velocidade Incompatível;Saída de leito carroçável;Sem Vítimas;Pleno dia;Decrescente;Chuva;Dupla;Curva;Não;1;0;0;0;1;0;0;1;-25,03424;-50,3055;SR-PR;DEL7/3;UOP01/PR
262082;11/01/2020;sábado;09:10:00;SP;116;310;SAO LOURENCO DA SERRA;Defeito Mecânico no Veículo;Colisão traseira;Com Vítimas Feridas;Pleno dia;Decrescente;Céu Claro;Dupla;Reta;Sim;5;0;4;0;1;0;4;2;-23,86058;-46,94636;SR-SP;DEL6/4;UOP01/SP
262083;11/01/2020;sábado;09:00:00;MG;381;503;BETIM;Defeito Mecânico no Veículo;Tombamento;Com Vítimas Feridas;Pleno dia;Crescente;Céu Claro;Dupla;Reta;Sim;2;0;2;0;0;0;2;1;-20,02957;-44,2357;SR-MG;DEL4/1;UOP03/MG
262084;11/01/2020;sábado;08:10:00;GO;153;71;PORANGATU;Ingestão de Álcool;Colisão lateral;Com Vítimas Feridas;Pleno dia;Crescente;Céu Claro;Simples;Interseção de vias;Não;3;0;2;0;1;0;2;2;-13,45846;-49,13558;SR-GO;DEL1/7;UOP01/GO
262085;11/01/2020;sábado;08:30:00;PB;101;110,8;ALHANDRA;Falta de Atenção à Condução;Colisão lateral;Sem Vítimas;Pleno dia;Decrescente;Céu Claro;Dupla;Retorno Regulamentado;Não;2;0;0;0;1;1;0;2;-7,352556;-34,94941;SR-PB;DEL14/1;UOP01/PB
262086;11/01/2020;sábado;09:00:00;GO;364;316;MINEIROS;Defeito Mecânico no Veículo;Incêndio;Sem Vítimas;Pleno dia;Decrescente;Céu Claro;Simples;Reta;Não;1;0;0;0;1;0;0;1;-17,44645;-52,59899;SR-GO;DEL1/5;UOP01/GO
262087;11/01/2020;sábado;08:45:00;PR;376;450,8;TIBAGI;Velocidade Incompatível;Saída de leito carroçável;Com Vítimas Feridas;Pleno dia;Crescente;Garoa/Chuvisco;Dupla;Curva;Não;2;0;0;2;0;0;2;1;-24,8764;-50,44299;SR-PR;DEL7/3;UOP05/PR
262088;11/01/2020;sábado;09:00:00;PR;376;380;IMBAU;Defeito Mecânico no Veículo;Saída de leito carroçável;Com Vítimas Feridas;Pleno dia;Crescente;Chuva;Simples;Não Informado;Não;1;0;1;0;0;0;1;1;-24,4047;-50,7844;SR-PR;DEL7/3;UOP05/PR
262089;11/01/2020;sábado;05:10:00;CE;222;30,1;CAUCAIA;Velocidade Incompatível;Saída de leito carroçável;Sem Vítimas;Amanhecer;Decrescente;Ignorado;Simples;Interseção de vias;Não;1;0;0;0;0;1;0;1;-3,71178;-38,81972;SR-CE;DEL16/1;UOP01/CE
262090;11/01/2020;sábado;09:50:00;SC;280;90,7;CORUPA;Velocidade Incompatível;Queda de ocupante de veículo;Com Vítimas Feridas;Pleno dia;Decrescente;Céu Claro;Simples;Curva;Não;1;0;1;0;0;0;1;1;-26,40742;-49,2835;SR-SC;DEL8/6;UOP03/SC
262093;11/01/2020;sábado;09:30:00;RS;290;701;URUGUAIANA;Falta de Atenção à Condução;Colisão traseira;Com Vítimas Feridas;Pleno dia;Decrescente;Céu Claro;Simples;Curva;Não;2;0;1;0;1;0;1;2;-29,8624;-56,8941;SR-RS;DEL9/13;UOP01/RS
262094;11/01/2020;sábado;08:30:00;SC;280;25;ARAQUARI;Não guardar distância de segurança;Colisão traseira;Com Vítimas Feridas;Pleno dia;Crescente;Céu Claro;Simples;Reta;Não;4;0;2;0;2;0;2;3;-26,38353;-48,72678;SR-SC;DEL8/3;UOP03/SC
262096;11/01/2020;sábado;10:00:00;CE;20;430;FORTALEZA;Desobediência às normas de trânsito pelo condutor;Colisão transversal;Com Vítimas Feridas;Pleno dia;Decrescente;Céu Claro;Simples;Reta;Sim;2;0;1;0;1;0;1;2;-3,76999;-38,67006;SR-CE;DEL16/1;UOP02/CE
262097;11/01/2020;sábado;10:00:00;GO;40;22;LUZIANIA;Velocidade Incompatível;Saída de leito carroçável;Com Vítimas Feridas;Pleno dia;Crescente;Céu Claro;Dupla;Reta;Sim;2;0;2;0;0;0;2;1;-16,22748;-47,91411;SR-DF;UOP01/DF;
262098;11/01/2020;sábado;09:45:00;RO;364;318,9;PRESIDENTE MEDICI;Mal Súbito;Colisão com objeto estático;Com Vítimas Feridas;Pleno dia;Decrescente;Sol;Simples;Reta;Sim;1;0;1;0;0;0;1;1;-11,08535;-61,91477;SR-RO;DEL21/2;UOP01/RO
262099;11/01/2020;sábado;10:30:00;SP;116;177;GUARAREMA;Objeto estático sobre o leito carroçável;Colisão traseira;Com Vítimas Feridas;Pleno dia;Crescente;Sol;Dupla;Reta;Não;3;0;1;1;1;0;2;2;-23,32333;-46,11958;SR-SP;DEL6/2;UOP01/SP
262100;11/01/2020;sábado;11:00:00;MG;365;634;UBERLANDIA;Defeito Mecânico no Veículo;Colisão lateral;Sem Vítimas;Pleno dia;Decrescente;Nublado;Dupla;Reta;Sim;2;0;0;0;2;0;0;2;-18,89398;-48,40921;SR-MG;DEL4/15;UOP01/MG
262101;11/01/2020;sábado;11:00:00;SC;101;208;SAO JOSE;Ingestão de Álcool;Colisão traseira;Sem Vítimas;Pleno dia;Crescente;Nublado;Dupla;Reta;Sim;2;0;0;0;2;0;0;2;-27,60328;-48,63202;SR-SC;DEL8/1;UOP01/SC
262102;11/01/2020;sábado;08:50:00;MG;40;44,7;PARACATU;Falta de Atenção à Condução;Colisão transversal;Com Vítimas Feridas;Pleno dia;Crescente;Céu Claro;Simples;Reta;Sim;4;0;2;0;2;0;2;2;-17,23102;-46,8539;SR-MG;DEL4/14;UOP01/MG
262103;11/01/2020;sábado;11:00:00;RN;405;1;MOSSORO;Ingestão de Álcool;Colisão transversal;Com Vítimas Feridas;Pleno dia;Crescente;Céu Claro;Simples;Reta;Sim;2;0;1;1;0;0;2;2;-5,191702;-37,36147;SR-RN;DEL15/4;UOP02/RN
262104;11/01/2020;sábado;11:08:00;MG;50;140;UBERABA;Falta de Atenção à Condução;Saída de leito carroçável;Com Vítimas Feridas;Pleno dia;Crescente;Chuva;Dupla;Reta;Não;2;0;1;0;1;0;1;1;-19,47658;-48,05333;SR-MG;DEL13;UOP01/MG
262105;11/01/2020;sábado;10:50:00;RJ;116;122;MAGE;Falta de Atenção à Condução;Colisão traseira;Sem Vítimas;Pleno dia;Decrescente;Céu Claro;Dupla;Reta;Sim;4;0;0;0;4;0;0;3;-22,6351;-43,05578;SR-RJ;DEL5/4;UOP02/RJ
262106;11/01/2020;sábado;11:00:00;PB;230;64;SAO MIGUEL DE TAIPU;Falta de Atenção à Condução;Saída de leito carroçável;Com Vítimas Feridas;Pleno dia;Crescente;Céu Claro;Dupla;Não Informado;Não;1;0;1;0;0;0;1;1;-7,1944;-35,1754;SR-PB;DEL14/1;UOP02/PB
262107;11/01/2020;sábado;11:20:00;SP;116;193;SANTA ISABEL;Defeito Mecânico no Veículo;Tombamento;Com Vítimas Feridas;Pleno dia;Decrescente;Céu Claro;Dupla;Reta;Não;2;0;1;0;1;0;1;1;-23,38041;-46,25851;SR-SP;DEL6/2;UOP01/SP
262108;11/01/2020;sábado;10:55:00;MT;364;398;CUIABA;Desobediência às normas de trânsito pelo condutor;Colisão transversal;Com Vítimas Feridas;Pleno dia;Decrescente;Céu Claro;Dupla;Interseção de vias;Não;2;0;1;0;1;0;1;2;-15,66599;-55,9614;SR-MT;DEL2/1;UOP01/MT
262109;11/01/2020;sábado;09:30:00;PI;407;453,5;JAICOS;Pista Escorregadia;Saída de leito carroçável;Com Vítimas Feridas;Pleno dia;Crescente;Céu Claro;Simples;Reta;Não;2;0;0;2;0;0;2;1;-7,258;-41,23022;SR-PI;DEL17/4;UOP01/PI
262110;11/01/2020;sábado;11:15:00;PR;153;460;UNIAO DA VITORIA;Defeito Mecânico no Veículo;Colisão lateral;Com Vítimas Feridas;Pleno dia;Decrescente;Nublado;Simples;Curva;Não;3;0;0;1;2;0;1;3;-26,23111;-51,14174;SR-PR;DEL7/2;UOP02/PR
262111;11/01/2020;sábado;11:30:00;MG;381;484,3;BETIM;Falta de Atenção à Condução;Colisão lateral;Com Vítimas Feridas;Pleno dia;Crescente;Céu Claro;Dupla;Reta;Sim;2;0;1;0;1;0;1;2;-19,95942;-44,08754;SR-MG;DEL4/1;UOP03/MG
262112;11/01/2020;sábado;11:20:00;RS;470;218;BENTO GONCALVES;Falta de Atenção à Condução;Colisão transversal;Com Vítimas Feridas;Pleno dia;Decrescente;Nublado;Simples;Interseção de vias;Sim;4;0;1;0;3;0;1;2;-29,18237;-51,52014;SR-RS;DEL9/6;UOP01/RS
262113;11/01/2020;sábado;11:00:00;PR;277;116;CAMPO LARGO;Falta de Atenção à Condução;Colisão lateral;Com Vítimas Feridas;Pleno dia;Decrescente;Céu Claro;Dupla;Reta;Não;2;0;1;0;1;0;1;2;-25,43343;-49,40593;SR-PR;DEL7/1;UOP05/PR
262114;11/01/2020;sábado;12:00:00;SP;381;82;SAO PAULO;Desobediência às normas de trânsito pelo condutor;Colisão lateral;Com Vítimas Feridas;Pleno dia;Decrescente;Céu Claro;Dupla;Reta;Sim;3;0;2;0;1;0;2;2;-23,42399;-46,57511;SR-SP;DEL6/3;UOP02/SP
262115;11/01/2020;sábado;07:30:00;TO;153;749,8;ALVORADA;Falta de Atenção à Condução;Saída de leito carroçável;Sem Vítimas;Pleno dia;Decrescente;Chuva;Simples;Reta;Não;1;0;0;0;1;0;0;1;-12,37561;-49,14052;SR-TO;UOP01/TO;
262116;11/01/2020;sábado;12:15:00;MG;116;274,2;TEOFILO OTONI;Ingestão de Álcool;Colisão lateral;Com Vítimas Feridas;Pleno dia;Crescente;Céu Claro;Simples;Interseção de vias;Sim;2;0;1;0;1;0;1;2;-17,83385;-41,51094;SR-MG;DEL4/11;UOP01/MG
262117;11/01/2020;sábado;12:10:00;MG;381;626,8;OLIVEIRA;Falta de Atenção à Condução;Saída de leito carroçável;Com Vítimas Feridas;Pleno dia;Crescente;Chuva;Dupla;Curva;Não;1;0;1;0;0;0;1;1;-20,82829;-44,80796;SR-MG;DEL4/4;UOP01/MG
262118;11/01/2020;sábado;12:25:00;RJ;101;155;MACAE;Desobediência às normas de trânsito pelo condutor;Colisão lateral;Sem Vítimas;Pleno dia;Crescente;Céu Claro;Simples;Reta;Não;3;0;0;0;3;0;0;3;-22,25964;-41,84127;SR-RJ;DEL5/2;UOP03/RJ
262119;11/01/2020;sábado;08:55:00;TO;153;211,1;NOVA OLINDA;Condutor Dormindo;Saída de leito carroçável;Com Vítimas Feridas;Pleno dia;Decrescente;Chuva;Simples;Reta;Não;2;0;0;2;0;0;2;1;-7,743519;-48,45085;SR-TO;UOP04/TO;
262121;11/01/2020;sábado;12:50:00;GO;40;2;VALPARAISO DE GOIAS;Falta de Atenção à Condução;Atropelamento de Pedestre;Com Vítimas Feridas;Pleno dia;Crescente;Céu Claro;Simples;Reta;Sim;3;0;1;0;1;1;1;2;-16,06713;-47,98423;SR-DF;UOP01/DF;
262122;11/01/2020;sábado;12:00:00;MG;381;352;JOAO MONLEVADE;Carga excessiva e/ou mal acondicionada;Saída de leito carroçável;Com Vítimas Feridas;Pleno dia;Decrescente;Céu Claro;Simples;Curva;Não;2;0;2;0;0;0;2;1;-19,85815;-43,1231;SR-MG;DEL4/3;UOP01/MG
262124;11/01/2020;sábado;12:45:00;MG;381;907,4;CAMBUI;Velocidade Incompatível;Saída de leito carroçável;Com Vítimas Feridas;Pleno dia;Crescente;Nublado;Dupla;Não Informado;Não;1;0;0;1;0;0;1;1;-22,67447;-46,09751;SR-MG;DEL09;UOP03/MG
262125;11/01/2020;sábado;12:20:00;MG;381;481,1;BETIM;Desobediência às normas de trânsito pelo condutor;Colisão traseira;Com Vítimas Feridas;Pleno dia;Decrescente;Céu Claro;Dupla;Interseção de vias;Sim;2;0;0;1;1;0;1;2;-19,95932;-44,08826;SR-MG;DEL4/1;UOP03/MG
262126;11/01/2020;sábado;13:00:00;SP;116;276,5;EMBU DAS ARTES;Falta de Atenção à Condução;Queda de ocupante de veículo;Com Vítimas Feridas;Pleno dia;Decrescente;Sol;Dupla;Reta;Sim;1;0;0;1;0;0;1;1;-23,6251;-46,8162;SR-SP;DEL6/4;UOP01/SP
262127;11/01/2020;sábado;09:50:00;MA;10;249,8;IMPERATRIZ;Desobediência às normas de trânsito pelo condutor;Colisão lateral;Com Vítimas Feridas;Pleno dia;Crescente;Céu Claro;Simples;Reta;Sim;2;0;1;0;1;0;1;2;-5,558508;-47,45417;SR-MA;DEL18/4;UOP01/MA
262128;11/01/2020;sábado;13:30:00;RJ;116;166;RIO DE JANEIRO;Falta de Atenção à Condução;Atropelamento de Pedestre;Com Vítimas Feridas;Pleno dia;Decrescente;Sol;Múltipla;Reta;Sim;2;0;1;0;1;0;1;1;-22,8156;-43,30052;SR-RJ;DEL5/1;UOP02/RJ