id;data_inversa;dia_semana;horario;uf;br;km;municipio;causa_acidente;tipo_acidente;classificacao_acidente;fase_dia;sentido_via;condicao_metereologica;tipo_pista;tracado_via;uso_solo;pessoas;mortos;feridos_leves;feridos_graves;ilesos;ignorados;feridos;veiculos;latitude;longitude;regional;delegacia;uop
262232;11/01/2020;sábado;12:30:00;MA;226;547,3;PORTO FRANCO;Falta de Atenção à Condução;Colisão transversal;Com Vítimas Fatais;Pleno dia;Decrescente;Céu Claro;Simples;Reta;Não;6;1;3;1;1;0;4;2;-6,262709;-47,19281;SR-MA;DEL18/4;UOP02/MA
262233;11/01/2020;sábado;23:00:00;PB;230;23,9;JOAO PESSOA;Falta de Atenção à Condução;Saída de leito carroçável;Com Vítimas Feridas;Plena Noite;Crescente;Céu Claro;Dupla;Reta;Sim;1;0;1;0;0;0;1;1;-7,1562;-34,8574;SR-PB;DEL14/1;UOP01/PB
262234;11/01/2020;sábado;23:30:00;MA;316;614,4;TIMON;Falta de Atenção à Condução;Colisão com objeto estático;Com Vítimas Fatais;Plena Noite;Crescente;Céu Claro;Simples;Reta;Sim;2;1;0;1;0;0;1;1;-5,082491;-42,84059;SR-MA;DEL18/3;UOP02/MA
262236;11/01/2020;sábado;20:40:00;BA;116;652;JEQUIE;Desobediência às normas de trânsito pelo condutor;Colisão frontal;Com Vítimas Feridas;Plena Noite;Crescente;Céu Claro;Simples;Curva;Não;7;0;2;3;2;0;5;2;-13,62856;-40,09263;SR-BA;DEL10/3;UOP01/BA
262237;12/01/2020;domingo;00:00:00;RN;304;32,8;MOSSORO;Desobediência às normas de trânsito pelo condutor;Colisão traseira;Com Vítimas Feridas;Plena Noite;Decrescente;Céu Claro;Dupla;Reta;Sim;3;0;0;1;1;1;1;2;-5,14282;-37,34659;SR-RN;DEL15/4;UOP02/RN
262238;12/01/2020;domingo;00:13:00;DF;20;21,4;BRASILIA;Ingestão de Álcool;Colisão traseira;Sem Vítimas;Plena Noite;Crescente;Céu Claro;Dupla;Reta;Sim;2;0;0;0;2;0;0;2;-15,60338;-47,68469;SR-DF;UOP01/DEL02/DF;
262239;11/01/2020;sábado;23:55:00;RS;290;24,7;SANTO ANTONIO DA PATRULHA;Condutor Dormindo;Saída de leito carroçável;Com Vítimas Feridas;Pleno dia;Decrescente;Nublado;Dupla;Reta;Não;14;0;11;1;2;0;12;1;-29,88103;-50,5;SR-RS;DEL9/3;UOP01/RS
262240;11/01/2020;sábado;14:10:00;MG;381;582;CARMOPOLIS DE MINAS;Velocidade Incompatível;Capotamento;Com Vítimas Feridas;Pleno dia;Decrescente;Sol;Dupla;Curva;Não;3;0;2;0;1;0;2;1;-20,51931;-44,62406;SR-MG;DEL4/4;UOP01/MG
262241;12/01/2020;domingo;01:00:00;PI;316;11,5;TERESINA;Falta de Atenção à Condução;Colisão com objeto estático;Sem Vítimas;Plena Noite;Crescente;Céu Claro;Simples;Não Informado;Sim;1;0;0;0;1;0;0;1;-5,194879;-42,75997;SR-PI;DEL17/1;UOP02/PI
262242;12/01/2020;domingo;01:30:00;RS;116;235;NOVO HAMBURGO;Ingestão de Álcool;Colisão com objeto estático;Com Vítimas Feridas;Plena Noite;Decrescente;Céu Claro;Dupla;Reta;Sim;3;0;0;2;1;0;2;1;-29,66038;-51,14387;SR-RS;DEL9/1;UOP02/RS
262243;12/01/2020;domingo;01:30:00;PE;428;94,1;SANTA MARIA DA BOA VISTA;Animais na Pista;Atropelamento de Animal;Sem Vítimas;Plena Noite;Decrescente;Céu Claro;Simples;Reta;Não;1;0;0;0;1;0;0;1;-8,810586;-39,91204;SR-PE;DEL11/6;UOP03/PE
262244;11/01/2020;sábado;23:45:00;BA;367;30,9;PORTO SEGURO;Deficiência ou não Acionamento do Sistema de Iluminação/Sinalização do Veículo;Colisão traseira;Com Vítimas Feridas;Plena Noite;Crescente;Céu Claro;Simples;Reta;Não;3;0;3;0;0;0;3;2;-16,41558;-39,12658;SR-BA;DEL10/9;UOP01/BA
262245;11/01/2020;sábado;22:03:00;MS;163;253,8;DOURADOS;Falta de Atenção à Condução;Saída de leito carroçável;Com Vítimas Fatais;Plena Noite;Decrescente;Chuva;Dupla;Rotatória;Sim;1;1;0;0;0;0;0;1;-22,27314;-54,81801;SR-MS;DEL3/4;UOP01/MS
262246;12/01/2020;domingo;02:00:00;SP;116;134;CACAPAVA;Falta de Atenção à Condução;Colisão frontal;Com Vítimas Feridas;Plena Noite;Decrescente;Céu Claro;Dupla;Reta;Não;5;0;5;0;0;0;5;2;-23,14022;-45,76173;SR-SP;DEL6;UOP01/SP
262247;12/01/2020;domingo;01:40:00;SP;116;281;EMBU DAS ARTES;Ingestão de Álcool;Colisão traseira;Com Vítimas Feridas;Plena Noite;Decrescente;Céu Claro;Dupla;Reta;Sim;5;0;3;0;2;0;3;2;-23,65224;-46,84679;SR-SP;DEL6/4;UOP01/SP
262249;12/01/2020;domingo;01:00:00;RJ;116;168,9;RIO DE JANEIRO;Velocidade Incompatível;Capotamento;Com Vítimas Feridas;Plena Noite;Crescente;Céu Claro;Dupla;Reta;Sim;2;0;1;1;0;0;2;1;-22,7909;-43,36956;SR-RJ;DEL5/1;UOP02/RJ
262250;12/01/2020;domingo;00:20:00;SC;101;75;ARAQUARI;Defeito Mecânico no Veículo;Incêndio;Sem Vítimas;Plena Noite;Crescente;Nublado;Simples;Reta;Não;1;0;0;0;0;1;0;1;-26,55197;-48,71688;SR-SC;DEL8/3;UOP02/SC
262251;12/01/2020;domingo;00:20:00;SC;280;48,1;ARAQUARI;Falta de Atenção à Condução;Colisão transversal;Com Vítimas Feridas;Plena Noite;Crescente;Nublado;Simples;Não Informado;Sim;3;0;1;0;2;0;1;2;-26,45597;-48,93014;SR-SC;DEL8/3;UOP03/SC
262253;12/01/2020;domingo;00:15:00;PR;116;16;CAMPINA GRANDE DO SUL;Velocidade Incompatível;Saída de leito carroçável;Com Vítimas Feridas;Plena Noite;Decrescente;Garoa/Chuvisco;Dupla;Curva;Sim;5;0;1;0;4;0;1;1;-25,0997;-48,69223;SR-PR;DEL7/1;UOP02/PR
262254;12/01/2020;domingo;01:30:00;SP;116;546;BARRA DO TURVO;Condutor Dormindo;Tombamento;Sem Vítimas;Plena Noite;Crescente;Garoa/Chuvisco;Simples;Reta;Não;1;0;0;0;1;0;0;1;-24,94709;-48,43042;SR-SP;DEL6/5;UOP03/SP
262255;12/01/2020;domingo;02:00:00;MG;381;695,3;LAVRAS;Ingestão de Álcool;Colisão com objeto estático;Sem Vítimas;Plena Noite;Decrescente;Nublado;Dupla;Não Informado;Não;1;0;0;0;1;0;0;1;-21,24896;-45,13826;SR-MG;DEL4/4;UOP02/MG
262256;12/01/2020;domingo;02:50:00;SC;282;506,9;XANXERE;Ingestão de Álcool;Saída de leito carroçável;Com Vítimas Feridas;Plena Noite;Crescente;Céu Claro;Simples;Curva;Sim;1;0;1;0;0;0;1;1;-26,88571;-52,42907;SR-SC;DEL7;UOP01/SC
262257;12/01/2020;domingo;02:00:00;RS;470;166,1;VILA FLORES;Ingestão de Álcool;Capotamento;Com Vítimas Feridas;Plena Noite;Decrescente;Nublado;Dupla;Curva;Não;2;0;1;1;0;0;2;1;-28,84767;-51,57122;SR-RS;DEL9/6;UOP02/RS
262258;12/01/2020;domingo;01:55:00;RJ;116;185;NOVA IGUACU;Falta de Atenção à Condução;Colisão lateral;Sem Vítimas;Plena Noite;Crescente;Céu Claro;Dupla;Reta;Não;2;0;0;0;2;0;0;2;-22,74151;-43,45352;SR-RJ;DEL5/1;UOP02/RJ
262259;12/01/2020;domingo;02:00:00;MG;40;792;JUIZ DE FORA;Condutor Dormindo;Saída de leito carroçável;Com Vítimas Feridas;Plena Noite;Crescente;Nublado;Dupla;Reta;Não;2;0;2;0;0;0;2;1;-21,78487;-43,4145;SR-MG;DEL5;UOP01/MG
262260;12/01/2020;domingo;03:50:00;PR;376;225;APUCARANA;Ingestão de Álcool;Colisão com objeto estático;Com Vítimas Feridas;Plena Noite;Decrescente;Nublado;Dupla;Curva;Não;1;0;1;0;0;0;1;1;-23,58555;-51,57009;SR-PR;DEL7/7;UOP03/PR
262261;12/01/2020;domingo;03:20:00;RO;364;344,1;JI-PARANA;Falta de Atenção à Condução;Colisão com objeto estático;Com Vítimas Fatais;Plena Noite;Crescente;Chuva;Simples;Desvio Temporário;Sim;2;1;0;0;1;0;0;2;-10,87237;-61,95443;SR-RO;DEL21/2;UOP01/RO
262262;11/01/2020;sábado;12:50:00;MA;135;159;SAO MATEUS DO MARANHAO;Carga excessiva e/ou mal acondicionada;Derramamento de carga;Sem Vítimas;Pleno dia;Crescente;Céu Claro;Simples;Reta;Não;1;0;0;0;1;0;0;1;-3,838698;-44,50987;SR-MA;DEL18/1;UOP02/MA
262263;12/01/2020;domingo;03:30:00;PR;277;725,1;FOZ DO IGUACU;Ingestão de Álcool;Capotamento;Sem Vítimas;Plena Noite;Crescente;Céu Claro;Dupla;Reta;Sim;1;0;0;0;0;1;0;1;-25,50824;-54,5462;SR-PR;DEL7/5;UOP03/PR
262264;12/01/2020;domingo;05:10:00;GO;153;562;PROFESSOR JAMIL;Defeito Mecânico no Veículo;Capotamento;Sem Vítimas;Amanhecer;Decrescente;Céu Claro;Dupla;Reta;Não;1;0;0;0;0;1;0;1;-17,2316;-49,2328;SR-GO;DEL1/3;UOP01/GO
262265;12/01/2020;domingo;04:50:00;RS;290;107,4;ELDORADO DO SUL;Falta de Atenção à Condução;Colisão com objeto estático;Com Vítimas Feridas;Plena Noite;Decrescente;Nublado;Simples;Curva;Sim;1;0;1;0;0;0;1;1;-30,00185;-51,30426;SR-RS;DEL9/2;UOP01/RS
262266;12/01/2020;domingo;05:30:00;PR;376;223,3;CAMBIRA;Avarias e/ou desgaste excessivo no pneu;Saída de leito carroçável;Com Vítimas Feridas;Amanhecer;Crescente;Nublado;Dupla;Não Informado;Não;2;0;2;0;0;0;2;1;-23,59013;-51,57481;SR-PR;DEL7/7;UOP03/PR
262267;12/01/2020;domingo;05:50:00;PR;369;150;LONDRINA;Avarias e/ou desgaste excessivo no pneu;Colisão com objeto estático;Sem Vítimas;Amanhecer;Decrescente;Céu Claro;Dupla;Reta;Sim;1;0;0;0;0;1;0;1;-23,29291;-51,16191;SR-PR;DEL7/7;UOP01/PR
262268;12/01/2020;domingo;05:00:00;RS;392;17,1;RIO GRANDE;Falta de Atenção à Condução;Saída de leito carroçável;Com Vítimas Feridas;Pleno dia;Decrescente;Céu Claro;Dupla;Curva;Sim;1;0;1;0;0;0;1;1;-32,09361;-52,16813;SR-RS;DEL9/7;UOP02/RS
262269;12/01/2020;domingo;05:55:00;DF;40;6,8;BRASILIA;Velocidade Incompatível;Queda de ocupante de veículo;Com Vítimas Feridas;Amanhecer;Crescente;Céu Claro;Simples;Reta;Sim;2;0;2;0;0;0;2;1;-16,02974;-47,97887;SR-DF;UOP01/DF;
262270;12/01/2020;domingo;04:10:00;SP;116;274,9;TABOAO DA SERRA;Avarias e/ou desgaste excessivo no pneu;Colisão com objeto estático;Com Vítimas Feridas;Pleno dia;Decrescente;Céu Claro;Dupla;Reta;Sim;2;0;2;0;0;0;2;1;-23,61825;-46,80673;SR-SP;DEL6/4;UOP01/SP
262271;12/01/2020;domingo;06:20:00;PR;467;108,7;CASCAVEL;Ingestão de Álcool;Saída de leito carroçável;Com Vítimas Feridas;Pleno dia;Crescente;Céu Claro;Dupla;Curva;Não;1;0;1;0;0;0;1;1;-24,92487;-53,46586;SR-PR;DEL7/4;UOP01/PR
262272;12/01/2020;domingo;06:15:00;RS;285;264,7;MATO CASTELHANO;Ingestão de Álcool;Saída de leito carroçável;Com Vítimas Fatais;Amanhecer;Decrescente;Sol;Simples;Reta;Não;2;1;0;0;1;0;0;1;-28,30502;-52,11805;SR-RS;DEL08;UOP03/RS
262273;12/01/2020;domingo;05:45:00;AL;316;242,6;ATALAIA;Falta de Atenção à Condução;Colisão traseira;Com Vítimas Feridas;Amanhecer;Crescente;Céu Claro;Simples;Reta;Não;2;0;0;1;1;0;1;2;-9,507274;-36,02114;SR-AL;DEL13/1;UOP01/AL
262274;12/01/2020;domingo;06:00:00;CE;222;4,8;CAUCAIA;Desobediência às normas de trânsito pelo condutor;Colisão transversal;Com Vítimas Feridas;Amanhecer;Crescente;Céu Claro;Múltipla;Retorno Regulamentado;Sim;2;0;1;0;1;0;1;2;-3,741648;-38,6045;SR-CE;DEL16/1;UOP01/CE
262275;12/01/2020;domingo;00:50:00;MT;364;525;ROSARIO OESTE;Falta de Atenção à Condução;Saída de leito carroçável;Sem Vítimas;Plena Noite;Crescente;Céu Claro;Simples;Reta;Não;1;0;0;0;1;0;0;1;-15,04934;-56,51627;SR-MT;DEL2/4;UOP01/MT
262276;12/01/2020;domingo;05:50:00;MG;459;14,7;CALDAS;Falta de Atenção do Pedestre;Atropelamento de Pedestre;Com Vítimas Fatais;Amanhecer;Decrescente;Céu Claro;Simples;Curva;Não;2;1;0;0;0;1;0;1;-21,85176;-46,43844;SR-MG;DEL09;UOP04/MG
262277;12/01/2020;domingo;06:00:00;MG;381;452;SABARA;Condutor Dormindo;Saída de leito carroçável;Com Vítimas Feridas;Pleno dia;Decrescente;Sol;Simples;Reta;Sim;7;0;1;2;1;3;3;4;-19,84184;-43,86518;SR-MG;DEL4/1;UOP01/MG
262278;12/01/2020;domingo;06:30:00;SP;116;507;CAJATI;Velocidade Incompatível;Saída de leito carroçável;Com Vítimas Feridas;Amanhecer;Decrescente;Nublado;Simples;Curva;Não;1;0;1;0;0;0;1;1;-24,80529;-48,21497;SR-SP;DEL6/5;UOP03/SP
262279;12/01/2020;domingo;06:40:00;MG;381;484;BETIM;Defeito Mecânico no Veículo;Saída de leito carroçável;Com Vítimas Feridas;Pleno dia;Crescente;Céu Claro;Dupla;Não Informado;Sim;2;0;1;0;1;0;1;1;-19,95532;-44,11722;SR-MG;DEL4/1;UOP03/MG
262280;12/01/2020;domingo;07:15:00;PR;376;661;TIJUCAS DO SUL;Defeito Mecânico no Veículo;Colisão lateral;Com Vítimas Feridas;Pleno dia;Crescente;Céu Claro;Dupla;Reta;Não;3;0;1;0;2;0;1;2;-25,88532;-48,93515;SR-PR;DEL7/1;UOP08/PR
262281;12/01/2020;domingo;02:00:00;BA;110;72;JEREMOABO;Ingestão de álcool e/ou substâncias psicoativas pelo pedestre;Colisão frontal;Com Vítimas Feridas;Plena Noite;Decrescente;Céu Claro;Simples;Reta;Não;3;0;0;1;2;0;1;2;-10,05964;-38,34386;SR-BA;DEL10/7;UOP01/BA
262282;12/01/2020;domingo;05:00:00;RS;386;279,5;SAO JOSE DO HERVAL;Velocidade Incompatível;Saída de leito carroçável;Sem Vítimas;Plena Noite;Decrescente;Céu Claro;Simples;Curva;Não;1;0;0;0;0;1;0;1;-29,02266;-52,31988;SR-RS;DEL9/4;UOP03/RS
262283;12/01/2020;domingo;05:59:00;RJ;101;304;SAO GONCALO;Condutor Dormindo;Saída de leito carroçável;Com Vítimas Feridas;Amanhecer;Decrescente;Céu Claro;Dupla;Reta;Sim;1;0;1;0;0;0;1;1;-22,78492;-42,98628;SR-RJ;DEL5/2;UOP01/RJ
262284;12/01/2020;domingo;06:50:00;RJ;116;164;RIO DE JANEIRO;Falta de Atenção à Condução;Colisão traseira;Com Vítimas Feridas;Amanhecer;Decrescente;Céu Claro;Múltipla;Reta;Sim;2;0;1;0;1;0;1;2;-22,81311;-43,33012;SR-RJ;DEL5/1;UOP01/RJ
262285;12/01/2020;domingo;06:56:00;RJ;116;164;RIO DE JANEIRO;Falta de Atenção à Condução;Colisão traseira;Sem Vítimas;Pleno dia;Decrescente;Céu Claro;Dupla;Curva;Não;2;0;0;0;2;0;0;2;-22,81074;-43,28844;SR-RJ;DEL5/1;UOP01/RJ
262286;12/01/2020;domingo;07:15:00;PR;277;712,9;SANTA TEREZINHA DE ITAIPU;Ingestão de álcool e/ou substâncias psicoativas pelo pedestre;Saída de leito carroçável;Com Vítimas Feridas;Pleno dia;Decrescente;Céu Claro;Dupla;Reta;Não;1;0;1;0;0;0;1;1;-25,45781;-54,4312;SR-PR;DEL7/5;UOP01/PR
262287;12/01/2020;domingo;06:00:00;PR;163;103,2;CAPANEMA;Ingestão de Álcool;Saída de leito carroçável;Sem Vítimas;Amanhecer;Crescente;Céu Claro;Simples;Curva;Não;1;0;0;0;1;0;0;1;-25,60244;-53,76238;SR-PR;DEL7/2;UOP04/PR
262288;12/01/2020;domingo;07:00:00;ES;101;322;GUARAPARI;Falta de Atenção à Condução;Colisão lateral;Sem Vítimas;Pleno dia;Decrescente;Céu Claro;Múltipla;Desvio Temporário;Não;2;0;0;0;1;1;0;2;-20,52834;-40,48237;SR-ES;DEL12/3;UOP01/ES
262289;12/01/2020;domingo;05:50:00;SP;116;272,9;TABOAO DA SERRA;Ingestão de Álcool;Saída de leito carroçável;Sem Vítimas;Amanhecer;Decrescente;Céu Claro;Dupla;Retorno Regulamentado;Sim;2;0;0;0;2;0;0;1;-23,62169;-46,81329;SR-SP;DEL6/4;UOP01/SP
262290;12/01/2020;domingo;07:00:00;SC;282;646;SAO MIGUEL DO OESTE;Ingestão de álcool e/ou substâncias psicoativas pelo pedestre;Saída de leito carroçável;Com Vítimas Feridas;Pleno dia;Crescente;Céu Claro;Simples;Não Informado;Sim;1;0;1;0;0;0;1;1;-26,76393;-53,49683;SR-SC;DEL7;UOP03/SC
262291;12/01/2020;domingo;05:00:00;BA;101;574;ARATACA;Falta de Atenção do Pedestre;Atropelamento de Pedestre;Com Vítimas Fatais;Amanhecer;Decrescente;Céu Claro;Simples;Reta;Não;2;1;0;0;0;1;0;1;-15,31477;-39,49687;SR-BA;DEL10/5;UOP02/BA
262293;12/01/2020;domingo;08:40:00;RS;392;18,4;RIO GRANDE;Velocidade Incompatível;Colisão traseira;Com Vítimas Feridas;Pleno dia;Crescente;Sol;Dupla;Reta;Sim;8;0;2;0;6;0;2;2;-32,09018;-52,17651;SR-RS;DEL9/7;UOP02/RS
262294;12/01/2020;domingo;06:20:00;MG;381;456;BELO HORIZONTE;Não guardar distância de segurança;Colisão traseira;Com Vítimas Feridas;Pleno dia;Crescente;Céu Claro;Dupla;Curva;Sim;3;0;2;0;1;0;2;2;-19,85095;-43,88817;SR-MG;DEL4/1;UOP01/MG
262295;12/01/2020;domingo;08:20:00;BA;110;5,8;PAULO AFONSO;Velocidade Incompatível;Saída de leito carroçável;Com Vítimas Feridas;Pleno dia;Crescente;Sol;Simples;Ponte;Não;5;0;4;1;0;0;5;1;-9,49662;-38,21521;SR-BA;DEL10/7;UOP01/BA
262297;12/01/2020;domingo;10:30:00;MG;365;473,5;PATROCINIO;Não guardar distância de segurança;Colisão traseira;Com Vítimas Feridas;Pleno dia;Decrescente;Céu Claro;Simples;Não Informado;Sim;3;0;1;0;2;0;1;2;-18,92253;-47,0152;SR-MG;DEL4/10;UOP01/MG
262298;12/01/2020;domingo;10:30:00;PE;232;508,3;SALGUEIRO;Desobediência às normas de trânsito pelo condutor;Colisão transversal;Com Vítimas Feridas;Pleno dia;Crescente;Céu Claro;Simples;Reta;Sim;2;0;0;1;1;0;1;2;-8,062756;-39,1233;SR-PE;DEL11/5;UOP01/PE
262299;12/01/2020;domingo;10:40:00;MG;40;457,6;CAETANOPOLIS;Velocidade Incompatível;Tombamento;Com Vítimas Feridas;Pleno dia;Crescente;Céu Claro;Dupla;Curva;Não;1;0;1;0;0;0;1;1;-19,37147;-44,33613;SR-MG;DEL4/2;UOP01/MG
262301;12/01/2020;domingo;10:50:00;PB;101;88;JOAO PESSOA;Não guardar distância de segurança;Colisão traseira;Com Vítimas Feridas;Pleno dia;Crescente;Céu Claro;Dupla;Reta;Sim;3;0;0;1;1;1;1;2;-7,165689;-34,89653;SR-PB;DEL14/1;UOP01/PB
262302;12/01/2020;domingo;04:55:00;MG;116;110,1;ITAOBIM;Condutor Dormindo;Colisão frontal;Com Vítimas Fatais;Amanhecer;Decrescente;Céu Claro;Simples;Reta;Não;6;3;0;2;1;0;2;2;-16,51283;-41,5062;SR-MG;DEL4/11;UOP02/MG
262303;12/01/2020;domingo;10:40:00;CE;20;421;MARACANAU;Desobediência às normas de trânsito pelo condutor;Colisão transversal;Com Vítimas Feridas;Pleno dia;Crescente;Céu Claro;Dupla;Reta;Sim;3;0;0;2;1;0;2;2;-3,76999;-38,67006;SR-CE;DEL16/1;UOP02/CE
262304;12/01/2020;domingo;10:30:00;RS;386;385,7;TABAI;Falta de Atenção à Condução;Saída de leito carroçável;Com Vítimas Feridas;Pleno dia;Crescente;Céu Claro;Dupla;Reta;Sim;3;0;3;0;0;0;3;1;-29,68211;-51,72397;SR-RS;DEL9/4;UOP02/RS
262305;12/01/2020;domingo;10:00:00;PB;230;219,8;SOLEDADE;Defeito Mecânico no Veículo;Capotamento;Com Vítimas Feridas;Pleno dia;Decrescente;Sol;Simples;Reta;Não;4;0;1;1;2;0;2;1;-7,0463;-36,3909;SR-PB;DEL14/2;UOP02/PB
262306;12/01/2020;domingo;11:05:00;SC;101;29,1;JOINVILLE;Falta de Atenção à Condução;Colisão traseira;Com Vítimas Feridas;Pleno dia;Crescente;Nublado;Dupla;Reta;Sim;3;0;0;1;1;1;1;2;-26,2119;-48,9159;SR-SC;DEL8/3;UOP01/SC
262307;12/01/2020;domingo;11:20:00;SP;101;50;UBATUBA;Falta de Atenção à Condução;Tombamento;Com Vítimas Feridas;Pleno dia;Crescente;Nublado;Simples;Reta;Sim;1;0;1;0;0;0;1;1;-23,45019;-45,07744;SR-SP;DEL6;UOP03/SP
262308;12/01/2020;domingo;07:50:00;MT;70;346;CAMPO VERDE;Desobediência às normas de trânsito pelo condutor;Colisão lateral;Com Vítimas Feridas;Pleno dia;Crescente;Céu Claro;Simples;Reta;Não;3;0;0;1;1;1;1;2;-15,51192;-54,85651;SR-MT;DEL2/5;UOP01/MT
262309;12/01/2020;domingo;11:15:00;SC;470;139,1;RIO DO SUL;Falta de Atenção à Condução;Tombamento;Com Vítimas Feridas;Pleno dia;Crescente;Céu Claro;Dupla;Interseção de vias;Sim;2;0;1;0;1;0;1;2;-27,21756;-49,65461;SR-SC;DEL8/4;UOP02/SC
262310;12/01/2020;domingo;11:30:00;GO;50;248,5;CATALAO;Falta de Atenção à Condução;Colisão lateral;Sem Vítimas;Pleno dia;Decrescente;Céu Claro;Dupla;Não Informado;Não;3;0;0;0;3;0;0;2;-17,9522;-47,7883;SR-GO;DEL1/6;UOP01/GO
262311;12/01/2020;domingo;11:30:00;MG;50;30,5;ARAGUARI;Defeito Mecânico no Veículo;Queda de ocupante de veículo;Com Vítimas Feridas;Pleno dia;Crescente;Céu Claro;Dupla;Curva;Não;1;0;1;0;0;0;1;1;-18,61551;-48,11661;SR-MG;DEL4/15;UOP02/MG
262312;12/01/2020;domingo;11:40:00;RJ;101;545;PARATY;Desobediência às normas de trânsito pelo condutor;Colisão transversal;Com Vítimas Feridas;Pleno dia;Crescente;Céu Claro;Simples;Reta;Não;5;0;0;1;2;2;1;2;-23,04286;-44,61881;SR-RJ;DEL5/3;UOP03/RJ
262313;12/01/2020;domingo;09:05:00;PE;423;173,3;AGUAS BELAS;Falta de Atenção à Condução;Colisão traseira;Com Vítimas Feridas;Pleno dia;Decrescente;Céu Claro;Simples;Desvio Temporário;Não;2;0;1;0;1;0;1;2;-9,12888;-37,0783;SR-AL;DEL13/3;UOP02/AL
262314;12/01/2020;domingo;10:00:00;RR;401;126;BONFIM;Falta de Atenção à Condução;Saída de leito carroçável;Sem Vítimas;Pleno dia;Crescente;Céu Claro;Simples;Reta;Não;2;0;0;0;2;0;0;1;3,482059;-59,93323;SR-RR;UOP01/RR;
262315;12/01/2020;domingo;12:25:00;PE;232;126,9;CARUARU;Falta de Atenção à Condução;Saída de leito carroçável;Com Vítimas Feridas;Pleno dia;Decrescente;Céu Claro;Dupla;Curva;Sim;2;0;1;0;1;0;1;2;-8,305392;-35,96745;SR-PE;DEL11/2;UOP02/PE
262316;12/01/2020;domingo;10:30:00;AL;104;25;UNIAO DOS PALMARES;Falta de Atenção à Condução;Saída de leito carroçável;Com Vítimas Feridas;Pleno dia;Decrescente;Céu Claro;Simples;Curva;Não;2;0;0;1;0;1;1;1;-9,090121;-36,05202;SR-AL;DEL13/1;UOP02/AL
262317;12/01/2020;domingo;13:20:00;PE;232;468,6;MIRANDIBA;Desobediência às normas de trânsito pelo condutor;Colisão frontal;Com Vítimas Fatais;Pleno dia;Crescente;Céu Claro;Simples;Reta;Não;2;1;0;1;0;0;1;2;-8,022357;-38,78991;SR-PE;DEL11/5;UOP01/PE
262319;12/01/2020;domingo;12:40:00;PR;116;59,4;CAMPINA GRANDE DO SUL;Falta de Atenção à Condução;Colisão com objeto estático;Com Vítimas Feridas;Pleno dia;Crescente;Sol;Dupla;Curva;Não;1;0;1;0;0;0;1;1;-25,30336;-48,94379;SR-PR;DEL7/1;UOP02/PR
262320;12/01/2020;domingo;13:00:00;RN;304;208,7;CAICARA DO RIO DO VENTO;Defeito Mecânico no Veículo;Saída de leito carroçável;Com Vítimas Feridas;Pleno dia;Decrescente;Nublado;Simples;Reta;Não;1;0;1;0;0;0;1;1;-5,740079;-36,09479;SR-RN;DEL15/1;UOP03/RN
262321;12/01/2020;domingo;11:20:00;MG;251;354;FRUTA DE LEITE;Velocidade Incompatível;Tombamento;Com Vítimas Feridas;Pleno dia;Decrescente;Sol;Simples;Não Informado;Não;2;0;0;1;1;0;1;1;-16,2709;-42,5604;SR-MG;DEL4/12;UOP01/MG
262324;12/01/2020;domingo;13:15:00;SP;116;199,1;ARUJA;Não guardar distância de segurança;Colisão traseira;Com Vítimas Feridas;Pleno dia;Decrescente;Garoa/Chuvisco;Múltipla;Reta;Sim;7;0;4;0;3;0;4;2;-23,40185;-46,31154;SR-SP;DEL6/1;UOP01/SP
262325;12/01/2020;domingo;12:39:00;SP;116;299,6;ITAPECERICA DA SERRA;Ingestão de Álcool;Colisão lateral;Sem Vítimas;Pleno dia;Decrescente;Céu Claro;Dupla;Curva;Não;2;0;0;0;2;0;0;2;-23,79881;-46,91524;SR-SP;DEL6/4;UOP01/SP
262326;12/01/2020;domingo;13:14:00;SP;101;31,7;UBATUBA;Falta de Atenção à Condução;Colisão transversal;Com Vítimas Feridas;Pleno dia;Crescente;Nublado;Simples;Curva;Não;3;0;2;0;1;0;2;2;-23,38811;-44,98122;SR-SP;DEL6;UOP03/SP
262327;12/01/2020;domingo;12:50:00;SP;381;77;SAO PAULO;Pista Escorregadia;Saída de leito carroçável;Com Vítimas Feridas;Pleno dia;Crescente;Chuva;Dupla;Não Informado;Não;4;0;2;0;2;0;2;2;-23,38884;-46,56935;SR-SP;DEL6/3;UOP02/SP
262328;12/01/2020;domingo;13:20:00;SP;381;54;MAIRIPORA;Falta de Atenção à Condução;Colisão com objeto estático;Com Vítimas Feridas;Pleno dia;Decrescente;Chuva;Dupla;Curva;Sim;2;0;2;0;0;0;2;1;-23,24491;-46,59562;SR-SP;DEL6/3;UOP02/SP
262329;12/01/2020;domingo;14:00:00;SP;116;488,9;CAJATI;Velocidade Incompatível;Saída de leito carroçável;Com Vítimas Feridas;Pleno dia;Crescente;Chuva;Dupla;Curva;Sim;2;0;1;0;1;0;1;1;-24,73098;-48,09816;SR-SP;DEL6/5;UOP03/SP
262332;12/01/2020;domingo;08:00:00;MG;262;436,7;NOVA SERRANA;Avarias e/ou desgaste excessivo no pneu;Tombamento;Com Vítimas Feridas;Pleno dia;Decrescente;Sol;Dupla;Não Informado;Não;2;0;2;0;0;0;2;1;-19,89784;-44,86032;SR-MG;DEL4/8;UOP03/MG
262333;12/01/2020;domingo;13:20:00;SC;101;264,4;PAULO LOPES;Falta de Atenção à Condução;Colisão lateral;Com Vítimas Feridas;Pleno dia;Decrescente;Sol;Dupla;Reta;Não;4;0;1;1;1;1;2;2;-28,05149;-48,71633;SR-SC;DEL8/2;UOP03/SC
262334;12/01/2020;domingo;11:15:00;MG;116;460,3;ENGENHEIRO CALDAS;Desobediência às normas de trânsito pelo condutor;Colisão transversal;Com Vítimas Feridas;Pleno dia;Decrescente;Céu Claro;Simples;Reta;Não;2;0;1;0;1;0;1;2;-19,23401;-42,05671;SR-MG;DEL4/6;UOP02/MG