id;data_inversa;dia_semana;horario;uf;br;km;municipio;causa_acidente;tipo_acidente;classificacao_acidente;fase_dia;sentido_via;condicao_metereologica;tipo_pista;tracado_via;uso_solo;pessoas;mortos;feridos_leves;feridos_graves;ilesos;ignorados;feridos;veiculos;latitude;longitude;regional;delegacia;uop
262336;12/01/2020;domingo;14:30:00;RS;392;652,8;GUARANI DAS MISSOES;Ingestão de Álcool;Engavetamento;Sem Vítimas;Pleno dia;Crescente;Sol;Simples;Curva;Não;5;0;0;0;5;0;0;4;-28,13179;-54,62214;SR-RS;DEL9/10;UOP01/RS
262337;12/01/2020;domingo;13:30:00;RS;386;32,5;FREDERICO WESTPHALEN;Desobediência às normas de trânsito pelo condutor;Colisão transversal;Com Vítimas Feridas;Pleno dia;Crescente;Céu Claro;Simples;Reta;Sim;2;0;0;1;0;1;1;2;-27,34669;-53,38652;SR-RS;DEL08;UOP02/RS
262338;12/01/2020;domingo;14:00:00;SC;470;134,8;RIO DO SUL;Falta de Atenção à Condução;Colisão transversal;Com Vítimas Feridas;Pleno dia;Crescente;Céu Claro;Simples;Interseção de vias;Não;2;0;0;1;1;0;1;2;-27,17824;-49,59465;SR-SC;DEL8/4;UOP02/SC
262339;12/01/2020;domingo;13:00:00;MG;116;550,4;SANTA BARBARA DO LESTE;Falta de Atenção à Condução;Colisão transversal;Com Vítimas Feridas;Pleno dia;Decrescente;Céu Claro;Simples;Reta;Não;4;0;2;0;2;0;2;2;-19,96878;-42,13645;SR-MG;DEL4/6;UOP02/MG
262340;12/01/2020;domingo;14:10:00;RJ;116;196,5;QUEIMADOS;Falta de Atenção do Pedestre;Atropelamento de Pedestre;Com Vítimas Fatais;Pleno dia;Crescente;Nublado;Dupla;Reta;Não;2;1;0;0;1;0;0;1;-22,73337;-43,55659;SR-RJ;DEL5/1;UOP02/RJ
262341;12/01/2020;domingo;02:30:00;MG;381;720,7;CARMO DA CACHOEIRA;Velocidade Incompatível;Tombamento;Com Vítimas Feridas;Pleno dia;Decrescente;Nublado;Dupla;Curva;Não;1;0;1;0;0;0;1;1;-21,46061;-45,20744;SR-MG;DEL4/4;UOP02/MG
262343;12/01/2020;domingo;15:00:00;RJ;116;225,6;PIRAI;Pista Escorregadia;Colisão transversal;Com Vítimas Feridas;Pleno dia;Decrescente;Chuva;Dupla;Curva;Não;4;0;2;0;2;0;2;2;-22,67103;-43,83121;SR-RJ;DEL5/7;UOP01/RJ
262344;12/01/2020;domingo;13:50:00;RJ;40;111;DUQUE DE CAXIAS;Falta de Atenção à Condução;Colisão lateral;Com Vítimas Feridas;Pleno dia;Decrescente;Nublado;Múltipla;Não Informado;Sim;21;0;10;3;7;1;13;3;-22,69187;-43,28745;SR-RJ;DEL5/1;UOP01/RJ
262345;12/01/2020;domingo;15:10:00;ES;101;436;MIMOSO DO SUL;Condutor Dormindo;Saída de leito carroçável;Com Vítimas Feridas;Pleno dia;Crescente;Céu Claro;Simples;Reta;Não;4;0;0;1;3;0;1;1;-21,10797;-41,25918;SR-ES;DEL12/3;UOP02/ES
262346;12/01/2020;domingo;15:15:00;PI;343;23;PARNAIBA;Ingestão de Álcool;Colisão transversal;Sem Vítimas;Pleno dia;Decrescente;Céu Claro;Simples;Reta;Sim;2;0;0;0;1;1;0;2;-3,007861;-41,76722;SR-PI;DEL17/5;UOP01/PI
262347;12/01/2020;domingo;15:15:00;ES;101;267;SERRA;Desobediência às normas de trânsito pelo condutor;Queda de ocupante de veículo;Com Vítimas Feridas;Pleno dia;Decrescente;Céu Claro;Múltipla;Reta;Sim;2;0;1;0;0;1;1;1;-20,19931;-40,26885;SR-ES;DEL12/2;UOP01/ES
262348;12/01/2020;domingo;15:00:00;MG;381;500;BETIM;Defeito Mecânico no Veículo;Incêndio;Com Vítimas Feridas;Pleno dia;Decrescente;Céu Claro;Dupla;Reta;Não;1;0;1;0;0;0;1;1;-20,02513;-44,23113;SR-MG;DEL4/1;UOP03/MG
262349;12/01/2020;domingo;13:00:00;MT;70;507;CUIABA;Ultrapassagem Indevida;Colisão frontal;Com Vítimas Feridas;Pleno dia;Crescente;Céu Claro;Simples;Reta;Não;3;0;2;0;1;0;2;3;-15,70204;-56,07834;SR-MT;DEL2/1;UOP01/MT
262350;12/01/2020;domingo;15:20:00;SP;116;109;TAUBATE;Falta de Atenção à Condução;Colisão lateral;Com Vítimas Feridas;Pleno dia;Crescente;Chuva;Dupla;Reta;Sim;2;0;1;0;1;0;1;2;-23,02871;-45,54517;SR-SP;DEL6;UOP01/SP
262351;12/01/2020;domingo;14:50:00;PR;277;485,5;NOVA LARANJEIRAS;Objeto estático sobre o leito carroçável;Queda de ocupante de veículo;Com Vítimas Feridas;Pleno dia;Decrescente;Nublado;Simples;Curva;Não;1;0;0;1;0;0;1;1;-25,26613;-52,62117;SR-PR;DEL7/4;UOP03/PR
262353;12/01/2020;domingo;15:45:00;DF;70;3,7;BRASILIA;Falta de Atenção à Condução;Colisão traseira;Com Vítimas Feridas;Pleno dia;Crescente;Céu Claro;Dupla;Reta;Sim;2;0;1;0;0;1;1;2;-15,80245;-48,08039;SR-DF;UOP06/DF;
262354;12/01/2020;domingo;15:42:00;PE;428;189,9;PETROLINA;Desobediência às normas de trânsito pelo condutor;Colisão traseira;Com Vítimas Feridas;Pleno dia;Crescente;Céu Claro;Dupla;Reta;Sim;3;0;1;1;1;0;2;2;-9,371975;-40,4868;SR-PE;DEL11/6;UOP01/PE
262355;12/01/2020;domingo;15:00:00;MG;262;814;UBERABA;Falta de Atenção à Condução;Colisão lateral;Com Vítimas Feridas;Pleno dia;Crescente;Céu Claro;Dupla;Retorno Regulamentado;Sim;2;0;1;0;1;0;1;2;-19,762;-48,01416;SR-MG;DEL13;UOP01/MG
262356;12/01/2020;domingo;12:30:00;MT;70;380;CAMPO VERDE;Falta de Atenção à Condução;Colisão transversal;Com Vítimas Feridas;Pleno dia;Decrescente;Céu Claro;Simples;Reta;Sim;2;0;1;0;1;0;1;2;-15,51448;-55,11821;SR-MT;DEL2/5;UOP01/MT
262357;12/01/2020;domingo;16:10:00;GO;153;417;ANAPOLIS;Ingestão de Álcool;Tombamento;Com Vítimas Feridas;Pleno dia;Decrescente;Céu Claro;Simples;Reta;Não;1;0;1;0;0;0;1;1;-16,151;-49,04475;SR-GO;DEL1/2;UOP01/GO
262358;12/01/2020;domingo;16:00:00;ES;262;58;MARECHAL FLORIANO;Condutor Dormindo;Colisão frontal;Com Vítimas Feridas;Pleno dia;Crescente;Sol;Simples;Curva;Não;6;0;0;5;1;0;5;2;-20,42076;-40,76928;SR-ES;DEL12/1;UOP01/ES
262359;12/01/2020;domingo;16:00:00;PR;277;660;MATELANDIA;Falta de Atenção à Condução;Queda de ocupante de veículo;Com Vítimas Feridas;Pleno dia;Decrescente;Nublado;Dupla;Não Informado;Não;1;0;1;0;0;0;1;1;-25,25136;-53,99028;SR-PR;DEL7/5;UOP02/PR
262361;12/01/2020;domingo;16:50:00;GO;153;418;ANAPOLIS;Falta de Atenção à Condução;Colisão traseira;Sem Vítimas;Pleno dia;Crescente;Céu Claro;Simples;Reta;Não;3;0;0;0;3;0;0;2;-16,15982;-49,04351;SR-GO;DEL1/2;UOP01/GO
262362;12/01/2020;domingo;16:20:00;RJ;101;271;TANGUA;Pista Escorregadia;Colisão com objeto estático;Com Vítimas Feridas;Pleno dia;Crescente;Chuva;Dupla;Curva;Sim;21;0;7;13;1;0;20;1;-22,72443;-42,69368;SR-RJ;DEL5/2;UOP02/RJ
262363;12/01/2020;domingo;16:40:00;RJ;101;293,4;ITABORAI;Agressão Externa;Colisão com objeto estático;Com Vítimas Feridas;Anoitecer;Decrescente;Céu Claro;Dupla;Interseção de vias;Sim;1;0;1;0;0;0;1;1;-22,7562;-42,88724;SR-RJ;DEL5/2;UOP02/RJ
262365;12/01/2020;domingo;17:10:00;PE;101;72;RECIFE;Falta de Atenção à Condução;Colisão com objeto estático;Com Vítimas Feridas;Anoitecer;Crescente;Céu Claro;Dupla;Reta;Sim;1;0;1;0;0;0;1;1;-8,084931;-34,94506;SR-PE;DEL11/1;UOP01/PE
262366;12/01/2020;domingo;16:45:00;MG;365;649;UBERLANDIA;Falta de Atenção à Condução;Capotamento;Com Vítimas Feridas;Pleno dia;Decrescente;Nublado;Dupla;Reta;Não;1;0;1;0;0;0;1;1;-18,87111;-48,54958;SR-MG;DEL4/15;UOP01/MG
262367;12/01/2020;domingo;17:20:00;SP;101;35,4;UBATUBA;Desobediência às normas de trânsito pelo condutor;Colisão transversal;Sem Vítimas;Pleno dia;Crescente;Chuva;Simples;Reta;Não;2;0;0;0;1;1;0;2;-23,39251;-45,00853;SR-SP;DEL6;UOP03/SP
262368;12/01/2020;domingo;17:00:00;RN;304;305;PARNAMIRIM;Desobediência às normas de trânsito pelo condutor;Colisão traseira;Com Vítimas Feridas;Anoitecer;Crescente;Céu Claro;Dupla;Reta;Não;3;0;2;0;1;0;2;3;-5,887693;-35,27219;SR-RN;DEL15/1;UOP02/RN
262369;12/01/2020;domingo;17:20:00;RN;101;112,3;PARNAMIRIM;Não guardar distância de segurança;Colisão traseira;Com Vítimas Feridas;Anoitecer;Decrescente;Nublado;Dupla;Desvio Temporário;Não;3;0;2;0;1;0;2;2;-5,96429;-35,26488;SR-RN;DEL15/1;UOP01/RN
262370;12/01/2020;domingo;17:20:00;TO;242;436,6;FORMOSO DO ARAGUAIA;Falta de Atenção à Condução;Saída de leito carroçável;Com Vítimas Feridas;Pleno dia;Decrescente;Céu Claro;Simples;Reta;Não;1;0;1;0;0;0;1;1;-11,87076;-49,40076;SR-TO;UOP01/TO;
262371;12/01/2020;domingo;15:10:00;PE;408;68,2;PAUDALHO;Falta de Atenção à Condução;Saída de leito carroçável;Com Vítimas Fatais;Pleno dia;Crescente;Ignorado;Dupla;Desvio Temporário;Não;1;1;0;0;0;0;0;1;-7,864082;-35,20695;SR-PE;DEL11/1;UOP01/PE
262372;12/01/2020;domingo;17:10:00;ES;262;6,3;CARIACICA;Falta de Atenção do Pedestre;Atropelamento de Pedestre;Com Vítimas Feridas;Pleno dia;Decrescente;Sol;Múltipla;Reta;Sim;3;0;3;0;0;0;3;1;-20,34007;-40,39451;SR-ES;DEL12/1;UOP01/ES
262373;12/01/2020;domingo;16:20:00;MT;364;474;JANGADA;Defeito Mecânico no Veículo;Colisão com objeto em movimento;Com Vítimas Feridas;Pleno dia;Decrescente;Sol;Simples;Não Informado;Não;4;0;1;0;3;0;1;3;-15,43256;-56,33922;SR-MT;DEL2/4;UOP02/MT
262376;07/01/2020;terça-feira;07:15:00;SC;280;221,1;TRES BARRAS;Velocidade Incompatível;Tombamento;Sem Vítimas;Pleno dia;Decrescente;Sol;Simples;Interseção de vias;Não;1;0;0;0;1;0;0;1;-26,17271;-50,27121;SR-SC;DEL8/6;UOP04/SC
262377;12/01/2020;domingo;17:41:00;RJ;40;82;PETROPOLIS;Falta de Atenção à Condução;Saída de leito carroçável;Com Vítimas Feridas;Pleno dia;Crescente;Chuva;Simples;Curva;Não;3;0;1;0;2;0;1;1;-22,51898;-43,22856;SR-RJ;DEL5/6;UOP03/RJ
262378;12/01/2020;domingo;16:40:00;GO;60;80,5;ANAPOLIS;Ingestão de Álcool;Saída de leito carroçável;Sem Vítimas;Pleno dia;Decrescente;Céu Claro;Dupla;Reta;Não;1;0;0;0;1;0;0;1;-16,3053;-48,8208;SR-GO;DEL1/2;UOP01/GO
262379;12/01/2020;domingo;17:30:00;SP;153;72,8;SAO JOSE DO RIO PRETO;Falta de Atenção à Condução;Colisão traseira;Com Vítimas Feridas;Pleno dia;Crescente;Céu Claro;Dupla;Reta;Sim;3;0;1;0;2;0;1;2;-20,86716;-49,41334;SR-SP;DEL6/9;UOP01/SP
262380;12/01/2020;domingo;17:00:00;MG;381;293;ANTONIO DIAS;Velocidade Incompatível;Colisão frontal;Com Vítimas Feridas;Pleno dia;Decrescente;Céu Claro;Simples;Reta;Não;2;0;0;1;1;0;1;2;-19,63347;-42,80733;SR-MG;DEL4/3;UOP02/MG
262382;12/01/2020;domingo;17:40:00;SC;101;90,2;BARRA VELHA;Não guardar distância de segurança;Engavetamento;Com Vítimas Feridas;Pleno dia;Decrescente;Céu Claro;Dupla;Reta;Não;4;0;1;0;3;0;1;3;-26,66353;-48,68888;SR-SC;DEL8/3;UOP02/SC
262383;12/01/2020;domingo;17:20:00;ES;101;232,8;FUNDAO;Falta de Atenção à Condução;Capotamento;Com Vítimas Feridas;Pleno dia;Crescente;Céu Claro;Dupla;Reta;Não;1;0;0;1;0;0;1;1;-19,96052;-40,40703;SR-ES;DEL12/2;UOP01/ES
262384;12/01/2020;domingo;18:10:00;PE;101;53,8;PAULISTA;Falta de Atenção do Pedestre;Atropelamento de Pedestre;Com Vítimas Fatais;Plena Noite;Crescente;Nublado;Dupla;Reta;Não;3;1;0;0;1;1;0;1;-7,938911;-34,90356;SR-PE;DEL11/1;UOP02/PE
262385;12/01/2020;domingo;16:50:00;SC;101;156;PORTO BELO;Carga excessiva e/ou mal acondicionada;Colisão com objeto estático;Sem Vítimas;Pleno dia;Decrescente;Sol;Simples;Reta;Não;1;0;0;0;1;0;0;1;-27,17227;-48,6117;SR-SC;DEL8/4;UOP03/SC
262386;12/01/2020;domingo;16:25:00;RR;401;3;CANTA;Avarias e/ou desgaste excessivo no pneu;Danos eventuais;Com Vítimas Feridas;Pleno dia;Decrescente;Céu Claro;Simples;Reta;Não;2;0;1;0;1;0;1;1;2,793862;-60,66666;SR-RR;UOP01/RR;
262387;12/01/2020;domingo;17:45:00;RJ;116;137;DUQUE DE CAXIAS;Falta de Atenção à Condução;Colisão traseira;Sem Vítimas;Anoitecer;Crescente;Chuva;Simples;Reta;Sim;2;0;0;0;2;0;0;2;-22,64792;-43,18201;SR-RJ;DEL5/4;UOP02/RJ
262388;12/01/2020;domingo;17:00:00;MT;163;769;SORRISO;Avarias e/ou desgaste excessivo no pneu;Queda de ocupante de veículo;Com Vítimas Feridas;Anoitecer;Decrescente;Céu Claro;Simples;Reta;Não;2;0;2;0;0;0;2;1;-12,35177;-55,59918;SR-MT;DEL2/6;UOP01/MT
262389;12/01/2020;domingo;18:30:00;ES;262;5,5;CARIACICA;Falta de Atenção do Pedestre;Atropelamento de Pedestre;Com Vítimas Feridas;Plena Noite;Decrescente;Céu Claro;Múltipla;Não Informado;Sim;2;0;1;0;1;0;1;1;-20,33707;-40,3865;SR-ES;DEL12/1;UOP01/ES
262390;12/01/2020;domingo;18:15:00;RS;472;173,5;SANTA ROSA;Não guardar distância de segurança;Colisão traseira;Com Vítimas Feridas;Pleno dia;Decrescente;Sol;Simples;Reta;Sim;3;0;1;1;1;0;2;2;-27,86092;-54,49762;SR-RS;DEL9/10;UOP01/RS
262391;12/01/2020;domingo;18:40:00;MG;381;925,1;ITAPEVA;Falta de Atenção à Condução;Colisão com objeto estático;Com Vítimas Feridas;Anoitecer;Crescente;Nublado;Dupla;Não Informado;Não;2;0;2;0;0;0;2;1;-22,77721;-46,23911;SR-MG;DEL09;UOP03/MG
262392;12/01/2020;domingo;18:05:00;PR;476;152;ARAUCARIA;Ingestão de Álcool;Colisão traseira;Com Vítimas Feridas;Plena Noite;Crescente;Céu Claro;Simples;Interseção de vias;Não;2;0;1;0;1;0;1;2;-25,57004;-49,38419;SR-PR;DEL7/1;UOP04/PR
262393;12/01/2020;domingo;13:30:00;MG;116;530,6;CARATINGA;Desobediência às normas de trânsito pelo condutor;Colisão frontal;Com Vítimas Feridas;Pleno dia;Crescente;Sol;Simples;Interseção de vias;Sim;2;0;0;1;1;0;1;2;-19,76027;-42,13399;SR-MG;DEL4/6;UOP02/MG
262394;12/01/2020;domingo;15:00:00;MG;116;433;ENGENHEIRO CALDAS;Avarias e/ou desgaste excessivo no pneu;Saída de leito carroçável;Com Vítimas Feridas;Pleno dia;Crescente;Céu Claro;Simples;Curva;Não;1;0;1;0;0;0;1;1;-19,02115;-41,98708;SR-MG;DEL4/6;UOP01/MG
262395;12/01/2020;domingo;18:45:00;DF;70;13,3;BRASILIA;Ingestão de Álcool;Colisão traseira;Com Vítimas Feridas;Pleno dia;Crescente;Céu Claro;Dupla;Reta;Sim;4;0;2;0;1;1;2;2;-15,79456;-48,16658;SR-DF;UOP06/DF;
262397;12/01/2020;domingo;18:00:00;DF;70;13,6;BRASILIA;Falta de Atenção à Condução;Capotamento;Com Vítimas Feridas;Anoitecer;Crescente;Céu Claro;Dupla;Rotatória;Não;6;0;4;0;1;1;4;1;-15,79456;-48,16658;SR-DF;UOP06/DF;
262399;12/01/2020;domingo;16:45:00;MG;40;778;JUIZ DE FORA;Falta de Atenção à Condução;Colisão lateral;Com Vítimas Feridas;Pleno dia;Crescente;Nublado;Dupla;Curva;Não;3;0;1;0;1;1;1;3;-21,66781;-43,43632;SR-MG;DEL5;UOP01/MG
262400;12/01/2020;domingo;19:00:00;PA;155;338;MARABA;Desobediência às normas de trânsito pelo condutor;Colisão frontal;Com Vítimas Fatais;Anoitecer;Decrescente;Chuva;Simples;Reta;Não;20;1;0;0;18;1;0;3;-5,447003;-49,07593;SR-PA;DEL19/3;UOP01/PA
262401;12/01/2020;domingo;18:30:00;SP;116;159;JACAREI;Ingestão de Álcool;Colisão traseira;Com Vítimas Feridas;Anoitecer;Decrescente;Nublado;Dupla;Reta;Sim;4;0;1;0;2;1;1;2;-23,26585;-45,95984;SR-SP;DEL6/2;UOP01/SP
262402;12/01/2020;domingo;18:00:00;PE;423;88,4;SAO JOAO;Falta de Atenção à Condução;Capotamento;Sem Vítimas;Anoitecer;Decrescente;Céu Claro;Simples;Desvio Temporário;Não;1;0;0;0;0;1;0;1;-8,829836;-36,45246;SR-PE;DEL11/3;UOP01/PE
262403;12/01/2020;domingo;19:35:00;RJ;101;53,5;CAMPOS DOS GOYTACAZES;Animais na Pista;Atropelamento de Animal;Com Vítimas Feridas;Plena Noite;Decrescente;Céu Claro;Simples;Reta;Sim;6;0;5;0;1;0;5;2;-21,66048;-41,31129;SR-RJ;DEL5/8;UOP01/RJ
262405;12/01/2020;domingo;09:00:00;MA;222;541;BOM JESUS DAS SELVAS;Velocidade Incompatível;Colisão frontal;Com Vítimas Fatais;Pleno dia;Decrescente;Sol;Simples;Curva;Não;2;1;0;0;1;0;0;2;-4,310535;-46,56981;SR-MA;DEL18/4;UOP03/MA
262407;12/01/2020;domingo;19:00:00;PR;277;584;CASCAVEL;Ingestão de Álcool;Colisão transversal;Sem Vítimas;Anoitecer;Crescente;Céu Claro;Múltipla;Interseção de vias;Sim;10;0;0;0;10;0;0;3;-24,96684;-53,40258;SR-PR;DEL7/4;UOP01/PR
262408;12/01/2020;domingo;14:55:00;PR;476;48;ADRIANOPOLIS;Desobediência às normas de trânsito pelo condutor;Colisão lateral;Com Vítimas Fatais;Pleno dia;Crescente;Nublado;Simples;Curva;Não;3;1;0;1;1;0;1;2;-24,92094;-49,09756;SR-PR;DEL7/1;UOP06/PR
262409;12/01/2020;domingo;19:35:00;PR;163;252,6;TOLEDO;Pista Escorregadia;Saída de leito carroçável;Com Vítimas Fatais;Plena Noite;Decrescente;Nublado;Dupla;Reta;Não;3;1;0;1;0;1;1;1;-24,6827;-53,78039;SR-PR;DEL7/6;UOP04/PR
262411;12/01/2020;domingo;17:00:00;BA;116;9;VITORIA DA CONQUISTA;Desobediência às normas de trânsito pelo condutor;Colisão traseira;Com Vítimas Feridas;Pleno dia;Decrescente;Céu Claro;Simples;Reta;Não;2;0;1;0;0;1;1;2;-14,85071;-40,88316;SR-PE;DEL11/5;UOP03/PE
262412;12/01/2020;domingo;19:20:00;BA;101;110;ALAGOINHAS;Ingestão de Álcool;Colisão transversal;Com Vítimas Feridas;Plena Noite;Decrescente;Céu Claro;Simples;Reta;Sim;4;0;1;0;3;0;1;2;-12,16596;-38,42078;SR-BA;DEL10/1;UOP04/BA
262413;12/01/2020;domingo;18:30:00;DF;251;37;BRASILIA;Desobediência às normas de trânsito pelo condutor;Colisão traseira;Com Vítimas Feridas;Anoitecer;Crescente;Céu Claro;Simples;Não Informado;Não;4;0;3;0;1;0;3;2;-15,94397;-47,7831;SR-DF;UOP01/DF;
262414;12/01/2020;domingo;19:50:00;SE;235;9;NOSSA SENHORA DO SOCORRO;Desobediência às normas de trânsito pelo condutor;Colisão lateral;Sem Vítimas;Plena Noite;Crescente;Céu Claro;Simples;Reta;Não;2;0;0;0;2;0;0;2;-10,88359;-37,13908;SR-SE;DEL20/1;UOP01/SE
262415;12/01/2020;domingo;19:30:00;ES;101;262,3;SERRA;Velocidade Incompatível;Tombamento;Com Vítimas Feridas;Plena Noite;Crescente;Céu Claro;Dupla;Reta;Sim;1;0;1;0;0;0;1;1;-20,15723;-40,27678;SR-ES;DEL12/2;UOP01/ES
262416;12/01/2020;domingo;10:07:00;MG;40;151,3;JOAO PINHEIRO;Falta de Atenção à Condução;Saída de leito carroçável;Com Vítimas Feridas;Pleno dia;Decrescente;Céu Claro;Simples;Reta;Não;4;0;1;0;3;0;1;1;-17,79832;-46,13492;SR-MG;DEL4/14;UOP02/MG
262417;12/01/2020;domingo;17:15:00;MG;40;822,4;SIMAO PEREIRA;Condutor Dormindo;Colisão traseira;Com Vítimas Feridas;Pleno dia;Decrescente;Nublado;Dupla;Reta;Não;4;0;3;0;1;0;3;2;-21,95324;-43,30086;SR-MG;DEL5;UOP01/MG
262418;12/01/2020;domingo;16:30:00;MA;316;378;BACABAL;Desobediência às normas de trânsito pelo condutor;Colisão frontal;Com Vítimas Fatais;Pleno dia;Crescente;Céu Claro;Simples;Reta;Sim;2;1;0;0;1;0;0;2;-4,214915;-44,63724;SR-MA;DEL18/3;UOP01/MA
262420;12/01/2020;domingo;20:10:00;SP;116;203,4;ARUJA;Falta de Atenção do Pedestre;Atropelamento de Pedestre;Com Vítimas Feridas;Plena Noite;Crescente;Chuva;Dupla;Desvio Temporário;Sim;3;0;1;0;2;0;1;1;-23,41116;-46,35155;SR-SP;DEL6/1;UOP01/SP
262422;12/01/2020;domingo;20:22:00;RN;101;66,3;CEARA-MIRIM;Desobediência às normas de trânsito pelo condutor;Colisão transversal;Com Vítimas Feridas;Plena Noite;Decrescente;Céu Claro;Simples;Rotatória;Não;7;0;2;0;5;0;2;2;-5,650334;-35,25016;SR-RN;DEL15/2;UOP01/RN
262423;12/01/2020;domingo;16:30:00;BA;367;53;PORTO SEGURO;Falta de Atenção à Condução;Saída de leito carroçável;Com Vítimas Feridas;Pleno dia;Decrescente;Sol;Simples;Reta;Não;3;0;2;0;1;0;2;1;-16,3791;-39,32439;SR-BA;DEL10/9;UOP01/BA
262424;12/01/2020;domingo;17:00:00;ES;262;29;DOMINGOS MARTINS;Falta de Atenção à Condução;Colisão com objeto estático;Sem Vítimas;Plena Noite;Decrescente;Nublado;Dupla;Curva;Não;1;0;0;0;1;0;0;1;-20,37585;-40,56027;SR-ES;DEL12/1;UOP01/ES
262425;12/01/2020;domingo;19:40:00;PR;467;76,6;TOLEDO;Desobediência às normas de trânsito pelo condutor;Colisão transversal;Com Vítimas Feridas;Plena Noite;Crescente;Céu Claro;Dupla;Retorno Regulamentado;Sim;3;0;0;2;1;0;2;2;-24,7592;-53,6955;SR-PR;DEL7/4;UOP01/PR
262426;12/01/2020;domingo;18:35:00;MT;163;1064;GUARANTA DO NORTE;Velocidade Incompatível;Capotamento;Com Vítimas Feridas;Plena Noite;Decrescente;Garoa/Chuvisco;Dupla;Curva;Sim;1;0;0;1;0;0;1;1;-10,09327;-54,91901;SR-MT;DEL2/6;UOP02/MT
262427;12/01/2020;domingo;19:15:00;GO;414;396,4;CORUMBA DE GOIAS;Defeito Mecânico no Veículo;Saída de leito carroçável;Com Vítimas Feridas;Plena Noite;Decrescente;Céu Claro;Simples;Reta;Não;2;0;1;0;1;0;1;1;-15,9463;-48,80403;SR-GO;DEL1/2;UOP01/GO
262428;12/01/2020;domingo;20:55:00;SE;101;47;JAPARATUBA;Desobediência às normas de trânsito pelo condutor;Colisão transversal;Com Vítimas Feridas;Plena Noite;Decrescente;Céu Claro;Dupla;Reta;Não;6;0;0;2;3;1;2;2;-10,57954;-36,96511;SR-SE;DEL20/2;UOP02/SE
262429;12/01/2020;domingo;15:00:00;BA;116;28,1;VITORIA DA CONQUISTA;Desobediência às normas de trânsito pelo condutor;Colisão traseira;Sem Vítimas;Pleno dia;Crescente;Céu Claro;Simples;Reta;Não;2;0;0;0;2;0;0;2;-14,851;-40,8485;SR-BA;DEL10/8;UOP01/BA
262430;12/01/2020;domingo;16:40:00;SP;116;445;REGISTRO;Ingestão de Álcool;Colisão transversal;Com Vítimas Feridas;Pleno dia;Crescente;Nublado;Dupla;Reta;Sim;2;0;1;0;1;0;1;2;-24,49791;-47,84209;SR-SP;DEL6/5;UOP01/SP
262431;12/01/2020;domingo;18:50:00;MG;381;487;BETIM;Velocidade Incompatível;Colisão traseira;Sem Vítimas;Anoitecer;Decrescente;Céu Claro;Dupla;Reta;Sim;2;0;0;0;2;0;0;2;-19,95587;-44,1461;SR-MG;DEL4/1;UOP03/MG
262432;12/01/2020;domingo;14:30:00;RO;364;718;PORTO VELHO;Fenômenos da Natureza;Capotamento;Com Vítimas Feridas;Pleno dia;Decrescente;Chuva;Dupla;Reta;Não;3;0;1;0;2;0;1;1;-8,798451;-63,91144;SR-RO;DEL21/1;UOP01/RO
262433;12/01/2020;domingo;18:50:00;RJ;493;14;MAGE;Falta de Atenção à Condução;Colisão lateral;Sem Vítimas;Plena Noite;Decrescente;Nublado;Simples;Reta;Não;2;0;0;0;2;0;0;2;-22,67034;-42,98256;SR-RJ;DEL5/4;UOP02/RJ
262435;12/01/2020;domingo;22:00:00;SC;101;211,5;PALHOCA;Desobediência às normas de trânsito pelo condutor;Saída de leito carroçável;Com Vítimas Feridas;Plena Noite;Decrescente;Céu Claro;Múltipla;Reta;Sim;1;0;1;0;0;0;1;1;-27,62329;-48,65246;SR-SC;DEL8/1;UOP02/SC
262436;12/01/2020;domingo;21:30:00;CE;222;5;CAUCAIA;Desobediência às normas de trânsito pelo condutor;Colisão transversal;Com Vítimas Feridas;Plena Noite;Decrescente;Céu Claro;Múltipla;Reta;Sim;2;0;1;0;1;0;1;2;-3,742969;-38,61331;SR-CE;DEL16/1;UOP01/CE
262437;12/01/2020;domingo;19:30:00;RO;364;441;JARU;Desobediência às normas de trânsito pelo condutor;Colisão frontal;Com Vítimas Feridas;Plena Noite;Decrescente;Céu Claro;Simples;Reta;Não;2;0;1;0;1;0;1;2;-10,34928;-62,58865;SR-RO;DEL21/3;UOP02/RO
262438;12/01/2020;domingo;21:15:00;RS;386;437,6;NOVA SANTA RITA;Falta de Atenção à Condução;Colisão frontal;Sem Vítimas;Plena Noite;Crescente;Céu Claro;Simples;Reta;Não;6;0;0;0;6;0;0;2;-29,85803;-51,26123;SR-RS;DEL9/4;UOP02/RS
262439;12/01/2020;domingo;19:30:00;ES;101;287;CARIACICA;Falta de Atenção à Condução;Colisão transversal;Com Vítimas Feridas;Plena Noite;Crescente;Céu Claro;Dupla;Reta;Sim;2;0;1;0;1;0;1;2;-20,26494;-40,38472;SR-ES;DEL12/1;UOP01/ES
262440;12/01/2020;domingo;19:20:00;TO;230;29;NAZARE;Desobediência às normas de trânsito pelo condutor;Colisão frontal;Com Vítimas Fatais;Plena Noite;Crescente;Céu Claro;Simples;Reta;Não;4;2;0;0;2;0;0;2;-6,410978;-47,61521;SR-TO;UOP05/TO;
262442;12/01/2020;domingo;21:30:00;PI;316;13,9;TERESINA;Falta de Atenção à Condução;Saída de leito carroçável;Com Vítimas Feridas;Pleno dia;Decrescente;Céu Claro;Dupla;Retorno Regulamentado;Sim;1;0;1;0;0;0;1;1;-5,214309;-42,7548;SR-PI;DEL17/1;UOP02/PI