id;data_inversa;dia_semana;horario;uf;br;km;municipio;causa_acidente;tipo_acidente;classificacao_acidente;fase_dia;sentido_via;condicao_metereologica;tipo_pista;tracado_via;uso_solo;pessoas;mortos;feridos_leves;feridos_graves;ilesos;ignorados;feridos;veiculos;latitude;longitude;regional;delegacia;uop
262443;12/01/2020;domingo;22:35:00;SC;101;195;BIGUACU;Objeto estático sobre o leito carroçável;Colisão com objeto estático;Sem Vítimas;Plena Noite;Decrescente;Céu Claro;Dupla;Reta;Não;1;0;0;0;1;0;0;1;-27,50471;-48,65011;SR-SC;DEL8/1;UOP01/SC
262444;12/01/2020;domingo;21:35:00;RS;392;52,1;RIO GRANDE;Ingestão de Álcool;Atropelamento de Pedestre;Com Vítimas Feridas;Plena Noite;Crescente;Céu Claro;Simples;Reta;Não;5;0;0;1;1;3;1;1;-31,85622;-52,32535;SR-RS;DEL9/7;UOP02/RS
262445;12/01/2020;domingo;22:20:00;BA;116;17;VITORIA DA CONQUISTA;Desobediência às normas de trânsito pelo condutor;Colisão transversal;Com Vítimas Feridas;Plena Noite;Crescente;Céu Claro;Simples;Curva;Sim;3;0;2;0;1;0;2;2;-14,90213;-40,84069;SR-PE;DEL11/5;UOP03/PE
262446;12/01/2020;domingo;20:05:00;RJ;116;67;TERESOPOLIS;Desobediência às normas de trânsito pelo condutor;Colisão transversal;Com Vítimas Feridas;Plena Noite;Decrescente;Nublado;Simples;Curva;Sim;2;0;2;0;0;0;2;2;-22,29372;-42,93354;SR-RJ;DEL5/6;UOP02/RJ
262447;12/01/2020;domingo;22:00:00;PB;230;4,8;CABEDELO;Sinalização da via insuficiente ou inadequada;Colisão com objeto estático;Com Vítimas Feridas;Plena Noite;Crescente;Céu Claro;Dupla;Túnel;Sim;1;0;0;1;0;0;1;1;-7,008728;-34,83072;SR-PB;DEL14/1;UOP01/PB
262448;12/01/2020;domingo;18:00:00;MG;40;497;ESMERALDAS;Desobediência às normas de trânsito pelo condutor;Saída de leito carroçável;Com Vítimas Feridas;Pleno dia;Crescente;Céu Claro;Dupla;Curva;Não;3;0;3;0;0;0;3;1;-19,67802;-44,1883;SR-MG;DEL4/2;UOP01/MG
262449;12/01/2020;domingo;22:00:00;SE;101;83,3;LARANJEIRAS;Ingestão de Álcool;Colisão traseira;Com Vítimas Feridas;Plena Noite;Crescente;Céu Claro;Dupla;Desvio Temporário;Não;2;0;1;0;1;0;1;2;-10,82644;-37,13848;SR-SE;DEL20/1;UOP01/SE
262450;12/01/2020;domingo;23:15:00;PR;277;625,9;CEU AZUL;Ingestão de Álcool;Colisão lateral;Com Vítimas Feridas;Plena Noite;Decrescente;Céu Claro;Simples;Reta;Não;3;0;1;0;1;1;1;2;-25,10778;-53,74934;SR-PR;DEL7/5;UOP02/PR
262451;12/01/2020;domingo;22:30:00;BA;116;416;FEIRA DE SANTANA;Falta de Atenção à Condução;Colisão traseira;Com Vítimas Fatais;Plena Noite;Decrescente;Céu Claro;Simples;Reta;Não;2;1;0;0;1;0;0;2;-12,16836;-38,96499;SR-BA;DEL10/2;UOP01/BA
262452;12/01/2020;domingo;19:40:00;PE;316;331;FLORESTA;Ingestão de Álcool;Atropelamento de Pedestre;Com Vítimas Fatais;Plena Noite;Decrescente;Céu Claro;Simples;Reta;Não;3;1;0;0;0;2;0;2;-8,750825;-38,40151;SR-PE;DEL11/4;UOP02/PE
262453;12/01/2020;domingo;21:30:00;MG;262;822,7;UBERABA;Velocidade Incompatível;Saída de leito carroçável;Com Vítimas Feridas;Plena Noite;Decrescente;Nublado;Dupla;Reta;Não;2;0;1;1;0;0;2;1;-19,76063;-48,1458;SR-MG;DEL13;UOP01/MG
262454;12/01/2020;domingo;18:00:00;MT;364;555;ROSARIO OESTE;Falta de Atenção à Condução;Saída de leito carroçável;Com Vítimas Feridas;Anoitecer;Crescente;Nublado;Dupla;Reta;Não;1;0;1;0;0;0;1;1;-14,81342;-56,42026;SR-MT;DEL2/4;UOP01/MT
262456;12/01/2020;domingo;22:30:00;MG;381;477,2;CONTAGEM;Falta de Atenção à Condução;Colisão traseira;Com Vítimas Feridas;Plena Noite;Crescente;Céu Claro;Dupla;Não Informado;Sim;2;0;1;0;1;0;1;2;-19,96179;-44,05042;SR-MG;DEL4/1;UOP03/MG
262457;12/01/2020;domingo;23:30:00;SC;470;85,6;RODEIO;Falta de Atenção do Pedestre;Atropelamento de Pedestre;Com Vítimas Fatais;Plena Noite;Crescente;Céu Claro;Simples;Reta;Sim;2;1;0;0;1;0;0;1;-26,95611;-49,35041;SR-SC;DEL8/4;UOP01/SC
262458;12/01/2020;domingo;21:50:00;PI;343;443;AGUA BRANCA;Falta de Atenção à Condução;Colisão traseira;Com Vítimas Fatais;Plena Noite;Decrescente;Nublado;Simples;Reta;Não;3;1;1;1;0;0;2;2;-5,880499;-42,6385;SR-PI;DEL17/1;UOP02/PI
262459;12/01/2020;domingo;18:50:00;MA;135;86,8;ITAPECURU MIRIM;Falta de Atenção à Condução;Colisão transversal;Com Vítimas Fatais;Plena Noite;Crescente;Nublado;Simples;Reta;Não;4;2;0;1;0;1;1;2;-3,263683;-44,39405;SR-MA;DEL18/1;UOP02/MA
262460;12/01/2020;domingo;23:00:00;SP;116;500;CAJATI;Pista Escorregadia;Saída de leito carroçável;Com Vítimas Feridas;Plena Noite;Crescente;Garoa/Chuvisco;Simples;Curva;Não;3;0;1;0;2;0;1;1;-24,78162;-48,18343;SR-SP;DEL6/5;UOP03/SP
262461;12/01/2020;domingo;22:50:00;PI;343;593,9;FLORIANO;Ingestão de Álcool;Atropelamento de Pedestre;Com Vítimas Feridas;Plena Noite;Crescente;Céu Claro;Simples;Reta;Sim;2;0;1;0;1;0;1;1;-6,781913;-43,03827;SR-PI;DEL17/3;UOP01/PI
262462;12/01/2020;domingo;20:30:00;SP;116;187;SANTA ISABEL;Falta de Atenção à Condução;Tombamento;Com Vítimas Feridas;Plena Noite;Decrescente;Chuva;Dupla;Reta;Não;1;0;1;0;0;0;1;1;-23,35664;-46,20607;SR-SP;DEL6/2;UOP01/SP
262463;12/01/2020;domingo;23:10:00;PR;277;722,5;FOZ DO IGUACU;Falta de Atenção à Condução;Saída de leito carroçável;Sem Vítimas;Plena Noite;Crescente;Céu Claro;Dupla;Reta;Sim;1;0;0;0;1;0;0;1;-25,49495;-54,52095;SR-PR;DEL7/5;UOP01/PR
262464;12/01/2020;domingo;20:20:00;MA;316;453,5;PERITORO;Ultrapassagem Indevida;Colisão frontal;Sem Vítimas;Plena Noite;Crescente;Céu Claro;Simples;Reta;Não;3;0;0;0;3;0;0;2;-4,497037;-44,11797;SR-MA;DEL18/3;UOP01/MA
262465;12/01/2020;domingo;22:20:00;RJ;101;394;RIO DE JANEIRO;Ingestão de Álcool;Colisão lateral;Sem Vítimas;Plena Noite;Crescente;Céu Claro;Dupla;Reta;Não;2;0;0;0;2;0;0;2;-22,88582;-43,71288;SR-RJ;DEL5/3;UOP01/RJ
262466;13/01/2020;segunda-feira;00:10:00;GO;50;273;CATALAO;Animais na Pista;Atropelamento de Animal;Sem Vítimas;Plena Noite;Decrescente;Céu Claro;Dupla;Reta;Sim;4;0;0;0;4;0;0;1;-18,1302;-47,9047;SR-GO;DEL1/6;UOP01/GO
262467;13/01/2020;segunda-feira;00:10:00;PA;155;336;MARABA;Ingestão de Álcool;Saída de leito carroçável;Sem Vítimas;Plena Noite;Crescente;Céu Claro;Simples;Reta;Não;3;0;0;0;3;0;0;3;-5,432081;-49,0761;SR-PA;DEL19/3;UOP01/PA
262468;13/01/2020;segunda-feira;00:30:00;MG;381;525;BRUMADINHO;Falta de Atenção à Condução;Capotamento;Com Vítimas Fatais;Plena Noite;Crescente;Céu Claro;Dupla;Curva;Não;1;1;0;0;0;0;0;1;-20,16711;-44,33422;SR-MG;DEL4/4;UOP03/MG
262469;12/01/2020;domingo;20:30:00;RS;392;114,8;CANGUCU;Velocidade Incompatível;Saída de leito carroçável;Sem Vítimas;Plena Noite;Decrescente;Céu Claro;Simples;Reta;Não;1;0;0;0;0;1;0;1;-31,43235;-52,65623;SR-RS;DEL9/7;UOP01/RS
262470;12/01/2020;domingo;23:00:00;PI;343;274;CAMPO MAIOR;Animais na Pista;Atropelamento de Animal;Com Vítimas Feridas;Plena Noite;Crescente;Nublado;Simples;Reta;Não;1;0;1;0;0;0;1;1;-4,879998;-42,22644;SR-PI;DEL17/1;UOP03/PI
262471;13/01/2020;segunda-feira;01:30:00;PE;232;194,1;SANHARO;Ingestão de Álcool;Colisão traseira;Com Vítimas Feridas;Plena Noite;Crescente;Céu Claro;Simples;Reta;Sim;5;0;3;0;2;0;3;3;-8,362091;-36,55441;SR-PE;DEL11/2;UOP02/PE
262472;13/01/2020;segunda-feira;01:10:00;MG;381;946,6;EXTREMA;Falta de Atenção do Pedestre;Atropelamento de Pedestre;Com Vítimas Feridas;Plena Noite;Crescente;Céu Claro;Dupla;Curva;Não;2;0;1;0;1;0;1;1;-22,86421;-46,34556;SR-MG;DEL09;UOP03/MG
262473;12/01/2020;domingo;23:00:00;PA;308;151;CAPANEMA;Falta de Atenção à Condução;Colisão com objeto estático;Com Vítimas Feridas;Plena Noite;Decrescente;Céu Claro;Simples;Reta;Sim;1;0;0;1;0;0;1;1;-1,21064;-47,18274;SR-PA;DEL19/1;UOP03/PA
262474;12/01/2020;domingo;21:40:00;PR;476;312,8;PAULO FRONTIN;Falta de Atenção à Condução;Saída de leito carroçável;Com Vítimas Feridas;Plena Noite;Decrescente;Céu Claro;Simples;Curva;Não;1;0;0;1;0;0;1;1;-26,02461;-50,67159;SR-PR;DEL7/2;UOP03/PR
262475;12/01/2020;domingo;21:15:00;SP;116;68,6;APARECIDA;Mal Súbito;Tombamento;Sem Vítimas;Plena Noite;Decrescente;Chuva;Dupla;Reta;Sim;1;0;0;0;1;0;0;1;-22,83355;-45,21713;SR-SP;DEL6/8;UOP02/SP
262476;13/01/2020;segunda-feira;03:30:00;SP;116;446;REGISTRO;Falta de Atenção à Condução;Queda de ocupante de veículo;Com Vítimas Feridas;Plena Noite;Decrescente;Chuva;Múltipla;Reta;Sim;1;0;1;0;0;0;1;1;-24,50467;-47,84773;SR-SP;DEL6/5;UOP01/SP
262477;13/01/2020;segunda-feira;03:20:00;PR;158;223,9;CAMPO MOURAO;Velocidade Incompatível;Saída de leito carroçável;Com Vítimas Feridas;Plena Noite;Crescente;Nublado;Simples;Reta;Não;3;0;3;0;0;0;3;1;-24,08429;-52,37617;SR-PR;DEL7/4;UOP05/PR
262478;13/01/2020;segunda-feira;02:20:00;CE;116;476,4;MILAGRES;Falta de Atenção à Condução;Colisão lateral;Com Vítimas Feridas;Plena Noite;Crescente;Nublado;Simples;Reta;Sim;4;0;2;0;2;0;2;2;-7,292112;-38,87065;SR-CE;DEL16/5;UOP03/CE
262479;13/01/2020;segunda-feira;02:20:00;BA;324;621;SALVADOR;Desobediência às normas de trânsito pelo condutor;Colisão traseira;Com Vítimas Feridas;Plena Noite;Crescente;Céu Claro;Dupla;Reta;Sim;2;0;1;0;1;0;1;2;-12,91234;-38,45957;SR-BA;DEL10/1;UOP01/BA
262480;13/01/2020;segunda-feira;02:00:00;PB;230;296;SANTA LUZIA;Condutor Dormindo;Saída de leito carroçável;Sem Vítimas;Plena Noite;Crescente;Céu Claro;Simples;Reta;Não;1;0;0;0;1;0;0;1;-6,8907;-36,9481;SR-PB;DEL14/3;UOP01/PB
262481;13/01/2020;segunda-feira;03:50:00;ES;101;299;VIANA;Desobediência às normas de trânsito pelo pedestre;Atropelamento de Pedestre;Com Vítimas Fatais;Plena Noite;Decrescente;Céu Claro;Dupla;Reta;Sim;3;1;0;0;1;1;0;1;-20,35858;-40,42377;SR-ES;DEL12/1;UOP01/ES
262482;13/01/2020;segunda-feira;02:56:00;ES;101;358,8;ANCHIETA;Condutor Dormindo;Saída de leito carroçável;Sem Vítimas;Plena Noite;Decrescente;Céu Claro;Simples;Reta;Não;1;0;0;0;0;1;0;1;-20,69172;-40,70425;SR-ES;DEL12/3;UOP01/ES
262483;12/01/2020;domingo;19:50:00;MT;70;558,3;NOSSA SENHORA DO LIVRAMENTO;Desobediência às normas de trânsito pelo condutor;Colisão frontal;Com Vítimas Fatais;Plena Noite;Decrescente;Céu Claro;Simples;Curva;Não;6;1;0;3;2;0;3;3;-15,69831;-56,46161;SR-MT;DEL2/4;UOP02/MT
262485;13/01/2020;segunda-feira;05:30:00;CE;222;223,3;SOBRAL;Falta de Atenção à Condução;Colisão traseira;Com Vítimas Feridas;Amanhecer;Crescente;Nublado;Simples;Reta;Não;2;0;0;1;1;0;1;2;-3,715998;-40,33583;SR-CE;DEL16/4;UOP01/CE
262486;13/01/2020;segunda-feira;05:20:00;PR;476;152,1;ARAUCARIA;Ingestão de Álcool;Colisão com objeto estático;Com Vítimas Feridas;Amanhecer;Decrescente;Nublado;Dupla;Reta;Sim;1;0;1;0;0;0;1;1;-25,57004;-49,38419;SR-PR;DEL7/1;UOP04/PR
262487;13/01/2020;segunda-feira;03:55:00;RO;364;375;OURO PRETO DO OESTE;Animais na Pista;Atropelamento de Animal;Sem Vítimas;Amanhecer;Decrescente;Céu Claro;Simples;Reta;Não;1;0;0;0;1;0;0;1;-10,7395;-62,18556;SR-RO;DEL21/2;UOP01/RO
262488;13/01/2020;segunda-feira;06:30:00;PE;101;63;RECIFE;Falta de Atenção à Condução;Colisão lateral;Com Vítimas Feridas;Pleno dia;Crescente;Sol;Dupla;Reta;Sim;3;0;2;0;1;0;2;2;-8,008006;-34,93757;SR-PE;DEL11/1;UOP01/PE
262489;13/01/2020;segunda-feira;06:30:00;ES;101;108,1;SOORETAMA;Desobediência às normas de trânsito pelo condutor;Colisão traseira;Com Vítimas Feridas;Pleno dia;Crescente;Sol;Simples;Não Informado;Não;3;0;1;2;0;0;3;2;-19,0458;-40,0268;SR-ES;DEL12/4;UOP01/ES
262490;13/01/2020;segunda-feira;06:50:00;CE;116;12;FORTALEZA;Falta de Atenção à Condução;Colisão transversal;Com Vítimas Feridas;Pleno dia;Decrescente;Céu Claro;Dupla;Reta;Não;2;0;1;0;0;1;1;2;-3,852077;-38,49553;SR-CE;DEL16/1;UOP02/CE
262492;13/01/2020;segunda-feira;07:15:00;RS;158;328;SANTA MARIA;Falta de Atenção à Condução;Atropelamento de Pedestre;Com Vítimas Feridas;Pleno dia;Decrescente;Céu Claro;Dupla;Reta;Sim;2;0;1;0;0;1;1;1;-29,71113;-53,81968;SR-RS;DEL9/9;UOP01/RS
262493;13/01/2020;segunda-feira;07:00:00;SC;101;214;PALHOCA;Falta de Atenção à Condução;Colisão transversal;Com Vítimas Feridas;Pleno dia;Crescente;Céu Claro;Dupla;Viaduto;Sim;2;0;1;0;1;0;1;2;-27,64443;-48,67057;SR-SC;DEL8/1;UOP02/SC
262494;13/01/2020;segunda-feira;07:15:00;SP;153;64,3;SAO JOSE DO RIO PRETO;Pista Escorregadia;Tombamento;Com Vítimas Feridas;Pleno dia;Crescente;Nublado;Dupla;Interseção de vias;Sim;1;0;1;0;0;0;1;1;-20,82919;-49,36046;SR-SP;DEL6/9;UOP01/SP
262495;13/01/2020;segunda-feira;06:30:00;RJ;116;174,1;NOVA IGUACU;Não guardar distância de segurança;Queda de ocupante de veículo;Com Vítimas Feridas;Amanhecer;Decrescente;Nublado;Múltipla;Reta;Sim;1;0;0;1;0;0;1;1;-22,78269;-43,38953;SR-RJ;DEL5/1;UOP02/RJ
262496;12/01/2020;domingo;22:15:00;BA;242;364;LENCOIS;Velocidade Incompatível;Saída de leito carroçável;Com Vítimas Feridas;Plena Noite;Decrescente;Nublado;Simples;Curva;Não;1;0;1;0;0;0;1;1;-12,46157;-41,4217;SR-BA;DEL10/6;UOP01/BA
262497;13/01/2020;segunda-feira;07:50:00;MG;146;609,3;POCOS DE CALDAS;Animais na Pista;Tombamento;Com Vítimas Feridas;Pleno dia;Crescente;Céu Claro;Simples;Não Informado;Sim;2;0;1;0;0;1;1;1;-21,80783;-46,48366;SR-MG;DEL09;UOP04/MG
262498;12/01/2020;domingo;19:10:00;PA;163;1002;SANTAREM;Ingestão de Álcool;Atropelamento de Pedestre;Com Vítimas Feridas;Plena Noite;Crescente;Céu Claro;Simples;Reta;Não;3;0;2;1;0;0;3;1;-2,45567;-54,72855;SR-PA;DEL19/5;UOP01/PA
262499;13/01/2020;segunda-feira;07:05:00;PR;277;4,5;PARANAGUA;Falta de Atenção à Condução;Queda de ocupante de veículo;Com Vítimas Feridas;Pleno dia;Crescente;Céu Claro;Simples;Reta;Não;1;0;1;0;0;0;1;1;-25,55096;-48,56146;SR-PR;DEL7/1;UOP07/PR
262500;12/01/2020;domingo;19:00:00;MG;116;413;GOVERNADOR VALADARES;Velocidade Incompatível;Colisão traseira;Com Vítimas Feridas;Plena Noite;Crescente;Céu Claro;Simples;Reta;Sim;3;0;3;0;0;0;3;2;-18,87391;-41,96637;SR-MG;DEL4/6;UOP01/MG
262501;13/01/2020;segunda-feira;08:01:00;SC;280;24,8;ARAQUARI;Desobediência às normas de trânsito pelo condutor;Colisão transversal;Com Vítimas Feridas;Pleno dia;Crescente;Sol;Simples;Reta;Não;3;0;2;0;1;0;2;2;-26,38253;-48,72555;SR-SC;DEL8/3;UOP03/SC
262502;13/01/2020;segunda-feira;07:50:00;SC;282;15,7;PALHOCA;Falta de Atenção do Pedestre;Colisão traseira;Sem Vítimas;Pleno dia;Crescente;Céu Claro;Simples;Reta;Sim;2;0;0;0;2;0;0;2;-27,65185;-48,67605;SR-SC;DEL8/1;UOP02/SC
262503;13/01/2020;segunda-feira;08:00:00;PB;230;508,3;CAJAZEIRAS;Desobediência às normas de trânsito pelo condutor;Colisão traseira;Com Vítimas Feridas;Pleno dia;Crescente;Céu Claro;Simples;Reta;Não;2;0;0;1;1;0;1;2;-6,890469;-38,58909;SR-PB;DEL14/3;UOP03/PB
262504;13/01/2020;segunda-feira;07:50:00;RN;101;98;NATAL;Falta de Atenção à Condução;Colisão lateral;Com Vítimas Feridas;Pleno dia;Decrescente;Céu Claro;Múltipla;Reta;Sim;3;0;2;0;1;0;2;2;-5,860559;-35,21405;SR-RN;DEL15/1;UOP01/RN
262505;13/01/2020;segunda-feira;07:10:00;MG;40;755,6;EWBANK DA CAMARA;Velocidade Incompatível;Colisão com objeto estático;Com Vítimas Feridas;Pleno dia;Decrescente;Céu Claro;Simples;Reta;Não;4;0;4;0;0;0;4;1;-21,48605;-43,53483;SR-MG;DEL5;UOP01/MG
262516;13/01/2020;segunda-feira;08:04:00;SC;101;144;ITAPEMA;Falta de Atenção à Condução;Colisão lateral;Com Vítimas Feridas;Pleno dia;Decrescente;Sol;Dupla;Reta;Sim;2;0;1;0;1;0;1;2;-27,07327;-48,59673;SR-SC;DEL8/4;UOP03/SC
262530;10/01/2020;sexta-feira;06:40:00;PA;222;242;MARABA;Desobediência às normas de trânsito pelo condutor;Colisão transversal;Com Vítimas Feridas;Pleno dia;Crescente;Céu Claro;Simples;Interseção de vias;Sim;3;0;1;1;1;0;2;2;-5,331903;-49,08522;SR-PA;DEL19/3;UOP01/PA
262531;13/01/2020;segunda-feira;06:00:00;GO;153;313;RIALMA;Defeito na Via;Tombamento;Com Vítimas Feridas;Amanhecer;Crescente;Céu Claro;Simples;Reta;Não;2;0;1;0;1;0;1;2;-15,39372;-49,54728;SR-GO;DEL1/2;UOP02/GO
262532;13/01/2020;segunda-feira;08:35:00;PE;101;49;ABREU E LIMA;Falta de Atenção à Condução;Colisão traseira;Com Vítimas Feridas;Pleno dia;Decrescente;Sol;Múltipla;Reta;Sim;2;0;1;0;1;0;1;2;-7,900515;-34,90181;SR-PE;DEL11/1;UOP02/PE
262533;13/01/2020;segunda-feira;08:00:00;GO;153;183;CAMPINORTE;Velocidade Incompatível;Saída de leito carroçável;Com Vítimas Feridas;Pleno dia;Crescente;Chuva;Simples;Não Informado;Não;1;0;1;0;0;0;1;1;-14,36941;-49,15827;SR-GO;DEL1/7;UOP01/GO
262534;13/01/2020;segunda-feira;07:15:00;RJ;116;79;TERESOPOLIS;Condutor Dormindo;Colisão lateral;Com Vítimas Feridas;Pleno dia;Crescente;Nublado;Simples;Reta;Sim;2;0;0;1;1;0;1;2;-22,3817;-42,95478;SR-RJ;DEL5/6;UOP02/RJ
262535;13/01/2020;segunda-feira;08:10:00;MG;354;705,4;CAXAMBU;Velocidade Incompatível;Queda de ocupante de veículo;Com Vítimas Feridas;Pleno dia;Crescente;Nublado;Simples;Curva;Não;1;0;1;0;0;0;1;1;-21,99205;-44,92517;SR-MG;DEL5;UOP03/MG
262536;13/01/2020;segunda-feira;08:44:00;MG;381;358;JOAO MONLEVADE;Falta de Atenção à Condução;Colisão traseira;Com Vítimas Feridas;Pleno dia;Crescente;Céu Claro;Simples;Reta;Sim;2;0;1;0;1;0;1;2;-19,85593;-43,21689;SR-MG;DEL4/3;UOP01/MG
262537;13/01/2020;segunda-feira;09:00:00;SC;101;206;SAO JOSE;Falta de Atenção do Pedestre;Atropelamento de Pedestre;Com Vítimas Feridas;Pleno dia;Crescente;Céu Claro;Múltipla;Reta;Sim;2;0;1;0;1;0;1;1;-27,59194;-48,61825;SR-SC;DEL8/1;UOP01/SC
262538;11/01/2020;sábado;22:00:00;MT;163;920;ITAUBA;Ingestão de Substâncias Psicoativas;Saída de leito carroçável;Com Vítimas Feridas;Plena Noite;Crescente;Ignorado;Simples;Reta;Não;1;0;1;0;0;0;1;1;-11,26005;-55,31097;SR-MT;DEL2/6;UOP02/MT
262539;13/01/2020;segunda-feira;07:45:00;SC;282;344,6;CAMPOS NOVOS;Desobediência às normas de trânsito pelo condutor;Saída de leito carroçável;Sem Vítimas;Pleno dia;Decrescente;Céu Claro;Simples;Reta;Não;6;0;0;0;6;0;0;2;-27,38117;-51,24008;SR-SC;DEL7;UOP08/SC
262540;13/01/2020;segunda-feira;06:20:00;CE;20;205,9;BOA VIAGEM;Condutor Dormindo;Colisão com objeto estático;Com Vítimas Feridas;Pleno dia;Decrescente;Céu Claro;Simples;Reta;Sim;3;0;2;1;0;0;3;1;-5,116039;-39,72549;SR-CE;DEL16/2;UOP02/CE
262541;13/01/2020;segunda-feira;08:50:00;PI;343;188;PIRIPIRI;Falta de Atenção à Condução;Colisão transversal;Sem Vítimas;Pleno dia;Crescente;Céu Claro;Simples;Curva;Sim;2;0;0;0;2;0;0;2;-4,30723;-41,77048;SR-PI;DEL17/2;UOP01/PI
262543;13/01/2020;segunda-feira;08:40:00;MG;381;347;BELA VISTA DE MINAS;Velocidade Incompatível;Tombamento;Com Vítimas Feridas;Pleno dia;Crescente;Céu Claro;Simples;Curva;Não;3;0;2;0;1;0;2;3;-19,85407;-43,13181;SR-MG;DEL4/3;UOP01/MG
262544;13/01/2020;segunda-feira;06:30:00;RJ;101;454;ANGRA DOS REIS;Desobediência às normas de trânsito pelo condutor;Colisão frontal;Com Vítimas Feridas;Amanhecer;Crescente;Chuva;Simples;Reta;Não;2;0;1;1;0;0;2;2;-23,03351;-44,14565;SR-RJ;DEL5/3;UOP02/RJ
262545;13/01/2020;segunda-feira;07:05:00;SP;116;140,5;SAO JOSE DOS CAMPOS;Falta de Atenção à Condução;Colisão lateral;Com Vítimas Feridas;Pleno dia;Crescente;Nublado;Dupla;Reta;Não;2;0;1;0;0;1;1;2;-23,21673;-45,91466;SR-SP;DEL6;UOP01/SP
262546;13/01/2020;segunda-feira;09:45:00;PR;116;123;CURITIBA;Falta de Atenção à Condução;Colisão lateral;Com Vítimas Feridas;Pleno dia;Decrescente;Sol;Dupla;Reta;Não;2;0;1;0;1;0;1;2;-25,57736;-49,31244;SR-PR;DEL7/1;UOP03/PR
262547;13/01/2020;segunda-feira;09:45:00;SP;116;221;GUARULHOS;Não guardar distância de segurança;Engavetamento;Com Vítimas Feridas;Pleno dia;Decrescente;Céu Claro;Múltipla;Reta;Sim;5;0;2;0;2;1;2;4;-23,46802;-46,50705;SR-SP;DEL6/1;UOP01/SP
262548;13/01/2020;segunda-feira;09:40:00;PR;376;628;SAO JOSE DOS PINHAIS;Velocidade Incompatível;Colisão lateral;Com Vítimas Feridas;Pleno dia;Decrescente;Sol;Dupla;Reta;Sim;2;0;1;0;1;0;1;2;-25,67832;-49,14963;SR-PR;DEL7/1;UOP08/PR
262550;09/01/2020;quinta-feira;10:20:00;RJ;40;109;DUQUE DE CAXIAS;Carga excessiva e/ou mal acondicionada;Derramamento de carga;Sem Vítimas;Pleno dia;Crescente;Céu Claro;Múltipla;Reta;Sim;1;0;0;0;1;0;0;1;-22,67375;-43,28638;SR-RJ;DEL5/1;UOP01/RJ
262551;13/01/2020;segunda-feira;09:45:00;SC;282;5;SAO JOSE;Não guardar distância de segurança;Colisão lateral;Com Vítimas Feridas;Pleno dia;Decrescente;Céu Claro;Dupla;Reta;Sim;2;0;1;0;0;1;1;2;-27,58843;-48,61292;SR-SC;DEL8/1;UOP01/SC
262553;13/01/2020;segunda-feira;07:00:00;MG;116;260,1;TEOFILO OTONI;Não guardar distância de segurança;Colisão traseira;Com Vítimas Feridas;Pleno dia;Crescente;Céu Claro;Simples;Reta;Não;2;0;1;0;1;0;1;2;-17,72379;-41,49247;SR-MG;DEL4/11;UOP01/MG
262554;04/01/2020;sábado;18:15:00;RJ;116;278;BARRA MANSA;Pista Escorregadia;Colisão com objeto estático;Com Vítimas Feridas;Pleno dia;Decrescente;Chuva;Dupla;Reta;Não;1;0;1;0;0;0;1;1;-22,55271;-44,17778;SR-RJ;DEL5/7;UOP02/RJ
262555;13/01/2020;segunda-feira;08:40:00;MT;163;752;SORRISO;Ingestão de Álcool;Colisão transversal;Sem Vítimas;Pleno dia;Decrescente;Céu Claro;Dupla;Interseção de vias;Sim;2;0;0;0;2;0;0;2;-12,55403;-55,71539;SR-MT;DEL2/6;UOP01/MT
262556;13/01/2020;segunda-feira;10:25:00;ES;101;288,8;CARIACICA;Falta de Atenção à Condução;Colisão lateral;Com Vítimas Feridas;Pleno dia;Crescente;Céu Claro;Dupla;Reta;Sim;3;0;1;0;2;0;1;3;-20,2716;-40,39092;SR-ES;DEL12/1;UOP01/ES
262557;13/01/2020;segunda-feira;10:45:00;SC;280;220,8;TRES BARRAS;Falta de Atenção à Condução;Colisão traseira;Com Vítimas Feridas;Pleno dia;Decrescente;Céu Claro;Simples;Reta;Não;3;0;1;0;2;0;1;2;-26,17119;-50,26466;SR-SC;DEL8/6;UOP04/SC
262558;13/01/2020;segunda-feira;10:32:00;PE;232;234,7;PESQUEIRA;Falta de Atenção à Condução;Capotamento;Sem Vítimas;Pleno dia;Crescente;Céu Claro;Simples;Reta;Não;3;0;0;0;2;1;0;2;-8,407089;-36,91058;SR-PE;DEL11/3;UOP02/PE
262559;13/01/2020;segunda-feira;10:10:00;RJ;101;321;NITEROI;Pista Escorregadia;Queda de ocupante de veículo;Com Vítimas Feridas;Pleno dia;Crescente;Nublado;Dupla;Reta;Sim;2;0;2;0;0;0;2;1;-22,86981;-43,11046;SR-RJ;UOP01;DEL02
262560;13/01/2020;segunda-feira;11:03:00;MG;116;526;CARATINGA;Falta de Atenção à Condução;Colisão traseira;Com Vítimas Feridas;Pleno dia;Crescente;Sol;Simples;Reta;Sim;3;0;1;0;2;0;1;2;-19,77654;-42,13328;SR-MG;DEL4/6;UOP02/MG
262561;02/01/2020;quinta-feira;11:15:00;ES;259;10,5;JOAO NEIVA;Condutor Dormindo;Saída de leito carroçável;Com Vítimas Feridas;Pleno dia;Crescente;Sol;Simples;Reta;Não;1;0;1;0;0;0;1;1;-19,66858;-40,40294;SR-ES;DEL12/2;UOP01/ES