id;data_inversa;dia_semana;horario;uf;br;km;municipio;causa_acidente;tipo_acidente;classificacao_acidente;fase_dia;sentido_via;condicao_metereologica;tipo_pista;tracado_via;uso_solo;pessoas;mortos;feridos_leves;feridos_graves;ilesos;ignorados;feridos;veiculos;latitude;longitude;regional;delegacia;uop
262782;14/01/2020;terça-feira;10:20:00;SC;101;269;IMBITUBA;Falta de Atenção à Condução;Colisão traseira;Com Vítimas Feridas;Pleno dia;Crescente;Céu Claro;Dupla;Reta;Não;2;0;0;1;1;0;1;2;-28,09418;-48,70918;SR-SC;DEL8/2;UOP03/SC
262783;14/01/2020;terça-feira;11:40:00;SC;282;340;CAMPOS NOVOS;Não guardar distância de segurança;Colisão traseira;Com Vítimas Feridas;Pleno dia;Crescente;Sol;Simples;Reta;Sim;2;0;1;0;1;0;1;2;-27,38827;-51,20379;SR-SC;DEL7;UOP08/SC
262784;13/01/2020;segunda-feira;10:00:00;CE;116;451;BARRO;Falta de Atenção à Condução;Colisão traseira;Com Vítimas Feridas;Pleno dia;Decrescente;Céu Claro;Simples;Não Informado;Não;4;0;1;1;2;0;2;2;-7,124081;-38,78089;SR-CE;DEL16/5;UOP03/CE
262785;14/01/2020;terça-feira;13:00:00;RS;392;54,3;RIO GRANDE;Avarias e/ou desgaste excessivo no pneu;Saída de leito carroçável;Com Vítimas Feridas;Pleno dia;Decrescente;Céu Claro;Dupla;Reta;Não;3;0;3;0;0;0;3;1;-31,83828;-52,32843;SR-RS;DEL9/7;UOP02/RS
262786;14/01/2020;terça-feira;13:00:00;PR;476;129;CURITIBA;Defeito na Via;Queda de ocupante de veículo;Com Vítimas Feridas;Pleno dia;Decrescente;Céu Claro;Múltipla;Não Informado;Sim;3;0;2;0;0;1;2;2;-25,44098;-49,23371;SR-PR;DEL7/1;UOP06/PR
262788;14/01/2020;terça-feira;13:05:00;SC;101;364,9;SANGAO;Velocidade Incompatível;Saída de leito carroçável;Com Vítimas Feridas;Pleno dia;Crescente;Céu Claro;Dupla;Reta;Não;6;0;2;0;4;0;2;1;-28,67822;-49,13926;SR-SC;DEL8/2;UOP01/SC
262789;14/01/2020;terça-feira;13:10:00;MT;70;11,5;BARRA DO GARCAS;Falta de Atenção à Condução;Colisão lateral;Com Vítimas Feridas;Pleno dia;Decrescente;Céu Claro;Simples;Não Informado;Não;8;0;3;0;5;0;3;3;-15,87896;-52,35293;SR-MT;DEL2/8;UOP01/MT
262791;14/01/2020;terça-feira;14:30:00;PR;376;4,9;MANDAGUARI;Desobediência às normas de trânsito pelo condutor;Colisão transversal;Com Vítimas Feridas;Pleno dia;Crescente;Nublado;Simples;Reta;Sim;2;0;1;0;0;1;1;2;-23,52408;-51,67817;SR-PR;DEL7/7;UOP04/PR
262792;14/01/2020;terça-feira;12:50:00;RO;364;342,4;JI-PARANA;Não guardar distância de segurança;Colisão traseira;Com Vítimas Feridas;Pleno dia;Decrescente;Céu Claro;Dupla;Não Informado;Sim;2;0;0;1;1;0;1;2;-10,88381;-61,93741;SR-RO;DEL21/2;UOP01/RO
262793;14/01/2020;terça-feira;14:40:00;PR;116;146,5;MANDIRITUBA;Falta de Atenção à Condução;Colisão lateral;Com Vítimas Feridas;Pleno dia;Crescente;Céu Claro;Simples;Reta;Sim;2;0;0;1;1;0;1;2;-25,81604;-49,33119;SR-PR;DEL7/1;UOP03/PR
262794;14/01/2020;terça-feira;14:50:00;ES;262;2;CARIACICA;Falta de Atenção à Condução;Colisão traseira;Com Vítimas Feridas;Pleno dia;Decrescente;Céu Claro;Múltipla;Reta;Não;3;0;1;0;1;1;1;2;-20,33276;-40,36078;SR-ES;DEL12/1;UOP01/ES
262795;14/01/2020;terça-feira;14:50:00;TO;153;513,1;PUGMIL;Ultrapassagem Indevida;Colisão frontal;Com Vítimas Feridas;Pleno dia;Decrescente;Sol;Simples;Reta;Não;9;0;3;0;5;1;3;2;-10,31734;-48,88609;SR-TO;UOP02/TO;
262797;14/01/2020;terça-feira;14:40:00;SC;101;146;ITAPEMA;Falta de Atenção à Condução;Colisão traseira;Com Vítimas Feridas;Pleno dia;Decrescente;Céu Claro;Dupla;Reta;Não;3;0;2;0;1;0;2;2;-27,08667;-48,60956;SR-SC;DEL8/4;UOP03/SC
262798;10/01/2020;sexta-feira;09:00:00;MS;463;0,7;DOURADOS;Avarias e/ou desgaste excessivo no pneu;Colisão traseira;Com Vítimas Feridas;Pleno dia;Crescente;Céu Claro;Simples;Reta;Sim;2;0;1;0;1;0;1;2;-22,25901;-54,81049;SR-MS;DEL3/4;UOP01/MS
262799;10/01/2020;sexta-feira;16:10:00;MT;364;98,1;ALTO GARCAS;Ultrapassagem Indevida;Colisão frontal;Com Vítimas Feridas;Pleno dia;Crescente;Céu Claro;Simples;Reta;Não;4;0;1;2;0;1;3;2;-16,84861;-53,76829;SR-MT;DEL2/2;UOP04/MT
262800;14/01/2020;terça-feira;15:30:00;ES;101;273,7;SERRA;Defeito Mecânico no Veículo;Queda de ocupante de veículo;Com Vítimas Feridas;Pleno dia;Crescente;Céu Claro;Dupla;Reta;Sim;2;0;2;0;0;0;2;1;-20,22029;-40,29049;SR-ES;DEL12/2;UOP01/ES
262801;14/01/2020;terça-feira;06:15:00;MA;230;285;LORETO;Falta de Atenção à Condução;Saída de leito carroçável;Com Vítimas Feridas;Pleno dia;Crescente;Céu Claro;Simples;Reta;Não;4;0;1;0;3;0;1;1;-6,885617;-45,25591;SR-MA;DEL18/5;UOP01/MA
262802;14/01/2020;terça-feira;15:20:00;ES;101;267,6;SERRA;Falta de Atenção à Condução;Colisão lateral;Com Vítimas Feridas;Pleno dia;Decrescente;Nublado;Múltipla;Reta;Sim;3;0;2;0;1;0;2;2;-20,19931;-40,26885;SR-ES;DEL12/2;UOP01/ES
262803;14/01/2020;terça-feira;15:00:00;MG;NA;NA;JUIZ DE FORA;Desobediência às normas de trânsito pelo condutor;Colisão com objeto em movimento;Sem Vítimas;Pleno dia;Não Informado;Nublado;Dupla;Reta;Sim;4;0;0;0;4;0;0;2;-21,71397;-43,4094;SR-MG;DEL5;UOP01/MG
262804;14/01/2020;terça-feira;16:00:00;PE;407;126,2;PETROLINA;Desobediência às normas de trânsito pelo condutor;Colisão transversal;Com Vítimas Feridas;Pleno dia;Decrescente;Céu Claro;Dupla;Interseção de vias;Sim;2;0;1;0;1;0;1;2;-9,387419;-40,52599;SR-PE;DEL11/6;UOP01/PE
262805;14/01/2020;terça-feira;15:00:00;RJ;40;31,5;AREAL;Pista Escorregadia;Colisão com objeto estático;Sem Vítimas;Pleno dia;Decrescente;Chuva;Dupla;Curva;Não;1;0;0;0;1;0;0;1;-22,19246;-43,16023;SR-RJ;DEL5/6;UOP01/RJ
262806;14/01/2020;terça-feira;16:30:00;MG;381;622,5;OLIVEIRA;Defeito Mecânico no Veículo;Tombamento;Com Vítimas Feridas;Pleno dia;Crescente;Nublado;Dupla;Curva;Não;2;0;2;0;0;0;2;1;-20,80221;-44,79031;SR-MG;DEL4/4;UOP01/MG
262808;14/01/2020;terça-feira;16:45:00;PB;361;1;PATOS;Desobediência às normas de trânsito pelo condutor;Atropelamento de Pedestre;Com Vítimas Feridas;Pleno dia;Crescente;Céu Claro;Simples;Reta;Sim;4;0;1;1;2;0;2;2;-7,022399;-37,26888;SR-PB;DEL14/3;UOP01/PB
262809;14/01/2020;terça-feira;17:20:00;PE;101;90,7;CABO DE SANTO AGOSTINHO;Falta de Atenção à Condução;Colisão traseira;Com Vítimas Feridas;Anoitecer;Decrescente;Céu Claro;Dupla;Reta;Não;2;0;1;0;1;0;1;2;-8,216128;-34,98773;SR-PE;DEL11/1;UOP03/PE
262810;14/01/2020;terça-feira;17:00:00;SP;116;284;EMBU DAS ARTES;Ingestão de Álcool;Colisão lateral;Com Vítimas Feridas;Pleno dia;Crescente;Nublado;Dupla;Curva;Não;2;0;1;0;1;0;1;2;-23,68187;-46,86018;SR-SP;DEL6/4;UOP01/SP
262811;14/01/2020;terça-feira;16:55:00;ES;101;296;CARIACICA;Defeito Mecânico no Veículo;Colisão com objeto estático;Com Vítimas Feridas;Pleno dia;Decrescente;Céu Claro;Dupla;Reta;Sim;3;0;1;0;0;2;1;1;-20,3403;-40,40406;SR-ES;DEL12/1;UOP01/ES
262812;14/01/2020;terça-feira;16:40:00;RS;386;180,5;CARAZINHO;Ingestão de Álcool;Saída de leito carroçável;Sem Vítimas;Pleno dia;Crescente;Céu Claro;Simples;Interseção de vias;Não;1;0;0;0;1;0;0;1;-28,30044;-52,74493;SR-RS;DEL08;UOP01/RS
262813;14/01/2020;terça-feira;17:30:00;ES;482;76,2;ALEGRE;Desobediência às normas de trânsito pelo condutor;Colisão transversal;Com Vítimas Feridas;Pleno dia;Decrescente;Céu Claro;Simples;Interseção de vias;Sim;3;0;1;2;0;0;3;3;-20,74617;-41,4838;SR-ES;DEL12/3;UOP02/ES
262814;14/01/2020;terça-feira;17:45:00;MG;50;70;UBERLANDIA;Falta de Atenção à Condução;Tombamento;Com Vítimas Feridas;Pleno dia;Crescente;Nublado;Dupla;Reta;Sim;1;0;1;0;0;0;1;1;-18,88887;-48,25919;SR-MG;DEL4/15;UOP01/MG
262815;14/01/2020;terça-feira;17:15:00;BA;324;577;SAO SEBASTIAO DO PASSE;Falta de Atenção à Condução;Capotamento;Com Vítimas Feridas;Pleno dia;Crescente;Céu Claro;Dupla;Reta;Não;2;0;1;0;1;0;1;1;-12,58364;-38,53073;SR-BA;DEL10/1;UOP01/BA
262816;14/01/2020;terça-feira;17:50:00;GO;40;7;VALPARAISO DE GOIAS;Falta de Atenção à Condução;Colisão transversal;Com Vítimas Feridas;Pleno dia;Decrescente;Céu Claro;Dupla;Reta;Sim;2;0;2;0;0;0;2;2;-16,10848;-47,97252;SR-DF;UOP01/DF;
262817;14/01/2020;terça-feira;16:40:00;SC;101;413,3;ARARANGUA;Desobediência às normas de trânsito pelo condutor;Colisão transversal;Sem Vítimas;Pleno dia;Crescente;Céu Claro;Simples;Rotatória;Sim;2;0;0;0;2;0;0;2;-28,94606;-49,50428;SR-SC;DEL8/2;UOP02/SC
262818;14/01/2020;terça-feira;17:10:00;MG;40;526,4;CONTAGEM;Mal Súbito;Queda de ocupante de veículo;Com Vítimas Feridas;Pleno dia;Decrescente;Céu Claro;Dupla;Não Informado;Sim;1;0;0;1;0;0;1;1;-19,89255;-44,04985;SR-MG;DEL4/1;UOP02/MG
262819;14/01/2020;terça-feira;18:20:00;PR;116;152;MANDIRITUBA;Falta de Atenção à Condução;Colisão traseira;Com Vítimas Feridas;Anoitecer;Decrescente;Nublado;Simples;Reta;Sim;2;0;0;1;1;0;1;2;-25,83236;-49,3361;SR-PR;DEL7/1;UOP03/PR
262820;14/01/2020;terça-feira;18:00:00;RN;101;95,2;NATAL;Não guardar distância de segurança;Colisão traseira;Sem Vítimas;Plena Noite;Crescente;Nublado;Múltipla;Reta;Sim;3;0;0;0;3;0;0;3;-5,840768;-35,21036;SR-RN;DEL15/1;UOP01/RN
262821;14/01/2020;terça-feira;18:42:00;SP;116;229;SAO PAULO;Não guardar distância de segurança;Colisão lateral;Com Vítimas Feridas;Anoitecer;Decrescente;Céu Claro;Múltipla;Reta;Não;2;0;1;0;0;1;1;2;-23,51292;-46,57605;SR-SP;DEL6/1;UOP01/SP
262822;14/01/2020;terça-feira;18:40:00;BA;324;605;SIMOES FILHO;Falta de Atenção à Condução;Queda de ocupante de veículo;Com Vítimas Feridas;Plena Noite;Decrescente;Céu Claro;Simples;Reta;Sim;2;0;0;2;0;0;2;1;-12,78837;-38,40752;SR-BA;DEL10/1;UOP01/BA
262823;14/01/2020;terça-feira;17:50:00;BA;407;231;CAPIM GROSSO;Falta de Atenção à Condução;Colisão traseira;Com Vítimas Feridas;Anoitecer;Crescente;Céu Claro;Simples;Rotatória;Sim;3;0;2;0;1;0;2;2;-11,38147;-40,005;SR-BA;DEL10/4;UOP02/BA
262824;14/01/2020;terça-feira;13:40:00;MG;262;59,7;MANHUACU;Falta de Atenção à Condução;Saída de leito carroçável;Com Vítimas Feridas;Pleno dia;Crescente;Céu Claro;Simples;Reta;Não;7;0;4;1;0;2;5;1;-20,28276;-42,20329;SR-MG;DEL4/6;UOP04/MG
262825;14/01/2020;terça-feira;14:30:00;MT;364;574;NOBRES;Pista Escorregadia;Saída de leito carroçável;Com Vítimas Feridas;Pleno dia;Crescente;Garoa/Chuvisco;Dupla;Reta;Não;4;0;1;0;3;0;1;1;-14,69988;-56,31727;SR-MT;DEL2/4;UOP01/MT
262827;14/01/2020;terça-feira;19:10:00;RN;101;96;NATAL;Defeito Mecânico no Veículo;Queda de ocupante de veículo;Com Vítimas Feridas;Plena Noite;Crescente;Céu Claro;Dupla;Curva;Sim;1;0;1;0;0;0;1;1;-5,849496;-35,20891;SR-RN;DEL15/1;UOP01/RN
262828;14/01/2020;terça-feira;18:40:00;RN;304;119,1;ITAJA;Desobediência às normas de trânsito pelo condutor;Colisão transversal;Com Vítimas Feridas;Anoitecer;Crescente;Céu Claro;Simples;Interseção de vias;Sim;2;0;0;1;1;0;1;2;-5,629953;-36,86423;SR-RN;DEL15/4;UOP01/RN
262829;14/01/2020;terça-feira;17:00:00;PR;376;183;SARANDI;Mal Súbito;Colisão com objeto estático;Com Vítimas Feridas;Pleno dia;Decrescente;Céu Claro;Múltipla;Reta;Sim;1;0;0;1;0;0;1;1;-23,44159;-51,87067;SR-PR;DEL7/7;UOP04/PR
262831;14/01/2020;terça-feira;17:50:00;RO;319;63,8;PORTO VELHO;Desobediência às normas de trânsito pelo condutor;Colisão transversal;Com Vítimas Feridas;Pleno dia;Crescente;Céu Claro;Dupla;Reta;Sim;3;0;1;0;2;0;1;2;-8,766685;-63,88405;SR-RO;DEL21/1;UOP01/RO
262832;14/01/2020;terça-feira;17:30:00;MA;316;616,8;TIMON;Falta de Atenção à Condução;Colisão lateral;Sem Vítimas;Anoitecer;Crescente;Céu Claro;Simples;Reta;Sim;2;0;0;0;2;0;0;2;-5,100843;-42,82938;SR-MA;DEL18/3;UOP02/MA
262833;10/01/2020;sexta-feira;17:30:00;MS;267;362,6;MARACAJU;Ingestão de Álcool;Colisão lateral;Sem Vítimas;Pleno dia;Decrescente;Céu Claro;Dupla;Reta;Não;2;0;0;0;2;0;0;2;-21,64323;-55,12396;SR-MS;DEL2;UOP02/MS
262834;14/01/2020;terça-feira;19:00:00;BA;116;817,2;VITORIA DA CONQUISTA;Não guardar distância de segurança;Colisão traseira;Com Vítimas Feridas;Plena Noite;Crescente;Céu Claro;Simples;Reta;Não;3;0;2;0;0;1;2;3;-14,82034;-40,81254;SR-BA;DEL10/8;UOP01/BA
262835;14/01/2020;terça-feira;18:20:00;SC;101;82,8;BARRA VELHA;Falta de Atenção à Condução;Queda de ocupante de veículo;Com Vítimas Feridas;Pleno dia;Decrescente;Céu Claro;Dupla;Não Informado;Não;2;0;2;0;0;0;2;1;-26,61085;-48,72204;SR-SC;DEL8/3;UOP02/SC
262836;14/01/2020;terça-feira;19:45:00;TO;153;495;PARAISO DO TOCANTINS;Falta de Atenção do Pedestre;Atropelamento de Pedestre;Com Vítimas Fatais;Plena Noite;Decrescente;Céu Claro;Simples;Não Informado;Sim;2;1;0;0;1;0;0;1;-10,1604;-48,88154;SR-TO;UOP02/TO;
262837;14/01/2020;terça-feira;19:40:00;SC;101;144;ITAPEMA;Desobediência às normas de trânsito pelo condutor;Colisão transversal;Com Vítimas Feridas;Plena Noite;Decrescente;Céu Claro;Dupla;Reta;Não;10;0;10;0;0;0;10;2;-27,07327;-48,59673;SR-SC;DEL8/4;UOP03/SC
262838;14/01/2020;terça-feira;16:00:00;MG;116;557,1;MANHUACU;Falta de Atenção à Condução;Colisão lateral;Com Vítimas Feridas;Pleno dia;Crescente;Chuva;Simples;Curva;Não;4;0;1;2;1;0;3;2;-20,01149;-42,16007;SR-MG;DEL4/6;UOP02/MG
262839;14/01/2020;terça-feira;19:30:00;BA;116;394;SANTA BARBARA;Defeito Mecânico no Veículo;Incêndio;Sem Vítimas;Plena Noite;Decrescente;Céu Claro;Simples;Reta;Não;1;0;0;0;1;0;0;1;-11,9744;-38,9724;SR-BA;DEL10/2;UOP01/BA
262840;14/01/2020;terça-feira;20:00:00;SC;101;195;BIGUACU;Falta de Atenção à Condução;Colisão com objeto estático;Com Vítimas Feridas;Plena Noite;Crescente;Céu Claro;Dupla;Reta;Não;2;0;1;0;1;0;1;2;-27,50471;-48,65011;SR-SC;DEL8/1;UOP01/SC
262841;14/01/2020;terça-feira;18:50:00;MT;163;841;SINOP;Ingestão de Álcool;Colisão traseira;Com Vítimas Feridas;Plena Noite;Crescente;Nublado;Simples;Reta;Não;2;0;0;1;1;0;1;2;-11,93347;-55,51404;SR-MT;DEL2/6;UOP02/MT
262842;14/01/2020;terça-feira;19:30:00;DF;60;4;BRASILIA;Falta de Atenção à Condução;Colisão traseira;Com Vítimas Feridas;Plena Noite;Crescente;Céu Claro;Dupla;Não Informado;Sim;2;0;1;0;0;1;1;2;-15,89272;-48,09574;SR-DF;UOP03/DF;
262843;14/01/2020;terça-feira;16:15:00;MG;116;491,5;INHAPIM;Falta de Atenção do Pedestre;Atropelamento de Pedestre;Com Vítimas Feridas;Pleno dia;Crescente;Céu Claro;Simples;Reta;Não;2;0;1;0;1;0;1;1;-19,48334;-42,12989;SR-MG;DEL4/6;UOP02/MG
262844;14/01/2020;terça-feira;18:50:00;MG;116;514,1;UBAPORANGA;Falta de Atenção à Condução;Colisão transversal;Com Vítimas Feridas;Plena Noite;Crescente;Céu Claro;Simples;Curva;Não;3;0;1;1;1;0;2;2;-19,6788;-42,117;SR-MG;DEL4/6;UOP02/MG
262845;14/01/2020;terça-feira;20:35:00;SP;101;51,6;UBATUBA;Desobediência às normas de trânsito pelo condutor;Colisão lateral;Com Vítimas Feridas;Plena Noite;Crescente;Nublado;Simples;Reta;Sim;2;0;1;0;1;0;1;2;-23,45962;-45,06768;SR-SP;DEL6;UOP03/SP
262846;14/01/2020;terça-feira;19:40:00;AL;101;188,8;JUNQUEIRO;Desobediência às normas de trânsito pelo condutor;Colisão frontal;Com Vítimas Feridas;Plena Noite;Crescente;Céu Claro;Simples;Reta;Não;2;0;0;1;1;0;1;2;-9,908098;-36,46933;SR-AL;DEL13/2;UOP02/AL
262847;14/01/2020;terça-feira;19:40:00;MS;163;69;ITAQUIRAI;Falta de Atenção à Condução;Saída de leito carroçável;Com Vítimas Feridas;Plena Noite;Crescente;Nublado;Simples;Não Informado;Não;1;0;0;1;0;0;1;1;-23,55459;-54,19444;SR-MS;DEL3/09;UOP02/MS
262849;14/01/2020;terça-feira;20:00:00;PA;222;231;MARABA;Falta de Atenção à Condução;Colisão frontal;Com Vítimas Fatais;Plena Noite;Crescente;Céu Claro;Simples;Reta;Sim;2;1;0;0;1;0;0;2;-5,248291;-49,05853;SR-PA;DEL19/3;UOP01/PA
262850;14/01/2020;terça-feira;20:10:00;BA;116;818;VITORIA DA CONQUISTA;Desobediência às normas de trânsito pelo pedestre;Atropelamento de Pedestre;Com Vítimas Feridas;Plena Noite;Crescente;Céu Claro;Simples;Não Informado;Não;2;0;1;0;1;0;1;1;-14,82105;-40,81381;SR-BA;DEL10/8;UOP01/BA
262851;14/01/2020;terça-feira;21:00:00;RS;287;247,5;SANTA MARIA;Falta de Atenção à Condução;Colisão lateral;Com Vítimas Feridas;Plena Noite;Crescente;Garoa/Chuvisco;Simples;Interseção de vias;Sim;2;0;1;0;1;0;1;2;-29,69992;-53,84176;SR-RS;DEL9/9;UOP01/RS
262852;14/01/2020;terça-feira;21:20:00;SP;116;38,7;CACHOEIRA PAULISTA;Falta de Atenção à Condução;Colisão lateral;Com Vítimas Feridas;Plena Noite;Decrescente;Céu Claro;Dupla;Curva;Não;1;0;1;0;0;0;1;1;-22,67027;-44,99184;SR-SP;DEL6/8;UOP01/SP
262853;14/01/2020;terça-feira;20:00:00;MG;40;524;CONTAGEM;Falta de Atenção do Pedestre;Atropelamento de Pedestre;Com Vítimas Feridas;Plena Noite;Decrescente;Céu Claro;Dupla;Reta;Sim;2;0;1;0;0;1;1;1;-19,87545;-44,05346;SR-MG;DEL4/1;UOP02/MG
262854;14/01/2020;terça-feira;21:35:00;MG;262;864;CAMPO FLORIDO;Animais na Pista;Atropelamento de Animal;Sem Vítimas;Plena Noite;Crescente;Nublado;Dupla;Curva;Não;1;0;0;0;1;0;0;1;-19,78944;-48,42716;SR-MG;DEL13;UOP01/MG
262855;14/01/2020;terça-feira;21:15:00;RS;392;682,8;ROQUE GONZALES;Velocidade Incompatível;Saída de leito carroçável;Com Vítimas Fatais;Plena Noite;Crescente;Nublado;Simples;Curva;Não;1;1;0;0;0;0;0;1;-28,12279;-54,9363;SR-RS;DEL9/10;UOP01/RS
262856;14/01/2020;terça-feira;21:40:00;PE;101;189,4;PALMARES;Carga excessiva e/ou mal acondicionada;Derramamento de carga;Com Vítimas Feridas;Plena Noite;Crescente;Céu Claro;Dupla;Curva;Sim;2;0;1;0;1;0;1;2;-8,690366;-35,60431;SR-PE;DEL11/1;UOP03/PE
262857;14/01/2020;terça-feira;12:30:00;BA;101;293;VALENCA;Falta de Atenção à Condução;Tombamento;Sem Vítimas;Pleno dia;Crescente;Céu Claro;Simples;Curva;Não;1;0;0;0;1;0;0;1;-13,32192;-39,35923;SR-BA;DEL10/1;UOP02/BA
262858;14/01/2020;terça-feira;19:00:00;RN;304;92,5;ACU;Falta de Atenção do Pedestre;Atropelamento de Pedestre;Com Vítimas Fatais;Plena Noite;Decrescente;Céu Claro;Simples;Reta;Não;3;1;0;0;2;0;0;2;-5,539669;-37,0859;SR-RN;DEL15/4;UOP01/RN
262859;14/01/2020;terça-feira;21:15:00;MG;262;598,7;CAMPOS ALTOS;Condutor Dormindo;Saída de leito carroçável;Com Vítimas Feridas;Plena Noite;Crescente;Céu Claro;Simples;Reta;Não;1;0;1;0;0;0;1;1;-19,65561;-46,21795;SR-MG;DEL4/8;UOP02/MG
262860;14/01/2020;terça-feira;21:20:00;MS;163;479,4;CAMPO GRANDE;Desobediência às normas de trânsito pelo condutor;Colisão transversal;Com Vítimas Feridas;Plena Noite;Decrescente;Nublado;Simples;Reta;Sim;4;0;2;0;2;0;2;2;-20,48732;-54,55929;SR-MS;DEL3/1;UOP01/MS
262861;14/01/2020;terça-feira;23:00:00;MG;381;365;SAO GONCALO DO RIO ABAIXO;Desobediência às normas de trânsito pelo condutor;Colisão frontal;Com Vítimas Feridas;Plena Noite;Decrescente;Chuva;Simples;Curva;Não;2;0;0;1;1;0;1;2;-19,85465;-43,26107;SR-MG;DEL4/3;UOP01/MG
262862;14/01/2020;terça-feira;22:45:00;PR;272;379;ARARUNA;Velocidade Incompatível;Saída de leito carroçável;Sem Vítimas;Plena Noite;Decrescente;Nublado;Simples;Reta;Não;1;0;0;0;1;0;0;1;-24,06231;-52,51226;SR-PR;DEL7/4;UOP05/PR
262863;14/01/2020;terça-feira;23:00:00;PR;373;184,3;PONTA GROSSA;Defeito Mecânico no Veículo;Colisão com objeto em movimento;Com Vítimas Feridas;Plena Noite;Decrescente;Nublado;Simples;Reta;Não;5;0;1;0;4;0;1;2;-25,0442;-50,28427;SR-PR;DEL7/3;UOP01/PR
262864;14/01/2020;terça-feira;17:40:00;SC;480;128,7;CHAPECO;Falta de Atenção à Condução;Colisão transversal;Com Vítimas Feridas;Pleno dia;Decrescente;Sol;Simples;Viaduto;Não;2;0;0;1;1;0;1;2;-27,03782;-52,63433;SR-SC;DEL7;UOP01/SC
262865;14/01/2020;terça-feira;22:00:00;GO;153;514,1;APARECIDA DE GOIANIA;Falta de Atenção à Condução;Colisão transversal;Com Vítimas Feridas;Plena Noite;Decrescente;Céu Claro;Dupla;Reta;Sim;5;0;1;0;4;0;1;2;-16,8315;-49,2434;SR-GO;DEL1/1;UOP03/GO
262866;14/01/2020;terça-feira;22:05:00;MG;153;58;MONTE ALEGRE DE MINAS;Velocidade Incompatível;Capotamento;Com Vítimas Feridas;Plena Noite;Decrescente;Céu Claro;Dupla;Rotatória;Não;1;0;1;0;0;0;1;1;-18,87839;-49,05664;SR-MG;DEL4/15;UOP03/MG
262867;14/01/2020;terça-feira;23:00:00;CE;20;409;CAUCAIA;Falta de Atenção à Condução;Saída de leito carroçável;Sem Vítimas;Plena Noite;Decrescente;Garoa/Chuvisco;Dupla;Reta;Não;1;0;0;0;0;1;0;1;-3,76999;-38,67006;SR-CE;DEL16/1;UOP01/CE
262868;14/01/2020;terça-feira;22:45:00;SP;116;44;CANAS;Desobediência às normas de trânsito pelo condutor;Colisão traseira;Sem Vítimas;Plena Noite;Crescente;Nublado;Dupla;Reta;Não;2;0;0;0;2;0;0;2;-22,70288;-45,03788;SR-SP;DEL6/8;UOP01/SP
262869;15/01/2020;quarta-feira;00:00:00;DF;20;15;BRASILIA;Falta de Atenção à Condução;Colisão traseira;Com Vítimas Feridas;Plena Noite;Crescente;Céu Claro;Dupla;Reta;Não;2;0;1;0;1;0;1;2;-15,63019;-47,73329;SR-DF;UOP01/DEL02/DF;
262870;14/01/2020;terça-feira;23:35:00;PR;373;173,7;PONTA GROSSA;Falta de Atenção à Condução;Colisão transversal;Com Vítimas Feridas;Plena Noite;Crescente;Céu Claro;Dupla;Reta;Sim;3;0;0;2;0;1;2;2;-25,07738;-50,20704;SR-PR;DEL7/3;UOP01/PR
262871;14/01/2020;terça-feira;20:00:00;SC;101;137;BALNEARIO CAMBORIU;Não guardar distância de segurança;Colisão lateral;Com Vítimas Feridas;Plena Noite;Decrescente;Nublado;Dupla;Reta;Sim;2;0;1;0;1;0;1;2;-27,01572;-48,61193;SR-SC;DEL8/4;UOP03/SC
262872;14/01/2020;terça-feira;19:30:00;PB;230;461;SOUSA;Desobediência às normas de trânsito pelo condutor;Tombamento;Com Vítimas Feridas;Plena Noite;Decrescente;Céu Claro;Simples;Reta;Sim;1;0;1;0;0;0;1;1;-6,7753;-38,2061;SR-PB;DEL14/3;UOP03/PB
262873;14/01/2020;terça-feira;00:15:00;PR;369;150;LONDRINA;Desobediência às normas de trânsito pelo condutor;Colisão transversal;Com Vítimas Feridas;Pleno dia;Crescente;Nublado;Dupla;Não Informado;Sim;3;0;1;0;2;0;1;2;-23,29288;-51,16284;SR-PR;DEL7/7;UOP01/PR
262874;14/01/2020;terça-feira;21:50:00;PR;163;289;MARECHAL CANDIDO RONDON;Desobediência às normas de trânsito pelo condutor;Saída de leito carroçável;Com Vítimas Feridas;Plena Noite;Crescente;Chuva;Simples;Curva;Não;1;0;1;0;0;0;1;1;-24,52344;-54,05804;SR-PR;DEL7/6;UOP04/PR
262875;14/01/2020;terça-feira;18:30:00;PE;423;106;GARANHUNS;Falta de Atenção à Condução;Colisão lateral;Com Vítimas Feridas;Plena Noite;Decrescente;Céu Claro;Simples;Reta;Não;3;0;1;0;2;0;1;2;-8,881718;-36,5728;SR-PE;DEL11/3;UOP01/PE
262876;15/01/2020;quarta-feira;01:30:00;RJ;116;273,2;BARRA MANSA;Defeito Mecânico no Veículo;Colisão com objeto estático;Sem Vítimas;Plena Noite;Decrescente;Nublado;Dupla;Curva;Não;1;0;0;0;1;0;0;1;-22,561;-44,13834;SR-RJ;DEL5/7;UOP02/RJ
262877;15/01/2020;quarta-feira;01:30:00;PR;277;130;BALSA NOVA;Condutor Dormindo;Saída de leito carroçável;Com Vítimas Feridas;Plena Noite;Decrescente;Nublado;Simples;Não Informado;Não;1;0;1;0;0;0;1;1;-25,47923;-49,64619;SR-PR;DEL7/1;UOP05/PR