id;data_inversa;dia_semana;horario;uf;br;km;municipio;causa_acidente;tipo_acidente;classificacao_acidente;fase_dia;sentido_via;condicao_metereologica;tipo_pista;tracado_via;uso_solo;pessoas;mortos;feridos_leves;feridos_graves;ilesos;ignorados;feridos;veiculos;latitude;longitude;regional;delegacia;uop
262993;15/01/2020;quarta-feira;16:15:00;RS;285;307,4;PASSO FUNDO;Avarias e/ou desgaste excessivo no pneu;Saída de leito carroçável;Com Vítimas Feridas;Pleno dia;Decrescente;Chuva;Simples;Reta;Não;1;0;1;0;0;0;1;1;-28,23151;-52,52117;SR-RS;DEL08;UOP03/RS
262994;15/01/2020;quarta-feira;15:00:00;BA;101;440;ITACARE;Falta de Atenção à Condução;Colisão transversal;Com Vítimas Feridas;Pleno dia;Crescente;Sol;Simples;Interseção de vias;Não;6;0;4;0;2;0;4;2;-14,4144;-39,32637;SR-BA;DEL10/5;UOP01/BA
262995;15/01/2020;quarta-feira;17:20:00;DF;20;4,1;BRASILIA;Falta de Atenção à Condução;Colisão traseira;Com Vítimas Feridas;Pleno dia;Crescente;Céu Claro;Dupla;Desvio Temporário;Sim;2;0;1;0;0;1;1;2;-15,67548;-47,82376;SR-DF;UOP01/DEL02/DF;
262996;15/01/2020;quarta-feira;13:00:00;SC;282;424,7;VARGEM BONITA;Falta de Atenção à Condução;Colisão lateral;Com Vítimas Feridas;Pleno dia;Crescente;Céu Claro;Simples;Curva;Não;3;0;1;0;2;0;1;2;-26,98801;-51,75312;SR-SC;DEL7;UOP07/SC
262997;15/01/2020;quarta-feira;13:00:00;MG;262;597,2;CAMPOS ALTOS;Defeito Mecânico no Veículo;Colisão traseira;Sem Vítimas;Pleno dia;Decrescente;Chuva;Simples;Reta;Não;2;0;0;0;2;0;0;2;-19,655;-46,18849;SR-MG;DEL4/8;UOP02/MG
262998;15/01/2020;quarta-feira;16:20:00;MG;262;576;CORREGO DANTA;Falta de Atenção à Condução;Saída de leito carroçável;Com Vítimas Feridas;Pleno dia;Crescente;Sol;Simples;Curva;Não;2;0;1;0;1;0;1;1;-19,67634;-46,04347;SR-MG;PM/MG;
262999;15/01/2020;quarta-feira;18:05:00;PR;376;181,5;MARINGA;Desobediência às normas de trânsito pelo condutor;Colisão traseira;Com Vítimas Feridas;Pleno dia;Crescente;Céu Claro;Dupla;Reta;Sim;3;0;1;0;2;0;1;2;-23,43197;-51,88672;SR-PR;DEL7/7;UOP04/PR
263000;15/01/2020;quarta-feira;17:00:00;MG;381;501;BETIM;Falta de Atenção à Condução;Colisão traseira;Com Vítimas Feridas;Pleno dia;Decrescente;Céu Claro;Dupla;Reta;Sim;3;0;1;0;1;1;1;3;-20,01329;-44,22077;SR-MG;DEL4/1;UOP03/MG
263001;15/01/2020;quarta-feira;17:30:00;BA;116;316;ARACI;Desobediência às normas de trânsito pelo condutor;Colisão transversal;Com Vítimas Feridas;Pleno dia;Decrescente;Sol;Simples;Reta;Não;3;0;3;0;0;0;3;3;-11,29876;-38,93632;SR-BA;DEL10/2;UOP01/BA
263002;15/01/2020;quarta-feira;17:40:00;RS;386;405;TRIUNFO;Pista Escorregadia;Colisão frontal;Com Vítimas Fatais;Pleno dia;Decrescente;Chuva;Simples;Reta;Não;3;2;0;1;0;0;1;2;-29,77286;-51,57295;SR-RS;DEL9/4;UOP02/RS
263003;15/01/2020;quarta-feira;17:00:00;PI;316;5;TERESINA;Objeto estático sobre o leito carroçável;Colisão traseira;Com Vítimas Feridas;Pleno dia;Crescente;Nublado;Múltipla;Reta;Sim;2;0;1;0;1;0;1;2;-5,141699;-42,78157;SR-PI;DEL17/1;UOP02/PI
263005;15/01/2020;quarta-feira;18:15:00;ES;101;160;LINHARES;Não guardar distância de segurança;Colisão traseira;Com Vítimas Feridas;Pleno dia;Crescente;Nublado;Simples;Reta;Não;5;0;1;0;4;0;1;3;-19,47663;-40,11403;SR-ES;DEL12/4;UOP01/ES
263006;15/01/2020;quarta-feira;18:20:00;RS;116;253;SAPUCAIA DO SUL;Falta de Atenção à Condução;Queda de ocupante de veículo;Com Vítimas Feridas;Pleno dia;Crescente;Chuva;Dupla;Reta;Sim;1;0;1;0;0;0;1;1;-29,81784;-51,16996;SR-RS;DEL9/1;UOP02/RS
263007;15/01/2020;quarta-feira;17:00:00;SC;282;395,2;JOACABA;Desobediência às normas de trânsito pelo condutor;Colisão lateral;Com Vítimas Feridas;Pleno dia;Decrescente;Céu Claro;Simples;Curva;Não;2;0;2;0;0;0;2;2;-27,15689;-51,59208;SR-SC;DEL7;UOP07/SC
263010;15/01/2020;quarta-feira;18:15:00;RN;101;80;NATAL;Falta de Atenção à Condução;Colisão lateral;Com Vítimas Feridas;Plena Noite;Decrescente;Céu Claro;Dupla;Rotatória;Sim;2;0;0;1;1;0;1;2;-5,763058;-35,2871;SR-RN;DEL15/2;UOP01/RN
263011;15/01/2020;quarta-feira;16:30:00;PE;232;120;CARUARU;Velocidade Incompatível;Capotamento;Com Vítimas Feridas;Pleno dia;Crescente;Céu Claro;Dupla;Desvio Temporário;Não;1;0;1;0;0;0;1;1;-8,298267;-35,90192;SR-PE;DEL11/2;UOP02/PE
263012;15/01/2020;quarta-feira;18:35:00;CE;20;421;MARACANAU;Falta de Atenção à Condução;Colisão lateral;Com Vítimas Feridas;Plena Noite;Decrescente;Céu Claro;Dupla;Reta;Não;3;0;1;1;1;0;2;2;-3,856719;-38,55068;SR-CE;DEL16/1;UOP02/CE
263013;15/01/2020;quarta-feira;17:50:00;MS;163;263,8;DOURADOS;Restrição de Visibilidade;Colisão traseira;Com Vítimas Feridas;Anoitecer;Decrescente;Sol;Dupla;Reta;Sim;2;0;1;0;1;0;1;2;-22,22782;-54,74014;SR-MS;DEL3/4;UOP01/MS
263014;15/01/2020;quarta-feira;18:30:00;SP;116;16,8;LAVRINHAS;Falta de Atenção à Condução;Saída de leito carroçável;Com Vítimas Feridas;Anoitecer;Crescente;Nublado;Dupla;Reta;Não;2;0;0;2;0;0;2;1;-22,55822;-44,83796;SR-SP;DEL6/8;UOP01/SP
263015;15/01/2020;quarta-feira;18:55:00;BA;242;802;BARREIRAS;Animais na Pista;Atropelamento de Animal;Com Vítimas Feridas;Plena Noite;Decrescente;Céu Claro;Simples;Reta;Não;2;0;2;0;0;0;2;1;-12,11788;-45,06386;SR-BA;DEL10/10;UOP01/BA
263016;02/01/2020;quinta-feira;18:30:00;MG;40;735;SANTOS DUMONT;Velocidade Incompatível;Colisão frontal;Com Vítimas Feridas;Plena Noite;Decrescente;Garoa/Chuvisco;Simples;Curva;Não;2;0;0;1;1;0;1;2;-21,37013;-43,57559;SR-MG;DEL5;UOP01/MG
263017;15/01/2020;quarta-feira;19:20:00;PA;316;99;SANTA MARIA DO PARA;Falta de Atenção do Pedestre;Atropelamento de Pedestre;Com Vítimas Fatais;Plena Noite;Crescente;Céu Claro;Simples;Reta;Não;3;1;0;0;2;0;0;2;-1,336465;-47,59557;SR-PA;DEL19/1;UOP02/PA
263018;15/01/2020;quarta-feira;17:20:00;RJ;465;19;NOVA IGUACU;Não guardar distância de segurança;Colisão traseira;Com Vítimas Feridas;Pleno dia;Crescente;Céu Claro;Simples;Reta;Sim;2;0;1;0;1;0;1;2;-22,83918;-43,61045;SR-RJ;DEL5/1;UOP03/RJ
263019;15/01/2020;quarta-feira;18:30:00;RO;364;713;PORTO VELHO;Falta de Atenção do Pedestre;Atropelamento de Pedestre;Com Vítimas Feridas;Anoitecer;Crescente;Céu Claro;Dupla;Reta;Sim;2;0;1;0;1;0;1;1;-8,771602;-63,88363;SR-RO;DEL21/1;UOP01/RO
263020;15/01/2020;quarta-feira;19:50:00;PR;277;2,5;PARANAGUA;Defeito Mecânico no Veículo;Colisão traseira;Com Vítimas Feridas;Plena Noite;Crescente;Céu Claro;Dupla;Reta;Sim;3;0;2;0;1;0;2;2;-25,54518;-48,54279;SR-PR;DEL7/1;UOP07/PR
263021;15/01/2020;quarta-feira;19:05:00;MG;40;474,1;SETE LAGOAS;Avarias e/ou desgaste excessivo no pneu;Saída de leito carroçável;Com Vítimas Feridas;Plena Noite;Decrescente;Chuva;Dupla;Não Informado;Não;1;0;1;0;0;0;1;1;-19,49793;-44,27937;SR-MG;DEL4/2;UOP01/MG
263022;15/01/2020;quarta-feira;19:10:00;ES;101;58;SAO MATEUS;Restrição de Visibilidade;Atropelamento de Pedestre;Com Vítimas Feridas;Plena Noite;Crescente;Céu Claro;Simples;Desvio Temporário;Não;2;0;0;1;0;1;1;1;-18,65547;-39,87148;SR-ES;DEL12/4;UOP02/ES
263023;15/01/2020;quarta-feira;20:20:00;ES;101;281,2;SERRA;Animais na Pista;Atropelamento de Animal;Com Vítimas Feridas;Plena Noite;Crescente;Céu Claro;Dupla;Reta;Não;1;0;1;0;0;0;1;1;-20,22113;-40,35721;SR-ES;DEL12/2;UOP01/ES
263024;15/01/2020;quarta-feira;20:30:00;MG;381;524,5;BRUMADINHO;Falta de Atenção do Pedestre;Atropelamento de Pedestre;Com Vítimas Fatais;Plena Noite;Crescente;Chuva;Dupla;Reta;Não;2;1;0;0;1;0;0;1;-20,16074;-44,32984;SR-MG;DEL4/4;UOP03/MG
263025;15/01/2020;quarta-feira;18:20:00;PE;232;100,3;BEZERROS;Falta de Atenção do Pedestre;Atropelamento de Pedestre;Com Vítimas Fatais;Plena Noite;Decrescente;Céu Claro;Dupla;Reta;Sim;3;1;0;0;0;2;0;1;-8,237912;-35,74298;SR-PE;DEL11/1;UOP04/PE
263027;15/01/2020;quarta-feira;21:20:00;PR;376;176,1;MARINGA;Falta de Atenção à Condução;Colisão traseira;Com Vítimas Feridas;Plena Noite;Decrescente;Céu Claro;Dupla;Reta;Sim;2;0;1;0;1;0;1;2;-23,41131;-51,93995;SR-PR;DEL7/7;UOP04/PR
263029;15/01/2020;quarta-feira;21:30:00;PR;376;180;MARINGA;Velocidade Incompatível;Saída de leito carroçável;Sem Vítimas;Plena Noite;Crescente;Céu Claro;Dupla;Não Informado;Sim;1;0;0;0;1;0;0;1;-23,42725;-51,89512;SR-PR;DEL7/7;UOP04/PR
263030;15/01/2020;quarta-feira;21:25:00;MG;40;506,6;RIBEIRAO DAS NEVES;Ingestão de Álcool;Atropelamento de Pedestre;Com Vítimas Fatais;Plena Noite;Decrescente;Chuva;Dupla;Reta;Sim;2;1;1;0;0;0;1;1;-19,75106;-44,14426;SR-MG;DEL4/2;UOP01/MG
263031;15/01/2020;quarta-feira;16:15:00;BA;101;186;CONCEICAO DA FEIRA;Falta de Atenção à Condução;Colisão lateral;Com Vítimas Feridas;Pleno dia;Crescente;Céu Claro;Simples;Reta;Não;2;0;1;0;1;0;1;2;-12,5619;-38,9769;SR-BA;DEL10/1;UOP03/BA
263032;15/01/2020;quarta-feira;21:35:00;PR;369;87;CORNELIO PROCOPIO;Restrição de Visibilidade;Queda de ocupante de veículo;Com Vítimas Feridas;Plena Noite;Crescente;Céu Claro;Simples;Reta;Sim;1;0;1;0;0;0;1;1;-23,17757;-50,62332;SR-PR;DEL7/7;UOP06/PR
263033;15/01/2020;quarta-feira;14:30:00;MG;251;206;AGUAS VERMELHAS;Ultrapassagem Indevida;Colisão lateral;Sem Vítimas;Pleno dia;Decrescente;Sol;Simples;Reta;Não;2;0;0;0;1;1;0;2;-15,88112;-41,52451;SR-MG;DEL4/11;UOP02/MG
263034;15/01/2020;quarta-feira;19:30:00;BA;242;794;BARREIRAS;Ingestão de Álcool;Colisão traseira;Sem Vítimas;Plena Noite;Crescente;Céu Claro;Simples;Reta;Sim;2;0;0;0;2;0;0;2;-12,14116;-45,01057;SR-BA;DEL10/10;UOP01/BA
263035;15/01/2020;quarta-feira;20:30:00;PE;232;73,1;GRAVATA;Falta de Atenção à Condução;Colisão lateral;Sem Vítimas;Plena Noite;Decrescente;Céu Claro;Dupla;Reta;Não;2;0;0;0;1;1;0;2;-8,1906;-35,50931;SR-PE;DEL11/1;UOP04/PE
263036;15/01/2020;quarta-feira;22:00:00;SC;101;208,2;SAO JOSE;Falta de Atenção à Condução;Tombamento;Com Vítimas Feridas;Plena Noite;Decrescente;Nublado;Dupla;Reta;Sim;1;0;1;0;0;0;1;1;-27,60328;-48,63202;SR-SC;DEL8/1;UOP01/SC
263037;15/01/2020;quarta-feira;18:00:00;RJ;116;176,3;NOVA IGUACU;Falta de Atenção à Condução;Colisão traseira;Com Vítimas Feridas;Pleno dia;Crescente;Sol;Dupla;Reta;Sim;3;0;2;0;1;0;2;2;-22,78395;-43,38195;SR-RJ;DEL5/1;UOP02/RJ
263038;15/01/2020;quarta-feira;23:10:00;SC;101;208,6;SAO JOSE;Falta de Atenção à Condução;Tombamento;Com Vítimas Feridas;Plena Noite;Crescente;Nublado;Dupla;Curva;Sim;2;0;2;0;0;0;2;1;-27,60328;-48,63202;SR-SC;DEL8/1;UOP01/SC
263039;15/01/2020;quarta-feira;23:10:00;MG;381;579,2;CARMOPOLIS DE MINAS;Falta de Atenção à Condução;Colisão com objeto estático;Com Vítimas Feridas;Plena Noite;Crescente;Céu Claro;Dupla;Curva;Não;1;0;1;0;0;0;1;1;-20,49968;-44,60847;SR-MG;DEL4/4;UOP01/MG
263041;15/01/2020;quarta-feira;18:00:00;MG;262;507,7;LUZ;Desobediência às normas de trânsito pelo condutor;Colisão frontal;Com Vítimas Fatais;Anoitecer;Decrescente;Céu Claro;Simples;Reta;Não;2;1;0;0;1;0;0;2;-19,77094;-45,50125;SR-MG;DEL4/8;UOP03/MG
263042;16/01/2020;quinta-feira;00:25:00;SP;116;112,7;TAUBATE;Falta de Atenção à Condução;Colisão traseira;Com Vítimas Fatais;Plena Noite;Crescente;Céu Claro;Dupla;Reta;Sim;8;4;2;0;2;0;2;3;-23,04159;-45,57066;SR-SP;DEL6;UOP01/SP
263043;15/01/2020;quarta-feira;23:50:00;MG;381;816,1;CAREACU;Velocidade Incompatível;Saída de leito carroçável;Com Vítimas Fatais;Pleno dia;Decrescente;Céu Claro;Dupla;Curva;Sim;1;1;0;0;0;0;0;1;-22,09349;-45,71078;SR-MG;DEL09;UOP02/MG
263044;15/01/2020;quarta-feira;22:50:00;MG;116;304,2;ITAMBACURI;Defeito Mecânico no Veículo;Saída de leito carroçável;Com Vítimas Feridas;Plena Noite;Crescente;Céu Claro;Simples;Reta;Não;3;0;2;0;1;0;2;1;-18,02425;-41,64792;SR-MG;DEL4/11;UOP01/MG
263045;15/01/2020;quarta-feira;22:50:00;PR;153;346,9;REBOUCAS;Ingestão de Álcool;Colisão frontal;Com Vítimas Feridas;Plena Noite;Decrescente;Nublado;Simples;Reta;Não;3;0;3;0;0;0;3;2;-25,58518;-50,68345;SR-PR;DEL7/3;UOP04/PR
263046;16/01/2020;quinta-feira;04:50:00;SP;116;313,5;SAO LOURENCO DA SERRA;Condutor Dormindo;Saída de leito carroçável;Com Vítimas Feridas;Amanhecer;Decrescente;Céu Claro;Dupla;Reta;Sim;47;0;14;1;32;0;15;1;-23,88914;-46,98017;SR-SP;DEL6/4;UOP01/SP
263047;16/01/2020;quinta-feira;03:00:00;SP;381;63,3;MAIRIPORA;Velocidade Incompatível;Colisão traseira;Com Vítimas Feridas;Plena Noite;Crescente;Céu Claro;Dupla;Curva;Não;3;0;2;0;1;0;2;2;-23,3028;-46,57277;SR-SP;DEL6/3;UOP02/SP
263049;16/01/2020;quinta-feira;05:20:00;RN;406;150;CEARA-MIRIM;Falta de Atenção à Condução;Colisão frontal;Com Vítimas Feridas;Pleno dia;Crescente;Céu Claro;Simples;Reta;Sim;2;0;0;2;0;0;2;2;-5,64975;-35,43235;SR-RN;DEL15/2;UOP01/RN
263050;16/01/2020;quinta-feira;05:35:00;SC;470;88;ASCURRA;Velocidade Incompatível;Tombamento;Com Vítimas Feridas;Amanhecer;Decrescente;Nublado;Simples;Curva;Não;1;0;1;0;0;0;1;1;-26,95536;-49,37317;SR-SC;DEL8/4;UOP01/SC
263051;16/01/2020;quinta-feira;04:40:00;BA;116;698;JEQUIE;Falta de Atenção à Condução;Saída de leito carroçável;Com Vítimas Feridas;Amanhecer;Crescente;Céu Claro;Simples;Curva;Não;2;0;2;0;0;0;2;1;-14,01082;-40,1867;SR-BA;DEL10/3;UOP01/BA
263052;16/01/2020;quinta-feira;04:55:00;PB;230;310,8;SAO MAMEDE;Animais na Pista;Atropelamento de Animal;Com Vítimas Feridas;Amanhecer;Decrescente;Céu Claro;Simples;Reta;Não;4;0;2;1;1;0;3;1;-6,928011;-37,07237;SR-PB;DEL14/3;UOP01/PB
263054;16/01/2020;quinta-feira;04:50:00;MG;40;530;CONTAGEM;Falta de Atenção do Pedestre;Atropelamento de Pedestre;Com Vítimas Fatais;Amanhecer;Decrescente;Céu Claro;Dupla;Reta;Sim;2;1;0;0;1;0;0;1;-19,92032;-44,03296;SR-MG;DEL4/1;UOP02/MG
263055;16/01/2020;quinta-feira;05:40:00;SC;101;210;SAO JOSE;Falta de Atenção à Condução;Tombamento;Com Vítimas Feridas;Pleno dia;Decrescente;Nublado;Simples;Reta;Sim;1;0;0;1;0;0;1;1;-27,61673;-48,64573;SR-SC;DEL8/1;UOP01/SC
263056;16/01/2020;quinta-feira;05:54:00;PB;101;88;JOAO PESSOA;Pista Escorregadia;Tombamento;Com Vítimas Feridas;Pleno dia;Decrescente;Céu Claro;Simples;Não Informado;Sim;2;0;2;0;0;0;2;1;-7,1647;-34,89994;SR-PB;DEL14/1;UOP01/PB
263057;16/01/2020;quinta-feira;02:40:00;MG;381;778,7;CAMPANHA;Velocidade Incompatível;Derramamento de carga;Com Vítimas Feridas;Plena Noite;Crescente;Nublado;Dupla;Curva;Não;1;0;1;0;0;0;1;1;-21,83281;-45,50065;SR-MG;DEL09;UOP02/MG
263058;16/01/2020;quinta-feira;05:40:00;SC;101;257,5;GAROPABA;Velocidade Incompatível;Saída de leito carroçável;Com Vítimas Feridas;Amanhecer;Decrescente;Chuva;Dupla;Curva;Não;2;0;1;1;0;0;2;1;-28,01211;-48,6948;SR-SC;DEL8/2;UOP03/SC
263060;16/01/2020;quinta-feira;03:50:00;BA;116;791,6;VITORIA DA CONQUISTA;Defeito Mecânico no Veículo;Colisão traseira;Sem Vítimas;Plena Noite;Decrescente;Céu Claro;Simples;Reta;Não;2;0;0;0;2;0;0;2;-14,70701;-40,59526;SR-BA;DEL10/8;UOP02/BA
263061;16/01/2020;quinta-feira;06:00:00;MG;381;897,7;CAMBUI;Animais na Pista;Colisão traseira;Com Vítimas Feridas;Pleno dia;Decrescente;Sol;Dupla;Reta;Sim;4;0;4;0;0;0;4;2;-22,63961;-46,08078;SR-MG;DEL09;UOP03/MG
263063;16/01/2020;quinta-feira;01:00:00;PR;163;286;MARECHAL CANDIDO RONDON;Ingestão de Álcool;Saída de leito carroçável;Com Vítimas Feridas;Plena Noite;Crescente;Ignorado;Simples;Reta;Sim;2;0;0;2;0;0;2;1;-24,5681;-54,03417;SR-PR;DEL7/6;UOP04/PR
263064;16/01/2020;quinta-feira;03:26:00;SP;116;210;GUARULHOS;Falta de Atenção à Condução;Colisão traseira;Sem Vítimas;Plena Noite;Decrescente;Céu Claro;Múltipla;Reta;Sim;2;0;0;0;2;0;0;2;-23,4287;-46,41086;SR-SP;DEL6/1;UOP01/SP
263065;16/01/2020;quinta-feira;04:00:00;MG;116;303,7;ITAMBACURI;Condutor Dormindo;Saída de leito carroçável;Sem Vítimas;Plena Noite;Decrescente;Céu Claro;Simples;Reta;Não;1;0;0;0;1;0;0;1;-18,01748;-41,64325;SR-MG;DEL4/11;UOP01/MG
263066;16/01/2020;quinta-feira;06:50:00;CE;116;17;EUSEBIO;Ingestão de Álcool;Colisão traseira;Com Vítimas Feridas;Pleno dia;Decrescente;Garoa/Chuvisco;Múltipla;Reta;Sim;7;0;1;0;6;0;1;7;-3,896179;-38,50336;SR-CE;DEL16/1;UOP02/CE
263067;16/01/2020;quinta-feira;07:00:00;DF;40;4;BRASILIA;Falta de Atenção à Condução;Colisão lateral;Com Vítimas Feridas;Pleno dia;Decrescente;Céu Claro;Dupla;Reta;Não;3;0;2;0;1;0;2;2;-16,01203;-47,98212;SR-DF;UOP01/DF;
263068;16/01/2020;quinta-feira;05:00:00;MS;163;479,3;CAMPO GRANDE;Falta de Atenção à Condução;Tombamento;Com Vítimas Feridas;Pleno dia;Crescente;Céu Claro;Simples;Reta;Sim;1;0;1;0;0;0;1;1;-20,486;-54,55928;SR-MS;DEL3/1;UOP01/MS
263069;16/01/2020;quinta-feira;07:10:00;PE;101;80;JABOATAO DOS GUARARAPES;Falta de Atenção à Condução;Colisão traseira;Sem Vítimas;Pleno dia;Crescente;Sol;Dupla;Interseção de vias;Não;3;0;0;0;3;0;0;3;-8,15226;-34,94261;SR-PE;DEL11/1;UOP03/PE
263070;16/01/2020;quinta-feira;08:00:00;SC;101;210;SAO JOSE;Desobediência às normas de trânsito pelo condutor;Colisão traseira;Com Vítimas Feridas;Pleno dia;Decrescente;Nublado;Múltipla;Reta;Sim;2;0;1;0;1;0;1;2;-27,61673;-48,64573;SR-SC;DEL8/1;UOP01/SC
263071;16/01/2020;quinta-feira;07:20:00;GO;40;10;LUZIANIA;Desobediência às normas de trânsito pelo condutor;Colisão frontal;Com Vítimas Feridas;Pleno dia;Crescente;Céu Claro;Dupla;Retorno Regulamentado;Sim;2;0;0;1;1;0;1;2;-16,13128;-47,95792;SR-DF;UOP01/DF;
263072;16/01/2020;quinta-feira;07:40:00;PB;230;464;SOUSA;Não guardar distância de segurança;Colisão traseira;Com Vítimas Feridas;Pleno dia;Decrescente;Céu Claro;Simples;Reta;Sim;4;0;1;0;3;0;1;3;-6,7791;-38,2438;SR-PB;DEL14/3;UOP03/PB
263073;16/01/2020;quinta-feira;06:45:00;SP;116;269,5;TABOAO DA SERRA;Falta de Atenção à Condução;Colisão traseira;Sem Vítimas;Pleno dia;Crescente;Céu Claro;Dupla;Reta;Sim;3;0;0;0;2;1;0;3;-23,60879;-46,75735;SR-SP;DEL6/4;UOP01/SP
263074;16/01/2020;quinta-feira;06:45:00;MG;153;104,8;PRATA;Falta de Atenção à Condução;Saída de leito carroçável;Com Vítimas Feridas;Pleno dia;Crescente;Céu Claro;Simples;Reta;Não;1;0;1;0;0;0;1;1;-19,27184;-48,91909;SR-MG;DEL4/15;UOP03/MG
263075;15/01/2020;quarta-feira;17:30:00;BA;367;24;PORTO SEGURO;Falta de Atenção à Condução;Colisão lateral;Com Vítimas Feridas;Anoitecer;Crescente;Céu Claro;Múltipla;Interseção de vias;Sim;3;0;1;0;2;0;1;3;-16,43764;-39,08138;SR-BA;UOP01;DEL09
263078;15/01/2020;quarta-feira;20:30:00;MS;60;34;CHAPADAO DO SUL;Falta de Atenção à Condução;Colisão traseira;Com Vítimas Feridas;Plena Noite;Crescente;Céu Claro;Simples;Não Informado;Não;3;0;2;0;1;0;2;2;-18,93397;-52,7759;SR-MS;DEL3/8;UOP01/MS
263079;16/01/2020;quinta-feira;06:00:00;RO;364;384;OURO PRETO DO OESTE;Falta de Atenção do Pedestre;Atropelamento de Pedestre;Com Vítimas Feridas;Amanhecer;Decrescente;Garoa/Chuvisco;Simples;Reta;Não;2;0;0;1;1;0;1;1;-10,71525;-62,25065;SR-RO;DEL21/2;UOP01/RO
263080;15/01/2020;quarta-feira;10:30:00;SC;116;148,9;SANTA CECILIA;Velocidade Incompatível;Saída de leito carroçável;Sem Vítimas;Pleno dia;Crescente;Céu Claro;Simples;Curva;Não;1;0;0;0;1;0;0;1;-27,01295;-50,42072;SR-SC;DEL8/6;UOP02/SC
263081;16/01/2020;quinta-feira;07:40:00;RN;110;49,2;MOSSORO;Desobediência às normas de trânsito pelo condutor;Colisão transversal;Com Vítimas Feridas;Pleno dia;Decrescente;Sol;Dupla;Retorno Regulamentado;Sim;3;0;2;0;1;0;2;2;-5,21646;-37,32927;SR-RN;DEL15/4;UOP01/RN
263082;16/01/2020;quinta-feira;06:10:00;MG;146;554,5;CABO VERDE;Falta de Atenção à Condução;Colisão lateral;Com Vítimas Feridas;Pleno dia;Crescente;Céu Claro;Simples;Não Informado;Não;2;0;2;0;0;0;2;2;-21,42319;-46,42997;SR-MG;DEL09;UOP04/MG
263083;16/01/2020;quinta-feira;06:50:00;MG;50;180;UBERABA;Desobediência às normas de trânsito pelo condutor;Colisão lateral;Sem Vítimas;Amanhecer;Crescente;Céu Claro;Simples;Viaduto;Sim;2;0;0;0;2;0;0;2;-19,77848;-47,92195;SR-MG;DEL13;UOP01/MG
263084;16/01/2020;quinta-feira;07:40:00;SC;101;251,1;PAULO LOPES;Falta de Atenção à Condução;Colisão transversal;Com Vítimas Feridas;Pleno dia;Crescente;Nublado;Dupla;Reta;Sim;2;0;0;1;1;0;1;2;-27,96046;-48,6793;SR-SC;DEL8/2;UOP03/SC
263085;16/01/2020;quinta-feira;07:20:00;PR;376;523,8;PONTA GROSSA;Condutor Dormindo;Colisão traseira;Com Vítimas Feridas;Pleno dia;Crescente;Céu Claro;Dupla;Reta;Não;2;0;0;1;1;0;1;2;-25,2759;-49,92612;SR-PR;DEL7/3;UOP03/PR
263086;16/01/2020;quinta-feira;07:10:00;DF;60;2,9;BRASILIA;Não guardar distância de segurança;Colisão traseira;Com Vítimas Feridas;Pleno dia;Crescente;Céu Claro;Dupla;Reta;Sim;2;0;0;1;1;0;1;2;-15,88983;-48,08593;SR-DF;UOP03/DF;
263087;16/01/2020;quinta-feira;07:10:00;MG;40;530;BELO HORIZONTE;Falta de Atenção do Pedestre;Atropelamento de Pedestre;Com Vítimas Feridas;Pleno dia;Decrescente;Céu Claro;Dupla;Curva;Sim;2;0;2;0;0;0;2;1;-19,92065;-44,03357;SR-MG;DEL4/1;UOP02/MG
263088;16/01/2020;quinta-feira;07:30:00;PI;343;345,1;TERESINA;Desobediência às normas de trânsito pelo condutor;Colisão transversal;Com Vítimas Feridas;Pleno dia;Decrescente;Nublado;Simples;Reta;Sim;2;0;0;1;1;0;1;2;-5,102731;-42,76655;SR-PI;DEL17/1;UOP01/PI
263089;16/01/2020;quinta-feira;08:15:00;RN;304;304,3;PARNAMIRIM;Não guardar distância de segurança;Colisão traseira;Com Vítimas Feridas;Pleno dia;Crescente;Sol;Dupla;Reta;Sim;2;0;1;0;1;0;1;2;-5,884971;-35,28078;SR-RN;DEL15/1;UOP02/RN
263090;16/01/2020;quinta-feira;08:10:00;GO;40;6,8;VALPARAISO DE GOIAS;Pista Escorregadia;Tombamento;Com Vítimas Feridas;Pleno dia;Decrescente;Céu Claro;Dupla;Reta;Sim;2;0;2;0;0;0;2;1;-16,10081;-47,97735;SR-DF;UOP01/DF;
263091;16/01/2020;quinta-feira;08:00:00;PR;376;131;NOVA ESPERANCA;Velocidade Incompatível;Queda de ocupante de veículo;Com Vítimas Feridas;Pleno dia;Crescente;Céu Claro;Dupla;Reta;Não;1;0;0;1;0;0;1;1;-23,17708;-52,22887;SR-PR;DEL7/7;UOP05/PR
263092;16/01/2020;quinta-feira;07:30:00;SC;101;210;SAO JOSE;Não guardar distância de segurança;Colisão transversal;Com Vítimas Feridas;Pleno dia;Decrescente;Céu Claro;Dupla;Reta;Sim;2;0;1;0;1;0;1;2;-27,61673;-48,64573;SR-SC;DEL8/1;UOP01/SC
263093;16/01/2020;quinta-feira;08:10:00;SC;101;136;BALNEARIO CAMBORIU;Falta de Atenção à Condução;Colisão traseira;Com Vítimas Feridas;Pleno dia;Decrescente;Sol;Dupla;Não Informado;Não;4;0;0;1;3;0;1;3;-27,00811;-48,61724;SR-SC;DEL8/4;UOP03/SC
263094;16/01/2020;quinta-feira;08:20:00;SC;101;212;PALHOCA;Não guardar distância de segurança;Colisão lateral;Com Vítimas Feridas;Pleno dia;Decrescente;Nublado;Dupla;Reta;Sim;3;0;1;0;2;0;1;3;-27,62997;-48,65904;SR-SC;DEL8/1;UOP02/SC