id;data_inversa;dia_semana;horario;uf;br;km;municipio;causa_acidente;tipo_acidente;classificacao_acidente;fase_dia;sentido_via;condicao_metereologica;tipo_pista;tracado_via;uso_solo;pessoas;mortos;feridos_leves;feridos_graves;ilesos;ignorados;feridos;veiculos;latitude;longitude;regional;delegacia;uop
263202;16/01/2020;quinta-feira;19:00:00;SC;101;204,3;SAO JOSE;Falta de Atenção à Condução;Colisão traseira;Com Vítimas Feridas;Plena Noite;Decrescente;Céu Claro;Dupla;Reta;Sim;2;0;1;0;1;0;1;2;-27,57413;-48,61363;SR-SC;DEL8/1;UOP01/SC
263203;16/01/2020;quinta-feira;18:00:00;SC;470;163,3;TROMBUDO CENTRAL;Não guardar distância de segurança;Colisão traseira;Com Vítimas Feridas;Pleno dia;Crescente;Chuva;Simples;Reta;Não;2;0;1;0;1;0;1;2;-27,27898;-49,826;SR-SC;DEL8/4;UOP02/SC
263204;16/01/2020;quinta-feira;14:10:00;MT;364;458;VARZEA GRANDE;Pista Escorregadia;Colisão frontal;Com Vítimas Fatais;Pleno dia;Decrescente;Chuva;Simples;Reta;Não;4;1;0;1;1;1;1;3;-15,54446;-56,27419;SR-MT;DEL2/4;UOP02/MT
263205;16/01/2020;quinta-feira;19:15:00;GO;20;1,8;FORMOSA;Desobediência às normas de trânsito pelo condutor;Colisão transversal;Com Vítimas Feridas;Anoitecer;Crescente;Garoa/Chuvisco;Simples;Reta;Sim;2;0;0;1;1;0;1;2;-15,48225;-47,26902;SR-DF;UOP01/DEL02/DF;
263206;16/01/2020;quinta-feira;16:45:00;SC;470;165;POUSO REDONDO;Falta de Atenção à Condução;Colisão traseira;Com Vítimas Feridas;Pleno dia;Crescente;Chuva;Simples;Não Informado;Não;4;0;3;0;1;0;3;2;-27,27669;-49,84285;SR-SC;DEL8/4;UOP02/SC
263207;16/01/2020;quinta-feira;19:30:00;PR;376;615,6;SAO JOSE DOS PINHAIS;Falta de Atenção à Condução;Queda de ocupante de veículo;Com Vítimas Feridas;Plena Noite;Crescente;Chuva;Dupla;Reta;Não;1;0;1;0;0;0;1;1;-25,56924;-49,18373;SR-PR;DEL7/1;UOP01/PR
263208;16/01/2020;quinta-feira;19:20:00;MT;364;469;VARZEA GRANDE;Falta de Atenção do Pedestre;Atropelamento de Pedestre;Com Vítimas Fatais;Plena Noite;Crescente;Chuva;Simples;Ponte;Não;2;1;0;0;0;1;0;1;-15,4667;-56,3119;SR-MT;DEL2/4;UOP02/MT
263209;16/01/2020;quinta-feira;20:10:00;RJ;116;278;BARRA MANSA;Falta de Atenção do Pedestre;Atropelamento de Pedestre;Com Vítimas Fatais;Plena Noite;Decrescente;Nublado;Dupla;Curva;Não;2;1;0;0;0;1;0;1;-22,55271;-44,17778;SR-RJ;DEL5/7;UOP02/RJ
263210;07/01/2020;terça-feira;14:00:00;BA;116;599;IRAJUBA;Defeito Mecânico no Veículo;Incêndio;Sem Vítimas;Pleno dia;Crescente;Céu Claro;Simples;Reta;Sim;1;0;0;0;0;1;0;1;-13,2286;-40,01809;SR-BA;DEL10/3;UOP02/BA
263211;16/01/2020;quinta-feira;07:00:00;MA;226;348;JENIPAPO DOS VIEIRAS;Defeito Mecânico no Veículo;Incêndio;Sem Vítimas;Pleno dia;Decrescente;Céu Claro;Simples;Reta;Não;1;0;0;0;1;0;0;1;-5,531233;-45,59516;SR-MA;DEL18/4;UOP02/MA
263212;16/01/2020;quinta-feira;19:25:00;RO;364;341,5;JI-PARANA;Desobediência às normas de trânsito pelo pedestre;Atropelamento de Pedestre;Com Vítimas Feridas;Plena Noite;Crescente;Céu Claro;Dupla;Desvio Temporário;Sim;3;0;0;1;2;0;1;2;-10,88661;-61,93357;SR-RO;DEL21/2;UOP01/RO
263213;16/01/2020;quinta-feira;20:10:00;PR;277;0,5;PARANAGUA;Falta de Atenção à Condução;Colisão transversal;Com Vítimas Feridas;Plena Noite;Crescente;Nublado;Dupla;Reta;Sim;2;0;2;0;0;0;2;2;-25,55359;-48,55785;SR-PR;DEL7/1;UOP07/PR
263214;16/01/2020;quinta-feira;14:30:00;PR;476;343;PAULA FREITAS;Falta de Atenção à Condução;Colisão traseira;Com Vítimas Feridas;Pleno dia;Decrescente;Chuva;Simples;Reta;Não;2;0;0;1;1;0;1;2;-26,17641;-50,91721;SR-PR;DEL7/2;UOP02/PR
263215;16/01/2020;quinta-feira;20:00:00;TO;153;628,5;ALIANCA DO TOCANTINS;Desobediência às normas de trânsito pelo condutor;Colisão lateral;Com Vítimas Feridas;Plena Noite;Decrescente;Céu Claro;Simples;Não Informado;Não;4;0;1;0;2;1;1;3;-11,34411;-48,95424;SR-TO;UOP01/TO;
263216;16/01/2020;quinta-feira;16:30:00;MG;262;596;CAMPOS ALTOS;Velocidade Incompatível;Saída de leito carroçável;Com Vítimas Feridas;Pleno dia;Crescente;Chuva;Simples;Reta;Não;1;0;1;0;0;0;1;1;-19,65394;-46,17994;SR-MG;DEL4/8;UOP02/MG
263217;16/01/2020;quinta-feira;19:05:00;MG;262;366,9;JUATUBA;Desobediência às normas de trânsito pelo condutor;Colisão traseira;Com Vítimas Feridas;Plena Noite;Decrescente;Nublado;Dupla;Curva;Sim;2;0;1;0;1;0;1;2;-19,97422;-44,2618;SR-MG;DEL4/1;UOP03/MG
263218;16/01/2020;quinta-feira;20:40:00;PB;230;381,5;CONDADO;Desobediência às normas de trânsito pelo condutor;Colisão frontal;Sem Vítimas;Plena Noite;Crescente;Céu Claro;Simples;Curva;Não;2;0;0;0;2;0;0;2;-6,9127;-37,6432;SR-PB;DEL14/3;UOP02/PB
263219;16/01/2020;quinta-feira;15:30:00;MT;364;347;SANTO ANTONIO DO LEVERGER;Defeito Mecânico no Veículo;Colisão traseira;Sem Vítimas;Pleno dia;Crescente;Nublado;Dupla;Desvio Temporário;Não;4;0;0;0;4;0;0;4;-15,80735;-55,54692;SR-MT;DEL2/1;UOP01/MT
263220;16/01/2020;quinta-feira;20:30:00;CE;20;384;CAUCAIA;Animais na Pista;Atropelamento de Animal;Sem Vítimas;Plena Noite;Crescente;Céu Claro;Simples;Reta;Não;3;0;0;0;1;2;0;2;-3,888601;-38,82834;SR-CE;DEL16/1;UOP01/CE
263221;16/01/2020;quinta-feira;21:00:00;PR;116;116;CURITIBA;Restrição de Visibilidade;Colisão traseira;Com Vítimas Feridas;Plena Noite;Decrescente;Garoa/Chuvisco;Dupla;Reta;Sim;2;0;1;0;1;0;1;2;-25,55468;-49,27402;SR-PR;DEL7/1;UOP03/PR
263222;16/01/2020;quinta-feira;20:15:00;ES;262;159,2;IBATIBA;Desobediência às normas de trânsito pelo condutor;Colisão traseira;Com Vítimas Feridas;Plena Noite;Decrescente;Nublado;Simples;Reta;Não;2;0;1;0;0;1;1;2;-20,23362;-41,50533;SR-ES;DEL12/1;UOP02/ES
263223;16/01/2020;quinta-feira;21:30:00;SC;101;146,8;ITAPEMA;Mal Súbito;Colisão lateral;Sem Vítimas;Plena Noite;Decrescente;Chuva;Dupla;Desvio Temporário;Sim;2;0;0;0;2;0;0;2;-27,08667;-48,60956;SR-SC;DEL8/4;UOP03/SC
263224;16/01/2020;quinta-feira;21:20:00;BA;101;108;ALAGOINHAS;Desobediência às normas de trânsito pelo condutor;Colisão lateral;Com Vítimas Fatais;Plena Noite;Decrescente;Céu Claro;Simples;Não Informado;Sim;6;1;0;0;4;1;0;2;-12,14915;-38,39648;SR-BA;DEL10/1;UOP04/BA
263225;13/01/2020;segunda-feira;05:30:00;BA;110;282;INHAMBUPE;Falta de Atenção à Condução;Colisão frontal;Com Vítimas Feridas;Amanhecer;Decrescente;Nevoeiro/Neblina;Simples;Não Informado;Não;6;0;5;0;1;0;5;2;-11,70734;-38,32719;SR-BA;DEL10/1;UOP04/BA
263226;16/01/2020;quinta-feira;20:20:00;ES;101;80,4;SAO MATEUS;Não guardar distância de segurança;Colisão traseira;Com Vítimas Feridas;Plena Noite;Crescente;Céu Claro;Simples;Não Informado;Não;2;0;1;0;1;0;1;2;-18,8215;-39,90674;SR-ES;DEL12/4;UOP02/ES
263227;16/01/2020;quinta-feira;20:00:00;PR;376;534;PALMEIRA;Desobediência às normas de trânsito pelo condutor;Colisão transversal;Com Vítimas Feridas;Plena Noite;Crescente;Nublado;Dupla;Reta;Não;2;0;1;0;1;0;1;2;-25,37384;-49,81593;SR-PR;DEL7/1;UOP05/PR
263228;16/01/2020;quinta-feira;20:10:00;PR;376;534;PALMEIRA;Falta de Atenção à Condução;Saída de leito carroçável;Sem Vítimas;Plena Noite;Crescente;Nublado;Dupla;Reta;Não;2;0;0;0;2;0;0;2;-25,37384;-49,81593;SR-PR;DEL7/1;UOP05/PR
263229;16/01/2020;quinta-feira;22:15:00;MG;381;485;BETIM;Não guardar distância de segurança;Colisão traseira;Com Vítimas Feridas;Plena Noite;Decrescente;Chuva;Dupla;Reta;Sim;3;0;2;0;1;0;2;2;-19,95659;-44,12623;SR-MG;DEL4/1;UOP03/MG
263230;16/01/2020;quinta-feira;19:20:00;SC;282;371;ERVAL VELHO;Falta de Atenção à Condução;Saída de leito carroçável;Com Vítimas Feridas;Plena Noite;Decrescente;Garoa/Chuvisco;Simples;Curva;Não;1;0;1;0;0;0;1;1;-27,25999;-51,44268;SR-SC;DEL7;UOP07/SC
263231;16/01/2020;quinta-feira;22:30:00;PE;101;84;JABOATAO DOS GUARARAPES;Não guardar distância de segurança;Colisão traseira;Sem Vítimas;Plena Noite;Decrescente;Céu Claro;Simples;Reta;Sim;2;0;0;0;2;0;0;2;-8,177786;-34,95087;SR-PE;DEL11/1;UOP03/PE
263232;16/01/2020;quinta-feira;22:00:00;MG;116;637,4;DIVINO;Falta de Atenção à Condução;Colisão transversal;Com Vítimas Feridas;Plena Noite;Crescente;Chuva;Simples;Interseção de vias;Não;2;0;1;0;1;0;1;2;-20,63146;-42,23128;SR-MG;DEL4/7;UOP03/MG
263233;16/01/2020;quinta-feira;21:15:00;PR;277;250;IRATI;Falta de Atenção à Condução;Colisão transversal;Com Vítimas Feridas;Plena Noite;Decrescente;Garoa/Chuvisco;Simples;Reta;Não;2;0;0;1;1;0;1;2;-25,45317;-50,65141;SR-PR;DEL7/3;UOP04/PR
263234;16/01/2020;quinta-feira;18:00:00;RO;425;66,6;NOVA MAMORE;Defeito na Via;Saída de leito carroçável;Sem Vítimas;Pleno dia;Decrescente;Céu Claro;Simples;Desvio Temporário;Não;2;0;0;0;2;0;0;1;-10,12048;-65,29347;SR-RO;DEL01;UOP04/RO
263235;16/01/2020;quinta-feira;22:00:00;PR;153;218;TIBAGI;Falta de Atenção à Condução;Saída de leito carroçável;Com Vítimas Feridas;Plena Noite;Crescente;Ignorado;Simples;Não Informado;Não;2;0;1;0;1;0;1;1;-24,62224;-50,45091;SR-PR;DEL7/3;UOP05/PR
263236;16/01/2020;quinta-feira;22:50:00;PE;101;103;CABO DE SANTO AGOSTINHO;Desobediência às normas de trânsito pelo condutor;Colisão frontal;Com Vítimas Feridas;Plena Noite;Decrescente;Céu Claro;Simples;Curva;Sim;2;0;2;0;0;0;2;2;-8,292413;-35,05598;SR-PE;DEL11/1;UOP03/PE
263237;16/01/2020;quinta-feira;20:30:00;SC;470;89,2;ASCURRA;Ingestão de álcool e/ou substâncias psicoativas pelo pedestre;Colisão lateral;Sem Vítimas;Plena Noite;Decrescente;Chuva;Simples;Reta;Sim;2;0;0;0;2;0;0;2;-26,96157;-49,37192;SR-SC;DEL8/4;UOP01/SC
263238;16/01/2020;quinta-feira;22:36:00;SP;116;143;SAO JOSE DOS CAMPOS;Avarias e/ou desgaste excessivo no pneu;Queda de ocupante de veículo;Com Vítimas Feridas;Plena Noite;Decrescente;Garoa/Chuvisco;Dupla;Reta;Sim;1;0;1;0;0;0;1;1;-23,1785;-45,83787;SR-SP;DEL6;UOP01/SP
263239;16/01/2020;quinta-feira;23:00:00;PA;316;104;SANTA MARIA DO PARA;Ingestão de Álcool;Queda de ocupante de veículo;Com Vítimas Feridas;Plena Noite;Decrescente;Céu Claro;Simples;Reta;Sim;3;0;0;1;2;0;1;3;-1,341224;-47,56882;SR-PA;DEL19/1;UOP02/PA
263240;16/01/2020;quinta-feira;23:40:00;SC;101;96;BARRA VELHA;Falta de Atenção à Condução;Colisão traseira;Com Vítimas Feridas;Plena Noite;Decrescente;Nublado;Dupla;Reta;Não;3;0;2;0;1;0;2;2;-26,71843;-48,70233;SR-SC;DEL8/3;UOP02/SC
263242;16/01/2020;quinta-feira;22:05:00;SC;470;105,1;APIUNA;Fenômenos da Natureza;Colisão com objeto estático;Com Vítimas Feridas;Plena Noite;Decrescente;Garoa/Chuvisco;Simples;Reta;Não;2;0;1;0;1;0;1;1;-27,06601;-49,41702;SR-SC;DEL8/4;UOP02/SC
263243;16/01/2020;quinta-feira;23:20:00;CE;20;431,9;FORTALEZA;Defeito Mecânico no Veículo;Saída de leito carroçável;Com Vítimas Feridas;Plena Noite;Decrescente;Céu Claro;Dupla;Reta;Sim;2;0;1;0;1;0;1;1;-3,76999;-38,67006;SR-CE;DEL16/1;UOP02/CE
263244;16/01/2020;quinta-feira;22:15:00;BA;116;652;JAGUAQUARA;Carga excessiva e/ou mal acondicionada;Tombamento;Sem Vítimas;Plena Noite;Decrescente;Céu Claro;Simples;Reta;Não;1;0;0;0;1;0;0;1;-13,62856;-40,09263;SR-BA;DEL10/3;UOP01/BA
263245;16/01/2020;quinta-feira;00:20:00;GO;60;121,9;TEREZOPOLIS DE GOIAS;Defeito Mecânico no Veículo;Saída de leito carroçável;Com Vítimas Feridas;Plena Noite;Crescente;Nublado;Dupla;Reta;Não;1;0;1;0;0;0;1;1;-16,5044;-49,1128;SR-GO;DEL1/1;UOP01/GO
263246;16/01/2020;quinta-feira;23:15:00;PA;308;151,3;CAPANEMA;Desobediência às normas de trânsito pelo condutor;Colisão lateral;Com Vítimas Feridas;Plena Noite;Decrescente;Céu Claro;Simples;Reta;Sim;3;0;1;1;1;0;2;2;-1,21064;-47,18274;SR-PA;DEL19/1;UOP03/PA
263247;16/01/2020;quinta-feira;20:00:00;MT;70;47;BARRA DO GARCAS;Ultrapassagem Indevida;Saída de leito carroçável;Com Vítimas Feridas;Plena Noite;Decrescente;Nublado;Simples;Não Informado;Não;1;0;1;0;0;0;1;1;-15,74586;-52,61387;SR-MT;DEL2/8;UOP01/MT
263248;16/01/2020;quinta-feira;23:00:00;ES;101;7;ICONHA;Ingestão de Álcool;Colisão traseira;Sem Vítimas;Plena Noite;Decrescente;Céu Claro;Dupla;Não Informado;Não;2;0;0;0;2;0;0;2;-20,80379;-40,82957;SR-ES;DEL12/4;UOP02/ES
263249;17/01/2020;sexta-feira;00:10:00;MA;226;546;PORTO FRANCO;Falta de Atenção à Condução;Tombamento;Com Vítimas Feridas;Plena Noite;Decrescente;Chuva;Simples;Reta;Não;1;0;1;0;0;0;1;1;-6,259713;-47,18137;SR-MA;DEL18/4;UOP02/MA
263250;17/01/2020;sexta-feira;00:40:00;PR;163;306;MERCEDES;Condutor Dormindo;Colisão traseira;Com Vítimas Feridas;Plena Noite;Decrescente;Nublado;Simples;Reta;Não;2;0;1;0;1;0;1;2;-24,42214;-54,16706;SR-PR;DEL7/6;UOP04/PR
263251;16/01/2020;quinta-feira;21:05:00;MT;364;401;CUIABA;Avarias e/ou desgaste excessivo no pneu;Queda de ocupante de veículo;Com Vítimas Fatais;Plena Noite;Crescente;Chuva;Dupla;Reta;Não;1;1;0;0;0;0;0;1;-15,6721;-55,94649;SR-MT;DEL2/1;UOP01/MT
263252;17/01/2020;sexta-feira;02:40:00;RS;290;92;PORTO ALEGRE;Ingestão de Álcool;Colisão com objeto estático;Sem Vítimas;Plena Noite;Crescente;Céu Claro;Simples;Curva;Sim;1;0;0;0;1;0;0;1;-29,96912;-51,17587;SR-RS;DEL9/1;UOP01/RS
263253;17/01/2020;sexta-feira;02:50:00;MG;262;537,9;LUZ;Desobediência às normas de trânsito pelo condutor;Colisão frontal;Com Vítimas Fatais;Plena Noite;Decrescente;Chuva;Simples;Curva;Não;6;1;0;4;1;0;4;2;-19,767;-45,7868;SR-MG;DEL4/8;UOP02/MG
263254;17/01/2020;sexta-feira;03:15:00;GO;452;99;BOM JESUS DE GOIAS;Ingestão de Álcool;Colisão lateral;Com Vítimas Feridas;Plena Noite;Crescente;Nublado;Simples;Reta;Não;3;0;2;0;1;0;2;2;-18,12599;-50,00849;SR-GO;DEL1/3;UOP02/GO
263255;17/01/2020;sexta-feira;03:30:00;MG;116;147,1;PONTO DOS VOLANTES;Condutor Dormindo;Saída de leito carroçável;Com Vítimas Feridas;Plena Noite;Decrescente;Nublado;Simples;Não Informado;Não;1;0;1;0;0;0;1;1;-16,82766;-41,47435;SR-MG;DEL4/11;UOP02/MG
263256;17/01/2020;sexta-feira;03:30:00;PB;361;70,8;OLHO DAGUA;Ingestão de Álcool;Tombamento;Com Vítimas Feridas;Plena Noite;Crescente;Céu Claro;Simples;Reta;Não;1;0;0;1;0;0;1;1;-7,196936;-37,8072;SR-PB;DEL14/3;UOP01/PB
263257;17/01/2020;sexta-feira;04:45:00;PR;376;156;MANDAGUACU;Falta de Atenção à Condução;Derramamento de carga;Com Vítimas Feridas;Amanhecer;Decrescente;Céu Claro;Dupla;Reta;Sim;2;0;0;1;1;0;1;2;-23,33946;-52,09567;SR-PR;DEL7/7;UOP04/PR
263260;17/01/2020;sexta-feira;04:00:00;BA;242;444;SEABRA;Condutor Dormindo;Colisão traseira;Com Vítimas Feridas;Plena Noite;Crescente;Céu Claro;Simples;Reta;Não;2;0;1;0;1;0;1;2;-12,42754;-42,01642;SR-BA;DEL10/6;UOP01/BA
263261;17/01/2020;sexta-feira;03:00:00;GO;153;506;APARECIDA DE GOIANIA;Condutor Dormindo;Saída de leito carroçável;Sem Vítimas;Plena Noite;Crescente;Céu Claro;Dupla;Reta;Sim;1;0;0;0;0;1;0;1;-16,7633;-49,24;SR-GO;DEL1/1;UOP01/GO
263262;17/01/2020;sexta-feira;05:00:00;ES;101;440,6;MIMOSO DO SUL;Condutor Dormindo;Saída de leito carroçável;Sem Vítimas;Amanhecer;Decrescente;Nublado;Simples;Reta;Não;1;0;0;0;0;1;0;1;-21,07916;-41,23374;SR-ES;DEL12/3;UOP02/ES
263263;17/01/2020;sexta-feira;05:10:00;MG;40;587,1;ITABIRITO;Falta de Atenção à Condução;Saída de leito carroçável;Sem Vítimas;Plena Noite;Crescente;Chuva;Simples;Não Informado;Não;1;0;0;0;1;0;0;1;-20,34858;-43,92201;SR-MG;DEL4/1;UOP02/MG
263264;17/01/2020;sexta-feira;06:15:00;MG;40;590;ITABIRITO;Falta de Atenção à Condução;Saída de leito carroçável;Com Vítimas Feridas;Amanhecer;Decrescente;Chuva;Simples;Reta;Não;4;0;4;0;0;0;4;1;-20,36808;-43,90983;SR-MG;DEL4/1;UOP02/MG
263265;17/01/2020;sexta-feira;06:40:00;DF;70;11;BRASILIA;Falta de Atenção à Condução;Colisão traseira;Com Vítimas Feridas;Pleno dia;Decrescente;Céu Claro;Dupla;Reta;Não;6;0;1;0;5;0;1;2;-15,78976;-48,14873;SR-DF;UOP06/DF;
263266;17/01/2020;sexta-feira;06:40:00;RN;101;100;PARNAMIRIM;Defeito Mecânico no Veículo;Tombamento;Com Vítimas Feridas;Pleno dia;Crescente;Céu Claro;Dupla;Não Informado;Sim;2;0;2;0;0;0;2;1;-5,881069;-35,22542;SR-RN;DEL15/1;UOP01/RN
263268;17/01/2020;sexta-feira;06:55:00;SC;470;49,2;BLUMENAU;Falta de Atenção à Condução;Colisão transversal;Com Vítimas Feridas;Pleno dia;Crescente;Céu Claro;Simples;Não Informado;Sim;2;0;1;0;1;0;1;2;-26,86066;-49,06516;SR-SC;DEL8/4;UOP01/SC
263269;17/01/2020;sexta-feira;06:05:00;MS;163;728,5;COXIM;Ingestão de Álcool;Saída de leito carroçável;Sem Vítimas;Amanhecer;Crescente;Nublado;Simples;Reta;Sim;1;0;0;0;1;0;0;1;-18,52279;-54,7395;SR-MS;DEL3/6;UOP01/MS
263270;16/01/2020;quinta-feira;23:30:00;MG;381;414;NOVA UNIAO;Pista Escorregadia;Tombamento;Com Vítimas Feridas;Plena Noite;Crescente;Chuva;Simples;Curva;Não;1;0;1;0;0;0;1;1;-19,74403;-43,61553;SR-MG;DEL4/1;UOP01/MG
263271;17/01/2020;sexta-feira;06:50:00;CE;304;53;ARACATI;Falta de Atenção à Condução;Colisão transversal;Com Vítimas Feridas;Pleno dia;Crescente;Céu Claro;Simples;Reta;Não;2;0;1;0;1;0;1;2;-4,574024;-37,73636;SR-CE;DEL16/3;UOP03/CE
263272;17/01/2020;sexta-feira;02:00:00;RJ;101;417,3;MANGARATIBA;Ingestão de Álcool;Colisão com objeto estático;Sem Vítimas;Plena Noite;Decrescente;Chuva;Simples;Curva;Não;2;0;0;0;2;0;0;1;-22,91294;-43,89732;SR-RJ;DEL5/3;UOP01/RJ
263273;17/01/2020;sexta-feira;07:15:00;PE;101;81,8;JABOATAO DOS GUARARAPES;Desobediência às normas de trânsito pelo condutor;Colisão lateral;Com Vítimas Feridas;Pleno dia;Crescente;Sol;Dupla;Reta;Sim;2;0;2;0;0;0;2;2;-8,159749;-34,94025;SR-PE;DEL11/1;UOP03/PE
263274;17/01/2020;sexta-feira;07:20:00;BA;324;535;FEIRA DE SANTANA;Defeito Mecânico no Veículo;Incêndio;Sem Vítimas;Pleno dia;Decrescente;Céu Claro;Dupla;Curva;Não;1;0;0;0;1;0;0;1;-12,35775;-38,82803;SR-BA;DEL10/1;UOP01/BA
263275;16/01/2020;quinta-feira;21:30:00;MG;381;168;GOVERNADOR VALADARES;Desobediência às normas de trânsito pelo condutor;Colisão transversal;Com Vítimas Feridas;Plena Noite;Decrescente;Céu Claro;Simples;Reta;Não;2;0;0;1;1;0;1;2;-18,96572;-42,08181;SR-MG;DEL4/6;UOP01/MG
263276;16/01/2020;quinta-feira;22:20:00;SP;116;193,6;SANTA ISABEL;Avarias e/ou desgaste excessivo no pneu;Colisão traseira;Sem Vítimas;Plena Noite;Decrescente;Chuva;Dupla;Reta;Não;2;0;0;0;2;0;0;2;-23,37692;-46,24973;SR-SP;DEL6/2;UOP01/SP
263277;17/01/2020;sexta-feira;07:20:00;PB;230;13;CABEDELO;Falta de Atenção à Condução;Queda de ocupante de veículo;Com Vítimas Feridas;Pleno dia;Decrescente;Chuva;Dupla;Curva;Sim;1;0;1;0;0;0;1;1;-7,0772;-34,8494;SR-PB;DEL14/1;UOP01/PB
263278;17/01/2020;sexta-feira;07:10:00;SP;116;290;ITAPECERICA DA SERRA;Falta de Atenção à Condução;Engavetamento;Com Vítimas Feridas;Pleno dia;Decrescente;Garoa/Chuvisco;Dupla;Reta;Não;7;0;1;0;6;0;1;3;-23,73033;-46,89426;SR-SP;DEL6/4;UOP01/SP
263279;17/01/2020;sexta-feira;06:20:00;MG;251;375,4;GRAO MOGOL;Desobediência às normas de trânsito pelo condutor;Colisão frontal;Com Vítimas Fatais;Amanhecer;Decrescente;Nublado;Simples;Curva;Sim;3;1;0;0;1;1;0;2;-16,29923;-42,72843;SR-MG;DEL4/12;UOP01/MG
263280;17/01/2020;sexta-feira;07:00:00;TO;153;154,7;ARAGUAINA;Falta de Atenção à Condução;Colisão com objeto estático;Sem Vítimas;Pleno dia;Crescente;Céu Claro;Simples;Reta;Não;1;0;0;0;1;0;0;1;-7,27974;-48,27189;SR-TO;UOP04/TO;
263281;17/01/2020;sexta-feira;07:20:00;ES;101;329;GUARAPARI;Velocidade Incompatível;Tombamento;Com Vítimas Feridas;Pleno dia;Crescente;Céu Claro;Simples;Curva;Não;1;0;1;0;0;0;1;1;-20,58543;-40,49702;SR-ES;DEL12/3;UOP01/ES
263282;17/01/2020;sexta-feira;07:00:00;RS;386;154,9;ALMIRANTE TAMANDARE DO SUL;Desobediência às normas de trânsito pelo condutor;Colisão frontal;Com Vítimas Feridas;Pleno dia;Crescente;Céu Claro;Dupla;Não Informado;Não;8;0;7;0;0;1;7;2;-28,11114;-52,86054;SR-RS;DEL08;UOP01/RS
263283;17/01/2020;sexta-feira;06:40:00;PR;116;115,5;CURITIBA;Desobediência às normas de trânsito pelo condutor;Colisão traseira;Com Vítimas Feridas;Pleno dia;Crescente;Nublado;Múltipla;Reta;Sim;3;0;1;0;2;0;1;3;-25,55953;-49,2656;SR-PR;DEL7/1;UOP03/PR
263284;17/01/2020;sexta-feira;06:50:00;RS;470;169,3;VILA FLORES;Falta de Atenção à Condução;Colisão transversal;Com Vítimas Fatais;Pleno dia;Decrescente;Céu Claro;Simples;Reta;Sim;2;1;0;0;1;0;0;2;-28,87127;-51,55073;SR-RS;DEL9/6;UOP02/RS
263286;17/01/2020;sexta-feira;07:20:00;RS;158;566,2;SANTANA DO LIVRAMENTO;Desobediência às normas de trânsito pelo condutor;Saída de leito carroçável;Com Vítimas Feridas;Pleno dia;Decrescente;Céu Claro;Simples;Reta;Sim;2;0;2;0;0;0;2;1;-30,87624;-55,51081;SR-RS;DEL9/11;UOP01/RS
263287;17/01/2020;sexta-feira;07:45:00;PR;476;130;CURITIBA;Defeito Mecânico no Veículo;Queda de ocupante de veículo;Com Vítimas Feridas;Pleno dia;Decrescente;Nublado;Dupla;Curva;Sim;1;0;0;1;0;0;1;1;-25,44956;-49,23551;SR-PR;DEL7/1;UOP06/PR
263288;17/01/2020;sexta-feira;07:30:00;SP;116;228;SAO PAULO;Velocidade Incompatível;Colisão lateral;Com Vítimas Feridas;Pleno dia;Crescente;Céu Claro;Múltipla;Reta;Sim;2;0;1;0;1;0;1;2;-23,50343;-46,56639;SR-SP;DEL6/1;UOP01/SP
263289;17/01/2020;sexta-feira;07:50:00;RS;471;156;SANTA CRUZ DO SUL;Desobediência às normas de trânsito pelo condutor;Colisão traseira;Com Vítimas Feridas;Pleno dia;Crescente;Céu Claro;Simples;Não Informado;Não;2;0;0;1;1;0;1;2;-29,82352;-52,40217;SR-RS;DEL9/2;UOP03/RS
263290;17/01/2020;sexta-feira;08:00:00;PR;277;345;GUARAPUAVA;Falta de Atenção à Condução;Colisão traseira;Com Vítimas Feridas;Pleno dia;Crescente;Céu Claro;Simples;Reta;Sim;2;0;1;0;1;0;1;2;-25,33928;-51,4288;SR-PR;DEL7/3;UOP02/PR
263291;17/01/2020;sexta-feira;05:00:00;RN;405;10;MOSSORO;Desobediência às normas de trânsito pelo condutor;Saída de leito carroçável;Sem Vítimas;Amanhecer;Crescente;Céu Claro;Simples;Reta;Não;1;0;0;0;0;1;0;1;-5,198484;-37,44229;SR-RN;DEL15/4;UOP02/RN
263292;17/01/2020;sexta-feira;08:10:00;RS;290;95;PORTO ALEGRE;Falta de Atenção à Condução;Colisão traseira;Com Vítimas Feridas;Pleno dia;Crescente;Céu Claro;Múltipla;Reta;Sim;2;0;1;0;1;0;1;2;-29,98283;-51,20157;SR-RS;DEL9/1;UOP01/RS
263294;17/01/2020;sexta-feira;08:15:00;PR;158;539;PATO BRANCO;Não guardar distância de segurança;Queda de ocupante de veículo;Com Vítimas Feridas;Pleno dia;Crescente;Céu Claro;Simples;Reta;Não;1;0;1;0;0;0;1;1;-26,26663;-52,71008;SR-PR;DEL7/2;UOP01/PR
263295;17/01/2020;sexta-feira;08:00:00;MG;381;484,8;BETIM;Não guardar distância de segurança;Colisão traseira;Com Vítimas Feridas;Pleno dia;Decrescente;Chuva;Dupla;Reta;Sim;4;0;3;0;0;1;3;3;-19,95532;-44,11722;SR-MG;DEL4/1;UOP03/MG