id;data_inversa;dia_semana;horario;uf;br;km;municipio;causa_acidente;tipo_acidente;classificacao_acidente;fase_dia;sentido_via;condicao_metereologica;tipo_pista;tracado_via;uso_solo;pessoas;mortos;feridos_leves;feridos_graves;ilesos;ignorados;feridos;veiculos;latitude;longitude;regional;delegacia;uop
263296;17/01/2020;sexta-feira;07:55:00;SC;101;243;PALHOCA;Falta de Atenção à Condução;Colisão lateral;Com Vítimas Feridas;Pleno dia;Crescente;Céu Claro;Dupla;Reta;Não;2;0;1;0;1;0;1;2;-27,8842;-48,6475;SR-SC;DEL8/1;UOP02/SC
263297;17/01/2020;sexta-feira;08:45:00;SP;153;61;SAO JOSE DO RIO PRETO;Não guardar distância de segurança;Colisão traseira;Com Vítimas Feridas;Pleno dia;Crescente;Sol;Dupla;Não Informado;Sim;4;0;0;1;3;0;1;2;-20,80503;-49,35575;SR-SP;DEL6/9;UOP01/SP
263298;17/01/2020;sexta-feira;06:30:00;MG;381;886;CAMBUI;Condutor Dormindo;Saída de leito carroçável;Sem Vítimas;Pleno dia;Decrescente;Nublado;Múltipla;Reta;Não;1;0;0;0;1;0;0;1;-22,55262;-46,0394;SR-MG;DEL09;UOP01/MG
263301;17/01/2020;sexta-feira;07:20:00;CE;116;57,2;PACAJUS;Falta de Atenção à Condução;Saída de leito carroçável;Sem Vítimas;Pleno dia;Crescente;Nublado;Simples;Reta;Não;1;0;0;0;1;0;0;1;-4,220907;-38,47583;SR-CE;DEL16/3;UOP02/CE
263302;17/01/2020;sexta-feira;01:00:00;RJ;116;170;SAO JOAO DE MERITI;Velocidade Incompatível;Queda de ocupante de veículo;Com Vítimas Feridas;Plena Noite;Crescente;Céu Claro;Dupla;Reta;Não;1;0;1;0;0;0;1;1;-22,81113;-43,33367;SR-RJ;DEL5/1;UOP02/RJ
263303;17/01/2020;sexta-feira;07:00:00;RS;470;227;GARIBALDI;Falta de Atenção à Condução;Saída de leito carroçável;Sem Vítimas;Pleno dia;Decrescente;Céu Claro;Simples;Reta;Não;1;0;0;0;1;0;0;1;-29,21658;-51,51723;SR-RS;DEL9/6;UOP01/RS
263304;17/01/2020;sexta-feira;08:50:00;SP;116;157;JACAREI;Defeito Mecânico no Veículo;Tombamento;Com Vítimas Feridas;Pleno dia;Decrescente;Garoa/Chuvisco;Dupla;Reta;Sim;2;0;2;0;0;0;2;1;-23,25558;-45,94378;SR-SP;DEL6/2;UOP01/SP
263305;17/01/2020;sexta-feira;09:00:00;RN;101;80,2;NATAL;Defeito na Via;Queda de ocupante de veículo;Com Vítimas Feridas;Pleno dia;Decrescente;Céu Claro;Dupla;Reta;Sim;1;0;1;0;0;0;1;1;-5,758522;-35,28806;SR-RN;DEL15/2;UOP01/RN
263306;17/01/2020;sexta-feira;09:20:00;PE;232;7,2;RECIFE;Falta de Atenção à Condução;Colisão traseira;Com Vítimas Feridas;Pleno dia;Decrescente;Céu Claro;Dupla;Reta;Sim;2;0;1;0;1;0;1;2;-8,094921;-34,93824;SR-PE;DEL11/1;UOP01/PE
263307;17/01/2020;sexta-feira;08:45:00;GO;153;586;PROFESSOR JAMIL;Falta de Atenção à Condução;Saída de leito carroçável;Com Vítimas Feridas;Pleno dia;Crescente;Chuva;Dupla;Curva;Não;2;0;2;0;0;0;2;1;-17,4342;-49,23;SR-GO;DEL1/3;UOP01/GO
263308;17/01/2020;sexta-feira;09:30:00;PR;376;155,7;MANDAGUACU;Defeito Mecânico no Veículo;Tombamento;Com Vítimas Feridas;Pleno dia;Decrescente;Céu Claro;Dupla;Reta;Sim;2;0;2;0;0;0;2;1;-23,33823;-52,09944;SR-PR;DEL7/7;UOP04/PR
263309;17/01/2020;sexta-feira;09:50:00;ES;101;368;ICONHA;Agressão Externa;Capotamento;Com Vítimas Feridas;Pleno dia;Crescente;Garoa/Chuvisco;Simples;Curva;Não;1;0;1;0;0;0;1;1;-20,75375;-40,75895;SR-ES;DEL12/3;UOP01/ES
263311;17/01/2020;sexta-feira;09:45:00;SC;101;421,5;ARARANGUA;Falta de Atenção à Condução;Colisão transversal;Com Vítimas Feridas;Pleno dia;Crescente;Céu Claro;Simples;Reta;Sim;2;0;1;1;0;0;2;2;-29,00049;-49,55767;SR-SC;DEL8/2;UOP02/SC
263312;17/01/2020;sexta-feira;09:30:00;MG;381;569,9;ITAGUARA;Não guardar distância de segurança;Colisão traseira;Com Vítimas Feridas;Pleno dia;Decrescente;Nublado;Dupla;Reta;Não;7;0;3;0;4;0;3;3;-20,43178;-44,55194;SR-MG;DEL4/4;UOP03/MG
263314;17/01/2020;sexta-feira;07:20:00;PB;104;173,7;BARRA DE SANTANA;Falta de Atenção à Condução;Colisão transversal;Com Vítimas Feridas;Pleno dia;Decrescente;Céu Claro;Simples;Desvio Temporário;Não;2;0;1;0;1;0;1;2;-7,603243;-36,04843;SR-PB;DEL14/2;UOP03/PB
263315;17/01/2020;sexta-feira;09:30:00;PI;316;316;PICOS;Falta de Atenção à Condução;Colisão com objeto estático;Sem Vítimas;Pleno dia;Crescente;Céu Claro;Simples;Reta;Sim;1;0;0;0;1;0;0;1;-7,081337;-41,42348;SR-PI;DEL17/4;UOP01/PI
263317;17/01/2020;sexta-feira;09:40:00;MG;262;381,5;JUATUBA;Falta de Atenção à Condução;Saída de leito carroçável;Com Vítimas Feridas;Pleno dia;Decrescente;Garoa/Chuvisco;Dupla;Curva;Não;1;0;1;0;0;0;1;1;-19,94062;-44,38697;SR-MG;DEL4/1;UOP03/MG
263318;17/01/2020;sexta-feira;00:30:00;BA;324;571;SAO SEBASTIAO DO PASSE;Condutor Dormindo;Saída de leito carroçável;Com Vítimas Feridas;Plena Noite;Decrescente;Céu Claro;Dupla;Não Informado;Não;1;0;1;0;0;0;1;1;-12,55143;-38,57417;SR-BA;DEL10/1;UOP01/BA
263319;17/01/2020;sexta-feira;07:40:00;SC;282;535,1;CHAPECO;Desobediência às normas de trânsito pelo condutor;Colisão lateral;Com Vítimas Fatais;Pleno dia;Decrescente;Céu Claro;Dupla;Interseção de vias;Sim;2;1;0;0;1;0;0;2;-26,99825;-52,64377;SR-SC;DEL7;UOP01/SC
263321;13/01/2020;segunda-feira;15:20:00;MS;158;149,6;APARECIDA DO TABOADO;Defeito Mecânico no Veículo;Colisão frontal;Com Vítimas Feridas;Pleno dia;Crescente;Nublado;Simples;Reta;Não;4;0;3;0;1;0;3;2;-20,09818;-51,15705;SR-MS;DEL3/8;UOP01/MS
263322;17/01/2020;sexta-feira;11:05:00;BA;324;571,9;SAO SEBASTIAO DO PASSE;Falta de Atenção à Condução;Saída de leito carroçável;Com Vítimas Feridas;Pleno dia;Decrescente;Sol;Dupla;Reta;Não;5;0;4;0;1;0;4;1;-12,55143;-38,57417;SR-BA;DEL10/1;UOP01/BA
263324;17/01/2020;sexta-feira;11:00:00;MG;381;753;TRES CORACOES;Falta de Atenção à Condução;Saída de leito carroçável;Com Vítimas Feridas;Pleno dia;Decrescente;Chuva;Dupla;Curva;Não;1;0;1;0;0;0;1;1;-21,67857;-45,34114;SR-MG;DEL09;UOP02/MG
263325;17/01/2020;sexta-feira;09:45:00;PR;116;110,8;CURITIBA;Velocidade Incompatível;Colisão traseira;Com Vítimas Feridas;Pleno dia;Crescente;Nublado;Dupla;Não Informado;Sim;6;0;4;1;1;0;5;4;-25,5606;-49,26379;SR-PR;DEL7/1;UOP04/PR
263331;17/01/2020;sexta-feira;05:30:00;MG;262;467,1;BOM DESPACHO;Ultrapassagem Indevida;Saída de leito carroçável;Com Vítimas Feridas;Amanhecer;Decrescente;Chuva;Simples;Reta;Não;1;0;1;0;0;0;1;1;-19,80324;-45,13352;SR-MG;DEL4/8;UOP03/MG
263332;17/01/2020;sexta-feira;11:00:00;MG;381;488,9;BETIM;Velocidade Incompatível;Colisão traseira;Com Vítimas Feridas;Pleno dia;Crescente;Sol;Dupla;Não Informado;Sim;5;0;1;1;3;0;2;3;-19,95987;-44,1549;SR-MG;DEL4/1;UOP03/MG
263333;17/01/2020;sexta-feira;11:30:00;RS;285;146;MUITOS CAPOES;Falta de Atenção à Condução;Colisão frontal;Com Vítimas Feridas;Pleno dia;Crescente;Céu Claro;Simples;Curva;Sim;4;0;1;0;3;0;1;2;-28,35799;-51,10668;SR-RS;DEL9/5;UOP03/RS
263334;17/01/2020;sexta-feira;11:40:00;SE;101;68,7;MARUIM;Falta de Atenção à Condução;Colisão transversal;Com Vítimas Feridas;Pleno dia;Decrescente;Céu Claro;Simples;Não Informado;Não;5;0;2;0;3;0;2;3;-10,7264;-37,07636;SR-SE;DEL20/1;UOP01/SE
263335;17/01/2020;sexta-feira;11:20:00;SC;101;206;SAO JOSE;Falta de Atenção à Condução;Colisão traseira;Com Vítimas Feridas;Pleno dia;Crescente;Céu Claro;Múltipla;Reta;Sim;3;0;1;0;2;0;1;3;-27,59194;-48,61825;SR-SC;DEL8/1;UOP01/SC
263337;17/01/2020;sexta-feira;11:30:00;PR;116;14,5;CAMPINA GRANDE DO SUL;Velocidade Incompatível;Capotamento;Com Vítimas Feridas;Pleno dia;Decrescente;Chuva;Dupla;Curva;Não;5;0;1;0;4;0;1;1;-25,09836;-48,67392;SR-PR;DEL7/1;UOP02/PR
263338;17/01/2020;sexta-feira;11:00:00;GO;60;120,1;TEREZOPOLIS DE GOIAS;Falta de Atenção à Condução;Saída de leito carroçável;Com Vítimas Feridas;Pleno dia;Crescente;Sol;Dupla;Reta;Não;1;0;1;0;0;0;1;1;-16,4979;-49,1065;SR-GO;DEL1/1;UOP01/GO
263339;17/01/2020;sexta-feira;12:00:00;MG;365;371,8;PATOS DE MINAS;Pista Escorregadia;Tombamento;Sem Vítimas;Pleno dia;Decrescente;Chuva;Simples;Curva;Não;1;0;0;0;1;0;0;1;-18,51644;-46,13976;SR-MG;DEL4/10;UOP01/MG
263340;17/01/2020;sexta-feira;11:30:00;RN;304;222,9;CAICARA DO RIO DO VENTO;Defeito Mecânico no Veículo;Colisão frontal;Com Vítimas Feridas;Pleno dia;Crescente;Chuva;Simples;Reta;Não;6;0;1;4;1;0;5;3;-5,758817;-35,97283;SR-RN;DEL15/1;UOP03/RN
263342;17/01/2020;sexta-feira;11:45:00;MG;40;666,8;CARANDAI;Desobediência às normas de trânsito pelo condutor;Colisão transversal;Com Vítimas Feridas;Pleno dia;Decrescente;Nublado;Simples;Rotatória;Sim;2;0;1;0;1;0;1;2;-20,94797;-43,79727;SR-MG;DEL5;UOP02/MG
263343;17/01/2020;sexta-feira;11:18:00;RJ;101;412;ITAGUAI;Avarias e/ou desgaste excessivo no pneu;Capotamento;Com Vítimas Feridas;Pleno dia;Decrescente;Chuva;Dupla;Reta;Não;2;0;1;0;1;0;1;1;-22,8972;-43,85639;SR-RJ;DEL5/3;UOP01/RJ
263344;17/01/2020;sexta-feira;08:00:00;MS;267;27,5;BATAGUASSU;Velocidade Incompatível;Tombamento;Sem Vítimas;Pleno dia;Decrescente;Céu Claro;Simples;Não Informado;Não;1;0;0;0;1;0;0;1;-21,72212;-52,40397;SR-MS;DEL2;UOP04/MS
263345;17/01/2020;sexta-feira;12:20:00;PE;424;25,2;PEDRA;Desobediência às normas de trânsito pelo condutor;Colisão frontal;Com Vítimas Fatais;Pleno dia;Crescente;Céu Claro;Simples;Reta;Não;4;1;0;3;0;0;3;2;-8,547675;-36,90487;SR-PE;DEL11/3;UOP02/PE
263346;17/01/2020;sexta-feira;10:10:00;RS;290;524,3;CACEQUI;Falta de Atenção à Condução;Capotamento;Com Vítimas Feridas;Pleno dia;Crescente;Céu Claro;Simples;Não Informado;Não;4;0;4;0;0;0;4;1;-30,06461;-55,29261;SR-RS;DEL9/11;UOP02/RS
263348;17/01/2020;sexta-feira;12:30:00;MG;381;932,8;EXTREMA;Velocidade Incompatível;Tombamento;Com Vítimas Feridas;Pleno dia;Crescente;Nublado;Dupla;Curva;Não;1;0;1;0;0;0;1;1;-22,81754;-46,29457;SR-MG;DEL09;UOP03/MG
263350;17/01/2020;sexta-feira;12:20:00;PE;101;68,2;RECIFE;Não guardar distância de segurança;Colisão traseira;Com Vítimas Feridas;Pleno dia;Decrescente;Sol;Múltipla;Não Informado;Não;2;0;0;1;0;1;1;2;-8,050743;-34,94581;SR-PE;DEL11/1;UOP01/PE
263351;17/01/2020;sexta-feira;13:00:00;RS;285;468,4;CORONEL BARROS;Defeito Mecânico no Veículo;Colisão com objeto em movimento;Sem Vítimas;Pleno dia;Decrescente;Sol;Simples;Reta;Não;2;0;0;0;2;0;0;2;-28,3862;-53,99055;SR-RS;DEL9/10;UOP01/RS
263352;17/01/2020;sexta-feira;13:20:00;SC;101;202;SAO JOSE;Falta de Atenção à Condução;Colisão lateral;Com Vítimas Feridas;Pleno dia;Decrescente;Céu Claro;Múltipla;Reta;Sim;2;0;1;0;1;0;1;2;-27,55712;-48,61898;SR-SC;DEL8/1;UOP01/SC
263353;17/01/2020;sexta-feira;13:20:00;PI;316;10;TERESINA;Falta de Atenção à Condução;Colisão lateral;Com Vítimas Feridas;Pleno dia;Crescente;Nublado;Múltipla;Reta;Sim;3;0;2;0;1;0;2;2;-5,182802;-42,7635;SR-PI;DEL17/1;UOP02/PI
263354;17/01/2020;sexta-feira;10:15:00;RJ;116;40;TERESOPOLIS;Falta de Atenção à Condução;Colisão transversal;Com Vítimas Feridas;Pleno dia;Crescente;Sol;Simples;Reta;Sim;3;0;1;0;2;0;1;3;-22,13343;-42,77952;SR-RJ;DEL5/6;UOP02/RJ
263355;17/01/2020;sexta-feira;13:50:00;RJ;101;473;ANGRA DOS REIS;Falta de Atenção à Condução;Colisão transversal;Com Vítimas Feridas;Pleno dia;Crescente;Chuva;Dupla;Retorno Regulamentado;Sim;3;0;1;0;2;0;1;2;-22,98961;-44,24169;SR-RJ;DEL5/3;UOP02/RJ
263356;17/01/2020;sexta-feira;14:00:00;GO;60;36,5;ALEXANIA;Velocidade Incompatível;Saída de leito carroçável;Com Vítimas Feridas;Pleno dia;Crescente;Nublado;Dupla;Curva;Não;1;0;0;1;0;0;1;1;-16,1119;-48,5299;SR-DF;UOP03/DF;
263357;17/01/2020;sexta-feira;11:25:00;RO;364;424,9;JARU;Desobediência às normas de trânsito pelo condutor;Colisão transversal;Com Vítimas Feridas;Pleno dia;Crescente;Nublado;Múltipla;Interseção de vias;Sim;3;0;0;1;2;0;1;2;-10,43822;-62,47053;SR-RO;DEL21/3;UOP02/RO
263360;05/01/2020;domingo;10:00:00;BA;242;665;MUQUEM DE SAO FRANCISCO;Defeito Mecânico no Veículo;Colisão frontal;Com Vítimas Feridas;Pleno dia;Decrescente;Nublado;Simples;Reta;Não;7;0;1;1;5;0;2;2;-12,19729;-43,69036;SR-BA;DEL 10/10;UOP02/BA
263362;17/01/2020;sexta-feira;13:30:00;RS;116;244,8;SAO LEOPOLDO;Avarias e/ou desgaste excessivo no pneu;Colisão com objeto estático;Sem Vítimas;Pleno dia;Decrescente;Sol;Simples;Interseção de vias;Sim;1;0;0;0;0;1;0;1;-29,74088;-51,1504;SR-RS;DEL9/1;UOP02/RS
263365;17/01/2020;sexta-feira;14:40:00;RS;386;345,2;LAJEADO;Desobediência às normas de trânsito pelo condutor;Colisão transversal;Com Vítimas Feridas;Pleno dia;Decrescente;Céu Claro;Simples;Reta;Sim;2;0;1;0;1;0;1;2;-29,44417;-51,98118;SR-RS;DEL9/4;UOP01/RS
263367;17/01/2020;sexta-feira;14:30:00;MG;381;348;JOAO MONLEVADE;Velocidade Incompatível;Saída de leito carroçável;Com Vítimas Feridas;Pleno dia;Crescente;Nublado;Simples;Curva;Não;4;0;3;1;0;0;4;1;-19,85244;-43,14084;SR-MG;DEL4/3;UOP01/MG
263368;17/01/2020;sexta-feira;13:50:00;CE;304;51,4;ARACATI;Falta de Atenção à Condução;Colisão frontal;Com Vítimas Feridas;Pleno dia;Decrescente;Céu Claro;Simples;Curva;Sim;2;0;1;0;1;0;1;2;-4,569423;-37,75342;SR-CE;DEL16/3;UOP03/CE
263369;17/01/2020;sexta-feira;15:00:00;PE;101;53;ABREU E LIMA;Defeito Mecânico no Veículo;Colisão transversal;Com Vítimas Feridas;Pleno dia;Decrescente;Sol;Múltipla;Reta;Sim;3;0;1;2;0;0;3;2;-7,931241;-34,90069;SR-PE;DEL11/1;UOP02/PE
263371;17/01/2020;sexta-feira;14:45:00;SC;470;45;GASPAR;Velocidade Incompatível;Colisão traseira;Com Vítimas Feridas;Pleno dia;Crescente;Nublado;Simples;Interseção de vias;Não;4;0;2;1;1;0;3;2;-26,86706;-49,03111;SR-SC;DEL8/4;UOP01/SC
263372;17/01/2020;sexta-feira;14:00:00;GO;60;237,7;INDIARA;Pista Escorregadia;Saída de leito carroçável;Com Vítimas Feridas;Pleno dia;Crescente;Chuva;Dupla;Reta;Não;3;0;3;0;0;0;3;1;-17,087;-49,8474;SR-GO;DEL1/1;UOP02/GO
263373;17/01/2020;sexta-feira;08:00:00;PA;222;242;MARABA;Falta de Atenção à Condução;Colisão transversal;Com Vítimas Feridas;Pleno dia;Crescente;Céu Claro;Simples;Reta;Sim;2;0;1;0;1;0;1;2;-5,331903;-49,08522;SR-PA;DEL19/3;UOP01/PA
263376;17/01/2020;sexta-feira;14:30:00;RJ;101;413;ITAGUAI;Pista Escorregadia;Engavetamento;Sem Vítimas;Pleno dia;Decrescente;Chuva;Dupla;Reta;Sim;3;0;0;0;3;0;0;3;-22,89932;-43,86529;SR-RJ;DEL5/3;UOP01/RJ
263378;17/01/2020;sexta-feira;14:05:00;RS;116;330,8;BARRA DO RIBEIRO;Falta de Atenção à Condução;Colisão traseira;Com Vítimas Feridas;Pleno dia;Crescente;Céu Claro;Simples;Reta;Não;7;0;2;0;5;0;2;4;-30,38115;-51,43197;SR-RS;DEL9/2;UOP02/RS
263379;17/01/2020;sexta-feira;15:05:00;RJ;116;195,6;QUEIMADOS;Falta de Atenção à Condução;Atropelamento de Pedestre;Com Vítimas Fatais;Pleno dia;Crescente;Nublado;Dupla;Reta;Não;2;1;0;0;0;1;0;1;-22,73574;-43,5475;SR-RJ;DEL5/1;UOP02/RJ
263380;17/01/2020;sexta-feira;14:45:00;SC;101;350;JAGUARUNA;Falta de Atenção à Condução;Colisão lateral;Com Vítimas Feridas;Pleno dia;Decrescente;Céu Claro;Dupla;Não Informado;Não;5;0;2;0;0;3;2;2;-28,58988;-49,04517;SR-SC;DEL8/2;UOP01/SC
263382;17/01/2020;sexta-feira;16:00:00;PE;232;178,2;BELO JARDIM;Falta de Atenção do Pedestre;Atropelamento de Pedestre;Com Vítimas Feridas;Pleno dia;Decrescente;Céu Claro;Simples;Reta;Sim;3;0;0;1;2;0;1;1;-8,347448;-36,41182;SR-PE;DEL11/2;UOP02/PE
263383;17/01/2020;sexta-feira;13:45:00;MG;381;422;CAETE;Desobediência às normas de trânsito pelo condutor;Colisão frontal;Com Vítimas Feridas;Pleno dia;Crescente;Céu Claro;Simples;Reta;Não;5;0;1;2;1;1;3;2;-19,74699;-43,6195;SR-MG;DEL4/1;UOP01/MG
263384;17/01/2020;sexta-feira;16:00:00;RN;101;131,1;SAO JOSE DE MIPIBU;Falta de Atenção à Condução;Saída de leito carroçável;Com Vítimas Feridas;Pleno dia;Crescente;Chuva;Dupla;Curva;Não;2;0;1;1;0;0;2;1;-6,119429;-35,22935;SR-RN;DEL15/1;UOP01/RN
263385;17/01/2020;sexta-feira;15:00:00;MT;163;658,7;LUCAS DO RIO VERDE;Defeito Mecânico no Veículo;Incêndio;Sem Vítimas;Pleno dia;Crescente;Céu Claro;Simples;Reta;Não;1;0;0;0;1;0;0;1;-13,41492;-56,08204;SR-MT;DEL2/6;UOP01/MT
263387;17/01/2020;sexta-feira;15:20:00;RJ;101;431;MANGARATIBA;Velocidade Incompatível;Capotamento;Com Vítimas Feridas;Pleno dia;Decrescente;Chuva;Dupla;Não Informado;Não;1;0;1;0;0;0;1;1;-22,93295;-44,02007;SR-RJ;DEL5/3;UOP01/RJ
263388;17/01/2020;sexta-feira;16:40:00;PE;104;64,9;CARUARU;Falta de Atenção à Condução;Colisão traseira;Sem Vítimas;Pleno dia;Crescente;Céu Claro;Simples;Interseção de vias;Sim;2;0;0;0;2;0;0;2;-8,2783;-35,9815;SR-PE;DEL11/2;UOP01/PE
263389;17/01/2020;sexta-feira;16:00:00;RN;101;143;GOIANINHA;Pista Escorregadia;Tombamento;Sem Vítimas;Pleno dia;Crescente;Chuva;Dupla;Desvio Temporário;Não;2;0;0;0;2;0;0;2;-6,234497;-35,21638;SR-RN;DEL15/1;UOP01/RN
263391;17/01/2020;sexta-feira;07:10:00;GO;153;366,1;JARAGUA;Defeito na Via;Saída de leito carroçável;Com Vítimas Feridas;Pleno dia;Decrescente;Nublado;Simples;Não Informado;Não;1;0;1;0;0;0;1;1;-15,79969;-49,30017;SR-GO;DEL1/2;UOP02/GO
263392;17/01/2020;sexta-feira;15:10:00;GO;153;672,5;PANAMA;Falta de Atenção à Condução;Saída de leito carroçável;Com Vítimas Feridas;Pleno dia;Decrescente;Garoa/Chuvisco;Dupla;Não Informado;Não;1;0;1;0;0;0;1;1;-18,159;-49,2877;SR-GO;DEL1/3;UOP02/GO
263393;17/01/2020;sexta-feira;16:40:00;RJ;116;138;DUQUE DE CAXIAS;Não guardar distância de segurança;Colisão traseira;Com Vítimas Feridas;Pleno dia;Decrescente;Chuva;Dupla;Reta;Sim;3;0;1;0;2;0;1;2;-22,64697;-43,19165;SR-RJ;DEL5/4;UOP02/RJ
263394;17/01/2020;sexta-feira;17:20:00;SC;101;92;BARRA VELHA;Falta de Atenção à Condução;Colisão lateral;Com Vítimas Feridas;Anoitecer;Crescente;Céu Claro;Dupla;Reta;Não;3;0;1;0;2;0;1;3;-26,6806;-48,69315;SR-SC;DEL8/3;UOP02/SC
263395;17/01/2020;sexta-feira;17:15:00;GO;153;416,5;ANAPOLIS;Defeito na Via;Tombamento;Com Vítimas Feridas;Pleno dia;Decrescente;Nublado;Simples;Não Informado;Não;2;0;2;0;0;0;2;1;-16,14229;-49,04686;SR-GO;DEL1/2;UOP01/GO
263396;17/01/2020;sexta-feira;16:10:00;RO;364;710;PORTO VELHO;Desobediência às normas de trânsito pelo condutor;Colisão lateral;Com Vítimas Feridas;Pleno dia;Decrescente;Sol;Simples;Interseção de vias;Sim;2;0;0;1;1;0;1;2;-8,786216;-63,85713;SR-RO;DEL21/1;UOP01/RO
263397;17/01/2020;sexta-feira;17:00:00;ES;101;360;ANCHIETA;Velocidade Incompatível;Saída de leito carroçável;Com Vítimas Feridas;Pleno dia;Crescente;Chuva;Simples;Curva;Não;2;0;2;0;0;0;2;1;-20,70436;-40,71735;SR-ES;DEL12/3;UOP01/ES
263398;17/01/2020;sexta-feira;16:30:00;RJ;101;138;CARAPEBUS;Pista Escorregadia;Saída de leito carroçável;Com Vítimas Feridas;Pleno dia;Crescente;Chuva;Dupla;Reta;Não;2;0;2;0;0;0;2;1;-22,16284;-41,74187;SR-RJ;DEL5/2;UOP03/RJ
263399;17/01/2020;sexta-feira;15:20:00;SC;101;125,7;ITAJAI;Falta de Atenção à Condução;Colisão lateral;Com Vítimas Feridas;Pleno dia;Crescente;Céu Claro;Dupla;Reta;Não;2;0;1;0;1;0;1;2;-26,94802;-48,68339;SR-SC;DEL8/4;UOP04/SC
263401;17/01/2020;sexta-feira;16:53:00;SC;101;204,7;SAO JOSE;Falta de Atenção à Condução;Colisão traseira;Com Vítimas Feridas;Pleno dia;Crescente;Nublado;Múltipla;Não Informado;Sim;3;0;1;0;2;0;1;3;-27,57413;-48,61363;SR-SC;DEL8/1;UOP01/SC
263402;17/01/2020;sexta-feira;16:30:00;MG;40;42,2;PARACATU;Desobediência às normas de trânsito pelo condutor;Colisão transversal;Com Vítimas Feridas;Pleno dia;Crescente;Céu Claro;Simples;Não Informado;Sim;3;0;1;0;2;0;1;2;-17,21884;-46,86668;SR-MG;DEL4/14;UOP01/MG
263403;17/01/2020;sexta-feira;17:00:00;PB;230;20;JOAO PESSOA;Não guardar distância de segurança;Colisão traseira;Com Vítimas Feridas;Pleno dia;Decrescente;Céu Claro;Dupla;Viaduto;Não;2;0;1;0;1;0;1;2;-7,1337;-34,8544;SR-PB;DEL14/1;UOP01/PB
263404;17/01/2020;sexta-feira;17:00:00;RJ;101;523;ANGRA DOS REIS;Velocidade Incompatível;Colisão frontal;Com Vítimas Feridas;Pleno dia;Crescente;Chuva;Simples;Curva;Não;3;0;1;1;1;0;2;3;-23,00283;-44,47363;SR-RJ;DEL5/3;UOP03/RJ
263405;17/01/2020;sexta-feira;16:35:00;MS;262;395,2;TERENOS;Velocidade Incompatível;Saída de leito carroçável;Sem Vítimas;Pleno dia;Crescente;Nublado;Simples;Reta;Não;1;0;0;0;0;1;0;1;-20,4248;-54,97302;SR-MS;DEL3/1;UOP03/MS
263406;17/01/2020;sexta-feira;11:20:00;MT;70;520;VARZEA GRANDE;Falta de Atenção do Pedestre;Atropelamento de Pedestre;Com Vítimas Feridas;Pleno dia;Crescente;Céu Claro;Simples;Reta;Sim;2;0;1;0;1;0;1;1;-15,6673;-56,18212;SR-MT;DEL2/4;UOP02/MT
263407;17/01/2020;sexta-feira;17:20:00;TO;226;7,5;PALMEIRAS DO TOCANTINS;Falta de Atenção à Condução;Colisão traseira;Sem Vítimas;Pleno dia;Crescente;Nublado;Simples;Reta;Não;2;0;0;0;2;0;0;2;-6,580091;-47,5161;SR-TO;UOP05/TO;
263408;17/01/2020;sexta-feira;17:30:00;PA;230;110;MARABA;Desobediência às normas de trânsito pelo condutor;Colisão transversal;Com Vítimas Feridas;Anoitecer;Crescente;Céu Claro;Simples;Reta;Sim;5;0;5;0;0;0;5;2;-5,373427;-49,03127;SR-PA;DEL19/3;UOP01/PA
263409;17/01/2020;sexta-feira;17:30:00;PR;163;293;MARECHAL CANDIDO RONDON;Não guardar distância de segurança;Colisão traseira;Com Vítimas Feridas;Pleno dia;Crescente;Céu Claro;Simples;Curva;Não;2;0;0;1;1;0;1;2;-24,5187;-54,11007;SR-PR;DEL7/6;UOP04/PR
263410;17/01/2020;sexta-feira;17:30:00;PB;230;14,7;CABEDELO;Não guardar distância de segurança;Colisão traseira;Com Vítimas Feridas;Anoitecer;Crescente;Céu Claro;Dupla;Reta;Sim;3;0;2;0;1;0;2;2;-7,0844;-34,8488;SR-PB;DEL14/1;UOP01/PB
263411;17/01/2020;sexta-feira;18:10:00;PR;376;4,1;APUCARANA;Desobediência às normas de trânsito pelo condutor;Colisão transversal;Com Vítimas Feridas;Pleno dia;Crescente;Céu Claro;Simples;Reta;Sim;5;0;4;0;1;0;4;2;-23,5513;-51,46127;SR-PR;DEL7/7;UOP03/PR
263412;17/01/2020;sexta-feira;16:15:00;AC;364;122;RIO BRANCO;Falta de Atenção à Condução;Colisão traseira;Com Vítimas Feridas;Pleno dia;Decrescente;Céu Claro;Dupla;Reta;Sim;3;0;0;1;1;1;1;2;-10,01188;-67,77335;SR-AC;UOP01/AC;
263413;17/01/2020;sexta-feira;17:40:00;GO;153;509,3;APARECIDA DE GOIANIA;Não guardar distância de segurança;Colisão traseira;Com Vítimas Feridas;Pleno dia;Decrescente;Garoa/Chuvisco;Simples;Reta;Sim;2;0;1;0;1;0;1;2;-16,7888;-49,2379;SR-GO;DEL1/1;UOP03/GO
263416;13/01/2020;segunda-feira;10:55:00;PI;343;346,9;TERESINA;Condutor Dormindo;Queda de ocupante de veículo;Com Vítimas Feridas;Pleno dia;Decrescente;Céu Claro;Dupla;Desvio Temporário;Sim;2;0;2;0;0;0;2;1;-5,114636;-42,77782;SR-PI;DEL17/1;UOP01/PI
263417;17/01/2020;sexta-feira;18:25:00;BA;324;622;SALVADOR;Falta de Atenção à Condução;Colisão lateral;Sem Vítimas;Anoitecer;Decrescente;Céu Claro;Dupla;Curva;Sim;4;0;0;0;3;1;0;2;-12,91889;-38,46502;SR-BA;DEL10/1;UOP01/BA
263418;17/01/2020;sexta-feira;18:30:00;SC;101;55,8;JOINVILLE;Não guardar distância de segurança;Engavetamento;Com Vítimas Feridas;Anoitecer;Crescente;Nublado;Dupla;Não Informado;Não;3;0;1;0;2;0;1;3;-26,42281;-48,82977;SR-SC;DEL8/3;UOP01/SC