id;data_inversa;dia_semana;horario;uf;br;km;municipio;causa_acidente;tipo_acidente;classificacao_acidente;fase_dia;sentido_via;condicao_metereologica;tipo_pista;tracado_via;uso_solo;pessoas;mortos;feridos_leves;feridos_graves;ilesos;ignorados;feridos;veiculos;latitude;longitude;regional;delegacia;uop
263939;20/01/2020;segunda-feira;03:00:00;PI;316;9,6;TERESINA;Carga excessiva e/ou mal acondicionada;Tombamento;Sem Vítimas;Plena Noite;Decrescente;Nublado;Múltipla;Reta;Sim;1;0;0;0;1;0;0;1;-5,173817;-42,76625;SR-PI;DEL17/1;UOP02/PI
263940;20/01/2020;segunda-feira;02:40:00;BA;116;347;SERRINHA;Desobediência às normas de trânsito pelo condutor;Colisão transversal;Com Vítimas Feridas;Plena Noite;Crescente;Céu Claro;Simples;Reta;Não;2;0;1;0;1;0;1;2;-11,56452;-38,98882;SR-BA;DEL10/2;UOP01/BA
263941;20/01/2020;segunda-feira;01:50:00;SC;116;31,4;ITAIOPOLIS;Velocidade Incompatível;Saída de leito carroçável;Com Vítimas Feridas;Plena Noite;Crescente;Céu Claro;Simples;Reta;Não;1;0;0;1;0;0;1;1;-26,31709;-49,97099;SR-SC;DEL8/6;UOP01/SC
263942;19/01/2020;domingo;20:45:00;RS;472;558;URUGUAIANA;Ingestão de Álcool;Capotamento;Com Vítimas Feridas;Plena Noite;Crescente;Céu Claro;Simples;Reta;Não;2;0;1;0;1;0;1;1;-29,64075;-56,8844;SR-RS;DEL9/13;UOP01/RS
263943;20/01/2020;segunda-feira;03:10:00;RJ;116;127;MAGE;Condutor Dormindo;Colisão com objeto estático;Com Vítimas Feridas;Plena Noite;Decrescente;Nublado;Simples;Interseção de vias;Sim;1;0;1;0;0;0;1;1;-22,66137;-43,09296;SR-RJ;DEL5/4;UOP02/RJ
263945;20/01/2020;segunda-feira;00:30:00;PE;110;222,6;PETROLANDIA;Ingestão de Álcool;Colisão frontal;Com Vítimas Feridas;Plena Noite;Crescente;Nublado;Simples;Reta;Não;3;0;2;1;0;0;3;2;-9,015311;-38,23094;SR-BA;UOP01;DEL07
263946;20/01/2020;segunda-feira;03:15:00;MG;50;54;ARAGUARI;Defeito Mecânico no Veículo;Queda de ocupante de veículo;Com Vítimas Feridas;Plena Noite;Crescente;Nublado;Dupla;Curva;Não;2;0;1;0;1;0;1;1;-18,76664;-48,24409;SR-MG;DEL4/15;UOP02/MG
263947;20/01/2020;segunda-feira;03:30:00;MG;381;613,3;OLIVEIRA;Falta de Atenção à Condução;Tombamento;Sem Vítimas;Plena Noite;Decrescente;Céu Claro;Dupla;Curva;Não;1;0;0;0;1;0;0;1;-20,72759;-44,77177;SR-MG;DEL4/4;UOP01/MG
263948;20/01/2020;segunda-feira;02:10:00;SC;470;242,5;CURITIBANOS;Ingestão de Álcool;Saída de leito carroçável;Com Vítimas Feridas;Plena Noite;Crescente;Céu Claro;Simples;Rotatória;Não;5;0;2;0;3;0;2;1;-27,31436;-50,51336;SR-SC;DEL8/5;UOP03/SC
263949;20/01/2020;segunda-feira;01:00:00;MA;316;156;NOVA OLINDA DO MARANHAO;Defeito na Via;Saída de leito carroçável;Com Vítimas Feridas;Plena Noite;Crescente;Nublado;Simples;Reta;Não;5;0;3;1;1;0;4;1;-2,904285;-45,67808;SR-MA;DEL18/2;UOP02/MA
263950;20/01/2020;segunda-feira;05:05:00;ES;262;6,2;CARIACICA;Falta de Atenção do Pedestre;Atropelamento de Pedestre;Com Vítimas Feridas;Pleno dia;Decrescente;Céu Claro;Múltipla;Reta;Sim;2;0;0;1;1;0;1;1;-20,34007;-40,39451;SR-ES;DEL12/1;UOP01/ES
263951;20/01/2020;segunda-feira;04:30:00;PB;230;164,4;CAMPINA GRANDE;Desobediência às normas de trânsito pelo condutor;Colisão traseira;Sem Vítimas;Amanhecer;Decrescente;Céu Claro;Simples;Não Informado;Sim;2;0;0;0;1;1;0;2;-7,2128;-35,9499;SR-PB;DEL14/2;UOP01/PB
263952;19/01/2020;domingo;22:30:00;BA;324;408,3;NOVA FATIMA;Falta de Atenção à Condução;Colisão frontal;Com Vítimas Fatais;Plena Noite;Crescente;Céu Claro;Simples;Interseção de vias;Não;2;1;0;0;1;0;0;2;-11,63059;-39,60527;SR-BA;DEL10/4;UOP02/BA
263953;20/01/2020;segunda-feira;06:10:00;RS;290;66,5;GRAVATAI;Falta de Atenção do Pedestre;Atropelamento de Pedestre;Com Vítimas Feridas;Pleno dia;Decrescente;Céu Claro;Múltipla;Reta;Não;4;0;0;1;3;0;1;1;-29,94273;-50,92097;SR-RS;DEL9/3;UOP01/RS
263954;20/01/2020;segunda-feira;04:20:00;SC;282;347;CAMPOS NOVOS;Condutor Dormindo;Saída de leito carroçável;Com Vítimas Feridas;Amanhecer;Crescente;Céu Claro;Simples;Reta;Não;1;0;0;1;0;0;1;1;-27,36521;-51,26392;SR-SC;DEL7;UOP08/SC
263955;20/01/2020;segunda-feira;05:50:00;PB;101;82;BAYEUX;Defeito Mecânico no Veículo;Colisão com objeto estático;Com Vítimas Feridas;Pleno dia;Decrescente;Céu Claro;Dupla;Viaduto;Sim;1;0;1;0;0;0;1;1;-7,12911;-34,93714;SR-PB;DEL14/1;UOP01/PB
263956;20/01/2020;segunda-feira;05:45:00;PB;230;148;CAMPINA GRANDE;Desobediência às normas de trânsito pelo condutor;Colisão transversal;Sem Vítimas;Amanhecer;Decrescente;Céu Claro;Dupla;Rotatória;Sim;2;0;0;0;2;0;0;2;-7,238;-35,8656;SR-PB;DEL14/2;UOP01/PB
263957;20/01/2020;segunda-feira;07:00:00;GO;153;504;APARECIDA DE GOIANIA;Pista Escorregadia;Queda de ocupante de veículo;Com Vítimas Fatais;Pleno dia;Crescente;Chuva;Dupla;Reta;Sim;2;1;0;0;0;1;0;2;-16,7451;-49,2408;SR-GO;DEL1/1;UOP01/GO
263958;20/01/2020;segunda-feira;03:50:00;GO;153;354;JARAGUA;Animais na Pista;Atropelamento de Animal;Com Vítimas Feridas;Plena Noite;Decrescente;Céu Claro;Simples;Desvio Temporário;Não;5;0;4;0;1;0;4;2;-15,69912;-49,33447;SR-GO;DEL1/2;UOP02/GO
263959;19/01/2020;domingo;17:35:00;MG;381;507;SAO JOAQUIM DE BICAS;Velocidade Incompatível;Colisão com objeto estático;Sem Vítimas;Pleno dia;Crescente;Sol;Múltipla;Curva;Não;1;0;0;0;0;1;0;1;-20,05643;-44,28663;SR-MG;DEL4/1;UOP03/MG
263960;20/01/2020;segunda-feira;07:15:00;BA;116;430;FEIRA DE SANTANA;Desobediência às normas de trânsito pelo condutor;Colisão traseira;Com Vítimas Feridas;Pleno dia;Decrescente;Sol;Dupla;Curva;Sim;1;0;0;1;0;0;1;1;-12,28317;-38,99866;SR-BA;DEL10/2;UOP01/BA
263961;20/01/2020;segunda-feira;03:40:00;MT;364;261;JACIARA;Ingestão de álcool e/ou substâncias psicoativas pelo pedestre;Tombamento;Com Vítimas Feridas;Plena Noite;Decrescente;Céu Claro;Simples;Não Informado;Não;1;0;1;0;0;0;1;1;-16,03147;-54,89456;SR-MT;DEL2/1;UOP02/MT
263962;08/01/2020;quarta-feira;18:30:00;SC;101;207,1;SAO JOSE;Falta de Atenção à Condução;Colisão lateral;Com Vítimas Feridas;Anoitecer;Decrescente;Nublado;Dupla;Curva;Sim;2;0;1;0;1;0;1;2;-27,60001;-48,62265;SR-SC;DEL8/1;UOP01/SC
263963;20/01/2020;segunda-feira;07:10:00;RS;285;325,1;PASSO FUNDO;Condutor Dormindo;Saída de leito carroçável;Com Vítimas Feridas;Pleno dia;Crescente;Sol;Simples;Curva;Não;1;0;1;0;0;0;1;1;-28,26856;-52,66425;SR-RS;DEL08;UOP03/RS
263964;20/01/2020;segunda-feira;06:40:00;CE;222;3;FORTALEZA;Não guardar distância de segurança;Colisão lateral;Com Vítimas Feridas;Pleno dia;Crescente;Céu Claro;Múltipla;Reta;Sim;3;0;1;0;2;0;1;3;-3,740377;-38,59569;SR-CE;DEL16/1;UOP01/CE
263965;20/01/2020;segunda-feira;07:40:00;ES;101;292,5;CARIACICA;Falta de Atenção do Pedestre;Atropelamento de Pedestre;Com Vítimas Feridas;Pleno dia;Decrescente;Sol;Dupla;Curva;Sim;2;0;0;1;1;0;1;1;-20,30651;-40,39489;SR-ES;DEL12/1;UOP01/ES
263966;20/01/2020;segunda-feira;07:50:00;SC;470;67;INDAIAL;Desobediência às normas de trânsito pelo condutor;Colisão lateral;Com Vítimas Feridas;Pleno dia;Crescente;Nublado;Simples;Reta;Sim;2;0;1;0;1;0;1;2;-26,87216;-49,23127;SR-SC;DEL8/4;UOP01/SC
263967;20/01/2020;segunda-feira;07:30:00;SC;101;197,5;BIGUACU;Falta de Atenção à Condução;Colisão traseira;Com Vítimas Feridas;Pleno dia;Crescente;Céu Claro;Dupla;Desvio Temporário;Sim;2;0;1;0;1;0;1;2;-27,51844;-48,63848;SR-SC;DEL8/1;UOP01/SC
263968;20/01/2020;segunda-feira;07:10:00;ES;101;296,4;CARIACICA;Falta de Atenção à Condução;Colisão lateral;Com Vítimas Feridas;Pleno dia;Decrescente;Nublado;Dupla;Viaduto;Sim;2;0;1;0;1;0;1;2;-20,3403;-40,40406;SR-ES;DEL12/1;UOP01/ES
263970;20/01/2020;segunda-feira;08:00:00;PE;101;112,8;IPOJUCA;Velocidade Incompatível;Capotamento;Com Vítimas Feridas;Pleno dia;Decrescente;Céu Claro;Dupla;Curva;Não;1;0;0;1;0;0;1;1;-8,327892;-35,11924;SR-PE;DEL11/1;UOP03/PE
263971;20/01/2020;segunda-feira;07:30:00;BA;324;612;SIMOES FILHO;Falta de Atenção à Condução;Colisão traseira;Com Vítimas Feridas;Pleno dia;Crescente;Céu Claro;Dupla;Reta;Sim;6;0;2;0;4;0;2;4;-12,84665;-38,41742;SR-BA;DEL10/1;UOP01/BA
263972;20/01/2020;segunda-feira;07:55:00;PR;376;455;TIBAGI;Falta de Atenção à Condução;Capotamento;Com Vítimas Feridas;Pleno dia;Crescente;Nublado;Dupla;Curva;Não;3;0;2;1;0;0;3;1;-24,97197;-50,38259;SR-PR;DEL7/3;UOP05/PR
263973;20/01/2020;segunda-feira;08:20:00;SC;280;6,3;SAO FRANCISCO DO SUL;Falta de Atenção à Condução;Colisão transversal;Com Vítimas Feridas;Pleno dia;Decrescente;Sol;Simples;Reta;Não;2;0;1;0;1;0;1;2;-26,26569;-48,63362;SR-SC;DEL8/3;UOP03/SC
263974;20/01/2020;segunda-feira;07:10:00;SC;470;164,1;POUSO REDONDO;Defeito Mecânico no Veículo;Incêndio;Sem Vítimas;Pleno dia;Crescente;Nevoeiro/Neblina;Simples;Reta;Não;1;0;0;0;1;0;0;1;-27,27865;-49,83605;SR-SC;DEL8/4;UOP02/SC
263975;20/01/2020;segunda-feira;07:45:00;SC;480;130;CHAPECO;Desobediência às normas de trânsito pelo condutor;Colisão traseira;Com Vítimas Feridas;Pleno dia;Crescente;Sol;Dupla;Reta;Sim;3;0;2;0;1;0;2;2;-27,05534;-52,63652;SR-SC;DEL7;UOP01/SC
263977;20/01/2020;segunda-feira;07:55:00;SC;470;57,5;BLUMENAU;Desobediência às normas de trânsito pelo condutor;Colisão transversal;Com Vítimas Feridas;Pleno dia;Decrescente;Nublado;Simples;Interseção de vias;Sim;2;0;1;0;1;0;1;2;-26,88259;-49,14101;SR-SC;DEL8/4;UOP01/SC
263978;20/01/2020;segunda-feira;07:10:00;PE;101;75;RECIFE;Agressão Externa;Incêndio;Sem Vítimas;Pleno dia;Crescente;Nublado;Dupla;Reta;Sim;1;0;0;0;1;0;0;1;-8,109735;-34,9466;SR-PE;DEL11/1;UOP01/PE
263979;20/01/2020;segunda-feira;08:20:00;PR;467;82,4;CASCAVEL;Velocidade Incompatível;Saída de leito carroçável;Com Vítimas Feridas;Pleno dia;Decrescente;Céu Claro;Dupla;Curva;Não;2;0;2;0;0;0;2;1;-24,8057;-53,6718;SR-PR;DEL7/4;UOP01/PR
263980;20/01/2020;segunda-feira;08:30:00;SC;101;119;ITAJAI;Não guardar distância de segurança;Colisão lateral;Com Vítimas Feridas;Pleno dia;Decrescente;Céu Claro;Dupla;Reta;Não;2;0;1;0;1;0;1;2;-26,90432;-48,71555;SR-SC;DEL8/4;UOP04/SC
263983;20/01/2020;segunda-feira;08:30:00;PR;476;135;CURITIBA;Não guardar distância de segurança;Colisão lateral;Com Vítimas Feridas;Pleno dia;Decrescente;Céu Claro;Dupla;Curva;Sim;2;0;1;0;1;0;1;2;-25,48392;-49,26553;SR-PR;DEL7/1;UOP03/PR
263984;20/01/2020;segunda-feira;05:30:00;RN;226;383;SERRINHA DOS PINTOS;Condutor Dormindo;Colisão com objeto estático;Com Vítimas Fatais;Amanhecer;Crescente;Céu Claro;Simples;Reta;Não;1;1;0;0;0;0;0;1;-6,191083;-37,98911;SR-RN;DEL15/4;UOP02/RN
263985;20/01/2020;segunda-feira;09:00:00;PR;369;152,7;LONDRINA;Defeito Mecânico no Veículo;Colisão traseira;Sem Vítimas;Pleno dia;Decrescente;Sol;Dupla;Não Informado;Sim;3;0;0;0;3;0;0;2;-23,29375;-51,18754;SR-PR;DEL7/7;UOP01/PR
263986;20/01/2020;segunda-feira;07:00:00;BA;116;422,3;FEIRA DE SANTANA;Não guardar distância de segurança;Colisão traseira;Com Vítimas Feridas;Pleno dia;Decrescente;Sol;Dupla;Rotatória;Sim;2;0;1;0;1;0;1;2;-12,22065;-38,96561;SR-BA;DEL10/2;UOP01/BA
263987;20/01/2020;segunda-feira;09:00:00;RS;290;95,1;PORTO ALEGRE;Não guardar distância de segurança;Tombamento;Com Vítimas Feridas;Pleno dia;Crescente;Céu Claro;Múltipla;Reta;Sim;2;0;1;0;1;0;1;2;-29,98408;-51,20236;SR-RS;DEL9/1;UOP01/RS
263989;20/01/2020;segunda-feira;08:35:00;SP;116;228,8;SAO PAULO;Desobediência às normas de trânsito pelo condutor;Colisão traseira;Com Vítimas Feridas;Pleno dia;Crescente;Nublado;Múltipla;Reta;Sim;2;0;1;0;1;0;1;2;-23,50343;-46,56639;SR-SP;DEL6/1;UOP01/SP
263990;20/01/2020;segunda-feira;09:00:00;MG;116;782,5;LEOPOLDINA;Falta de Atenção à Condução;Colisão frontal;Com Vítimas Feridas;Pleno dia;Decrescente;Nublado;Simples;Curva;Não;2;0;1;0;1;0;1;2;-21,62704;-42,69997;SR-MG;DEL4/7;UOP01/MG
263991;20/01/2020;segunda-feira;09:25:00;SP;101;49;UBATUBA;Falta de Atenção à Condução;Colisão transversal;Com Vítimas Feridas;Pleno dia;Crescente;Nublado;Simples;Reta;Sim;2;0;1;0;1;0;1;2;-23,44661;-45,08124;SR-SP;DEL6;UOP03/SP
263992;20/01/2020;segunda-feira;08:50:00;MG;116;276,5;TEOFILO OTONI;Falta de Atenção à Condução;Tombamento;Com Vítimas Feridas;Pleno dia;Decrescente;Céu Claro;Dupla;Reta;Sim;2;0;0;1;0;1;1;1;-17,85106;-41,51454;SR-MG;DEL4/11;UOP01/MG
263993;18/01/2020;sábado;20:30:00;PI;316;297,2;PICOS;Falta de Atenção à Condução;Saída de leito carroçável;Com Vítimas Fatais;Plena Noite;Decrescente;Chuva;Simples;Curva;Não;4;3;0;1;0;0;1;1;-7,021985;-41,5716;SR-PI;DEL17/4;UOP01/PI
263995;20/01/2020;segunda-feira;08:30:00;RO;364;340;JI-PARANA;Falta de Atenção à Condução;Colisão traseira;Com Vítimas Feridas;Pleno dia;Decrescente;Céu Claro;Simples;Reta;Sim;2;0;1;0;1;0;1;2;-10,8988;-61,93046;SR-RO;DEL21/2;UOP01/RO
263996;20/01/2020;segunda-feira;07:30:00;MG;40;584;ITABIRITO;Falta de Atenção à Condução;Saída de leito carroçável;Com Vítimas Feridas;Pleno dia;Decrescente;Chuva;Simples;Reta;Não;1;0;1;0;0;0;1;1;-20,32544;-43,92761;SR-MG;DEL4/1;UOP02/MG
263997;20/01/2020;segunda-feira;07:00:00;RO;364;426;JARU;Desobediência às normas de trânsito pelo condutor;Colisão frontal;Com Vítimas Feridas;Pleno dia;Crescente;Céu Claro;Simples;Reta;Sim;2;0;2;0;0;0;2;2;-10,43244;-62,47958;SR-RO;DEL21/3;UOP02/RO
263999;13/01/2020;segunda-feira;13:15:00;PA;222;123;RONDON DO PARA;Desobediência às normas de trânsito pelo condutor;Colisão frontal;Com Vítimas Feridas;Pleno dia;Crescente;Céu Claro;Simples;Curva;Não;10;0;3;7;0;0;10;2;-4,84679;-48,20327;SR-PA;DEL19/2;UOP03/PA
264000;20/01/2020;segunda-feira;09:45:00;MG;153;10;ARAPORA;Falta de Atenção à Condução;Saída de leito carroçável;Com Vítimas Feridas;Pleno dia;Decrescente;Sol;Dupla;Reta;Não;2;0;2;0;0;0;2;1;-18,50603;-49,18897;SR-MG;DEL4/15;UOP03/MG
264001;20/01/2020;segunda-feira;07:30:00;SC;282;345,1;CAMPOS NOVOS;Ultrapassagem Indevida;Colisão frontal;Com Vítimas Feridas;Pleno dia;Crescente;Céu Claro;Simples;Reta;Não;4;0;4;0;0;0;4;2;-27,37462;-51,24704;SR-SC;DEL7;UOP08/SC
264003;20/01/2020;segunda-feira;10:30:00;CE;222;22;CAUCAIA;Defeito Mecânico no Veículo;Colisão frontal;Sem Vítimas;Pleno dia;Crescente;Céu Claro;Simples;Reta;Não;2;0;0;0;2;0;0;2;-3,733423;-38,75084;SR-CE;DEL16/1;UOP01/CE
264006;20/01/2020;segunda-feira;06:56:00;MG;262;108,6;SANTO ANTONIO DO GRAMA;Pista Escorregadia;Colisão frontal;Com Vítimas Feridas;Pleno dia;Crescente;Chuva;Simples;Curva;Não;2;0;0;1;1;0;1;2;-20,26874;-42,56922;SR-MG;DEL4/3;UOP03/MG
264007;20/01/2020;segunda-feira;10:40:00;PR;369;186,7;ARAPONGAS;Desobediência às normas de trânsito pelo condutor;Tombamento;Com Vítimas Feridas;Pleno dia;Crescente;Céu Claro;Simples;Reta;Sim;2;0;1;1;0;0;2;1;-23,42273;-51,42413;SR-PR;DEL7/7;UOP03/PR
264008;20/01/2020;segunda-feira;10:30:00;PB;101;84;BAYEUX;Não guardar distância de segurança;Engavetamento;Com Vítimas Feridas;Pleno dia;Crescente;Céu Claro;Dupla;Reta;Sim;4;0;0;1;3;0;1;3;-7,139579;-34,92313;SR-PB;DEL14/1;UOP01/PB
264009;20/01/2020;segunda-feira;03:30:00;PE;232;8;RECIFE;Velocidade Incompatível;Colisão com objeto estático;Sem Vítimas;Plena Noite;Decrescente;Nublado;Múltipla;Reta;Não;1;0;0;0;0;1;0;1;-8,075837;-34,97016;SR-PE;DEL11/1;UOP01/PE
264022;20/01/2020;segunda-feira;10:40:00;CE;116;430;IPAUMIRIM;Desobediência às normas de trânsito pelo condutor;Colisão transversal;Com Vítimas Feridas;Pleno dia;Crescente;Sol;Simples;Reta;Não;4;0;0;4;0;0;4;2;-6,848714;-38,73779;SR-CE;DEL16/5;UOP03/CE
264023;17/01/2020;sexta-feira;17:20:00;PA;230;631,3;ALTAMIRA;Falta de Atenção à Condução;Colisão traseira;Com Vítimas Feridas;Pleno dia;Decrescente;Céu Claro;Simples;Reta;Não;2;0;1;0;1;0;1;2;-3,173693;-52,17226;SR-PA;DEL19/4;UOP01/PA
264024;20/01/2020;segunda-feira;11:25:00;PR;277;78;SAO JOSE DOS PINHAIS;Falta de Atenção à Condução;Atropelamento de Pedestre;Com Vítimas Feridas;Pleno dia;Crescente;Céu Claro;Dupla;Reta;Sim;2;0;0;1;1;0;1;1;-25,51328;-49,12433;SR-PR;DEL7/1;UOP01/PR
264025;20/01/2020;segunda-feira;10:15:00;BA;324;527;FEIRA DE SANTANA;Falta de Atenção à Condução;Colisão traseira;Com Vítimas Feridas;Pleno dia;Decrescente;Céu Claro;Dupla;Reta;Sim;2;0;1;0;1;0;1;2;-12,31184;-38,88332;SR-BA;DEL10/1;UOP01/BA
264026;20/01/2020;segunda-feira;11:50:00;SP;101;47,2;UBATUBA;Desobediência às normas de trânsito pelo condutor;Colisão transversal;Com Vítimas Feridas;Pleno dia;Crescente;Nublado;Simples;Reta;Não;2;0;1;0;1;0;1;2;-23,43427;-45,08729;SR-SP;DEL6;UOP03/SP
264027;20/01/2020;segunda-feira;09:00:00;MG;365;259,3;JOAO PINHEIRO;Condutor Dormindo;Saída de leito carroçável;Com Vítimas Feridas;Pleno dia;Crescente;Céu Claro;Simples;Reta;Não;4;0;2;0;2;0;2;1;-17,8643;-45,51318;SR-MG;DEL4/14;UOP02/MG
264028;20/01/2020;segunda-feira;11:05:00;MG;381;480;CONTAGEM;Falta de Atenção à Condução;Colisão lateral;Com Vítimas Feridas;Pleno dia;Decrescente;Nublado;Dupla;Reta;Não;4;0;2;0;2;0;2;3;-19,9575;-44,079;SR-MG;DEL4/1;UOP03/MG
264029;20/01/2020;segunda-feira;12:26:00;PB;101;83;BAYEUX;Falta de Atenção à Condução;Colisão traseira;Com Vítimas Feridas;Pleno dia;Crescente;Céu Claro;Dupla;Reta;Sim;3;0;2;0;0;1;2;2;-7,13377;-34,92964;SR-PB;DEL14/1;UOP01/PB
264030;20/01/2020;segunda-feira;12:20:00;RS;386;334,9;MARQUES DE SOUZA;Ultrapassagem Indevida;Colisão lateral;Com Vítimas Feridas;Pleno dia;Decrescente;Céu Claro;Simples;Curva;Sim;5;0;3;0;2;0;3;2;-29,38521;-52,05336;SR-RS;DEL9/4;UOP01/RS
264031;20/01/2020;segunda-feira;11:45:00;MG;40;758,6;EWBANK DA CAMARA;Falta de Atenção à Condução;Colisão traseira;Com Vítimas Feridas;Pleno dia;Decrescente;Garoa/Chuvisco;Simples;Reta;Não;4;0;1;0;3;0;1;2;-21,5115;-43,52599;SR-MG;DEL5;UOP01/MG
264032;20/01/2020;segunda-feira;12:25:00;PR;476;132,9;CURITIBA;Falta de Atenção à Condução;Colisão traseira;Com Vítimas Feridas;Pleno dia;Decrescente;Céu Claro;Dupla;Reta;Sim;2;0;0;1;1;0;1;2;-25,46072;-49,25049;SR-PR;DEL7/1;UOP03/PR
264033;20/01/2020;segunda-feira;09:40:00;RN;101;176,1;CANGUARETAMA;Falta de Atenção à Condução;Saída de leito carroçável;Com Vítimas Feridas;Pleno dia;Decrescente;Nublado;Dupla;Curva;Não;2;0;1;0;1;0;1;1;-6,501665;-35,112;SR-RN;DEL15/1;UOP01/RN
264034;20/01/2020;segunda-feira;13:26:00;PE;232;180;BELO JARDIM;Ingestão de Álcool;Colisão frontal;Com Vítimas Feridas;Pleno dia;Decrescente;Céu Claro;Simples;Reta;Sim;2;0;0;1;1;0;1;2;-8,344497;-36,42888;SR-PE;DEL11/2;UOP02/PE
264035;20/01/2020;segunda-feira;13:00:00;BA;101;121;ALAGOINHAS;Ingestão de Álcool;Saída de leito carroçável;Com Vítimas Feridas;Pleno dia;Crescente;Céu Claro;Simples;Desvio Temporário;Não;3;0;1;0;2;0;1;1;-12,16799;-38,57041;SR-BA;DEL10/1;UOP04/BA
264036;20/01/2020;segunda-feira;13:30:00;RS;293;3,5;PELOTAS;Não guardar distância de segurança;Colisão traseira;Com Vítimas Feridas;Pleno dia;Decrescente;Céu Claro;Simples;Reta;Sim;2;0;1;0;1;0;1;2;-31,74064;-52,36444;SR-RS;DEL9/7;UOP01/RS
264037;18/01/2020;sábado;13:25:00;RO;364;19,8;VILHENA;Desobediência às normas de trânsito pelo condutor;Colisão frontal;Com Vítimas Feridas;Pleno dia;Decrescente;Sol;Simples;Reta;Não;2;0;0;1;1;0;1;2;-12,7274;-60,18371;SR-RO;DEL21/4;UOP01/RO
264038;20/01/2020;segunda-feira;10:30:00;SC;280;87,7;CORUPA;Mal Súbito;Saída de leito carroçável;Com Vítimas Feridas;Pleno dia;Decrescente;Céu Claro;Simples;Curva;Não;1;0;0;1;0;0;1;1;-26,40874;-49,27965;SR-SC;DEL8/6;UOP03/SC
264039;20/01/2020;segunda-feira;14:00:00;PE;428;191,8;PETROLINA;Falta de Atenção à Condução;Colisão transversal;Com Vítimas Feridas;Pleno dia;Decrescente;Sol;Dupla;Retorno Regulamentado;Sim;3;0;1;0;2;0;1;2;-9,377664;-40,5027;SR-PE;DEL11/6;UOP01/PE
264041;20/01/2020;segunda-feira;12:00:00;PR;277;729;FOZ DO IGUACU;Defeito Mecânico no Veículo;Saída de leito carroçável;Com Vítimas Feridas;Pleno dia;Crescente;Céu Claro;Dupla;Interseção de vias;Não;1;0;0;1;0;0;1;1;-25,45142;-54,58456;SR-PR;DEL7/5;UOP03/PR
264042;20/01/2020;segunda-feira;14:00:00;MG;40;515,2;RIBEIRAO DAS NEVES;Falta de Atenção do Pedestre;Atropelamento de Pedestre;Com Vítimas Fatais;Pleno dia;Crescente;Chuva;Dupla;Reta;Não;3;1;0;0;1;1;0;1;-19,80901;-44,09493;SR-MG;DEL4/1;UOP02/MG
264043;20/01/2020;segunda-feira;13:50:00;SP;116;292;ITAPECERICA DA SERRA;Falta de Atenção à Condução;Saída de leito carroçável;Com Vítimas Feridas;Pleno dia;Crescente;Nublado;Dupla;Reta;Não;1;0;1;0;0;0;1;1;-23,74582;-46,90003;SR-SP;DEL6/4;UOP01/SP
264044;20/01/2020;segunda-feira;14:25:00;SC;101;153;PORTO BELO;Não guardar distância de segurança;Colisão traseira;Com Vítimas Feridas;Pleno dia;Decrescente;Céu Claro;Dupla;Reta;Sim;3;0;0;1;2;0;1;2;-27,14472;-48,61064;SR-SC;DEL8/4;UOP03/SC
264045;20/01/2020;segunda-feira;13:20:00;RS;386;423;MONTENEGRO;Falta de Atenção à Condução;Colisão transversal;Com Vítimas Feridas;Pleno dia;Crescente;Céu Claro;Simples;Reta;Não;2;0;1;0;1;0;1;2;-29,81687;-51,39272;SR-RS;DEL9/4;UOP02/RS
264046;20/01/2020;segunda-feira;13:45:00;BA;116;764,1;POCOES;Falta de Atenção à Condução;Colisão lateral;Com Vítimas Feridas;Pleno dia;Crescente;Céu Claro;Simples;Reta;Não;2;0;2;0;0;0;2;2;-14,56817;-40,4203;SR-BA;DEL10/8;UOP02/BA
264049;20/01/2020;segunda-feira;14:30:00;PA;230;121;MARABA;Falta de Atenção à Condução;Colisão transversal;Com Vítimas Feridas;Pleno dia;Crescente;Céu Claro;Dupla;Reta;Sim;2;0;0;1;1;0;1;2;-5,352974;-49,12144;SR-PA;DEL19/3;UOP01/PA
264050;20/01/2020;segunda-feira;12:20:00;RJ;101;480;ANGRA DOS REIS;Mal Súbito;Colisão transversal;Sem Vítimas;Pleno dia;Decrescente;Nublado;Simples;Reta;Não;2;0;0;0;2;0;0;2;-23,01331;-44,28362;SR-RJ;DEL5/3;UOP02/RJ
264051;20/01/2020;segunda-feira;09:15:00;BA;324;615;SALVADOR;Não guardar distância de segurança;Colisão traseira;Sem Vítimas;Pleno dia;Crescente;Céu Claro;Dupla;Reta;Sim;2;0;0;0;2;0;0;2;-12,87206;-38,42746;SR-BA;DEL10/1;UOP01/BA
264052;20/01/2020;segunda-feira;13:30:00;ES;262;157,6;IBATIBA;Defeito Mecânico no Veículo;Colisão traseira;Sem Vítimas;Pleno dia;Crescente;Nublado;Simples;Reta;Sim;3;0;0;0;3;0;0;2;-20,23103;-41,48811;SR-ES;DEL12/1;UOP02/ES
264053;20/01/2020;segunda-feira;14:15:00;BA;324;569;SAO SEBASTIAO DO PASSE;Falta de Atenção à Condução;Capotamento;Com Vítimas Feridas;Pleno dia;Crescente;Céu Claro;Dupla;Reta;Não;5;0;5;0;0;0;5;1;-12,54066;-38,58869;SR-BA;DEL10/1;UOP01/BA
264054;20/01/2020;segunda-feira;10:35:00;MG;262;803,5;UBERABA;Velocidade Incompatível;Colisão com objeto estático;Com Vítimas Feridas;Pleno dia;Crescente;Sol;Dupla;Reta;Sim;3;0;1;0;2;0;1;3;-19,7751;-47,97202;SR-MG;DEL13;UOP01/MG