id;data_inversa;dia_semana;horario;uf;br;km;municipio;causa_acidente;tipo_acidente;classificacao_acidente;fase_dia;sentido_via;condicao_metereologica;tipo_pista;tracado_via;uso_solo;pessoas;mortos;feridos_leves;feridos_graves;ilesos;ignorados;feridos;veiculos;latitude;longitude;regional;delegacia;uop
264155;20/01/2020;segunda-feira;22:30:00;MG;381;480,3;CONTAGEM;Falta de Atenção à Condução;Tombamento;Com Vítimas Feridas;Plena Noite;Decrescente;Nublado;Dupla;Reta;Sim;1;0;1;0;0;0;1;1;-19,95932;-44,08826;SR-MG;DEL4/1;UOP03/MG
264157;21/01/2020;terça-feira;06:50:00;SC;470;56,1;BLUMENAU;Desobediência às normas de trânsito pelo condutor;Colisão lateral;Com Vítimas Feridas;Pleno dia;Decrescente;Nublado;Simples;Reta;Sim;2;0;1;0;1;0;1;2;-26,87674;-49,12774;SR-SC;DEL8/4;UOP01/SC
264158;21/01/2020;terça-feira;06:10:00;PR;277;724;FOZ DO IGUACU;Falta de Atenção à Condução;Capotamento;Com Vítimas Feridas;Pleno dia;Crescente;Céu Claro;Dupla;Reta;Sim;1;0;1;0;0;0;1;1;-25,50258;-54,53868;SR-PR;DEL7/5;UOP01/PR
264159;21/01/2020;terça-feira;06:30:00;ES;101;290;CARIACICA;Falta de Atenção à Condução;Colisão frontal;Com Vítimas Feridas;Pleno dia;Decrescente;Céu Claro;Dupla;Reta;Sim;2;0;0;1;1;0;1;2;-20,28928;-40,39182;SR-ES;DEL12/1;UOP01/ES
264160;21/01/2020;terça-feira;05:30:00;MG;251;449,2;GRAO MOGOL;Velocidade Incompatível;Engavetamento;Com Vítimas Feridas;Plena Noite;Crescente;Chuva;Simples;Curva;Não;3;0;2;0;1;0;2;2;-16,42053;-43,28967;SR-MG;DEL4/12;UOP01/MG
264161;21/01/2020;terça-feira;04:00:00;RJ;101;183,8;RIO DAS OSTRAS;Condutor Dormindo;Colisão frontal;Com Vítimas Fatais;Plena Noite;Decrescente;Nublado;Simples;Reta;Não;6;2;0;4;0;0;4;2;-22,42674;-42,01668;SR-RJ;DEL5/2;UOP03/RJ
264162;21/01/2020;terça-feira;06:20:00;SP;153;57,6;SAO JOSE DO RIO PRETO;Falta de Atenção à Condução;Colisão traseira;Com Vítimas Feridas;Pleno dia;Crescente;Céu Claro;Simples;Não Informado;Sim;2;0;1;0;1;0;1;2;-20,76991;-49,34982;SR-SP;DEL6/9;UOP01/SP
264163;21/01/2020;terça-feira;07:30:00;BA;324;527;FEIRA DE SANTANA;Falta de Atenção à Condução;Colisão traseira;Com Vítimas Feridas;Pleno dia;Decrescente;Céu Claro;Dupla;Reta;Sim;3;0;1;0;2;0;1;2;-12,31184;-38,88332;SR-BA;DEL10/1;UOP01/BA
264164;21/01/2020;terça-feira;07:10:00;GO;20;178,2;ALVORADA DO NORTE;Falta de Atenção à Condução;Colisão traseira;Com Vítimas Feridas;Pleno dia;Crescente;Nublado;Simples;Não Informado;Sim;4;0;2;0;2;0;2;2;-14,4916;-46,50411;SR-DF;UOP02/DEL02/DF;
264165;21/01/2020;terça-feira;07:40:00;SP;116;211;GUARULHOS;Falta de Atenção à Condução;Colisão traseira;Com Vítimas Feridas;Pleno dia;Crescente;Nublado;Dupla;Desvio Temporário;Não;5;0;1;0;4;0;1;2;-23,43243;-46,41944;SR-SP;DEL6/1;UOP01/SP
264166;21/01/2020;terça-feira;07:30:00;RN;405;163;RAFAEL FERNANDES;Falta de Atenção à Condução;Colisão transversal;Com Vítimas Feridas;Pleno dia;Crescente;Nublado;Simples;Interseção de vias;Não;4;0;4;0;0;0;4;2;-6,222056;-38,23667;SR-RN;DEL15/4;UOP02/RN
264167;21/01/2020;terça-feira;06:55:00;SC;101;43,7;JOINVILLE;Falta de Atenção à Condução;Colisão traseira;Com Vítimas Feridas;Amanhecer;Decrescente;Sol;Dupla;Reta;Não;2;0;1;0;1;0;1;2;-26,30357;-48,88226;SR-SC;DEL8/3;UOP01/SC
264169;21/01/2020;terça-feira;07:20:00;PE;232;132,5;CARUARU;Falta de Atenção à Condução;Colisão traseira;Com Vítimas Feridas;Pleno dia;Decrescente;Céu Claro;Dupla;Reta;Sim;2;0;1;0;1;0;1;2;-8,303624;-36,0071;SR-PE;DEL11/2;UOP02/PE
264170;21/01/2020;terça-feira;06:00:00;MT;364;373;SANTO ANTONIO DO LEVERGER;Condutor Dormindo;Saída de leito carroçável;Sem Vítimas;Amanhecer;Crescente;Céu Claro;Dupla;Reta;Não;1;0;0;0;0;1;0;1;-15,70895;-55,70203;SR-MT;DEL2/1;UOP01/MT
264171;21/01/2020;terça-feira;07:50:00;MG;365;624;UBERLANDIA;Desobediência às normas de trânsito pelo condutor;Colisão traseira;Com Vítimas Feridas;Amanhecer;Decrescente;Céu Claro;Múltipla;Reta;Não;2;0;1;0;1;0;1;2;-18,90755;-48,31607;SR-MG;DEL4/15;UOP01/MG
264172;21/01/2020;terça-feira;07:00:00;DF;251;15,1;BRASILIA;Pista Escorregadia;Colisão com objeto estático;Com Vítimas Feridas;Amanhecer;Decrescente;Garoa/Chuvisco;Simples;Curva;Não;5;0;0;1;4;0;1;1;-15,93904;-47,60636;SR-DF;UOP01/DF;
264173;21/01/2020;terça-feira;08:05:00;SP;116;158,8;JACAREI;Falta de Atenção à Condução;Colisão traseira;Com Vítimas Feridas;Pleno dia;Decrescente;Céu Claro;Dupla;Reta;Não;2;0;1;0;1;0;1;2;-23,26072;-45,95179;SR-SP;DEL6/2;UOP01/SP
264174;21/01/2020;terça-feira;07:30:00;MA;135;13;SAO LUIS;Falta de Atenção à Condução;Colisão lateral;Com Vítimas Feridas;Pleno dia;Crescente;Nublado;Dupla;Reta;Sim;2;0;1;0;1;0;1;2;-2,680535;-44,29512;SR-MA;DEL18/1;UOP01/MA
264175;21/01/2020;terça-feira;08:00:00;RS;386;351,9;ESTRELA;Pista Escorregadia;Tombamento;Com Vítimas Feridas;Pleno dia;Decrescente;Chuva;Dupla;Reta;Não;1;0;1;0;0;0;1;1;-29,48312;-51,95447;SR-RS;DEL9/4;UOP02/RS
264176;21/01/2020;terça-feira;07:40:00;BA;324;617;SALVADOR;Falta de Atenção à Condução;Colisão traseira;Sem Vítimas;Pleno dia;Crescente;Céu Claro;Múltipla;Reta;Não;3;0;0;0;3;0;0;3;-12,88603;-38,43806;SR-BA;DEL10/1;UOP01/BA
264178;21/01/2020;terça-feira;07:30:00;RJ;40;120,9;DUQUE DE CAXIAS;Falta de Atenção à Condução;Colisão traseira;Com Vítimas Feridas;Pleno dia;Crescente;Nublado;Dupla;Reta;Sim;2;0;1;0;1;0;1;2;-22,77281;-43,28627;SR-RJ;DEL5/1;UOP01/RJ
264180;21/01/2020;terça-feira;08:45:00;SE;101;93;NOSSA SENHORA DO SOCORRO;Desobediência às normas de trânsito pelo condutor;Colisão lateral;Com Vítimas Feridas;Pleno dia;Crescente;Céu Claro;Dupla;Reta;Sim;3;0;2;0;1;0;2;2;-10,90212;-37,14495;SR-SE;DEL20/1;UOP01/SE
264181;21/01/2020;terça-feira;08:00:00;BA;324;617;SALVADOR;Desobediência às normas de trânsito pelo condutor;Queda de ocupante de veículo;Com Vítimas Feridas;Pleno dia;Crescente;Céu Claro;Dupla;Reta;Sim;1;0;1;0;0;0;1;1;-12,88603;-38,43806;SR-BA;DEL10/1;UOP01/BA
264182;19/01/2020;domingo;18:20:00;PA;230;110;MARABA;Defeito Mecânico no Veículo;Saída de leito carroçável;Com Vítimas Feridas;Anoitecer;Crescente;Chuva;Simples;Reta;Não;3;0;2;0;1;0;2;1;-5,373427;-49,03127;SR-PA;DEL19/3;UOP01/PA
264184;21/01/2020;terça-feira;08:30:00;RJ;101;566;PARATY;Defeito Mecânico no Veículo;Colisão com objeto estático;Sem Vítimas;Pleno dia;Crescente;Céu Claro;Simples;Curva;Não;1;0;0;0;1;0;0;1;-23,1546;-44,70498;SR-RJ;DEL5/3;UOP04/RJ
264186;21/01/2020;terça-feira;09:20:00;SC;470;7,2;NAVEGANTES;Falta de Atenção à Condução;Colisão lateral;Sem Vítimas;Pleno dia;Crescente;Céu Claro;Simples;Não Informado;Sim;2;0;0;0;2;0;0;2;-26,84347;-48,71544;SR-SC;DEL8/4;UOP04/SC
264187;21/01/2020;terça-feira;07:30:00;MT;163;838,7;SINOP;Desobediência às normas de trânsito pelo condutor;Colisão transversal;Com Vítimas Feridas;Pleno dia;Decrescente;Céu Claro;Dupla;Reta;Sim;2;0;1;0;1;0;1;2;-11,82873;-55,48679;SR-MT;DEL2/6;UOP02/MT
264188;21/01/2020;terça-feira;08:30:00;SP;116;272,5;TABOAO DA SERRA;Falta de Atenção à Condução;Colisão traseira;Com Vítimas Feridas;Pleno dia;Decrescente;Sol;Dupla;Reta;Sim;2;0;0;1;1;0;1;2;-23,61602;-46,78798;SR-SP;DEL6/4;UOP01/SP
264189;21/01/2020;terça-feira;09:00:00;AL;424;105,4;MARECHAL DEODORO;Falta de Atenção à Condução;Saída de leito carroçável;Com Vítimas Feridas;Pleno dia;Decrescente;Céu Claro;Simples;Curva;Não;1;0;1;0;0;0;1;1;-9,685817;-35,82573;SR-AL;DEL13/2;UOP01/AL
264191;21/01/2020;terça-feira;09:15:00;TO;153;334,4;GUARAI;Falta de Atenção à Condução;Colisão transversal;Com Vítimas Feridas;Pleno dia;Crescente;Sol;Dupla;Interseção de vias;Sim;2;0;1;0;1;0;1;2;-8,835718;-48,51212;SR-TO;UOP03/TO;
264192;21/01/2020;terça-feira;08:40:00;SC;101;32,6;JOINVILLE;Avarias e/ou desgaste excessivo no pneu;Tombamento;Com Vítimas Feridas;Pleno dia;Decrescente;Nublado;Dupla;Reta;Não;1;0;1;0;0;0;1;1;-26,22699;-48,91657;SR-SC;DEL8/3;UOP01/SC
264193;21/01/2020;terça-feira;09:11:00;PI;343;55;BURITI DOS LOPES;Não guardar distância de segurança;Colisão lateral;Com Vítimas Feridas;Pleno dia;Decrescente;Nublado;Simples;Reta;Não;3;0;1;0;2;0;1;2;-3,215801;-41,82482;SR-PI;DEL17/5;UOP01/PI
264194;21/01/2020;terça-feira;08:00:00;CE;116;0,5;FORTALEZA;Falta de Atenção à Condução;Colisão com objeto estático;Com Vítimas Feridas;Pleno dia;Decrescente;Céu Claro;Dupla;Reta;Sim;4;0;1;0;3;0;1;4;-3,754584;-38,52341;SR-CE;DEL16/1;UOP02/CE
264195;19/01/2020;domingo;19:15:00;PE;423;145,9;IATI;Ultrapassagem Indevida;Colisão frontal;Com Vítimas Feridas;Plena Noite;Crescente;Céu Claro;Simples;Reta;Não;2;0;0;1;1;0;1;2;-9,009144;-36,86785;SR-PE;DEL11/3;UOP01/PE
264197;21/01/2020;terça-feira;09:25:00;GO;60;97,4;ANAPOLIS;Falta de Atenção à Condução;Colisão lateral;Com Vítimas Feridas;Pleno dia;Crescente;Céu Claro;Múltipla;Reta;Sim;2;0;1;0;0;1;1;2;-16,3774;-48,9483;SR-GO;DEL1/2;UOP01/GO
264198;21/01/2020;terça-feira;10:10:00;RJ;101;52;CAMPOS DOS GOYTACAZES;Falta de Atenção à Condução;Queda de ocupante de veículo;Com Vítimas Feridas;Pleno dia;Decrescente;Céu Claro;Simples;Reta;Não;1;0;0;1;0;0;1;1;-21,65161;-41,31129;SR-RJ;DEL5/8;UOP01/RJ
264199;21/01/2020;terça-feira;10:10:00;RJ;101;65;CAMPOS DOS GOYTACAZES;Desobediência às normas de trânsito pelo condutor;Colisão frontal;Com Vítimas Feridas;Pleno dia;Decrescente;Céu Claro;Simples;Reta;Sim;2;0;1;0;1;0;1;2;-21,75372;-41,34429;SR-RJ;DEL5/8;UOP02/RJ
264200;21/01/2020;terça-feira;09:45:00;MG;381;501;BETIM;Não guardar distância de segurança;Colisão traseira;Sem Vítimas;Pleno dia;Decrescente;Nublado;Dupla;Reta;Sim;5;0;0;0;5;0;0;2;-20,03146;-44,23779;SR-MG;DEL4/1;UOP03/MG
264201;21/01/2020;terça-feira;06:40:00;RJ;116;222;PIRAI;Falta de Atenção à Condução;Colisão traseira;Sem Vítimas;Pleno dia;Decrescente;Céu Claro;Simples;Curva;Não;2;0;0;0;2;0;0;2;-22,6897;-43,79175;SR-RJ;DEL5/7;UOP01/RJ
264202;21/01/2020;terça-feira;10:00:00;RS;285;241;CIRIACO;Defeito Mecânico no Veículo;Incêndio;Sem Vítimas;Pleno dia;Crescente;Nublado;Simples;Não Informado;Não;1;0;0;0;1;0;0;1;-28,2597;-51,88595;SR-RS;DEL08;UOP03/RS
264203;21/01/2020;terça-feira;07:55:00;RN;405;1;MOSSORO;Desobediência às normas de trânsito pelo condutor;Queda de ocupante de veículo;Com Vítimas Feridas;Pleno dia;Crescente;Céu Claro;Dupla;Interseção de vias;Sim;1;0;1;0;0;0;1;1;-5,192229;-37,36676;SR-RN;DEL15/4;UOP02/RN
264204;21/01/2020;terça-feira;10:20:00;ES;101;125;SOORETAMA;Falta de Atenção à Condução;Colisão traseira;Com Vítimas Feridas;Pleno dia;Crescente;Céu Claro;Simples;Reta;Sim;5;0;2;0;3;0;2;3;-19,18496;-40,0943;SR-ES;DEL12/4;UOP01/ES
264205;21/01/2020;terça-feira;08:30:00;SC;153;58;IRANI;Falta de Atenção à Condução;Colisão transversal;Com Vítimas Feridas;Pleno dia;Crescente;Nublado;Simples;Rotatória;Não;3;0;1;0;2;0;1;2;-26,97267;-51,85818;SR-SC;DEL7;UOP06/SC
264207;21/01/2020;terça-feira;11:00:00;ES;101;195;JOAO NEIVA;Defeito Mecânico no Veículo;Tombamento;Com Vítimas Feridas;Pleno dia;Decrescente;Nublado;Simples;Reta;Não;1;0;1;0;0;0;1;1;-19,70199;-40,32193;SR-ES;DEL12/4;UOP01/ES
264208;21/01/2020;terça-feira;08:45:00;RO;364;352,5;JI-PARANA;Falta de Atenção à Condução;Colisão lateral;Sem Vítimas;Pleno dia;Decrescente;Céu Claro;Simples;Reta;Não;5;0;0;0;5;0;0;2;-10,82722;-62,01394;SR-RO;DEL21/2;UOP01/RO
264209;21/01/2020;terça-feira;10:30:00;MG;267;38;ARGIRITA;Falta de Atenção à Condução;Colisão com objeto estático;Com Vítimas Feridas;Pleno dia;Decrescente;Céu Claro;Simples;Reta;Não;5;0;4;0;1;0;4;1;-21,66671;-42,88427;SR-MG;DEL4/7;UOP01/MG
264210;21/01/2020;terça-feira;08:00:00;BA;367;84;EUNAPOLIS;Falta de Atenção à Condução;Tombamento;Com Vítimas Feridas;Pleno dia;Crescente;Sol;Simples;Não Informado;Sim;1;0;1;0;0;0;1;1;-16,37465;-39,57943;SR-BA;DEL10/9;UOP01/BA
264211;21/01/2020;terça-feira;11:00:00;PR;376;181,9;MARINGA;Falta de Atenção à Condução;Colisão transversal;Com Vítimas Feridas;Pleno dia;Decrescente;Céu Claro;Dupla;Interseção de vias;Sim;2;0;1;0;1;0;1;2;-23,43175;-51,8874;SR-PR;DEL7/7;UOP04/PR
264212;21/01/2020;terça-feira;08:30:00;MG;381;671;PERDOES;Falta de Atenção à Condução;Saída de leito carroçável;Com Vítimas Feridas;Pleno dia;Crescente;Céu Claro;Dupla;Curva;Não;4;0;2;1;1;0;3;1;-21,08945;-45,06864;SR-MG;DEL4/4;UOP02/MG
264213;21/01/2020;terça-feira;12:15:00;RS;392;660;CERRO LARGO;Desobediência às normas de trânsito pelo condutor;Colisão traseira;Com Vítimas Feridas;Pleno dia;Decrescente;Nublado;Simples;Não Informado;Não;2;0;0;1;1;0;1;2;-28,12102;-54,7173;SR-RS;DEL9/10;UOP01/RS
264214;21/01/2020;terça-feira;11:30:00;PE;232;45,4;VITORIA DE SANTO ANTAO;Falta de Atenção à Condução;Colisão traseira;Com Vítimas Feridas;Pleno dia;Decrescente;Céu Claro;Dupla;Reta;Não;1;0;1;0;0;0;1;1;-8,130371;-35,28437;SR-PE;DEL11/1;UOP04/PE
264215;09/01/2020;quinta-feira;21:25:00;MS;NA;NA;SIDROLANDIA;Falta de Atenção à Condução;Atropelamento de Pedestre;Com Vítimas Feridas;Plena Noite;Não Informado;Céu Claro;Simples;Reta;Não;4;0;0;1;3;0;1;2;-20,94816;-54,83828;SR-MS;DEL3/1;UOP04/MS
264216;21/01/2020;terça-feira;11:40:00;DF;80;21,8;BRASILIA;Falta de Atenção à Condução;Colisão transversal;Com Vítimas Feridas;Pleno dia;Crescente;Nublado;Simples;Reta;Não;4;0;0;1;3;0;1;2;-15,6583;-48,20282;SR-DF;UOP06/DF;
264217;21/01/2020;terça-feira;11:50:00;MG;153;230,5;FRONTEIRA;Mal Súbito;Queda de ocupante de veículo;Com Vítimas Feridas;Pleno dia;Crescente;Céu Claro;Simples;Reta;Não;2;0;1;0;1;0;1;1;-20,23256;-49,15519;SR-MG;DEL13;UOP02/MG
264218;21/01/2020;terça-feira;09:20:00;RJ;101;323;NITEROI;Não guardar distância de segurança;Colisão traseira;Com Vítimas Feridas;Pleno dia;Crescente;Céu Claro;Dupla;Reta;Não;2;0;1;0;1;0;1;2;-22,87685;-43,11729;SR-RJ;UOP01;DEL02
264219;21/01/2020;terça-feira;12:25:00;RS;470;194,8;BENTO GONCALVES;Velocidade Incompatível;Colisão frontal;Com Vítimas Feridas;Pleno dia;Decrescente;Chuva;Simples;Curva;Não;2;0;1;0;1;0;1;2;-29,0503;-51,57387;SR-RS;DEL9/6;UOP02/RS
264220;21/01/2020;terça-feira;11:50:00;BA;242;414;SEABRA;Desobediência às normas de trânsito pelo condutor;Colisão transversal;Com Vítimas Feridas;Pleno dia;Crescente;Sol;Simples;Interseção de vias;Sim;4;0;1;0;3;0;1;2;-12,42743;-41,7702;SR-BA;DEL10/6;UOP01/BA
264221;17/01/2020;sexta-feira;06:45:00;RO;364;343;JI-PARANA;Falta de Atenção à Condução;Colisão lateral;Com Vítimas Feridas;Pleno dia;Crescente;Céu Claro;Dupla;Interseção de vias;Sim;2;0;1;0;1;0;1;2;-10,87879;-61,94499;SR-RO;DEL21/2;UOP01/RO
264223;21/01/2020;terça-feira;12:30:00;BA;242;778;BARREIRAS;Pista Escorregadia;Saída de leito carroçável;Com Vítimas Feridas;Pleno dia;Crescente;Chuva;Simples;Curva;Não;3;0;3;0;0;0;3;1;-12,15464;-44,69271;SR-BA;DEL10/10;UOP01/BA
264224;21/01/2020;terça-feira;11:34:00;ES;101;260,6;SERRA;Falta de Atenção à Condução;Colisão frontal;Com Vítimas Fatais;Pleno dia;Decrescente;Nublado;Simples;Curva;Não;10;1;1;1;7;0;2;5;-20,14654;-40,28207;SR-ES;DEL12/2;UOP01/ES
264225;21/01/2020;terça-feira;12:05:00;PE;232;410,9;SERRA TALHADA;Ultrapassagem Indevida;Colisão transversal;Com Vítimas Feridas;Pleno dia;Crescente;Nublado;Simples;Reta;Sim;2;0;1;0;1;0;1;2;-7,982618;-38,3004;SR-PE;DEL11/4;UOP01/PE
264226;21/01/2020;terça-feira;10:50:00;RS;287;348,5;JAGUARI;Ultrapassagem Indevida;Colisão frontal;Com Vítimas Feridas;Pleno dia;Decrescente;Nublado;Simples;Reta;Não;2;0;2;0;0;0;2;2;-29,52712;-54,68633;SR-RS;DEL9/12;UOP02/RS
264227;21/01/2020;terça-feira;12:15:00;GO;60;113;GOIANAPOLIS;Pista Escorregadia;Saída de leito carroçável;Com Vítimas Feridas;Pleno dia;Decrescente;Chuva;Dupla;Reta;Não;2;0;2;0;0;0;2;1;-16,4572;-49,0567;SR-GO;DEL1/1;UOP01/GO
264228;21/01/2020;terça-feira;13:40:00;RS;158;329,1;SANTA MARIA;Mal Súbito;Colisão traseira;Com Vítimas Feridas;Pleno dia;Decrescente;Céu Claro;Simples;Reta;Não;3;0;1;0;2;0;1;3;-29,70656;-53,8285;SR-RS;DEL9/9;UOP01/RS
264230;21/01/2020;terça-feira;11:30:00;GO;60;96,5;ANAPOLIS;Falta de Atenção à Condução;Colisão traseira;Com Vítimas Feridas;Pleno dia;Decrescente;Nublado;Dupla;Reta;Sim;2;0;1;0;1;0;1;2;-16,371;-48,9422;SR-GO;DEL1/2;UOP01/GO
264231;21/01/2020;terça-feira;13:10:00;CE;402;271;ITAPIPOCA;Pista Escorregadia;Tombamento;Com Vítimas Feridas;Pleno dia;Decrescente;Chuva;Simples;Reta;Não;4;0;1;0;3;0;1;4;-3,488159;-39,52023;SR-CE;DEL16/1;UOP03/CE
264232;21/01/2020;terça-feira;14:25:00;RS;116;153;CAXIAS DO SUL;Defeito Mecânico no Veículo;Colisão traseira;Sem Vítimas;Pleno dia;Crescente;Nublado;Dupla;Reta;Sim;2;0;0;0;2;0;0;2;-29,1858;-51,17713;SR-RS;DEL9/5;UOP01/RS
264233;21/01/2020;terça-feira;08:35:00;SC;280;232;CANOINHAS;Não guardar distância de segurança;Colisão traseira;Com Vítimas Feridas;Pleno dia;Decrescente;Céu Claro;Simples;Reta;Não;3;0;1;0;2;0;1;3;-26,19015;-50,38187;SR-SC;DEL8/6;UOP04/SC
264235;21/01/2020;terça-feira;12:55:00;RJ;101;469;ANGRA DOS REIS;Desobediência às normas de trânsito pelo condutor;Queda de ocupante de veículo;Com Vítimas Feridas;Pleno dia;Decrescente;Céu Claro;Simples;Curva;Sim;2;0;1;0;0;1;1;1;-23,0116;-44,23091;SR-RJ;DEL5/3;UOP02/RJ
264236;21/01/2020;terça-feira;14:00:00;MG;381;345;BELA VISTA DE MINAS;Velocidade Incompatível;Saída de leito carroçável;Com Vítimas Feridas;Pleno dia;Crescente;Chuva;Simples;Curva;Não;1;0;1;0;0;0;1;1;-19,84209;-43,09981;SR-MG;DEL4/3;UOP01/MG
264237;21/01/2020;terça-feira;12:15:00;RJ;493;61;NOVA IGUACU;Desobediência às normas de trânsito pelo condutor;Colisão traseira;Com Vítimas Feridas;Pleno dia;Decrescente;Nublado;Dupla;Reta;Não;2;0;0;1;1;0;1;2;-22,6871;-43,445;SR-RJ;DEL5/1;UOP03/RJ
264238;21/01/2020;terça-feira;15:00:00;PR;376;173;MARINGA;Velocidade Incompatível;Colisão traseira;Com Vítimas Feridas;Pleno dia;Decrescente;Céu Claro;Dupla;Reta;Sim;4;0;1;0;3;0;1;3;-23,41781;-51,96057;SR-PR;DEL7/7;UOP04/PR
264239;21/01/2020;terça-feira;15:20:00;PE;101;61;RECIFE;Falta de Atenção à Condução;Colisão transversal;Com Vítimas Feridas;Pleno dia;Decrescente;Céu Claro;Dupla;Não Informado;Sim;2;0;1;0;1;0;1;2;-7,990971;-34,93598;SR-PE;DEL11/1;UOP02/PE
264240;21/01/2020;terça-feira;15:05:00;MG;381;336;NOVA ERA;Pista Escorregadia;Saída de leito carroçável;Com Vítimas Feridas;Pleno dia;Crescente;Chuva;Simples;Não Informado;Não;5;0;4;0;1;0;4;1;-19,8212;-43,07408;SR-MG;DEL4/3;UOP01/MG
264241;01/01/2020;quarta-feira;23:40:00;GO;50;213,4;CAMPO ALEGRE DE GOIAS;Condutor Dormindo;Saída de leito carroçável;Com Vítimas Feridas;Plena Noite;Decrescente;Nublado;Dupla;Curva;Não;3;0;2;0;1;0;2;1;-17,664;-47,735;SR-GO;DEL1/6;UOP01/GO
264242;21/01/2020;terça-feira;14:00:00;RO;319;59;PORTO VELHO;Falta de Atenção à Condução;Colisão traseira;Com Vítimas Feridas;Pleno dia;Crescente;Céu Claro;Dupla;Reta;Sim;1;0;1;0;0;0;1;1;-8,766685;-63,88405;SR-RO;DEL21/1;UOP01/RO
264244;21/01/2020;terça-feira;15:20:00;MG;381;729;CARMO DA CACHOEIRA;Pista Escorregadia;Saída de leito carroçável;Com Vítimas Feridas;Pleno dia;Crescente;Céu Claro;Dupla;Curva;Não;6;0;1;0;5;0;1;3;-21,53065;-45,23082;SR-MG;DEL4/4;UOP02/MG
264245;21/01/2020;terça-feira;15:00:00;PE;232;9,2;JABOATAO DOS GUARARAPES;Defeito Mecânico no Veículo;Engavetamento;Sem Vítimas;Pleno dia;Decrescente;Sol;Dupla;Reta;Sim;6;0;0;0;6;0;0;6;-8,077644;-34,97864;SR-PE;DEL11/1;UOP01/PE
264246;21/01/2020;terça-feira;15:00:00;GO;80;21,9;PADRE BERNARDO;Velocidade Incompatível;Tombamento;Com Vítimas Feridas;Pleno dia;Decrescente;Chuva;Dupla;Reta;Sim;1;0;1;0;0;0;1;1;-15,36978;-48,21958;SR-DF;UOP06/DF;
264248;21/01/2020;terça-feira;16:15:00;PB;101;88,8;JOAO PESSOA;Condutor Dormindo;Tombamento;Com Vítimas Feridas;Pleno dia;Crescente;Nublado;Dupla;Interseção de vias;Sim;2;0;2;0;0;0;2;1;-7,169281;-34,89721;SR-PB;DEL14/1;UOP01/PB
264249;21/01/2020;terça-feira;16:25:00;MG;381;498,7;BETIM;Não guardar distância de segurança;Colisão traseira;Com Vítimas Feridas;Pleno dia;Decrescente;Nublado;Dupla;Reta;Sim;3;0;2;0;1;0;2;2;-20,01173;-44,21976;SR-MG;DEL4/1;UOP03/MG
264250;21/01/2020;terça-feira;10:20:00;RO;174;16;VILHENA;Agressão Externa;Tombamento;Com Vítimas Feridas;Pleno dia;Decrescente;Céu Claro;Simples;Reta;Sim;1;0;1;0;0;0;1;1;-12,71452;-60,12621;SR-RO;DEL21/4;UOP01/RO
264252;21/01/2020;terça-feira;16:30:00;ES;101;256,8;SERRA;Falta de Atenção à Condução;Colisão com objeto estático;Com Vítimas Feridas;Pleno dia;Decrescente;Nublado;Dupla;Reta;Sim;3;0;0;1;0;2;1;1;-20,11912;-40,31101;SR-ES;DEL12/2;UOP01/ES
264253;21/01/2020;terça-feira;17:00:00;PE;101;56,6;PAULISTA;Desobediência às normas de trânsito pelo condutor;Colisão lateral;Com Vítimas Feridas;Anoitecer;Crescente;Céu Claro;Dupla;Não Informado;Não;5;0;1;0;3;1;1;5;-7,955451;-34,91141;SR-PE;DEL11/1;UOP02/PE
264254;21/01/2020;terça-feira;16:30:00;ES;101;261;SERRA;Falta de Atenção à Condução;Engavetamento;Sem Vítimas;Pleno dia;Decrescente;Nublado;Simples;Reta;Não;4;0;0;0;4;0;0;4;-20,14854;-40,27971;SR-ES;DEL12/2;UOP01/ES
264255;21/01/2020;terça-feira;15:25:00;SP;116;498,8;CAJATI;Condutor Dormindo;Saída de leito carroçável;Com Vítimas Feridas;Pleno dia;Crescente;Nublado;Dupla;Reta;Não;2;0;2;0;0;0;2;1;-24,77566;-48,17083;SR-SP;DEL6/5;UOP03/SP
264256;21/01/2020;terça-feira;17:00:00;CE;116;64,2;CHOROZINHO;Desobediência às normas de trânsito pelo condutor;Colisão transversal;Com Vítimas Feridas;Pleno dia;Crescente;Céu Claro;Simples;Não Informado;Sim;4;0;2;1;1;0;3;2;-4,281252;-38,49424;SR-CE;DEL16/3;UOP02/CE
264257;21/01/2020;terça-feira;16:15:00;PE;232;129,9;CARUARU;Falta de Atenção à Condução;Capotamento;Sem Vítimas;Pleno dia;Crescente;Chuva;Dupla;Não Informado;Sim;1;0;0;0;1;0;0;1;-8,301935;-35,98092;SR-PE;DEL11/2;UOP02/PE
264258;21/01/2020;terça-feira;17:20:00;PE;407;123,6;PETROLINA;Falta de Atenção à Condução;Colisão transversal;Com Vítimas Feridas;Pleno dia;Crescente;Sol;Simples;Interseção de vias;Sim;3;0;2;0;1;0;2;2;-9,361492;-40,54594;SR-PE;DEL11/6;UOP01/PE
264259;21/01/2020;terça-feira;17:20:00;ES;101;297;VIANA;Pista Escorregadia;Queda de ocupante de veículo;Com Vítimas Feridas;Pleno dia;Decrescente;Chuva;Dupla;Reta;Sim;1;0;0;1;0;0;1;1;-20,3453;-40,41027;SR-ES;DEL12/1;UOP01/ES
264260;21/01/2020;terça-feira;15:50:00;GO;60;225,1;CEZARINA;Pista Escorregadia;Saída de leito carroçável;Com Vítimas Feridas;Pleno dia;Crescente;Chuva;Dupla;Reta;Não;1;0;1;0;0;0;1;1;-17,0148;-49,7762;SR-GO;DEL1/1;UOP02/GO