id;data_inversa;dia_semana;horario;uf;br;km;municipio;causa_acidente;tipo_acidente;classificacao_acidente;fase_dia;sentido_via;condicao_metereologica;tipo_pista;tracado_via;uso_solo;pessoas;mortos;feridos_leves;feridos_graves;ilesos;ignorados;feridos;veiculos;latitude;longitude;regional;delegacia;uop
264261;21/01/2020;terça-feira;18:00:00;CE;222;1,3;FORTALEZA;Animais na Pista;Atropelamento de Animal;Sem Vítimas;Plena Noite;Crescente;Céu Claro;Múltipla;Reta;Sim;1;0;0;0;1;0;0;1;-3,737804;-38,57806;SR-CE;DEL16/1;UOP01/CE
264262;21/01/2020;terça-feira;08:50:00;MA;135;5,9;SAO LUIS;Desobediência às normas de trânsito pelo condutor;Colisão traseira;Com Vítimas Fatais;Pleno dia;Decrescente;Chuva;Dupla;Reta;Sim;2;1;0;0;1;0;0;2;-2,621454;-44,25797;SR-MA;DEL18/1;UOP01/MA
264263;21/01/2020;terça-feira;14:40:00;PA;10;348;SANTA MARIA DO PARA;Ultrapassagem Indevida;Saída de leito carroçável;Sem Vítimas;Pleno dia;Decrescente;Céu Claro;Simples;Reta;Não;1;0;0;0;1;0;0;1;-1,399155;-47,55908;SR-PA;DEL19/1;UOP02/PA
264264;21/01/2020;terça-feira;17:30:00;CE;116;39,6;HORIZONTE;Falta de Atenção à Condução;Colisão traseira;Com Vítimas Feridas;Anoitecer;Decrescente;Céu Claro;Dupla;Reta;Sim;3;0;1;0;2;0;1;3;-4,087228;-38,50066;SR-CE;DEL16/1;UOP02/CE
264266;21/01/2020;terça-feira;18:00:00;PE;428;158,9;PETROLINA;Defeito Mecânico no Veículo;Colisão com objeto em movimento;Com Vítimas Feridas;Plena Noite;Crescente;Céu Claro;Simples;Reta;Não;4;0;3;0;1;0;3;2;-9,131776;-40,34788;SR-PE;DEL11/6;UOP01/PE
264267;21/01/2020;terça-feira;15:45:00;AC;364;124,9;RIO BRANCO;Falta de Atenção à Condução;Colisão traseira;Com Vítimas Feridas;Pleno dia;Decrescente;Céu Claro;Dupla;Rotatória;Não;3;0;1;0;2;0;1;2;-10,01152;-67,7914;SR-AC;UOP01/AC;
264268;21/01/2020;terça-feira;18:20:00;PE;101;42,7;IGARASSU;Falta de Atenção à Condução;Colisão transversal;Com Vítimas Feridas;Plena Noite;Decrescente;Céu Claro;Múltipla;Não Informado;Sim;2;0;1;0;1;0;1;2;-7,838874;-34,91197;SR-PE;DEL11/1;UOP02/PE
264269;21/01/2020;terça-feira;18:20:00;PR;376;190;MARIALVA;Animais na Pista;Colisão traseira;Com Vítimas Feridas;Pleno dia;Decrescente;Céu Claro;Múltipla;Reta;Não;2;0;1;0;1;0;1;2;-23,4756;-51,81168;SR-PR;DEL7/7;UOP04/PR
264270;01/01/2020;quarta-feira;08:00:00;PE;101;138,7;ESCADA;Falta de Atenção à Condução;Tombamento;Com Vítimas Feridas;Pleno dia;Decrescente;Céu Claro;Simples;Reta;Não;1;0;0;1;0;0;1;1;-8,420655;-35,31809;SR-PE;DEL11/1;UOP03/PE
264271;21/01/2020;terça-feira;18:15:00;ES;101;269,3;SERRA;Restrição de Visibilidade;Colisão transversal;Com Vítimas Feridas;Plena Noite;Decrescente;Chuva;Múltipla;Reta;Sim;2;0;2;0;0;0;2;2;-20,2174;-40,26991;SR-ES;DEL12/2;UOP01/ES
264272;21/01/2020;terça-feira;17:20:00;PB;104;108,8;SAO SEBASTIAO DE LAGOA DE  ROCA;Pista Escorregadia;Saída de leito carroçável;Com Vítimas Feridas;Pleno dia;Decrescente;Nublado;Simples;Não Informado;Não;1;0;0;1;0;0;1;1;-7,111617;-35,86768;SR-PB;DEL14/2;UOP04/PB
264273;21/01/2020;terça-feira;18:17:00;PR;277;594,9;CASCAVEL;Falta de Atenção à Condução;Colisão transversal;Com Vítimas Feridas;Pleno dia;Decrescente;Nublado;Simples;Reta;Sim;2;0;0;2;0;0;2;2;-24,98101;-53,50096;SR-PR;DEL7/4;UOP01/PR
264274;21/01/2020;terça-feira;10:30:00;MA;135;43,6;BACABEIRA;Falta de Atenção à Condução;Colisão traseira;Sem Vítimas;Pleno dia;Crescente;Chuva;Dupla;Reta;Sim;2;0;0;0;2;0;0;2;-2,912641;-44,35402;SR-MA;DEL18/1;UOP01/MA
264275;21/01/2020;terça-feira;17:05:00;RS;116;342,7;BARRA DO RIBEIRO;Pista Escorregadia;Saída de leito carroçável;Com Vítimas Feridas;Pleno dia;Decrescente;Chuva;Simples;Reta;Não;2;0;2;0;0;0;2;1;-30,47229;-51,49341;SR-RS;DEL9/2;UOP02/RS
264276;21/01/2020;terça-feira;16:48:00;MG;116;539,3;SANTA RITA DE MINAS;Falta de Atenção à Condução;Colisão traseira;Sem Vítimas;Pleno dia;Crescente;Nublado;Simples;Reta;Não;3;0;0;0;3;0;0;3;-19,87523;-42,13188;SR-MG;DEL4/6;UOP02/MG
264277;21/01/2020;terça-feira;18:40:00;RS;386;413;MONTENEGRO;Falta de Atenção à Condução;Colisão transversal;Com Vítimas Feridas;Anoitecer;Crescente;Chuva;Dupla;Não Informado;Sim;5;0;5;0;0;0;5;2;-29,81408;-51,49313;SR-RS;DEL9/4;UOP02/RS
264278;21/01/2020;terça-feira;17:25:00;SC;470;45;GASPAR;Desobediência às normas de trânsito pelo condutor;Colisão transversal;Com Vítimas Feridas;Pleno dia;Crescente;Nublado;Simples;Reta;Sim;2;0;0;1;1;0;1;2;-26,86593;-49,03241;SR-SC;DEL8/4;UOP01/SC
264279;21/01/2020;terça-feira;18:15:00;BA;116;421;FEIRA DE SANTANA;Falta de Atenção à Condução;Colisão transversal;Com Vítimas Feridas;Plena Noite;Decrescente;Nublado;Dupla;Rotatória;Sim;2;0;1;0;1;0;1;2;-12,22996;-38,96382;SR-BA;DEL10/2;UOP01/BA
264280;21/01/2020;terça-feira;18:45:00;MG;40;800;MATIAS BARBOSA;Falta de Atenção à Condução;Saída de leito carroçável;Com Vítimas Feridas;Plena Noite;Decrescente;Nublado;Dupla;Reta;Não;3;0;2;0;1;0;2;2;-21,83831;-43,37465;SR-MG;DEL5;UOP01/MG
264281;21/01/2020;terça-feira;18:45:00;MG;50;57;UBERLANDIA;Desobediência às normas de trânsito pelo condutor;Colisão com objeto estático;Com Vítimas Feridas;Anoitecer;Crescente;Nublado;Dupla;Reta;Não;2;0;0;1;1;0;1;2;-18,78609;-48,2316;SR-MG;DEL4/15;UOP02/MG
264282;21/01/2020;terça-feira;18:50:00;PR;376;175,5;MARINGA;Falta de Atenção à Condução;Colisão lateral;Com Vítimas Feridas;Anoitecer;Crescente;Céu Claro;Dupla;Reta;Sim;3;0;1;0;2;0;1;2;-23,41292;-51,94488;SR-PR;DEL7/7;UOP04/PR
264283;21/01/2020;terça-feira;18:30:00;ES;101;264,5;SERRA;Não guardar distância de segurança;Colisão traseira;Com Vítimas Feridas;Plena Noite;Decrescente;Chuva;Múltipla;Não Informado;Sim;4;0;2;0;2;0;2;2;-20,17293;-40,26736;SR-ES;DEL12/2;UOP01/ES
264284;13/01/2020;segunda-feira;11:30:00;RS;116;268;CANOAS;Falta de Atenção à Condução;Colisão transversal;Com Vítimas Feridas;Pleno dia;Decrescente;Céu Claro;Múltipla;Reta;Sim;2;0;1;0;1;0;1;2;-29,95043;-51,17653;SR-RS;DEL9/1;UOP01/RS
264285;21/01/2020;terça-feira;18:08:00;SC;101;246,4;PAULO LOPES;Falta de Atenção à Condução;Colisão lateral;Com Vítimas Feridas;Pleno dia;Crescente;Nublado;Dupla;Reta;Não;2;0;1;0;1;0;1;2;-27,91037;-48,64998;SR-SC;DEL8/2;UOP03/SC
264287;21/01/2020;terça-feira;17:25:00;PI;135;380;BOM JESUS;Desobediência às normas de trânsito pelo condutor;Colisão traseira;Com Vítimas Feridas;Pleno dia;Crescente;Céu Claro;Simples;Reta;Não;3;0;1;0;1;1;1;3;-9,276035;-44,48853;SR-PI;DEL17/3;UOP02/PI
264288;21/01/2020;terça-feira;17:30:00;RO;319;63;PORTO VELHO;Falta de Atenção à Condução;Colisão lateral;Com Vítimas Feridas;Pleno dia;Crescente;Chuva;Múltipla;Reta;Não;3;0;1;0;2;0;1;2;-8,766685;-63,88405;SR-RO;DEL21/1;UOP01/RO
264289;21/01/2020;terça-feira;16:50:00;SC;282;305;VARGEM;Velocidade Incompatível;Saída de leito carroçável;Com Vítimas Feridas;Pleno dia;Crescente;Chuva;Simples;Desvio Temporário;Não;5;0;3;0;2;0;3;1;-27,50068;-50,94905;SR-SC;DEL7;UOP08/SC
264290;21/01/2020;terça-feira;16:40:00;RS;285;583;SAO LUIZ GONZAGA;Pista Escorregadia;Saída de leito carroçável;Com Vítimas Feridas;Pleno dia;Crescente;Chuva;Simples;Reta;Não;4;0;1;0;2;1;1;1;-28,4501;-55,11946;SR-RS;DEL9/12;UOP01/RS
264291;21/01/2020;terça-feira;19:30:00;PE;101;42,9;IGARASSU;Falta de Atenção à Condução;Colisão com objeto estático;Com Vítimas Feridas;Plena Noite;Decrescente;Céu Claro;Múltipla;Não Informado;Sim;4;0;3;1;0;0;4;1;-7,838874;-34,91197;SR-PE;DEL11/1;UOP02/PE
264292;21/01/2020;terça-feira;19:00:00;ES;101;51,2;SAO MATEUS;Deficiência ou não Acionamento do Sistema de Iluminação/Sinalização do Veículo;Colisão traseira;Com Vítimas Feridas;Plena Noite;Decrescente;Chuva;Simples;Reta;Não;3;0;1;1;1;0;2;2;-18,59458;-39,88971;SR-ES;DEL12/4;UOP02/ES
264293;21/01/2020;terça-feira;17:55:00;SC;470;62,1;INDAIAL;Desobediência às normas de trânsito pelo condutor;Colisão transversal;Com Vítimas Feridas;Pleno dia;Crescente;Nublado;Simples;Reta;Sim;7;0;2;4;1;0;6;2;-26,87442;-49,18581;SR-SC;DEL8/4;UOP01/SC
264294;21/01/2020;terça-feira;19:00:00;PE;428;58,9;SANTA MARIA DA BOA VISTA;Ingestão de Álcool;Colisão frontal;Com Vítimas Fatais;Plena Noite;Decrescente;Céu Claro;Simples;Reta;Não;2;1;0;0;1;0;0;2;-8,616799;-39,69019;SR-PE;DEL11/6;UOP03/PE
264295;21/01/2020;terça-feira;19:00:00;GO;153;514,1;APARECIDA DE GOIANIA;Falta de Atenção à Condução;Colisão transversal;Sem Vítimas;Plena Noite;Decrescente;Chuva;Dupla;Reta;Sim;2;0;0;0;2;0;0;2;-16,8315;-49,2434;SR-GO;DEL1/1;UOP03/GO
264297;21/01/2020;terça-feira;15:10:00;MG;40;130,7;JOAO PINHEIRO;Avarias e/ou desgaste excessivo no pneu;Tombamento;Com Vítimas Feridas;Pleno dia;Decrescente;Céu Claro;Simples;Reta;Não;2;0;1;0;0;1;1;1;-17,70612;-46,28554;SR-MG;DEL4/14;UOP01/MG
264298;09/01/2020;quinta-feira;08:10:00;MG;381;483,3;BETIM;Falta de Atenção à Condução;Colisão lateral;Com Vítimas Feridas;Pleno dia;Crescente;Céu Claro;Múltipla;Não Informado;Sim;2;0;1;0;1;0;1;2;-19,95594;-44,10722;SR-MG;DEL4/1;UOP03/MG
264299;21/01/2020;terça-feira;17:00:00;RJ;101;302;SAO GONCALO;Não guardar distância de segurança;Colisão traseira;Com Vítimas Feridas;Pleno dia;Decrescente;Céu Claro;Dupla;Reta;Não;3;0;1;0;1;1;1;2;-22,78069;-42,96706;SR-RJ;DEL5/2;UOP01/RJ
264301;21/01/2020;terça-feira;18:00:00;RS;290;64;GRAVATAI;Velocidade Incompatível;Saída de leito carroçável;Com Vítimas Feridas;Plena Noite;Crescente;Chuva;Múltipla;Reta;Não;4;0;1;0;3;0;1;1;-29,94045;-50,89553;SR-RS;DEL9/3;UOP01/RS
264302;21/01/2020;terça-feira;19:35:00;RJ;40;109;DUQUE DE CAXIAS;Falta de Atenção à Condução;Engavetamento;Com Vítimas Feridas;Plena Noite;Decrescente;Céu Claro;Múltipla;Reta;Sim;4;0;1;0;3;0;1;3;-22,67375;-43,28638;SR-RJ;DEL5/1;UOP01/RJ
264304;21/01/2020;terça-feira;20:00:00;RS;116;300,7;GUAIBA;Falta de Atenção do Pedestre;Atropelamento de Pedestre;Com Vítimas Feridas;Plena Noite;Crescente;Chuva;Simples;Reta;Sim;2;0;0;1;1;0;1;1;-30,12369;-51,34923;SR-RS;DEL9/2;UOP01/RS
264305;21/01/2020;terça-feira;18:15:00;MT;163;834,5;SINOP;Falta de Atenção à Condução;Colisão traseira;Com Vítimas Feridas;Plena Noite;Decrescente;Céu Claro;Dupla;Retorno Regulamentado;Sim;3;0;2;0;1;0;2;2;-11,99586;-55,51709;SR-MT;DEL2/6;UOP01/MT
264306;21/01/2020;terça-feira;19:40:00;PI;343;347;TERESINA;Objeto estático sobre o leito carroçável;Colisão com objeto estático;Com Vítimas Feridas;Plena Noite;Crescente;Céu Claro;Dupla;Reta;Sim;4;0;1;0;3;0;1;3;-5,114822;-42,77835;SR-PI;DEL17/1;UOP01/PI
264307;21/01/2020;terça-feira;19:30:00;PE;101;48,8;ABREU E LIMA;Falta de Atenção do Pedestre;Atropelamento de Pedestre;Sem Vítimas;Plena Noite;Decrescente;Céu Claro;Múltipla;Curva;Sim;2;0;0;0;1;1;0;1;-7,891747;-34,90335;SR-PE;DEL11/1;UOP02/PE
264308;21/01/2020;terça-feira;20:20:00;SC;101;348,2;JAGUARUNA;Falta de Atenção à Condução;Colisão frontal;Com Vítimas Feridas;Plena Noite;Crescente;Nublado;Múltipla;Reta;Sim;2;0;0;1;1;0;1;2;-28,57318;-49,05292;SR-SC;DEL8/2;UOP01/SC
264309;21/01/2020;terça-feira;19:20:00;SC;280;140,3;RIO NEGRINHO;Falta de Atenção à Condução;Atropelamento de Pedestre;Com Vítimas Feridas;Plena Noite;Crescente;Nublado;Simples;Reta;Não;2;0;1;0;1;0;1;1;-26,25385;-49,61267;SR-SC;DEL8/6;UOP03/SC
264310;21/01/2020;terça-feira;20:45:00;CE;222;70,6;SAO GONCALO DO AMARANTE;Animais na Pista;Atropelamento de Animal;Com Vítimas Feridas;Plena Noite;Crescente;Céu Claro;Simples;Reta;Não;1;0;0;1;0;0;1;1;-3,670583;-39,1702;SR-CE;DEL16/1;UOP03/CE
264311;21/01/2020;terça-feira;20:50:00;MS;463;3,5;DOURADOS;Desobediência às normas de trânsito pelo condutor;Colisão traseira;Com Vítimas Feridas;Plena Noite;Decrescente;Céu Claro;Simples;Reta;Não;2;0;0;1;1;0;1;2;-22,25934;-54,8378;SR-MS;DEL3/4;UOP01/MS
264312;21/01/2020;terça-feira;21:15:00;MG;381;815,4;CAREACU;Falta de Atenção à Condução;Saída de leito carroçável;Com Vítimas Fatais;Plena Noite;Decrescente;Nublado;Dupla;Reta;Não;3;1;2;0;0;0;2;1;-22,08771;-45,70503;SR-MG;DEL09;UOP02/MG
264313;21/01/2020;terça-feira;16:11:00;RJ;101;309;SAO GONCALO;Agressão Externa;Queda de ocupante de veículo;Com Vítimas Feridas;Pleno dia;Decrescente;Nublado;Simples;Desvio Temporário;Não;1;0;1;0;0;0;1;1;-22,79499;-43,03446;SR-RJ;DEL5/2;UOP01/RJ
264314;21/01/2020;terça-feira;21:20:00;RN;405;0,3;MOSSORO;Desobediência às normas de trânsito pelo condutor;Colisão transversal;Com Vítimas Feridas;Plena Noite;Crescente;Céu Claro;Simples;Reta;Sim;3;0;2;0;1;0;2;2;-5,191467;-37,35189;SR-RN;DEL15/4;UOP02/RN
264315;21/01/2020;terça-feira;19:30:00;MT;70;289;PRIMAVERA DO LESTE;Falta de Atenção à Condução;Colisão transversal;Com Vítimas Feridas;Plena Noite;Decrescente;Céu Claro;Simples;Rotatória;Não;2;0;1;0;1;0;1;2;-15,5784;-54,394;SR-MT;DEL2/5;UOP01/MT
264316;21/01/2020;terça-feira;22:20:00;PB;230;155,9;CAMPINA GRANDE;Falta de Atenção à Condução;Colisão frontal;Sem Vítimas;Plena Noite;Crescente;Nublado;Simples;Reta;Sim;3;0;0;0;3;0;0;3;-7,2693;-35,9138;SR-PB;DEL14/2;UOP01/PB
264318;21/01/2020;terça-feira;22:00:00;PR;277;590,1;CASCAVEL;Desobediência às normas de trânsito pelo pedestre;Atropelamento de Pedestre;Com Vítimas Feridas;Plena Noite;Decrescente;Céu Claro;Simples;Interseção de vias;Sim;2;0;1;0;0;1;1;1;-24,98121;-53,45592;SR-PR;DEL7/4;UOP01/PR
264319;21/01/2020;terça-feira;22:35:00;PR;476;140,5;CURITIBA;Falta de Atenção à Condução;Colisão transversal;Com Vítimas Feridas;Plena Noite;Crescente;Nublado;Dupla;Reta;Não;2;0;1;0;0;1;1;2;-25,52069;-49,29412;SR-PR;DEL7/1;UOP03/PR
264320;21/01/2020;terça-feira;18:21:00;RJ;101;319;SAO GONCALO;Falta de Atenção à Condução;Colisão traseira;Com Vítimas Feridas;Anoitecer;Decrescente;Nublado;Dupla;Reta;Não;3;0;1;0;2;0;1;2;-22,85412;-43,1018;SR-RJ;UOP01;DEL02
264321;21/01/2020;terça-feira;19:30:00;RS;290;100;PORTO ALEGRE;Defeito Mecânico no Veículo;Incêndio;Sem Vítimas;Plena Noite;Crescente;Nublado;Dupla;Reta;Não;1;0;0;0;1;0;0;1;-29,98865;-51,23655;SR-RS;DEL9/1;UOP01/RS
264322;21/01/2020;terça-feira;19:39:00;MT;158;796,3;BARRA DO GARCAS;Fenômenos da Natureza;Atropelamento de Pedestre;Com Vítimas Feridas;Plena Noite;Crescente;Chuva;Simples;Reta;Sim;2;0;0;2;0;0;2;1;-15,83321;-52,30625;SR-MT;DEL2/8;UOP01/MT
264323;21/01/2020;terça-feira;22:00:00;SC;163;69,2;SAO MIGUEL DO OESTE;Desobediência às normas de trânsito pelo condutor;Atropelamento de Pedestre;Com Vítimas Feridas;Plena Noite;Crescente;Nublado;Dupla;Reta;Sim;2;0;1;0;0;1;1;1;-26,74133;-53,50121;SR-SC;DEL7;UOP03/SC
264325;21/01/2020;terça-feira;22:50:00;RJ;40;108;DUQUE DE CAXIAS;Defeito Mecânico no Veículo;Colisão com objeto estático;Com Vítimas Feridas;Plena Noite;Decrescente;Nublado;Dupla;Reta;Sim;2;0;1;0;1;0;1;1;-22,66477;-43,28495;SR-RJ;DEL5/1;UOP01/RJ
264326;21/01/2020;terça-feira;18:55:00;RO;364;507;ARIQUEMES;Ultrapassagem Indevida;Colisão frontal;Sem Vítimas;Plena Noite;Crescente;Ignorado;Simples;Reta;Não;4;0;0;0;2;2;0;2;-9,983479;-63,02364;SR-RO;DEL21/3;UOP01/RO
264327;21/01/2020;terça-feira;23:35:00;MG;262;414;IGARATINGA;Falta de Atenção do Pedestre;Atropelamento de Pedestre;Com Vítimas Fatais;Plena Noite;Crescente;Nublado;Dupla;Reta;Não;2;1;0;0;1;0;0;1;-19,9034;-44,66309;SR-MG;DEL4/8;UOP03/MG
264328;22/01/2020;quarta-feira;00:55:00;PR;116;115;CURITIBA;Ingestão de Álcool;Colisão traseira;Com Vítimas Feridas;Plena Noite;Crescente;Céu Claro;Múltipla;Reta;Sim;2;0;1;0;1;0;1;2;-25,55953;-49,2656;SR-PR;DEL7/1;UOP04/PR
264329;21/01/2020;terça-feira;18:50:00;BA;101;718;EUNAPOLIS;Falta de Atenção à Condução;Colisão transversal;Com Vítimas Feridas;Plena Noite;Decrescente;Céu Claro;Simples;Reta;Sim;2;0;0;1;1;0;1;2;-16,37285;-39,58099;SR-BA;DEL10/9;UOP01/BA
264330;21/01/2020;terça-feira;15:30:00;BA;101;461,8;ITACARE;Falta de Atenção à Condução;Colisão frontal;Com Vítimas Feridas;Pleno dia;Decrescente;Céu Claro;Simples;Reta;Não;6;0;3;3;0;0;6;2;-14,45448;-39,32149;SR-BA;DEL10/5;UOP01/BA
264331;21/01/2020;terça-feira;17:00:00;BA;30;659;MARAU;Velocidade Incompatível;Colisão com objeto estático;Com Vítimas Fatais;Pleno dia;Crescente;Céu Claro;Simples;Reta;Não;1;1;0;0;0;0;0;1;-14,23148;-39,10311;SR-BA;DEL10/5;UOP01/BA
264332;22/01/2020;quarta-feira;01:10:00;MS;163;542,4;BANDEIRANTES;Condutor Dormindo;Tombamento;Com Vítimas Feridas;Plena Noite;Crescente;Céu Claro;Simples;Não Informado;Não;2;0;1;0;1;0;1;1;-19,97194;-54,38262;SR-MS;DEL3/1;UOP02/MS
264333;22/01/2020;quarta-feira;02:00:00;PR;116;28;CAMPINA GRANDE DO SUL;Velocidade Incompatível;Colisão traseira;Com Vítimas Feridas;Plena Noite;Crescente;Nublado;Múltipla;Reta;Não;2;0;1;0;1;0;1;1;-25,1067;-48,80406;SR-PR;DEL7/1;UOP02/PR
264334;22/01/2020;quarta-feira;02:00:00;MT;163;707,8;SORRISO;Velocidade Incompatível;Capotamento;Com Vítimas Feridas;Plena Noite;Decrescente;Céu Claro;Simples;Reta;Não;2;0;2;0;0;0;2;1;-12,91211;-55,85257;SR-MT;DEL2/6;UOP01/MT
264335;22/01/2020;quarta-feira;01:55:00;CE;222;237,1;SOBRAL;Condutor Dormindo;Colisão frontal;Com Vítimas Feridas;Plena Noite;Crescente;Céu Claro;Simples;Reta;Não;2;0;1;0;1;0;1;2;-3,719317;-40,45243;SR-CE;DEL16/4;UOP01/CE
264336;22/01/2020;quarta-feira;03:00:00;PI;316;54;MONSENHOR GIL;Defeito Mecânico no Veículo;Incêndio;Sem Vítimas;Plena Noite;Decrescente;Nublado;Simples;Reta;Não;1;0;0;0;1;0;0;1;-5,528536;-42,63503;SR-PI;DEL17/1;UOP02/PI
264337;22/01/2020;quarta-feira;04:05:00;SC;101;337,4;TUBARAO;Ingestão de Álcool;Saída de leito carroçável;Com Vítimas Feridas;Plena Noite;Decrescente;Céu Claro;Dupla;Não Informado;Não;1;0;1;0;0;0;1;1;-28,49146;-49,03932;SR-SC;DEL8/2;UOP01/SC
264338;22/01/2020;quarta-feira;02:35:00;MS;267;37;BATAGUASSU;Animais na Pista;Tombamento;Com Vítimas Feridas;Plena Noite;Decrescente;Céu Claro;Simples;Reta;Não;1;0;1;0;0;0;1;1;-21,75871;-52,48595;SR-MS;DEL2;UOP04/MS
264339;22/01/2020;quarta-feira;04:30:00;MG;381;792,5;SAO GONCALO DO SAPUCAI;Condutor Dormindo;Colisão com objeto estático;Com Vítimas Feridas;Amanhecer;Crescente;Céu Claro;Dupla;Reta;Não;1;0;1;0;0;0;1;1;-21,91932;-45,59935;SR-MG;DEL09;UOP02/MG
264340;22/01/2020;quarta-feira;04:15:00;MS;163;467,8;CAMPO GRANDE;Falta de Atenção à Condução;Tombamento;Com Vítimas Feridas;Plena Noite;Crescente;Nublado;Simples;Reta;Não;1;0;1;0;0;0;1;1;-20,57933;-54,57695;SR-MS;DEL3/1;UOP01/MS
264341;22/01/2020;quarta-feira;04:40:00;SC;470;129,9;LONTRAS;Desobediência às normas de trânsito pelo condutor;Colisão transversal;Com Vítimas Feridas;Amanhecer;Decrescente;Nublado;Simples;Retorno Regulamentado;Sim;2;0;1;0;1;0;1;2;-27,1485;-49,55614;SR-SC;DEL8/4;UOP02/SC
264342;22/01/2020;quarta-feira;06:00:00;PR;277;19;MORRETES;Defeito Mecânico no Veículo;Saída de leito carroçável;Sem Vítimas;Amanhecer;Decrescente;Garoa/Chuvisco;Dupla;Reta;Não;3;0;0;0;3;0;0;1;-25,53872;-48,69656;SR-PR;DEL7/1;UOP07/PR
264343;22/01/2020;quarta-feira;02:10:00;MG;365;91,4;JEQUITAI;Velocidade Incompatível;Saída de leito carroçável;Com Vítimas Feridas;Plena Noite;Decrescente;Garoa/Chuvisco;Simples;Curva;Não;1;0;1;0;0;0;1;1;-17,21254;-44,44436;SR-MG;DEL4/12;UOP01/MG
264344;21/01/2020;terça-feira;15:20:00;SP;116;148;SAO JOSE DOS CAMPOS;Não guardar distância de segurança;Colisão traseira;Com Vítimas Feridas;Pleno dia;Decrescente;Céu Claro;Múltipla;Reta;Sim;3;0;1;1;1;0;2;3;-23,20067;-45,8795;SR-SP;DEL6/2;UOP01/SP
264345;21/01/2020;terça-feira;21:45:00;BA;242;553;OLIVEIRA DOS BREJINHOS;Falta de Atenção à Condução;Tombamento;Com Vítimas Feridas;Plena Noite;Crescente;Céu Claro;Simples;Reta;Não;1;0;1;0;0;0;1;1;-12,14695;-42,87015;SR-BA;DEL 10/10;UOP02/BA
264346;22/01/2020;quarta-feira;06:40:00;TO;153;792;TALISMA;Pista Escorregadia;Colisão com objeto estático;Com Vítimas Feridas;Pleno dia;Decrescente;Chuva;Simples;Reta;Não;4;0;3;0;1;0;3;1;-12,74532;-49,08261;SR-TO;UOP01/TO;
264347;22/01/2020;quarta-feira;06:10:00;RJ;356;49,5;ITAPERUNA;Falta de Atenção à Condução;Tombamento;Com Vítimas Feridas;Amanhecer;Crescente;Céu Claro;Simples;Curva;Não;1;0;1;0;0;0;1;1;-21,25282;-41,78336;SR-RJ;DEL5/8;UOP03/RJ
264348;22/01/2020;quarta-feira;06:55:00;PR;376;2,9;APUCARANA;Animais na Pista;Atropelamento de Animal;Com Vítimas Feridas;Amanhecer;Crescente;Céu Claro;Dupla;Desvio Temporário;Sim;2;0;2;0;0;0;2;1;-23,55963;-51,43567;SR-PR;DEL7/7;UOP03/PR
264349;22/01/2020;quarta-feira;07:10:00;CE;116;2;FORTALEZA;Desobediência às normas de trânsito pelo condutor;Colisão traseira;Com Vítimas Feridas;Pleno dia;Decrescente;Céu Claro;Múltipla;Reta;Sim;3;0;1;0;2;0;1;3;-3,770198;-38,51725;SR-CE;DEL16/1;UOP02/CE
264350;22/01/2020;quarta-feira;07:00:00;SC;282;222,6;LAGES;Carga excessiva e/ou mal acondicionada;Colisão lateral;Com Vítimas Feridas;Pleno dia;Decrescente;Chuva;Dupla;Curva;Sim;4;0;2;0;2;0;2;2;-27,79774;-50,35341;SR-SC;DEL8/5;UOP01/SC
264351;22/01/2020;quarta-feira;05:30:00;PE;116;73;CABROBO;Condutor Dormindo;Colisão lateral;Com Vítimas Feridas;Pleno dia;Crescente;Céu Claro;Simples;Reta;Não;2;0;1;0;1;0;1;2;-8,465946;-39,19734;SR-PE;DEL11/5;UOP03/PE
264352;22/01/2020;quarta-feira;07:45:00;PE;101;70;RECIFE;Falta de Atenção à Condução;Colisão traseira;Sem Vítimas;Pleno dia;Crescente;Chuva;Dupla;Reta;Sim;3;0;0;0;3;0;0;3;-8,076599;-34,93561;SR-PE;DEL11/1;UOP01/PE
264353;22/01/2020;quarta-feira;06:50:00;RS;448;22;PORTO ALEGRE;Pista Escorregadia;Colisão com objeto estático;Com Vítimas Feridas;Pleno dia;Crescente;Garoa/Chuvisco;Simples;Curva;Sim;2;0;1;0;1;0;1;1;-29,97221;-51,19914;SR-RS;DEL9/1;UOP01/RS
264354;22/01/2020;quarta-feira;05:25:00;RS;386;360,4;ESTRELA;Velocidade Incompatível;Saída de leito carroçável;Com Vítimas Feridas;Amanhecer;Crescente;Chuva;Dupla;Curva;Não;1;0;1;0;0;0;1;1;-29,5476;-51,90814;SR-RS;DEL9/4;UOP02/RS
264355;22/01/2020;quarta-feira;07:00:00;MG;40;455,6;CAETANOPOLIS;Pista Escorregadia;Saída de leito carroçável;Com Vítimas Feridas;Pleno dia;Decrescente;Garoa/Chuvisco;Dupla;Curva;Sim;3;0;2;1;0;0;3;1;-19,35768;-44,34736;SR-MG;DEL4/2;UOP01/MG
264356;22/01/2020;quarta-feira;07:00:00;BA;367;60,8;PORTO SEGURO;Falta de Atenção à Condução;Colisão traseira;Com Vítimas Feridas;Pleno dia;Crescente;Céu Claro;Simples;Reta;Não;5;0;1;0;2;2;1;3;-16,38901;-39,38363;SR-BA;DEL10/9;UOP01/BA