id;data_inversa;dia_semana;horario;uf;br;km;municipio;causa_acidente;tipo_acidente;classificacao_acidente;fase_dia;sentido_via;condicao_metereologica;tipo_pista;tracado_via;uso_solo;pessoas;mortos;feridos_leves;feridos_graves;ilesos;ignorados;feridos;veiculos;latitude;longitude;regional;delegacia;uop
264776;23/01/2020;quinta-feira;09:55:00;RO;435;135;CEREJEIRAS;Defeito Mecânico no Veículo;Incêndio;Sem Vítimas;Pleno dia;Crescente;Céu Claro;Simples;Reta;Não;1;0;0;0;1;0;0;1;-13,18903;-60,92891;SR-RO;DEL21/4;UOP02/RO
264777;24/01/2020;sexta-feira;09:28:00;MG;381;597;CARMOPOLIS DE MINAS;Pista Escorregadia;Engavetamento;Com Vítimas Feridas;Pleno dia;Decrescente;Chuva;Dupla;Curva;Não;12;0;7;0;5;0;7;6;-20,6057;-44,72419;SR-MG;DEL4/4;UOP01/MG
264778;24/01/2020;sexta-feira;08:30:00;GO;50;120;IPAMERI;Falta de Atenção à Condução;Colisão lateral;Sem Vítimas;Pleno dia;Decrescente;Céu Claro;Dupla;Não Informado;Não;2;0;0;0;2;0;0;2;-16,9309;-47,7117;SR-GO;DEL1/6;UOP01/GO
264779;24/01/2020;sexta-feira;10:00:00;SC;101;201,5;SAO JOSE;Defeito Mecânico no Veículo;Tombamento;Com Vítimas Feridas;Pleno dia;Crescente;Nublado;Dupla;Viaduto;Não;2;0;1;1;0;0;2;1;-27,54837;-48,61978;SR-SC;DEL8/1;UOP01/SC
264780;24/01/2020;sexta-feira;09:50:00;MG;381;487;BETIM;Pista Escorregadia;Saída de leito carroçável;Com Vítimas Feridas;Pleno dia;Decrescente;Chuva;Dupla;Curva;Não;2;0;1;0;1;0;1;1;-19,95587;-44,1461;SR-MG;DEL4/1;UOP03/MG
264781;24/01/2020;sexta-feira;09:20:00;SC;470;141,5;RIO DO SUL;Falta de Atenção à Condução;Colisão transversal;Com Vítimas Feridas;Pleno dia;Crescente;Nublado;Simples;Reta;Não;2;0;0;1;1;0;1;2;-27,22606;-49,66616;SR-SC;DEL8/4;UOP02/SC
264782;24/01/2020;sexta-feira;10:40:00;PB;230;21;JOAO PESSOA;Falta de Atenção à Condução;Colisão lateral;Com Vítimas Feridas;Pleno dia;Decrescente;Céu Claro;Dupla;Reta;Sim;3;0;1;0;1;1;1;2;-7,1415;-34,8519;SR-PB;DEL14/1;UOP01/PB
264783;24/01/2020;sexta-feira;06:30:00;RN;226;6,9;NATAL;Agressão Externa;Queda de ocupante de veículo;Com Vítimas Feridas;Pleno dia;Decrescente;Nublado;Simples;Reta;Sim;1;0;1;0;0;0;1;1;-5,820992;-35,27689;SR-RN;DEL15/1;UOP02/RN
264784;24/01/2020;sexta-feira;10:37:00;MG;381;697,7;LAVRAS;Velocidade Incompatível;Capotamento;Com Vítimas Feridas;Pleno dia;Crescente;Chuva;Dupla;Curva;Não;2;0;1;0;1;0;1;1;-21,29043;-45,14792;SR-MG;DEL4/4;UOP02/MG
264785;24/01/2020;sexta-feira;10:10:00;MG;116;352,4;JAMPRUCA;Condutor Dormindo;Colisão com objeto estático;Com Vítimas Feridas;Pleno dia;Decrescente;Garoa/Chuvisco;Simples;Não Informado;Não;1;0;1;0;0;0;1;1;-18,40405;-41,81894;SR-MG;DEL4/11;UOP01/MG
264786;24/01/2020;sexta-feira;10:50:00;MG;365;653;MONTE ALEGRE DE MINAS;Falta de Atenção à Condução;Saída de leito carroçável;Com Vítimas Feridas;Pleno dia;Decrescente;Chuva;Dupla;Reta;Não;1;0;1;0;0;0;1;1;-18,86444;-48,58686;SR-MG;DEL4/15;UOP01/MG
264787;24/01/2020;sexta-feira;11:00:00;PE;101;54,5;PAULISTA;Desobediência às normas de trânsito pelo condutor;Colisão lateral;Com Vítimas Feridas;Pleno dia;Crescente;Sol;Dupla;Reta;Sim;4;0;1;1;2;0;2;3;-7,97597;-34,94213;SR-PE;DEL11/1;UOP02/PE
264788;24/01/2020;sexta-feira;11:00:00;PR;369;141;IBIPORA;Falta de Atenção à Condução;Colisão traseira;Com Vítimas Feridas;Pleno dia;Crescente;Céu Claro;Dupla;Rotatória;Sim;2;0;1;0;1;0;1;2;-23,28551;-51,07444;SR-PR;DEL7/7;UOP01/PR
264790;24/01/2020;sexta-feira;04:30:00;RO;364;942;PORTO VELHO;Falta de Atenção à Condução;Atropelamento de Pedestre;Com Vítimas Fatais;Amanhecer;Crescente;Céu Claro;Simples;Reta;Sim;8;1;1;2;1;3;3;2;-9,671041;-65,44796;SR-RO;DEL01;UOP04/RO
264791;10/01/2020;sexta-feira;07:35:00;ES;262;47,1;MARECHAL FLORIANO;Falta de Atenção à Condução;Colisão transversal;Com Vítimas Feridas;Pleno dia;Crescente;Sol;Simples;Curva;Sim;2;0;0;2;0;0;2;2;-20,4113;-40,67927;SR-ES;DEL12/1;UOP01/ES
264792;24/01/2020;sexta-feira;11:40:00;PR;277;7;PARANAGUA;Falta de Atenção à Condução;Colisão transversal;Com Vítimas Feridas;Pleno dia;Crescente;Céu Claro;Dupla;Reta;Não;2;0;0;1;1;0;1;2;-25,56041;-48,58223;SR-PR;DEL7/1;UOP07/PR
264793;24/01/2020;sexta-feira;11:30:00;PR;369;123,9;JATAIZINHO;Desobediência às normas de trânsito pelo condutor;Colisão traseira;Com Vítimas Feridas;Pleno dia;Decrescente;Sol;Simples;Não Informado;Não;3;0;2;0;1;0;2;2;-23,28483;-50,93669;SR-PR;DEL7/7;UOP06/PR
264794;24/01/2020;sexta-feira;10:30:00;BA;242;373;PALMEIRAS;Falta de Atenção à Condução;Capotamento;Com Vítimas Feridas;Pleno dia;Crescente;Nublado;Simples;Curva;Não;5;0;2;0;3;0;2;1;-12,44717;-41,48737;SR-BA;DEL10/6;UOP01/BA
264795;24/01/2020;sexta-feira;11:45:00;BA;101;215;MURITIBA;Desobediência às normas de trânsito pelo condutor;Colisão transversal;Com Vítimas Feridas;Pleno dia;Decrescente;Céu Claro;Simples;Reta;Sim;2;0;0;1;1;0;1;2;-12,65352;-39,12237;SR-BA;DEL10/1;UOP03/BA
264797;24/01/2020;sexta-feira;11:40:00;SC;101;197;BIGUACU;Falta de Atenção à Condução;Colisão frontal;Com Vítimas Feridas;Pleno dia;Crescente;Céu Claro;Simples;Reta;Sim;2;0;1;0;1;0;1;2;-27,51844;-48,63848;SR-SC;DEL8/1;UOP01/SC
264798;24/01/2020;sexta-feira;12:10:00;PR;277;31,5;MORRETES;Falta de Atenção à Condução;Colisão traseira;Com Vítimas Feridas;Pleno dia;Crescente;Céu Claro;Dupla;Reta;Não;2;0;1;0;1;0;1;2;-25,52875;-48,73513;SR-PR;DEL7/1;UOP07/PR
264799;03/01/2020;sexta-feira;03:20:00;SP;153;274,5;OCAUCU;Falta de Atenção à Condução;Tombamento;Com Vítimas Fatais;Plena Noite;Decrescente;Garoa/Chuvisco;Simples;Curva;Não;1;1;0;0;0;0;0;1;-22,3722;-49,87033;SR-SP;DEL6/07;UOP02/SP
264800;24/01/2020;sexta-feira;10:30:00;GO;20;197;POSSE;Pista Escorregadia;Saída de leito carroçável;Com Vítimas Feridas;Pleno dia;Decrescente;Chuva;Simples;Curva;Não;1;0;1;0;0;0;1;1;-14,33901;-46,43776;SR-DF;UOP02/DEL02/DF;
264802;24/01/2020;sexta-feira;12:25:00;RN;110;44,3;MOSSORO;Desobediência às normas de trânsito pelo condutor;Colisão lateral;Com Vítimas Feridas;Pleno dia;Crescente;Sol;Simples;Reta;Sim;2;0;0;1;1;0;1;2;-5,187178;-37,30391;SR-RN;DEL15/4;UOP01/RN
264803;24/01/2020;sexta-feira;12:00:00;MG;262;376;MATEUS LEME;Pista Escorregadia;Colisão com objeto estático;Com Vítimas Feridas;Pleno dia;Crescente;Chuva;Múltipla;Reta;Não;1;0;1;0;0;0;1;1;-19,9565;-44,34658;SR-MG;DEL4/1;UOP03/MG
264804;24/01/2020;sexta-feira;09:30:00;MG;40;591,8;ITABIRITO;Avarias e/ou desgaste excessivo no pneu;Colisão com objeto estático;Com Vítimas Feridas;Pleno dia;Decrescente;Chuva;Dupla;Reta;Não;2;0;1;0;1;0;1;1;-20,37467;-43,90772;SR-MG;DEL5;UOP02/MG
264805;24/01/2020;sexta-feira;12:15:00;MG;381;348;JOAO MONLEVADE;Velocidade Incompatível;Saída de leito carroçável;Com Vítimas Feridas;Pleno dia;Crescente;Chuva;Simples;Curva;Não;4;0;4;0;0;0;4;1;-19,85244;-43,14084;SR-MG;DEL4/3;UOP01/MG
264806;24/01/2020;sexta-feira;12:30:00;PR;376;4;SAO JOSE DOS PINHAIS;Falta de Atenção do Pedestre;Atropelamento de Pedestre;Com Vítimas Feridas;Pleno dia;Crescente;Sol;Dupla;Reta;Sim;2;0;1;0;1;0;1;1;-25,5307;-49,1958;SR-PR;DEL7/1;UOP01/PR
264807;24/01/2020;sexta-feira;11:45:00;RJ;40;93;DUQUE DE CAXIAS;Pista Escorregadia;Saída de leito carroçável;Com Vítimas Feridas;Pleno dia;Crescente;Chuva;Simples;Curva;Não;2;0;1;0;1;0;1;1;-22,55543;-43,2583;SR-RJ;DEL5/1;UOP01/RJ
264808;24/01/2020;sexta-feira;11:30:00;PB;230;282,5;SANTA LUZIA;Não guardar distância de segurança;Engavetamento;Sem Vítimas;Pleno dia;Decrescente;Céu Claro;Simples;Não Informado;Não;3;0;0;0;3;0;0;3;-6,9203;-36,8532;SR-PB;DEL14/3;UOP01/PB
264809;24/01/2020;sexta-feira;13:02:00;MG;381;705,5;LAVRAS;Velocidade Incompatível;Saída de leito carroçável;Com Vítimas Feridas;Pleno dia;Crescente;Chuva;Dupla;Curva;Não;2;0;1;0;1;0;1;2;-21,34965;-45,17946;SR-MG;DEL4/4;UOP02/MG
264810;24/01/2020;sexta-feira;13:20:00;RS;468;129,1;TIRADENTES DO SUL;Desobediência às normas de trânsito pelo condutor;Colisão transversal;Com Vítimas Feridas;Pleno dia;Decrescente;Céu Claro;Simples;Reta;Sim;3;0;2;0;1;0;2;2;-27,38816;-54,09335;SR-RS;DEL08;UOP02/RS
264811;12/01/2020;domingo;20:30:00;BA;110;258;OLINDINA;Ingestão de Álcool;Colisão lateral;Com Vítimas Feridas;Plena Noite;Decrescente;Ignorado;Simples;Reta;Não;5;0;4;0;1;0;4;2;-11,54107;-38,29322;SR-BA;DEL10/1;UOP04/BA
264812;24/01/2020;sexta-feira;13:05:00;RJ;101;314,2;SAO GONCALO;Desobediência às normas de trânsito pelo condutor;Colisão lateral;Com Vítimas Feridas;Pleno dia;Decrescente;Nublado;Dupla;Reta;Sim;2;0;1;0;1;0;1;2;-22,8184;-43,07953;SR-RJ;DEL5/2;UOP01/RJ
264815;24/01/2020;sexta-feira;14:10:00;GO;60;95;ANAPOLIS;Defeito Mecânico no Veículo;Tombamento;Com Vítimas Feridas;Pleno dia;Decrescente;Céu Claro;Dupla;Reta;Sim;1;0;1;0;0;0;1;1;-16,3679;-48,939;SR-GO;DEL1/2;UOP01/GO
264816;12/01/2020;domingo;21:10:00;RS;448;13,4;CANOAS;Ingestão de Álcool;Colisão traseira;Com Vítimas Feridas;Plena Noite;Crescente;Céu Claro;Simples;Reta;Sim;3;0;1;0;2;0;1;2;-29,92362;-51,22976;SR-RS;DEL9/1;UOP01/RS
264817;24/01/2020;sexta-feira;13:30:00;RS;480;71;ERECHIM;Desobediência às normas de trânsito pelo condutor;Colisão frontal;Com Vítimas Feridas;Pleno dia;Crescente;Céu Claro;Simples;Interseção de vias;Sim;2;0;1;0;1;0;1;2;-27,63463;-52,31419;SR-RS;DEL08;UOP04/RS
264818;24/01/2020;sexta-feira;14:15:00;PE;407;125;PETROLINA;Velocidade Incompatível;Queda de ocupante de veículo;Com Vítimas Feridas;Pleno dia;Decrescente;Nublado;Dupla;Reta;Sim;2;0;2;0;0;0;2;1;-9,380838;-40,53231;SR-PE;DEL11/6;UOP01/PE
264819;24/01/2020;sexta-feira;14:20:00;AL;316;240,7;ATALAIA;Falta de Atenção à Condução;Colisão frontal;Com Vítimas Feridas;Pleno dia;Crescente;Nublado;Simples;Reta;Sim;2;0;2;0;0;0;2;2;-9,506847;-36,03205;SR-AL;DEL13/1;UOP01/AL
264821;24/01/2020;sexta-feira;14:20:00;PR;277;34;MORRETES;Falta de Atenção à Condução;Colisão lateral;Com Vítimas Feridas;Pleno dia;Decrescente;Nublado;Dupla;Não Informado;Não;6;0;3;1;1;1;4;2;-25,54737;-48,79056;SR-PR;DEL7/1;UOP07/PR
264822;24/01/2020;sexta-feira;13:00:00;MT;364;202,8;RONDONOPOLIS;Falta de Atenção à Condução;Colisão traseira;Com Vítimas Feridas;Pleno dia;Decrescente;Céu Claro;Dupla;Reta;Sim;2;0;1;0;1;0;1;2;-16,48347;-54,6497;SR-MT;DEL2/2;UOP01/MT
264823;17/01/2020;sexta-feira;03:00:00;GO;153;506;APARECIDA DE GOIANIA;Falta de Atenção à Condução;Colisão com objeto estático;Com Vítimas Feridas;Plena Noite;Crescente;Céu Claro;Dupla;Reta;Sim;1;0;0;1;0;0;1;1;-16,7633;-49,24;SR-GO;DEL1/1;UOP01/GO
264824;24/01/2020;sexta-feira;14:45:00;SP;116;113;TAUBATE;Não guardar distância de segurança;Queda de ocupante de veículo;Com Vítimas Feridas;Pleno dia;Decrescente;Nublado;Dupla;Reta;Sim;2;0;1;0;0;1;1;1;-23,04408;-45,58041;SR-SP;DEL6;UOP01/SP
264825;24/01/2020;sexta-feira;14:30:00;MG;40;723,7;BARBACENA;Defeito na Via;Colisão lateral;Com Vítimas Feridas;Pleno dia;Crescente;Chuva;Dupla;Não Informado;Não;2;0;1;0;1;0;1;2;-21,29864;-43,62857;SR-MG;DEL5;UOP01/MG
264827;24/01/2020;sexta-feira;13:50:00;SC;116;221,7;CORREIA PINTO;Desobediência às normas de trânsito pelo condutor;Colisão transversal;Com Vítimas Feridas;Pleno dia;Decrescente;Sol;Simples;Reta;Sim;2;0;1;0;1;0;1;2;-27,59109;-50,36183;SR-SC;DEL8/5;UOP03/SC
264828;24/01/2020;sexta-feira;13:40:00;MG;381;159,5;GOVERNADOR VALADARES;Velocidade Incompatível;Capotamento;Com Vítimas Feridas;Pleno dia;Decrescente;Chuva;Simples;Não Informado;Não;3;0;3;0;0;0;3;1;-18,92456;-42,01933;SR-MG;DEL4/6;UOP01/MG
264829;24/01/2020;sexta-feira;13:45:00;SC;101;43;JOINVILLE;Defeito Mecânico no Veículo;Colisão com objeto em movimento;Com Vítimas Feridas;Pleno dia;Crescente;Céu Claro;Dupla;Reta;Sim;5;0;1;0;3;1;1;2;-26,30357;-48,88226;SR-SC;DEL8/3;UOP01/SC
264830;24/01/2020;sexta-feira;14:00:00;RJ;101;468;ANGRA DOS REIS;Animais na Pista;Atropelamento de Animal;Com Vítimas Feridas;Pleno dia;Crescente;Chuva;Simples;Reta;Não;1;0;1;0;0;0;1;1;-23,00722;-44,22359;SR-RJ;DEL5/3;UOP02/RJ
264831;24/01/2020;sexta-feira;14:45:00;GO;60;185,1;GUAPO;Pista Escorregadia;Saída de leito carroçável;Com Vítimas Feridas;Pleno dia;Decrescente;Chuva;Dupla;Reta;Não;2;0;2;0;0;0;2;1;-16,7956;-49,51;SR-GO;DEL1/1;UOP02/GO
264832;24/01/2020;sexta-feira;14:20:00;CE;222;3,1;FORTALEZA;Falta de Atenção à Condução;Colisão traseira;Com Vítimas Feridas;Pleno dia;Crescente;Céu Claro;Múltipla;Reta;Sim;2;0;1;0;1;0;1;2;-3,740377;-38,59569;SR-CE;DEL16/1;UOP01/CE
264835;24/01/2020;sexta-feira;15:15:00;GO;80;7,2;PADRE BERNARDO;Condutor Dormindo;Saída de leito carroçável;Com Vítimas Feridas;Pleno dia;Decrescente;Nublado;Simples;Não Informado;Não;3;0;2;1;0;0;3;1;-15,47204;-48,23006;SR-DF;UOP06/DF;
264836;24/01/2020;sexta-feira;11:00:00;MS;163;257;DOURADOS;Falta de Atenção à Condução;Colisão traseira;Com Vítimas Feridas;Pleno dia;Crescente;Sol;Múltipla;Interseção de vias;Sim;3;0;2;0;1;0;2;2;-22,25836;-54,78166;SR-MS;DEL3/4;UOP01/MS
264838;24/01/2020;sexta-feira;09:50:00;SC;101;305,5;LAGUNA;Falta de Atenção à Condução;Capotamento;Com Vítimas Feridas;Pleno dia;Decrescente;Nublado;Dupla;Reta;Não;7;0;4;2;1;0;6;2;-28,37675;-48,764;SR-SC;DEL8/2;UOP03/SC
264839;24/01/2020;sexta-feira;15:10:00;RS;470;216,6;BENTO GONCALVES;Desobediência às normas de trânsito pelo condutor;Colisão transversal;Com Vítimas Feridas;Pleno dia;Decrescente;Céu Claro;Dupla;Reta;Sim;4;0;2;0;2;0;2;2;-29,15887;-51,53142;SR-RS;DEL9/6;UOP01/RS
264840;24/01/2020;sexta-feira;14:25:00;SC;101;334;TUBARAO;Não guardar distância de segurança;Engavetamento;Com Vítimas Feridas;Pleno dia;Crescente;Sol;Múltipla;Reta;Sim;3;0;1;0;2;0;1;3;-28,47218;-49,02282;SR-SC;DEL8/2;UOP01/SC
264841;24/01/2020;sexta-feira;15:50:00;PR;376;175,4;MARINGA;Falta de Atenção à Condução;Colisão traseira;Com Vítimas Feridas;Pleno dia;Crescente;Céu Claro;Dupla;Reta;Sim;3;0;1;1;1;0;2;2;-23,41136;-51,94078;SR-PR;DEL7/7;UOP04/PR
264842;13/01/2020;segunda-feira;07:35:00;PR;476;146,6;CURITIBA;Não guardar distância de segurança;Engavetamento;Sem Vítimas;Pleno dia;Decrescente;Nublado;Dupla;Reta;Sim;7;0;0;0;7;0;0;7;-25,55346;-49,33628;SR-PR;DEL7/1;UOP04/PR
264843;24/01/2020;sexta-feira;15:00:00;MT;163;758;SORRISO;Falta de Atenção à Condução;Colisão transversal;Com Vítimas Feridas;Pleno dia;Decrescente;Garoa/Chuvisco;Dupla;Interseção de vias;Não;3;0;2;0;1;0;2;2;-12,61121;-55,75814;SR-MT;DEL2/6;UOP01/MT
264845;24/01/2020;sexta-feira;14:50:00;CE;20;426;FORTALEZA;Desobediência às normas de trânsito pelo condutor;Colisão transversal;Com Vítimas Feridas;Pleno dia;Decrescente;Sol;Dupla;Reta;Sim;4;0;2;0;2;0;2;2;-3,864255;-38,52528;SR-CE;DEL16/1;UOP02/CE
264847;24/01/2020;sexta-feira;07:00:00;MA;222;627;ACAILANDIA;Avarias e/ou desgaste excessivo no pneu;Capotamento;Com Vítimas Feridas;Pleno dia;Decrescente;Céu Claro;Simples;Curva;Não;3;0;1;2;0;0;3;1;-4,775397;-47,08599;SR-MA;DEL18/4;UOP03/MA
264848;24/01/2020;sexta-feira;16:30:00;GO;60;200;GUAPO;Falta de Atenção à Condução;Capotamento;Com Vítimas Feridas;Pleno dia;Crescente;Céu Claro;Dupla;Reta;Não;1;0;1;0;0;0;1;1;-16,8736;-49,6126;SR-GO;DEL1/1;UOP02/GO
264849;24/01/2020;sexta-feira;16:00:00;MG;381;635,8;SANTO ANTONIO DO AMPARO;Velocidade Incompatível;Colisão lateral;Com Vítimas Feridas;Pleno dia;Crescente;Chuva;Dupla;Curva;Não;3;0;1;0;2;0;1;2;-20,88279;-44,85183;SR-MG;DEL4/4;UOP01/MG
264850;24/01/2020;sexta-feira;16:20:00;GO;40;7;VALPARAISO DE GOIAS;Falta de Atenção à Condução;Colisão lateral;Com Vítimas Feridas;Pleno dia;Crescente;Céu Claro;Dupla;Não Informado;Sim;2;0;0;1;1;0;1;2;-16,10848;-47,97252;SR-DF;UOP01/DF;
264851;24/01/2020;sexta-feira;16:35:00;PR;376;5,2;APUCARANA;Falta de Atenção à Condução;Atropelamento de Pedestre;Com Vítimas Feridas;Pleno dia;Decrescente;Sol;Dupla;Reta;Sim;2;0;1;0;1;0;1;1;-23,54657;-51,45211;SR-PR;DEL7/7;UOP03/PR
264852;24/01/2020;sexta-feira;13:00:00;MS;60;23,6;CHAPADAO DO SUL;Pista Escorregadia;Saída de leito carroçável;Com Vítimas Feridas;Pleno dia;Crescente;Chuva;Simples;Curva;Não;4;0;0;1;3;0;1;1;-18,87705;-52,71309;SR-MS;DEL3/8;UOP01/MS
264853;24/01/2020;sexta-feira;16:40:00;MG;262;431,6;NOVA SERRANA;Velocidade Incompatível;Tombamento;Com Vítimas Fatais;Pleno dia;Crescente;Nublado;Dupla;Não Informado;Não;3;1;2;0;0;0;2;1;-19,89269;-44,87909;SR-MG;DEL4/8;UOP03/MG
264854;24/01/2020;sexta-feira;06:55:00;SP;116;565;BARRA DO TURVO;Objeto estático sobre o leito carroçável;Saída de leito carroçável;Sem Vítimas;Pleno dia;Crescente;Céu Claro;Simples;Curva;Não;2;0;0;0;1;1;0;2;-25,03587;-48,54404;SR-SP;DEL6/5;UOP03/SP
264855;24/01/2020;sexta-feira;17:30:00;SC;470;45;GASPAR;Ultrapassagem Indevida;Colisão transversal;Com Vítimas Feridas;Pleno dia;Decrescente;Céu Claro;Simples;Não Informado;Não;2;0;1;0;1;0;1;2;-26,86706;-49,03111;SR-SC;DEL8/4;UOP01/SC
264856;24/01/2020;sexta-feira;16:20:00;MG;116;415;GOVERNADOR VALADARES;Animais na Pista;Atropelamento de Animal;Com Vítimas Feridas;Pleno dia;Decrescente;Nublado;Simples;Reta;Sim;3;0;1;0;1;1;1;1;-18,88401;-41,94924;SR-MG;DEL4/6;UOP01/MG
264857;24/01/2020;sexta-feira;15:40:00;MG;459;26,6;CALDAS;Velocidade Incompatível;Tombamento;Com Vítimas Feridas;Pleno dia;Crescente;Céu Claro;Simples;Rotatória;Não;1;0;1;0;0;0;1;1;-21,8924;-46,38743;SR-MG;DEL09;UOP04/MG
264858;24/01/2020;sexta-feira;14:00:00;PR;153;1;JACAREZINHO;Falta de Atenção à Condução;Tombamento;Com Vítimas Feridas;Pleno dia;Decrescente;Céu Claro;Simples;Curva;Sim;1;0;0;1;0;0;1;1;-23,0029;-49,90833;SR-PR;DEL7/7;UOP07/PR
264860;24/01/2020;sexta-feira;15:20:00;SC;470;266,6;CURITIBANOS;Defeito Mecânico no Veículo;Incêndio;Sem Vítimas;Pleno dia;Crescente;Nublado;Dupla;Curva;Não;1;0;0;0;1;0;0;1;-27,31154;-50,72959;SR-SC;DEL8/5;UOP03/SC
264862;24/01/2020;sexta-feira;17:35:00;CE;304;53;ARACATI;Restrição de Visibilidade;Colisão transversal;Com Vítimas Feridas;Anoitecer;Crescente;Céu Claro;Simples;Reta;Não;3;0;2;0;1;0;2;2;-4,574024;-37,73636;SR-CE;DEL16/3;UOP03/CE
264863;24/01/2020;sexta-feira;17:30:00;MG;40;768,4;JUIZ DE FORA;Pista Escorregadia;Colisão frontal;Com Vítimas Fatais;Pleno dia;Crescente;Chuva;Simples;Curva;Não;8;2;0;6;0;0;6;2;-21,5824;-43,46596;SR-MG;DEL5;UOP01/MG
264865;24/01/2020;sexta-feira;17:00:00;ES;101;144,7;LINHARES;Animais na Pista;Colisão lateral;Com Vítimas Feridas;Pleno dia;Decrescente;Chuva;Dupla;Reta;Não;1;0;1;0;0;0;1;1;-19,35188;-40,06367;SR-ES;DEL12/4;UOP01/ES
264866;24/01/2020;sexta-feira;17:33:00;MT;70;289;PRIMAVERA DO LESTE;Desobediência às normas de trânsito pelo condutor;Colisão transversal;Sem Vítimas;Anoitecer;Decrescente;Céu Claro;Simples;Interseção de vias;Não;4;0;0;0;4;0;0;2;-15,57724;-54,37705;SR-MT;DEL2/5;UOP01/MT
264867;24/01/2020;sexta-feira;18:00:00;RS;287;292,3;SAO PEDRO DO SUL;Falta de Atenção à Condução;Saída de leito carroçável;Com Vítimas Feridas;Pleno dia;Decrescente;Céu Claro;Simples;Não Informado;Não;2;0;0;2;0;0;2;1;-29,63674;-54,29649;SR-RS;DEL9/9;UOP01/RS
264868;24/01/2020;sexta-feira;15:30:00;MA;135;7,8;SAO LUIS;Defeito Mecânico no Veículo;Colisão traseira;Com Vítimas Feridas;Pleno dia;Decrescente;Céu Claro;Dupla;Reta;Sim;2;0;0;1;1;0;1;2;-2,636088;-44,26849;SR-MA;DEL18/1;UOP01/MA
264869;24/01/2020;sexta-feira;18:30:00;SP;116;230;SAO PAULO;Falta de Atenção à Condução;Colisão lateral;Com Vítimas Feridas;Anoitecer;Decrescente;Nublado;Múltipla;Reta;Sim;2;0;1;0;1;0;1;2;-23,51512;-46,57831;SR-SP;DEL6/1;UOP01/SP
264870;24/01/2020;sexta-feira;19:10:00;DF;60;25,1;BRASILIA;Pista Escorregadia;Saída de leito carroçável;Com Vítimas Feridas;Plena Noite;Decrescente;Garoa/Chuvisco;Dupla;Não Informado;Não;1;0;1;0;0;0;1;1;-15,99638;-48,24003;SR-DF;UOP03/DF;
264871;24/01/2020;sexta-feira;18:45:00;PB;230;105,9;INGA;Defeito na Via;Tombamento;Com Vítimas Fatais;Plena Noite;Crescente;Céu Claro;Dupla;Curva;Não;4;1;0;1;2;0;1;2;-7,2083;-35,5318;SR-PB;DEL14/1;UOP02/PB
264872;24/01/2020;sexta-feira;16:30:00;BA;101;329;PRESIDENTE TANCREDO NEVES;Falta de Atenção à Condução;Colisão traseira;Com Vítimas Feridas;Pleno dia;Crescente;Nublado;Simples;Reta;Sim;2;0;0;1;1;0;1;2;-13,4716;-39,41826;SR-BA;DEL10/5;UOP03/BA
264873;24/01/2020;sexta-feira;19:35:00;SP;116;221,5;GUARULHOS;Não guardar distância de segurança;Colisão lateral;Com Vítimas Feridas;Plena Noite;Decrescente;Nublado;Múltipla;Reta;Sim;4;0;1;0;3;0;1;2;-23,46802;-46,50705;SR-SP;DEL6/1;UOP01/SP
264874;24/01/2020;sexta-feira;18:18:00;MG;153;130;PRATA;Velocidade Incompatível;Colisão lateral;Com Vítimas Feridas;Pleno dia;Crescente;Nublado;Simples;Reta;Não;3;0;1;0;1;1;1;2;-19,48467;-48,86193;SR-MG;DEL4/15;UOP03/MG
264875;24/01/2020;sexta-feira;17:30:00;MA;135;22;SAO LUIS;Falta de Atenção à Condução;Colisão lateral;Sem Vítimas;Anoitecer;Crescente;Céu Claro;Dupla;Reta;Sim;2;0;0;0;2;0;0;2;-2,745967;-44,34234;SR-MA;DEL18/1;UOP01/MA
264877;24/01/2020;sexta-feira;19:45:00;PR;116;126;FAZENDA RIO GRANDE;Desobediência às normas de trânsito pelo condutor;Colisão transversal;Sem Vítimas;Plena Noite;Crescente;Nublado;Dupla;Interseção de vias;Sim;4;0;0;0;4;0;0;2;-25,6039;-49,31824;SR-PR;DEL7/1;UOP03/PR
264878;24/01/2020;sexta-feira;20:10:00;GO;60;101;ANAPOLIS;Falta de Atenção à Condução;Colisão lateral;Com Vítimas Feridas;Plena Noite;Crescente;Céu Claro;Dupla;Reta;Sim;2;0;1;0;1;0;1;2;-16,4022;-48,9745;SR-GO;DEL1/2;UOP01/GO
264880;24/01/2020;sexta-feira;18:20:00;RJ;40;78;PETROPOLIS;Pista Escorregadia;Saída de leito carroçável;Com Vítimas Feridas;Anoitecer;Crescente;Chuva;Dupla;Curva;Não;1;0;1;0;0;0;1;1;-22,48501;-43,22745;SR-RJ;DEL5/6;UOP03/RJ
264882;24/01/2020;sexta-feira;20:20:00;PR;476;213,7;LAPA;Falta de Atenção à Condução;Colisão frontal;Com Vítimas Fatais;Plena Noite;Crescente;Nublado;Simples;Curva;Não;2;1;0;0;1;0;0;2;-25,77931;-49,87555;SR-PR;DEL7/2;UOP03/PR
264883;24/01/2020;sexta-feira;19:50:00;RJ;101;86;CAMPOS DOS GOYTACAZES;Pista Escorregadia;Saída de leito carroçável;Com Vítimas Feridas;Plena Noite;Decrescente;Chuva;Dupla;Não Informado;Não;3;0;1;0;2;0;1;1;-21,82667;-41,48737;SR-RJ;DEL5/8;UOP02/RJ
264884;24/01/2020;sexta-feira;20:00:00;SP;116;230;SAO PAULO;Falta de Atenção à Condução;Colisão traseira;Com Vítimas Feridas;Plena Noite;Decrescente;Garoa/Chuvisco;Múltipla;Reta;Sim;2;0;1;0;1;0;1;2;-23,51789;-46,58101;SR-SP;DEL6/1;UOP01/SP