id;data_inversa;dia_semana;horario;uf;br;km;municipio;causa_acidente;tipo_acidente;classificacao_acidente;fase_dia;sentido_via;condicao_metereologica;tipo_pista;tracado_via;uso_solo;pessoas;mortos;feridos_leves;feridos_graves;ilesos;ignorados;feridos;veiculos;latitude;longitude;regional;delegacia;uop
264885;24/01/2020;sexta-feira;19:20:00;MG;381;343;BELA VISTA DE MINAS;Ingestão de Álcool;Colisão frontal;Sem Vítimas;Pleno dia;Crescente;Chuva;Simples;Não Informado;Não;3;0;0;0;2;1;0;2;-19,85664;-43,10917;SR-MG;DEL4/3;UOP01/MG
264887;24/01/2020;sexta-feira;19:15:00;MS;163;491,2;CAMPO GRANDE;Falta de Atenção do Pedestre;Atropelamento de Pedestre;Com Vítimas Feridas;Plena Noite;Crescente;Céu Claro;Dupla;Reta;Sim;3;0;1;0;2;0;1;1;-20,39062;-54,5529;SR-MS;DEL3/1;UOP02/MS
264888;24/01/2020;sexta-feira;20:00:00;SC;101;209;SAO JOSE;Não guardar distância de segurança;Colisão lateral;Com Vítimas Feridas;Plena Noite;Decrescente;Nublado;Dupla;Reta;Sim;5;0;1;0;4;0;1;2;-27,61001;-48,63895;SR-SC;DEL8/1;UOP01/SC
264889;24/01/2020;sexta-feira;20:00:00;RS;285;342;CARAZINHO;Ingestão de Álcool;Colisão lateral;Com Vítimas Feridas;Anoitecer;Crescente;Céu Claro;Simples;Reta;Não;3;0;1;1;1;0;2;2;-28,31854;-52,81699;SR-RS;DEL08;UOP03/RS
264890;24/01/2020;sexta-feira;21:00:00;RN;101;112;SAO JOSE DE MIPIBU;Animais na Pista;Atropelamento de Animal;Com Vítimas Feridas;Plena Noite;Crescente;Garoa/Chuvisco;Dupla;Desvio Temporário;Não;2;0;2;0;0;0;2;1;-5,96429;-35,26488;SR-RN;DEL15/1;UOP01/RN
264891;24/01/2020;sexta-feira;21:15:00;SC;470;41,6;GASPAR;Desobediência às normas de trânsito pelo condutor;Colisão lateral;Com Vítimas Feridas;Plena Noite;Decrescente;Nublado;Simples;Curva;Sim;3;0;1;1;1;0;2;2;-26,88234;-48,99697;SR-SC;DEL8/4;UOP01/SC
264892;24/01/2020;sexta-feira;19:37:00;RJ;493;69;NOVA IGUACU;Desobediência às normas de trânsito pelo condutor;Colisão transversal;Com Vítimas Feridas;Plena Noite;Crescente;Céu Claro;Dupla;Curva;Não;7;0;0;1;5;1;1;2;-22,66122;-43,35514;SR-RJ;DEL5/1;UOP03/RJ
264893;24/01/2020;sexta-feira;20:20:00;MG;146;559,5;CABO VERDE;Falta de Atenção à Condução;Colisão lateral;Com Vítimas Feridas;Plena Noite;Crescente;Nublado;Simples;Reta;Não;2;0;1;0;1;0;1;2;-21,466;-46,40398;SR-MG;DEL09;UOP04/MG
264894;24/01/2020;sexta-feira;20:30:00;SP;116;51;LORENA;Desobediência às normas de trânsito pelo pedestre;Atropelamento de Pedestre;Com Vítimas Fatais;Plena Noite;Crescente;Céu Claro;Dupla;Reta;Não;2;1;0;0;1;0;0;1;-22,74158;-45,09206;SR-SP;DEL6/8;UOP02/SP
264895;24/01/2020;sexta-feira;18:00:00;GO;158;267,5;JATAI;Falta de Atenção à Condução;Colisão traseira;Com Vítimas Feridas;Pleno dia;Crescente;Céu Claro;Dupla;Reta;Sim;2;0;1;0;1;0;1;2;-17,84376;-51,74495;SR-GO;DEL1/5;UOP01/GO
264896;24/01/2020;sexta-feira;21:45:00;GO;40;4,9;VALPARAISO DE GOIAS;Falta de Atenção à Condução;Colisão lateral;Com Vítimas Feridas;Plena Noite;Decrescente;Ignorado;Dupla;Retorno Regulamentado;Sim;2;0;1;0;1;0;1;2;-16,09313;-47,98224;SR-DF;UOP01/DF;
264897;24/01/2020;sexta-feira;21:30:00;SC;280;58;GUARAMIRIM;Falta de Atenção à Condução;Colisão transversal;Sem Vítimas;Plena Noite;Crescente;Nublado;Simples;Reta;Sim;2;0;0;0;2;0;0;2;-26,47429;-49,02367;SR-SC;DEL8/3;UOP03/SC
264898;24/01/2020;sexta-feira;21:20:00;GO;153;504;APARECIDA DE GOIANIA;Defeito na Via;Queda de ocupante de veículo;Com Vítimas Feridas;Plena Noite;Crescente;Nublado;Dupla;Reta;Sim;2;0;2;0;0;0;2;1;-16,7451;-49,2408;SR-GO;DEL1/1;UOP01/GO
264899;24/01/2020;sexta-feira;19:00:00;CE;20;409;CAUCAIA;Defeito na Via;Tombamento;Sem Vítimas;Plena Noite;Decrescente;Céu Claro;Múltipla;Reta;Não;3;0;0;0;3;0;0;1;-3,76999;-38,67006;SR-CE;DEL16/1;UOP01/CE
264900;24/01/2020;sexta-feira;20:30:00;AP;210;104;PORTO GRANDE;Falta de Atenção à Condução;Colisão traseira;Com Vítimas Feridas;Plena Noite;Decrescente;Céu Claro;Simples;Reta;Sim;3;0;1;1;1;0;2;2;0,6985633;-51,39692;SR-AP;UOP01/AP;
264901;24/01/2020;sexta-feira;22:10:00;SC;470;56;BLUMENAU;Falta de Atenção à Condução;Colisão transversal;Com Vítimas Feridas;Plena Noite;Crescente;Ignorado;Simples;Não Informado;Sim;2;0;0;1;1;0;1;2;-26,87674;-49,12774;SR-SC;DEL8/4;UOP01/SC
264902;24/01/2020;sexta-feira;21:20:00;RS;386;350,7;ESTRELA;Não guardar distância de segurança;Saída de leito carroçável;Com Vítimas Feridas;Plena Noite;Decrescente;Céu Claro;Dupla;Não Informado;Sim;2;0;2;0;0;0;2;1;-29,4816;-51,95435;SR-RS;DEL9/4;UOP02/RS
264903;24/01/2020;sexta-feira;22:30:00;RJ;101;511;ANGRA DOS REIS;Desobediência às normas de trânsito pelo pedestre;Atropelamento de Pedestre;Com Vítimas Feridas;Plena Noite;Decrescente;Nevoeiro/Neblina;Simples;Reta;Sim;4;0;1;0;2;1;1;1;-22,96091;-44,4383;SR-RJ;DEL5/3;UOP03/RJ
264904;24/01/2020;sexta-feira;22:45:00;SP;116;123;CACAPAVA;Defeito Mecânico no Veículo;Incêndio;Sem Vítimas;Plena Noite;Crescente;Céu Claro;Dupla;Reta;Não;1;0;0;0;1;0;0;1;-23,08754;-45,6697;SR-SP;DEL6;UOP01/SP
264905;24/01/2020;sexta-feira;21:50:00;MT;163;592;NOVA MUTUM;Defeito na Via;Tombamento;Com Vítimas Feridas;Plena Noite;Crescente;Céu Claro;Simples;Reta;Não;2;0;0;1;1;0;1;1;-13,9788;-56,09915;SR-MT;DEL2/4;UOP01/MT
264906;24/01/2020;sexta-feira;22:10:00;SC;280;124;RIO NEGRINHO;Falta de Atenção à Condução;Colisão traseira;Com Vítimas Feridas;Plena Noite;Decrescente;Céu Claro;Simples;Reta;Não;2;0;1;0;1;0;1;2;-26,23735;-49,48625;SR-SC;DEL8/6;UOP03/SC
264907;24/01/2020;sexta-feira;22:00:00;MG;50;172;UBERABA;Falta de Atenção à Condução;Colisão lateral;Com Vítimas Feridas;Plena Noite;Decrescente;Nublado;Dupla;Reta;Sim;1;0;1;0;0;0;1;1;-19,75403;-47,98052;SR-MG;DEL13;UOP01/MG
264908;24/01/2020;sexta-feira;23:00:00;SP;116;394,9;MIRACATU;Falta de Atenção do Pedestre;Atropelamento de Pedestre;Com Vítimas Fatais;Plena Noite;Decrescente;Chuva;Dupla;Reta;Não;2;1;0;0;1;0;0;1;-24,28717;-47,45144;SR-SP;DEL6/4;UOP03/SP
264909;24/01/2020;sexta-feira;20:20:00;MT;174;257;VALE DE SAO DOMINGOS;Falta de Atenção à Condução;Colisão traseira;Com Vítimas Feridas;Plena Noite;Decrescente;Céu Claro;Simples;Reta;Não;2;0;1;0;1;0;1;2;-15,44938;-59,10164;SR-MT;DEL2/7;UOP01/MT
264910;25/01/2020;sábado;00:00:00;RS;470;213;BENTO GONCALVES;Desobediência às normas de trânsito pelo condutor;Colisão transversal;Com Vítimas Feridas;Plena Noite;Crescente;Céu Claro;Múltipla;Reta;Sim;5;0;1;2;2;0;3;2;-29,1387;-51,54271;SR-RS;DEL9/6;UOP01/RS
264912;24/01/2020;sexta-feira;20:00:00;MG;116;610,2;SAO JOAO DO MANHUACU;Desobediência às normas de trânsito pelo condutor;Colisão frontal;Com Vítimas Feridas;Plena Noite;Crescente;Chuva;Simples;Reta;Sim;4;0;2;1;1;0;3;2;-20,41401;-42,15263;SR-MG;DEL4/7;UOP03/MG
264913;25/01/2020;sábado;00:55:00;PE;232;111,2;BEZERROS;Falta de Atenção à Condução;Saída de leito carroçável;Com Vítimas Feridas;Plena Noite;Decrescente;Céu Claro;Dupla;Reta;Não;1;0;1;0;0;0;1;1;-8,292297;-35,8242;SR-PE;DEL11/2;UOP02/PE
264915;24/01/2020;sexta-feira;20:00:00;GO;452;172,2;ITUMBIARA;Falta de Atenção à Condução;Colisão frontal;Com Vítimas Fatais;Plena Noite;Crescente;Chuva;Simples;Não Informado;Não;2;1;0;0;1;0;0;2;-18,34455;-49,41176;SR-GO;DEL1/3;UOP02/GO
264916;24/01/2020;sexta-feira;23:00:00;BA;116;645;JAGUAQUARA;Desobediência às normas de trânsito pelo pedestre;Atropelamento de Pedestre;Com Vítimas Fatais;Plena Noite;Crescente;Chuva;Simples;Reta;Não;2;1;0;0;1;0;0;1;-13,6167;-40,0917;SR-BA;DEL10/3;UOP01/BA
264917;25/01/2020;sábado;01:30:00;SE;101;111,2;ITAPORANGA DAJUDA;Falta de Atenção à Condução;Saída de leito carroçável;Com Vítimas Feridas;Plena Noite;Crescente;Céu Claro;Dupla;Desvio Temporário;Não;2;0;2;0;0;0;2;1;-10,9766;-37,28528;SR-SE;DEL20/2;UOP01/SE
264919;24/01/2020;sexta-feira;20:40:00;MS;262;77,7;TRES LAGOAS;Falta de Atenção à Condução;Colisão lateral;Com Vítimas Feridas;Plena Noite;Crescente;Céu Claro;Simples;Reta;Não;2;0;1;0;1;0;1;2;-20,65255;-52,29542;SR-MS;DEL3/7;UOP02/MS
264920;24/01/2020;sexta-feira;23:25:00;BA;101;878;IBIRAPUA;Falta de Atenção à Condução;Colisão transversal;Com Vítimas Fatais;Plena Noite;Decrescente;Céu Claro;Simples;Reta;Sim;2;1;0;0;1;0;0;2;-17,75175;-39,76518;SR-BA;DEL10/9;UOP03/BA
264921;24/01/2020;sexta-feira;23:00:00;BA;116;921,6;ENCRUZILHADA;Velocidade Incompatível;Colisão com objeto estático;Com Vítimas Feridas;Plena Noite;Decrescente;Nublado;Simples;Curva;Não;2;0;2;0;0;0;2;1;-15,51879;-41,24123;SR-BA;DEL10/8;UOP03/BA
264922;25/01/2020;sábado;02:00:00;PR;376;496,3;PONTA GROSSA;Animais na Pista;Atropelamento de Animal;Com Vítimas Fatais;Plena Noite;Decrescente;Céu Claro;Dupla;Não Informado;Sim;1;1;0;0;0;0;0;1;-25,14314;-50,15615;SR-PR;DEL7/3;UOP03/PR
264923;25/01/2020;sábado;01:20:00;ES;447;12,5;VILA VELHA;Falta de Atenção à Condução;Colisão transversal;Com Vítimas Feridas;Plena Noite;Crescente;Chuva;Dupla;Reta;Sim;2;0;0;1;1;0;1;2;-20,35784;-40,33283;SR-ES;DEL12/1;UOP01/ES
264924;25/01/2020;sábado;01:00:00;MA;222;674;ACAILANDIA;Falta de Atenção à Condução;Colisão transversal;Com Vítimas Feridas;Plena Noite;Crescente;Céu Claro;Simples;Não Informado;Sim;3;0;2;0;1;0;2;2;-4,934126;-47,45359;SR-MA;DEL18/4;UOP03/MA
264926;25/01/2020;sábado;02:00:00;RJ;101;265;RIO BONITO;Falta de Atenção à Condução;Colisão com objeto estático;Com Vítimas Feridas;Plena Noite;Decrescente;Garoa/Chuvisco;Dupla;Curva;Sim;2;0;2;0;0;0;2;1;-22,7136;-42,64391;SR-RJ;DEL5/2;UOP02/RJ
264927;25/01/2020;sábado;00:05:00;PR;469;16;FOZ DO IGUACU;Falta de Atenção à Condução;Queda de ocupante de veículo;Com Vítimas Feridas;Plena Noite;Decrescente;Céu Claro;Simples;Reta;Sim;1;0;1;0;0;0;1;1;-25,5844;-54,5245;SR-PR;DEL7/5;UOP04/PR
264928;25/01/2020;sábado;02:50:00;RJ;116;179;NOVA IGUACU;Desobediência às normas de trânsito pelo condutor;Colisão com objeto em movimento;Sem Vítimas;Plena Noite;Decrescente;Céu Claro;Dupla;Reta;Não;3;0;0;0;2;1;0;2;-22,7699;-43,40804;SR-RJ;DEL5/1;UOP02/RJ
264929;25/01/2020;sábado;01:40:00;SC;101;374,3;ICARA;Defeito Mecânico no Veículo;Incêndio;Sem Vítimas;Plena Noite;Decrescente;Céu Claro;Dupla;Reta;Não;3;0;0;0;3;0;0;1;-28,71534;-49,22723;SR-SC;DEL8/2;UOP01/SC
264930;25/01/2020;sábado;01:00:00;AC;364;136,9;RIO BRANCO;Defeito na Via;Colisão com objeto estático;Sem Vítimas;Plena Noite;Decrescente;Céu Claro;Dupla;Não Informado;Sim;1;0;0;0;1;0;0;1;-9,977578;-67,8489;SR-AC;UOP01/AC;
264931;25/01/2020;sábado;02:00:00;PR;116;0,3;CAMPINA GRANDE DO SUL;Pista Escorregadia;Colisão com objeto estático;Com Vítimas Feridas;Plena Noite;Crescente;Garoa/Chuvisco;Dupla;Curva;Não;1;0;1;0;0;0;1;1;-25,0604;-48,56297;SR-PR;DEL7/1;UOP02/PR
264932;25/01/2020;sábado;01:30:00;PR;376;615;SAO JOSE DOS PINHAIS;Defeito Mecânico no Veículo;Incêndio;Com Vítimas Feridas;Plena Noite;Crescente;Nublado;Dupla;Desvio Temporário;Não;1;0;0;1;0;0;1;1;-25,56924;-49,18373;SR-PR;DEL7/1;UOP04/PR
264933;25/01/2020;sábado;03:20:00;SC;101;215,5;PALHOCA;Ingestão de Álcool;Colisão com objeto estático;Sem Vítimas;Plena Noite;Crescente;Nublado;Dupla;Viaduto;Sim;1;0;0;0;1;0;0;1;-27,65185;-48,67605;SR-SC;DEL8/1;UOP02/SC
264934;25/01/2020;sábado;04:45:00;GO;60;119;TEREZOPOLIS DE GOIAS;Ingestão de Álcool;Colisão traseira;Sem Vítimas;Plena Noite;Decrescente;Chuva;Dupla;Reta;Sim;2;0;0;0;2;0;0;2;-16,4914;-49,0999;SR-GO;DEL1/1;UOP01/GO
264935;25/01/2020;sábado;05:00:00;SP;116;113;TAUBATE;Falta de Atenção à Condução;Saída de leito carroçável;Sem Vítimas;Amanhecer;Decrescente;Nublado;Dupla;Reta;Sim;1;0;0;0;1;0;0;1;-23,04408;-45,58041;SR-SP;DEL6;UOP01/SP
264936;25/01/2020;sábado;04:20:00;MG;50;171,8;UBERABA;Defeito na Via;Tombamento;Com Vítimas Feridas;Plena Noite;Crescente;Céu Claro;Dupla;Reta;Sim;1;0;1;0;0;0;1;1;-19,74555;-47,98382;SR-MG;DEL13;UOP01/MG
264946;25/01/2020;sábado;05:00:00;SC;101;464,6;PASSO DE TORRES;Desobediência às normas de trânsito pelo condutor;Saída de leito carroçável;Com Vítimas Feridas;Amanhecer;Decrescente;Céu Claro;Dupla;Reta;Não;1;0;0;1;0;0;1;1;-29,29207;-49,76148;SR-RS;DEL9/3;UOP02/RS
264947;25/01/2020;sábado;04:30:00;PA;316;81;SAO FRANCISCO DO PARA;Falta de Atenção do Pedestre;Atropelamento de Pedestre;Com Vítimas Feridas;Plena Noite;Crescente;Nublado;Simples;Reta;Não;2;0;0;1;0;1;1;1;-1,30556;-47,77095;SR-PA;DEL19/1;UOP02/PA
264948;25/01/2020;sábado;05:00:00;PI;343;348,3;TERESINA;Condutor Dormindo;Colisão traseira;Com Vítimas Feridas;Amanhecer;Crescente;Céu Claro;Simples;Reta;Sim;2;0;1;0;1;0;1;2;-5,118706;-42,78641;SR-PI;DEL17/1;UOP01/PI
264949;25/01/2020;sábado;02:20:00;RS;116;382,1;CAMAQUA;Falta de Atenção à Condução;Saída de leito carroçável;Com Vítimas Feridas;Plena Noite;Crescente;Céu Claro;Dupla;Reta;Não;1;0;1;0;0;0;1;1;-30,78156;-51,66243;SR-RS;DEL9/2;UOP02/RS
264951;25/01/2020;sábado;04:13:00;ES;101;81;SAO MATEUS;Ingestão de Álcool;Capotamento;Com Vítimas Feridas;Plena Noite;Decrescente;Chuva;Simples;Reta;Não;2;0;2;0;0;0;2;1;-18,82883;-39,91226;SR-ES;DEL12/4;UOP02/ES
264952;25/01/2020;sábado;06:40:00;GO;153;591;PIRACANJUBA;Velocidade Incompatível;Capotamento;Com Vítimas Feridas;Amanhecer;Crescente;Chuva;Dupla;Não Informado;Não;1;0;0;1;0;0;1;1;-17,4751;-49,2138;SR-GO;DEL1/3;UOP01/GO
264953;25/01/2020;sábado;05:30:00;PR;116;102;SAO JOSE DOS PINHAIS;Falta de Atenção à Condução;Colisão traseira;Com Vítimas Feridas;Amanhecer;Crescente;Sol;Dupla;Reta;Não;2;0;0;1;1;0;1;2;-25,55064;-49,15025;SR-PR;DEL7/1;UOP01/PR
264955;25/01/2020;sábado;06:10:00;CE;222;4,4;CAUCAIA;Desobediência às normas de trânsito pelo condutor;Colisão lateral;Com Vítimas Feridas;Pleno dia;Crescente;Céu Claro;Múltipla;Reta;Sim;3;0;1;0;0;2;1;2;-3,741648;-38,6045;SR-CE;DEL16/1;UOP01/CE
264956;25/01/2020;sábado;06:30:00;PB;230;19;JOAO PESSOA;Ingestão de Álcool;Colisão lateral;Sem Vítimas;Pleno dia;Decrescente;Sol;Dupla;Curva;Sim;3;0;0;0;3;0;0;3;-7,1281;-34,8466;SR-PB;DEL14/1;UOP01/PB
264957;25/01/2020;sábado;05:00:00;MA;10;245;IMPERATRIZ;Ingestão de Álcool;Saída de leito carroçável;Sem Vítimas;Amanhecer;Decrescente;Céu Claro;Simples;Reta;Não;1;0;0;0;1;0;0;1;-5,588685;-47,43386;SR-MA;DEL18/4;UOP01/MA
264959;25/01/2020;sábado;07:25:00;PB;230;20,2;JOAO PESSOA;Pista Escorregadia;Tombamento;Com Vítimas Feridas;Pleno dia;Decrescente;Nublado;Dupla;Reta;Sim;2;0;2;0;0;0;2;1;-7,1415;-34,8519;SR-PB;DEL14/1;UOP01/PB
264961;25/01/2020;sábado;06:00:00;MS;262;765;CORUMBA;Falta de Atenção à Condução;Colisão transversal;Com Vítimas Feridas;Pleno dia;Decrescente;Céu Claro;Simples;Reta;Sim;3;0;2;0;1;0;2;2;-19,10069;-57,62252;SR-MS;DEL3/3;UOP03/MS
264962;25/01/2020;sábado;03:50:00;RO;174;13;VILHENA;Velocidade Incompatível;Saída de leito carroçável;Sem Vítimas;Plena Noite;Decrescente;Garoa/Chuvisco;Dupla;Rotatória;Não;2;0;0;0;2;0;0;1;-12,74065;-60,13229;SR-RO;DEL21/4;UOP01/RO
264963;25/01/2020;sábado;07:20:00;RS;116;243,9;SAO LEOPOLDO;Falta de Atenção à Condução;Colisão lateral;Com Vítimas Feridas;Pleno dia;Decrescente;Céu Claro;Dupla;Curva;Sim;2;0;0;1;0;1;1;2;-29,73196;-51,14952;SR-RS;DEL9/1;UOP02/RS
264964;25/01/2020;sábado;07:30:00;DF;20;34;BRASILIA;Pista Escorregadia;Saída de leito carroçável;Sem Vítimas;Pleno dia;Decrescente;Chuva;Dupla;Reta;Não;1;0;0;0;1;0;0;1;-15,58502;-47,56809;SR-DF;UOP01/DEL02/DF;
264965;25/01/2020;sábado;07:45:00;SC;101;433,9;SOMBRIO;Falta de Atenção à Condução;Colisão traseira;Com Vítimas Feridas;Pleno dia;Crescente;Sol;Dupla;Reta;Não;2;0;1;0;1;0;1;2;-29,09394;-49,63307;SR-SC;DEL8/2;UOP02/SC
264966;25/01/2020;sábado;07:30:00;MA;135;6,8;SAO LUIS;Animais na Pista;Atropelamento de Animal;Com Vítimas Feridas;Pleno dia;Crescente;Nublado;Dupla;Reta;Sim;2;0;2;0;0;0;2;1;-2,62878;-44,26322;SR-MA;DEL18/1;UOP01/MA
264967;17/01/2020;sexta-feira;22:40:00;MA;316;597;TIMON;Ingestão de Álcool;Colisão frontal;Com Vítimas Fatais;Plena Noite;Crescente;Ignorado;Simples;Reta;Não;2;1;0;0;0;1;0;2;-5,019753;-42,98064;SR-MA;DEL18/3;UOP02/MA
264968;25/01/2020;sábado;08:00:00;MG;381;829,9;SAO SEBASTIAO DA BELA VISTA;Falta de Atenção à Condução;Queda de ocupante de veículo;Com Vítimas Feridas;Pleno dia;Decrescente;Céu Claro;Dupla;Reta;Não;1;0;1;0;0;0;1;1;-22,13939;-45,81344;SR-MG;DEL09;UOP01/MG
264969;25/01/2020;sábado;07:45:00;GO;60;442,6;JATAI;Velocidade Incompatível;Saída de leito carroçável;Com Vítimas Feridas;Pleno dia;Decrescente;Garoa/Chuvisco;Dupla;Retorno Regulamentado;Não;1;0;1;0;0;0;1;1;-17,8421;-51,4504;SR-GO;DEL1/5;UOP01/GO
264970;25/01/2020;sábado;05:00:00;SC;163;67;SAO MIGUEL DO OESTE;Ingestão de Álcool;Saída de leito carroçável;Sem Vítimas;Plena Noite;Decrescente;Céu Claro;Dupla;Reta;Sim;1;0;0;0;0;1;0;1;-26,75944;-53,50055;SR-SC;DEL7;UOP03/SC
264972;25/01/2020;sábado;06:20:00;BA;116;822,3;VITORIA DA CONQUISTA;Desobediência às normas de trânsito pelo condutor;Colisão transversal;Com Vítimas Feridas;Pleno dia;Crescente;Nublado;Dupla;Reta;Sim;2;0;1;0;0;1;1;2;-14,85092;-40,84879;SR-BA;DEL10/8;UOP01/BA
264973;25/01/2020;sábado;07:50:00;SC;101;441,7;SANTA ROSA DO SUL;Falta de Atenção à Condução;Colisão traseira;Sem Vítimas;Pleno dia;Crescente;Céu Claro;Dupla;Desvio Temporário;Não;2;0;0;0;2;0;0;2;-29,12677;-49,67703;SR-SC;DEL8/2;UOP02/SC
264974;25/01/2020;sábado;08:25:00;CE;20;417;MARACANAU;Falta de Atenção à Condução;Colisão lateral;Com Vítimas Feridas;Pleno dia;Crescente;Sol;Dupla;Reta;Sim;2;0;1;0;0;1;1;2;-3,76999;-38,67006;SR-CE;DEL16/1;UOP02/CE
264975;24/01/2020;sexta-feira;12:00:00;RJ;40;77;PETROPOLIS;Velocidade Incompatível;Saída de leito carroçável;Com Vítimas Feridas;Pleno dia;Crescente;Chuva;Simples;Curva;Não;3;0;3;0;0;0;3;1;-22,48006;-43,23544;SR-RJ;DEL5/6;UOP03/RJ
264977;25/01/2020;sábado;07:15:00;MS;262;556,3;MIRANDA;Defeito Mecânico no Veículo;Colisão com objeto estático;Sem Vítimas;Pleno dia;Crescente;Sol;Simples;Não Informado;Sim;2;0;0;0;2;0;0;1;-20,24532;-56,36023;SR-MS;DEL3/3;UOP02/MS
264978;25/01/2020;sábado;08:50:00;GO;60;79,7;ANAPOLIS;Defeito Mecânico no Veículo;Saída de leito carroçável;Com Vítimas Feridas;Pleno dia;Crescente;Chuva;Dupla;Curva;Não;2;0;1;0;1;0;1;1;-16,3007;-48,8128;SR-GO;DEL1/2;UOP01/GO
264979;25/01/2020;sábado;06:45:00;PR;369;162,3;CAMBE;Falta de Atenção à Condução;Saída de leito carroçável;Com Vítimas Feridas;Pleno dia;Crescente;Céu Claro;Dupla;Reta;Não;1;0;1;0;0;0;1;1;-23,29485;-51,27041;SR-PR;DEL7/7;UOP01/PR
264980;25/01/2020;sábado;07:20:00;AC;317;90;SENADOR GUIOMARD;Falta de Atenção à Condução;Colisão transversal;Com Vítimas Feridas;Pleno dia;Decrescente;Céu Claro;Simples;Reta;Não;2;0;2;0;0;0;2;2;-10,15111;-67,71131;SR-AC;UOP01/AC;
264981;25/01/2020;sábado;08:45:00;RJ;116;168;SAO JOAO DE MERITI;Ingestão de Álcool;Colisão traseira;Com Vítimas Feridas;Pleno dia;Decrescente;Céu Claro;Dupla;Reta;Sim;3;0;1;0;2;0;1;3;-22,81997;-43,315;SR-RJ;DEL5/1;UOP02/RJ
264983;25/01/2020;sábado;05:30:00;MG;116;504,5;INHAPIM;Desobediência às normas de trânsito pelo condutor;Colisão frontal;Com Vítimas Feridas;Pleno dia;Decrescente;Chuva;Simples;Curva;Não;3;0;0;2;1;0;2;2;-19,59445;-42,11241;SR-MG;DEL4/6;UOP02/MG
264984;25/01/2020;sábado;09:00:00;ES;101;14,6;PEDRO CANARIO;Falta de Atenção do Pedestre;Atropelamento de Pedestre;Com Vítimas Feridas;Pleno dia;Decrescente;Nublado;Simples;Curva;Não;2;0;0;1;1;0;1;1;-18,28229;-39,95688;SR-ES;DEL12/4;UOP02/ES
264985;25/01/2020;sábado;09:40:00;GO;60;185,2;ABADIA DE GOIAS;Avarias e/ou desgaste excessivo no pneu;Saída de leito carroçável;Com Vítimas Feridas;Pleno dia;Decrescente;Chuva;Dupla;Não Informado;Não;3;0;2;0;1;0;2;1;-16,7956;-49,51;SR-GO;DEL1/1;UOP02/GO
264986;25/01/2020;sábado;09:40:00;RN;406;169,7;SAO GONCALO DO AMARANTE;Falta de Atenção à Condução;Colisão transversal;Com Vítimas Feridas;Pleno dia;Crescente;Céu Claro;Dupla;Interseção de vias;Sim;4;0;3;1;0;0;4;2;-5,755701;-35,30729;SR-RN;DEL15/2;UOP01/RN
264987;25/01/2020;sábado;09:30:00;PA;316;22;BENEVIDES;Animais na Pista;Atropelamento de Animal;Com Vítimas Feridas;Pleno dia;Decrescente;Sol;Dupla;Reta;Sim;1;0;0;1;0;0;1;1;-1,353446;-48,25703;SR-PA;DEL19/1;UOP01/PA
264988;25/01/2020;sábado;10:10:00;PE;101;67,2;RECIFE;Falta de Atenção à Condução;Colisão traseira;Com Vítimas Feridas;Pleno dia;Crescente;Céu Claro;Múltipla;Reta;Sim;2;0;1;0;1;0;1;2;-8,044054;-34,94397;SR-PE;DEL11/1;UOP01/PE
264989;25/01/2020;sábado;09:15:00;GO;364;194;JATAI;Velocidade Incompatível;Danos eventuais;Sem Vítimas;Pleno dia;Crescente;Garoa/Chuvisco;Dupla;Retorno Regulamentado;Sim;1;0;0;0;1;0;0;1;-17,92217;-51,70408;SR-GO;DEL1/5;UOP01/GO
264990;25/01/2020;sábado;09:40:00;RS;285;278;MATO CASTELHANO;Defeito Mecânico no Veículo;Danos eventuais;Com Vítimas Feridas;Pleno dia;Decrescente;Sol;Simples;Reta;Não;1;0;0;1;0;0;1;1;-28,25768;-52,23491;SR-RS;DEL08;UOP03/RS
264991;25/01/2020;sábado;09:50:00;BA;324;564;SAO SEBASTIAO DO PASSE;Velocidade Incompatível;Capotamento;Com Vítimas Feridas;Pleno dia;Decrescente;Sol;Dupla;Não Informado;Não;2;0;1;0;1;0;1;1;-12,52369;-38,61121;SR-BA;DEL10/1;UOP01/BA
264994;25/01/2020;sábado;10:30:00;MG;262;364,5;JUATUBA;Desobediência às normas de trânsito pelo condutor;Tombamento;Com Vítimas Feridas;Pleno dia;Decrescente;Nublado;Dupla;Reta;Não;2;0;2;0;0;0;2;1;-19,98291;-44,24493;SR-MG;DEL4/1;UOP03/MG
264995;25/01/2020;sábado;10:10:00;SC;101;126,2;ITAJAI;Não guardar distância de segurança;Engavetamento;Com Vítimas Feridas;Pleno dia;Crescente;Sol;Dupla;Não Informado;Não;4;0;1;0;3;0;1;3;-26,95564;-48,67978;SR-SC;DEL8/4;UOP04/SC
264996;25/01/2020;sábado;10:50:00;MG;40;523;CONTAGEM;Não guardar distância de segurança;Colisão traseira;Com Vítimas Feridas;Pleno dia;Decrescente;Nublado;Dupla;Reta;Sim;3;0;0;1;1;1;1;2;-19,86875;-44,05962;SR-MG;DEL4/1;UOP02/MG
264997;25/01/2020;sábado;10:30:00;PR;277;104;CAMPO LARGO;Falta de Atenção à Condução;Colisão traseira;Com Vítimas Feridas;Pleno dia;Crescente;Céu Claro;Dupla;Reta;Sim;2;0;0;1;1;0;1;2;-25,43414;-49,40996;SR-PR;DEL7/1;UOP04/PR
264998;25/01/2020;sábado;10:45:00;RN;101;84,9;SAO GONCALO DO AMARANTE;Falta de Atenção à Condução;Colisão lateral;Com Vítimas Feridas;Pleno dia;Crescente;Céu Claro;Dupla;Reta;Sim;1;0;1;0;0;0;1;1;-5,774175;-35,2578;SR-RN;DEL15/2;UOP01/RN