id;data_inversa;dia_semana;horario;uf;br;km;municipio;causa_acidente;tipo_acidente;classificacao_acidente;fase_dia;sentido_via;condicao_metereologica;tipo_pista;tracado_via;uso_solo;pessoas;mortos;feridos_leves;feridos_graves;ilesos;ignorados;feridos;veiculos;latitude;longitude;regional;delegacia;uop
264999;25/01/2020;sábado;11:00:00;MG;381;752,8;TRES CORACOES;Falta de Atenção à Condução;Queda de ocupante de veículo;Com Vítimas Feridas;Pleno dia;Decrescente;Céu Claro;Dupla;Reta;Não;1;0;1;0;0;0;1;1;-21,67247;-45,3343;SR-MG;DEL09;UOP02/MG
265001;25/01/2020;sábado;10:50:00;MG;381;664,8;PERDOES;Falta de Atenção à Condução;Colisão lateral;Sem Vítimas;Pleno dia;Crescente;Céu Claro;Dupla;Retorno Regulamentado;Não;1;0;0;0;1;0;0;1;-21,05494;-45,03104;SR-MG;DEL4/4;UOP02/MG
265002;25/01/2020;sábado;10:30:00;SC;101;208;SAO JOSE;Falta de Atenção à Condução;Colisão traseira;Com Vítimas Feridas;Pleno dia;Decrescente;Céu Claro;Dupla;Reta;Sim;4;0;1;0;3;0;1;3;-27,60328;-48,63202;SR-SC;DEL8/1;UOP01/SC
265003;25/01/2020;sábado;09:50:00;SP;153;68,6;SAO JOSE DO RIO PRETO;Falta de Atenção à Condução;Capotamento;Sem Vítimas;Pleno dia;Decrescente;Céu Claro;Dupla;Reta;Não;3;0;0;0;3;0;0;2;-20,85058;-49,38379;SR-SP;DEL6/9;UOP01/SP
265004;25/01/2020;sábado;09:00:00;GO;20;20;FORMOSA;Pista Escorregadia;Saída de leito carroçável;Com Vítimas Feridas;Pleno dia;Crescente;Céu Claro;Simples;Reta;Não;1;0;1;0;0;0;1;1;-15,55115;-47,17836;SR-DF;UOP01/DEL02/DF;
265005;25/01/2020;sábado;10:50:00;RJ;116;144;DUQUE DE CAXIAS;Não guardar distância de segurança;Colisão lateral;Com Vítimas Fatais;Pleno dia;Decrescente;Céu Claro;Dupla;Curva;Sim;2;1;0;0;1;0;0;2;-22,67295;-43,28201;SR-RJ;DEL5/4;UOP02/RJ
265006;25/01/2020;sábado;11:20:00;MA;135;19,8;SAO LUIS;Ingestão de Álcool;Colisão lateral;Sem Vítimas;Pleno dia;Decrescente;Céu Claro;Dupla;Reta;Sim;2;0;0;0;2;0;0;2;-2,565726;-44,33154;SR-MA;DEL18/1;UOP01/MA
265007;25/01/2020;sábado;10:00:00;BA;116;792;PLANALTO;Não guardar distância de segurança;Engavetamento;Sem Vítimas;Pleno dia;Crescente;Nublado;Dupla;Reta;Não;3;0;0;0;3;0;0;3;-14,68275;-40,53254;SR-BA;DEL10/8;UOP02/BA
265008;25/01/2020;sábado;10:25:00;RO;364;343,2;JI-PARANA;Não guardar distância de segurança;Colisão traseira;Com Vítimas Feridas;Pleno dia;Crescente;Céu Claro;Simples;Interseção de vias;Sim;1;0;1;0;0;0;1;1;-10,8777;-61,94667;SR-RO;DEL21/2;UOP01/RO
265009;25/01/2020;sábado;11:00:00;DF;70;16,3;BRASILIA;Desobediência às normas de trânsito pelo condutor;Colisão transversal;Sem Vítimas;Pleno dia;Crescente;Chuva;Dupla;Interseção de vias;Sim;3;0;0;0;3;0;0;2;-15,79614;-48,19423;SR-DF;UOP06/DF;
265010;25/01/2020;sábado;11:20:00;SP;116;113;TAUBATE;Não guardar distância de segurança;Colisão lateral;Com Vítimas Feridas;Pleno dia;Decrescente;Nublado;Dupla;Reta;Não;2;0;1;0;1;0;1;2;-23,04408;-45,58041;SR-SP;DEL6;UOP01/SP
265011;25/01/2020;sábado;11:25:00;RJ;101;74,7;CAMPOS DOS GOYTACAZES;Falta de Atenção à Condução;Colisão transversal;Com Vítimas Feridas;Pleno dia;Decrescente;Garoa/Chuvisco;Simples;Reta;Sim;2;0;1;0;1;0;1;2;-21,81382;-41,39664;SR-RJ;DEL5/8;UOP02/RJ
265012;25/01/2020;sábado;08:30:00;RO;364;394;OURO PRETO DO OESTE;Falta de Atenção à Condução;Saída de leito carroçável;Com Vítimas Feridas;Pleno dia;Decrescente;Sol;Simples;Reta;Não;1;0;0;1;0;0;1;1;-10,64531;-62,30855;SR-RO;DEL21/3;UOP02/RO
265014;25/01/2020;sábado;12:15:00;PE;232;180,6;BELO JARDIM;Não guardar distância de segurança;Colisão traseira;Com Vítimas Feridas;Pleno dia;Crescente;Nublado;Simples;Reta;Sim;2;0;1;0;1;0;1;2;-8,345308;-36,43384;SR-PE;DEL11/2;UOP02/PE
265015;25/01/2020;sábado;11:50:00;MG;40;616;CONGONHAS;Defeito Mecânico no Veículo;Colisão lateral;Com Vítimas Feridas;Pleno dia;Crescente;Chuva;Simples;Curva;Não;2;0;1;0;1;0;1;2;-20,54606;-43,8199;SR-MG;DEL5;UOP02/MG
265016;25/01/2020;sábado;12:20:00;PE;101;68;RECIFE;Falta de Atenção à Condução;Colisão lateral;Com Vítimas Feridas;Pleno dia;Decrescente;Sol;Dupla;Rotatória;Sim;3;0;2;0;0;1;2;2;-8,050743;-34,94581;SR-PE;DEL11/1;UOP01/PE
265017;25/01/2020;sábado;11:15:00;PB;230;139;CAMPINA GRANDE;Falta de Atenção à Condução;Colisão com objeto estático;Com Vítimas Feridas;Pleno dia;Crescente;Nublado;Dupla;Curva;Não;2;0;1;0;1;0;1;1;-7,268471;-35,79728;SR-PB;DEL14/2;UOP01/PB
265018;25/01/2020;sábado;12:30:00;RS;116;261;CANOAS;Falta de Atenção à Condução;Colisão lateral;Com Vítimas Feridas;Pleno dia;Decrescente;Céu Claro;Múltipla;Reta;Sim;2;0;1;0;1;0;1;2;-29,88798;-51,17901;SR-RS;DEL9/1;UOP01/RS
265020;25/01/2020;sábado;12:45:00;SC;101;148;ITAPEMA;Falta de Atenção à Condução;Colisão frontal;Com Vítimas Feridas;Pleno dia;Crescente;Sol;Dupla;Reta;Sim;2;0;1;0;1;0;1;2;-27,10124;-48,61808;SR-SC;DEL8/4;UOP03/SC
265021;25/01/2020;sábado;11:05:00;SC;470;69,9;INDAIAL;Desobediência às normas de trânsito pelo condutor;Colisão transversal;Com Vítimas Feridas;Pleno dia;Decrescente;Sol;Simples;Reta;Sim;2;0;1;0;1;0;1;2;-26,88375;-49,2467;SR-SC;DEL8/4;UOP01/SC
265022;25/01/2020;sábado;09:30:00;PB;361;23,7;SANTA TERESINHA;Desobediência às normas de trânsito pelo condutor;Colisão frontal;Com Vítimas Fatais;Pleno dia;Decrescente;Nublado;Simples;Viaduto;Não;3;1;0;0;2;0;0;2;-7,085148;-37,44811;SR-PB;DEL14/3;UOP01/PB
265023;25/01/2020;sábado;13:35:00;RJ;40;109;DUQUE DE CAXIAS;Falta de Atenção à Condução;Colisão traseira;Com Vítimas Feridas;Pleno dia;Decrescente;Céu Claro;Múltipla;Reta;Sim;3;0;1;0;2;0;1;3;-22,67375;-43,28638;SR-RJ;DEL5/1;UOP01/RJ
265024;25/01/2020;sábado;12:45:00;SC;101;358,8;SANGAO;Defeito Mecânico no Veículo;Incêndio;Sem Vítimas;Pleno dia;Decrescente;Céu Claro;Múltipla;Reta;Não;1;0;0;0;1;0;0;1;-28,65921;-49,11025;SR-SC;DEL8/2;UOP01/SC
265025;25/01/2020;sábado;14:07:00;RS;386;66,8;SEBERI;Falta de Atenção à Condução;Colisão lateral;Com Vítimas Feridas;Pleno dia;Crescente;Céu Claro;Simples;Curva;Não;2;0;0;1;1;0;1;2;-27,63568;-53,33418;SR-RS;DEL08;UOP02/RS
265027;25/01/2020;sábado;09:00:00;BA;116;761,1;POCOES;Pista Escorregadia;Saída de leito carroçável;Com Vítimas Feridas;Pleno dia;Crescente;Nevoeiro/Neblina;Simples;Desvio Temporário;Não;5;0;3;1;0;1;4;1;-14,49941;-40,35265;SR-BA;DEL10/8;UOP02/BA
265028;25/01/2020;sábado;14:20:00;PE;424;20,4;PEDRA;Ingestão de Álcool;Colisão traseira;Com Vítimas Feridas;Pleno dia;Decrescente;Céu Claro;Simples;Reta;Não;3;0;2;0;1;0;2;2;-8,510249;-36,92902;SR-PE;DEL11/3;UOP02/PE
265030;25/01/2020;sábado;13:50:00;RS;116;229,5;DOIS IRMAOS;Falta de Atenção à Condução;Colisão transversal;Com Vítimas Feridas;Pleno dia;Crescente;Céu Claro;Simples;Reta;Sim;2;0;1;1;0;0;2;2;-29,61889;-51,12162;SR-RS;DEL9/1;UOP02/RS
265031;25/01/2020;sábado;13:30:00;MG;116;415;GOVERNADOR VALADARES;Desobediência às normas de trânsito pelo condutor;Engavetamento;Com Vítimas Feridas;Pleno dia;Crescente;Céu Claro;Simples;Ponte;Sim;8;0;2;0;6;0;2;5;-18,88401;-41,94924;SR-MG;DEL4/6;UOP01/MG
265032;25/01/2020;sábado;13:00:00;GO;60;100;ANAPOLIS;Defeito na Via;Saída de leito carroçável;Sem Vítimas;Pleno dia;Decrescente;Chuva;Dupla;Não Informado;Sim;2;0;0;0;2;0;0;1;-16,3979;-48,9664;SR-GO;DEL1/2;UOP01/GO
265033;25/01/2020;sábado;13:17:00;GO;60;100;ANAPOLIS;Defeito na Via;Saída de leito carroçável;Sem Vítimas;Pleno dia;Decrescente;Chuva;Dupla;Não Informado;Sim;5;0;0;0;5;0;0;1;-16,3979;-48,9664;SR-GO;DEL1/2;UOP01/GO
265034;25/01/2020;sábado;13:20:00;PB;101;7,9;MAMANGUAPE;Desobediência às normas de trânsito pelo condutor;Colisão com objeto estático;Com Vítimas Feridas;Pleno dia;Decrescente;Céu Claro;Dupla;Reta;Não;1;0;0;1;0;0;1;1;-6,559946;-35,1358;SR-PB;DEL14/1;UOP03/PB
265035;25/01/2020;sábado;12:20:00;MT;163;694;LUCAS DO RIO VERDE;Restrição de Visibilidade;Colisão traseira;Com Vítimas Feridas;Pleno dia;Decrescente;Chuva;Simples;Reta;Não;2;0;1;0;0;1;1;2;-12,97965;-55,87858;SR-MT;DEL2/6;UOP01/MT
265036;25/01/2020;sábado;13:40:00;SC;280;32;ARAQUARI;Falta de Atenção à Condução;Colisão traseira;Com Vítimas Feridas;Pleno dia;Decrescente;Céu Claro;Simples;Reta;Não;4;0;1;0;3;0;1;3;-26,42062;-48,77934;SR-SC;DEL8/3;UOP03/SC
265037;25/01/2020;sábado;14:35:00;SC;101;242;PALHOCA;Falta de Atenção à Condução;Colisão transversal;Com Vítimas Feridas;Pleno dia;Crescente;Sol;Simples;Reta;Não;3;0;1;0;2;0;1;2;-27,87546;-48,64678;SR-SC;DEL8/1;UOP02/SC
265038;25/01/2020;sábado;15:25:00;PR;376;215,9;JANDAIA DO SUL;Desobediência às normas de trânsito pelo condutor;Colisão transversal;Com Vítimas Feridas;Pleno dia;Crescente;Céu Claro;Simples;Não Informado;Não;3;0;1;0;2;0;1;2;-23,59538;-51,64222;SR-PR;DEL7/7;UOP03/PR
265040;25/01/2020;sábado;13:12:00;RS;290;8;OSORIO;Falta de Atenção do Pedestre;Atropelamento de Pedestre;Com Vítimas Feridas;Pleno dia;Decrescente;Céu Claro;Dupla;Reta;Não;4;0;0;1;2;1;1;1;-29,89323;-50,35335;SR-RS;DEL9/3;UOP01/RS
265041;17/01/2020;sexta-feira;17:45:00;MG;365;371,8;PATOS DE MINAS;Pista Escorregadia;Incêndio;Com Vítimas Feridas;Pleno dia;Decrescente;Nublado;Simples;Curva;Não;3;0;1;1;1;0;2;3;-18,51644;-46,13976;SR-MG;DEL4/10;UOP01/MG
265042;25/01/2020;sábado;11:50:00;RO;364;343;JI-PARANA;Falta de Atenção à Condução;Colisão traseira;Com Vítimas Feridas;Pleno dia;Decrescente;Céu Claro;Múltipla;Reta;Sim;5;0;1;0;4;0;1;3;-10,87879;-61,94499;SR-RO;DEL21/2;UOP01/RO
265044;25/01/2020;sábado;12:20:00;RO;435;122,8;CEREJEIRAS;Falta de Atenção à Condução;Colisão transversal;Com Vítimas Feridas;Pleno dia;Decrescente;Sol;Dupla;Não Informado;Sim;2;0;2;0;0;0;2;2;-13,18776;-60,79987;SR-RO;DEL21/4;UOP02/RO
265045;25/01/2020;sábado;15:45:00;RS;116;300,9;GUAIBA;Falta de Atenção à Condução;Colisão transversal;Com Vítimas Feridas;Pleno dia;Crescente;Céu Claro;Simples;Reta;Sim;2;0;1;0;1;0;1;2;-30,13119;-51,35338;SR-RS;DEL9/2;UOP01/RS
265046;25/01/2020;sábado;14:30:00;SC;101;276,7;IMBITUBA;Falta de Atenção à Condução;Colisão frontal;Com Vítimas Feridas;Pleno dia;Crescente;Céu Claro;Dupla;Interseção de vias;Não;3;0;2;0;1;0;2;2;-28,14645;-48,69205;SR-SC;DEL8/2;UOP03/SC
265048;25/01/2020;sábado;15:40:00;RJ;101;279;ITABORAI;Falta de Atenção à Condução;Queda de ocupante de veículo;Com Vítimas Feridas;Pleno dia;Decrescente;Céu Claro;Dupla;Reta;Não;2;0;1;0;1;0;1;1;-22,73837;-42,76745;SR-RJ;DEL5/2;UOP02/RJ
265049;25/01/2020;sábado;16:10:00;MG;381;936;EXTREMA;Desobediência às normas de trânsito pelo condutor;Queda de ocupante de veículo;Com Vítimas Feridas;Pleno dia;Decrescente;Nublado;Dupla;Retorno Regulamentado;Não;2;0;1;0;0;1;1;1;-22,82915;-46,3147;SR-MG;DEL09;UOP03/MG
265050;25/01/2020;sábado;12:15:00;CE;222;126,5;ITAPAJE;Falta de Atenção à Condução;Colisão transversal;Com Vítimas Feridas;Pleno dia;Crescente;Céu Claro;Simples;Desvio Temporário;Sim;4;0;1;0;3;0;1;2;-3,696131;-39,60076;SR-CE;DEL16/4;UOP03/CE
265051;25/01/2020;sábado;15:45:00;SP;153;160;PROMISSAO;Defeito Mecânico no Veículo;Danos eventuais;Com Vítimas Feridas;Pleno dia;Decrescente;Céu Claro;Simples;Reta;Não;3;0;1;0;2;0;1;1;-21,50732;-49,78042;SR-SP;DEL6/07;UOP01/SP
265052;25/01/2020;sábado;16:20:00;RS;116;295;GUAIBA;Falta de Atenção à Condução;Saída de leito carroçável;Com Vítimas Feridas;Pleno dia;Crescente;Céu Claro;Dupla;Reta;Não;1;0;1;0;0;0;1;1;-30,07969;-51,34155;SR-RS;DEL9/2;UOP01/RS
265053;25/01/2020;sábado;16:10:00;RJ;356;164;SAO JOAO DA BARRA;Desobediência às normas de trânsito pelo condutor;Colisão lateral;Com Vítimas Feridas;Pleno dia;Crescente;Nublado;Simples;Reta;Não;4;0;3;0;1;0;3;2;-21,71093;-41,14584;SR-RJ;DEL5/8;UOP02/RJ
265054;25/01/2020;sábado;16:20:00;MG;381;481,4;BETIM;Falta de Atenção à Condução;Colisão traseira;Sem Vítimas;Pleno dia;Crescente;Nublado;Dupla;Reta;Sim;3;0;0;0;3;0;0;3;-19,95932;-44,08826;SR-MG;DEL4/1;UOP03/MG
265055;25/01/2020;sábado;15:30:00;PR;467;78,1;TOLEDO;Falta de Atenção à Condução;Colisão traseira;Com Vítimas Feridas;Pleno dia;Decrescente;Céu Claro;Dupla;Não Informado;Não;5;0;3;0;2;0;3;2;-24,7717;-53,6844;SR-PR;DEL7/4;UOP01/PR
265056;25/01/2020;sábado;16:10:00;CE;304;48,9;ARACATI;Falta de Atenção à Condução;Colisão transversal;Com Vítimas Feridas;Pleno dia;Crescente;Céu Claro;Dupla;Reta;Sim;2;0;1;0;1;0;1;2;-4,578634;-37,77997;SR-CE;DEL16/3;UOP03/CE
265057;25/01/2020;sábado;15:30:00;RS;287;249;SANTA MARIA;Falta de Atenção à Condução;Colisão traseira;Com Vítimas Feridas;Pleno dia;Crescente;Sol;Simples;Reta;Não;4;0;1;0;3;0;1;3;-29,69401;-53,861;SR-RS;DEL9/9;UOP01/RS
265058;25/01/2020;sábado;16:10:00;PR;277;104;CAMPO LARGO;Falta de Atenção à Condução;Colisão transversal;Com Vítimas Feridas;Pleno dia;Crescente;Sol;Múltipla;Interseção de vias;Não;2;0;1;0;0;1;1;2;-25,49679;-49,34265;SR-PR;DEL7/1;UOP04/PR
265059;25/01/2020;sábado;17:15:00;SC;101;119,1;ITAJAI;Falta de Atenção à Condução;Colisão com objeto estático;Com Vítimas Feridas;Pleno dia;Crescente;Céu Claro;Dupla;Reta;Sim;1;0;0;1;0;0;1;1;-26,9056;-48,71514;SR-SC;DEL8/4;UOP04/SC
265060;25/01/2020;sábado;15:45:00;RS;290;138,5;ELDORADO DO SUL;Não guardar distância de segurança;Colisão traseira;Com Vítimas Feridas;Pleno dia;Crescente;Sol;Simples;Reta;Não;5;0;3;0;2;0;3;2;-30,07512;-51,59038;SR-RS;DEL9/2;UOP01/RS
265061;25/01/2020;sábado;16:00:00;MT;364;168,7;PEDRA PRETA;Avarias e/ou desgaste excessivo no pneu;Saída de leito carroçável;Com Vítimas Fatais;Pleno dia;Crescente;Céu Claro;Simples;Reta;Não;2;1;1;0;0;0;1;1;-16,6489;-54,396;SR-MT;DEL2/2;UOP01/MT
265062;25/01/2020;sábado;16:20:00;SC;101;331,6;TUBARAO;Falta de Atenção à Condução;Colisão traseira;Com Vítimas Feridas;Pleno dia;Crescente;Céu Claro;Simples;Não Informado;Sim;5;0;1;0;4;0;1;2;-28,46596;-48,99575;SR-SC;DEL8/2;UOP01/SC
265063;25/01/2020;sábado;14:40:00;MT;364;579;NOBRES;Desobediência às normas de trânsito pelo condutor;Danos eventuais;Com Vítimas Feridas;Pleno dia;Decrescente;Céu Claro;Múltipla;Reta;Não;4;0;1;1;2;0;2;2;-14,66299;-56,29937;SR-MT;DEL2/4;UOP01/MT
265064;25/01/2020;sábado;16:30:00;MG;365;393,3;LAGOA FORMOSA;Velocidade Incompatível;Tombamento;Com Vítimas Fatais;Pleno dia;Crescente;Nublado;Simples;Curva;Não;4;1;0;2;0;1;2;1;-18,63528;-46,36139;SR-MG;DEL4/10;UOP01/MG
265065;25/01/2020;sábado;16:20:00;AL;316;106,5;DOIS RIACHOS;Animais na Pista;Atropelamento de Animal;Sem Vítimas;Pleno dia;Crescente;Céu Claro;Simples;Reta;Não;2;0;0;0;2;0;0;1;-9,386103;-37,06235;SR-AL;DEL13/3;UOP01/AL
265066;25/01/2020;sábado;16:37:00;MS;163;475,5;CAMPO GRANDE;Velocidade Incompatível;Tombamento;Com Vítimas Feridas;Pleno dia;Crescente;Céu Claro;Simples;Reta;Sim;2;0;1;0;1;0;1;2;-20,51838;-54,56659;SR-MS;DEL3/1;UOP01/MS
265068;25/01/2020;sábado;15:00:00;RJ;116;40;TERESOPOLIS;Ingestão de Álcool;Colisão transversal;Sem Vítimas;Pleno dia;Crescente;Sol;Simples;Não Informado;Sim;3;0;0;0;3;0;0;3;-22,13343;-42,77952;SR-RJ;DEL5/6;UOP02/RJ
265069;25/01/2020;sábado;17:10:00;BA;242;214;ITABERABA;Falta de Atenção à Condução;Saída de leito carroçável;Com Vítimas Feridas;Pleno dia;Decrescente;Céu Claro;Simples;Curva;Não;1;0;1;0;0;0;1;1;-12,52492;-40,37344;SR-BA;DEL10/6;UOP02/BA
265070;25/01/2020;sábado;17:00:00;MG;40;70,8;PARACATU;Velocidade Incompatível;Saída de leito carroçável;Com Vítimas Feridas;Pleno dia;Crescente;Chuva;Simples;Reta;Não;3;0;3;0;0;0;3;1;-17,40084;-46,72759;SR-MG;DEL4/14;UOP01/MG
265071;25/01/2020;sábado;18:00:00;MG;381;512,6;IGARAPE;Falta de Atenção à Condução;Colisão traseira;Com Vítimas Feridas;Anoitecer;Crescente;Nublado;Dupla;Reta;Sim;2;0;1;0;1;0;1;2;-20,0924;-44,31458;SR-MG;DEL4/1;UOP03/MG
265072;25/01/2020;sábado;18:40:00;SC;101;52;JOINVILLE;Desobediência às normas de trânsito pelo condutor;Colisão lateral;Com Vítimas Feridas;Anoitecer;Decrescente;Céu Claro;Dupla;Reta;Sim;2;0;1;0;1;0;1;2;-26,39112;-48,83984;SR-SC;DEL8/3;UOP01/SC
265073;25/01/2020;sábado;18:00:00;PR;376;493;PONTA GROSSA;Desobediência às normas de trânsito pelo condutor;Saída de leito carroçável;Sem Vítimas;Pleno dia;Crescente;Céu Claro;Dupla;Não Informado;Sim;1;0;0;0;1;0;0;1;-25,16001;-50,12437;SR-PR;DEL7/3;UOP03/PR
265074;25/01/2020;sábado;18:05:00;PR;277;126,8;BALSA NOVA;Falta de Atenção à Condução;Colisão traseira;Com Vítimas Feridas;Pleno dia;Crescente;Céu Claro;Dupla;Reta;Não;3;0;1;0;2;0;1;3;-25,44952;-49,61008;SR-PR;DEL7/1;UOP05/PR
265075;25/01/2020;sábado;15:20:00;MG;40;4,1;PARACATU;Pista Escorregadia;Saída de leito carroçável;Com Vítimas Feridas;Pleno dia;Crescente;Chuva;Simples;Curva;Não;3;0;2;0;1;0;2;1;-17,05641;-47,13046;SR-MG;DEL4/14;UOP01/MG
265077;25/01/2020;sábado;19:10:00;SP;101;35,5;UBATUBA;Falta de Atenção à Condução;Colisão transversal;Com Vítimas Feridas;Plena Noite;Decrescente;Nublado;Simples;Reta;Sim;3;0;1;0;2;0;1;2;-23,3956;-45,01489;SR-SP;DEL6;UOP03/SP
265078;25/01/2020;sábado;18:00:00;PR;476;118;COLOMBO;Falta de Atenção à Condução;Colisão lateral;Com Vítimas Feridas;Anoitecer;Crescente;Céu Claro;Dupla;Reta;Sim;2;0;0;1;0;1;1;2;-25,35634;-49,18083;SR-PR;DEL7/1;UOP06/PR
265079;25/01/2020;sábado;18:10:00;PR;277;3,5;FOZ DO IGUACU;Velocidade Incompatível;Queda de ocupante de veículo;Com Vítimas Feridas;Anoitecer;Crescente;Céu Claro;Dupla;Reta;Sim;1;0;1;0;0;0;1;1;-25,4845;-54,58317;SR-PR;DEL7/5;UOP03/PR
265080;25/01/2020;sábado;18:35:00;PR;277;696,2;SAO MIGUEL DO IGUACU;Falta de Atenção à Condução;Saída de leito carroçável;Com Vítimas Feridas;Pleno dia;Decrescente;Céu Claro;Dupla;Reta;Não;1;0;0;1;0;0;1;1;-25,38684;-54,29509;SR-PR;DEL7/5;UOP01/PR
265081;25/01/2020;sábado;17:30:00;SP;116;155,5;SAO JOSE DOS CAMPOS;Condutor Dormindo;Colisão com objeto estático;Com Vítimas Feridas;Anoitecer;Crescente;Céu Claro;Múltipla;Reta;Sim;1;0;1;0;0;0;1;1;-23,24524;-45,92773;SR-SP;DEL6/2;UOP01/SP
265082;25/01/2020;sábado;18:20:00;PR;277;166;PALMEIRA;Velocidade Incompatível;Saída de leito carroçável;Com Vítimas Feridas;Plena Noite;Crescente;Nublado;Simples;Curva;Não;2;0;2;0;0;0;2;1;-25,47289;-49,89596;SR-PR;DEL7/1;UOP05/PR
265083;25/01/2020;sábado;19:30:00;GO;153;529;HIDROLANDIA;Falta de Atenção à Condução;Colisão traseira;Com Vítimas Feridas;Plena Noite;Decrescente;Nublado;Dupla;Reta;Não;2;0;0;1;1;0;1;2;-16,9603;-49,2384;SR-GO;DEL1/1;UOP03/GO
265084;25/01/2020;sábado;17:50:00;MG;116;467;TARUMIRIM;Falta de Atenção à Condução;Colisão transversal;Com Vítimas Feridas;Pleno dia;Decrescente;Chuva;Simples;Reta;Não;2;0;1;0;1;0;1;2;-19,29348;-42,07682;SR-MG;DEL4/6;UOP02/MG
265085;25/01/2020;sábado;19:16:00;SC;470;249,2;CURITIBANOS;Desobediência às normas de trânsito pelo condutor;Colisão transversal;Com Vítimas Feridas;Anoitecer;Decrescente;Nublado;Simples;Rotatória;Sim;4;0;1;0;2;1;1;2;-27,3128;-50,56168;SR-SC;DEL8/5;UOP03/SC
265086;25/01/2020;sábado;19:30:00;PA;10;18;DOM ELISEU;Desobediência às normas de trânsito pelo condutor;Colisão transversal;Com Vítimas Feridas;Plena Noite;Crescente;Céu Claro;Simples;Reta;Sim;2;0;1;0;1;0;1;2;-4,293095;-47,5569;SR-PA;DEL19/2;UOP03/PA
265087;25/01/2020;sábado;20:00:00;RJ;40;47,8;PETROPOLIS;Falta de Atenção do Pedestre;Atropelamento de Pedestre;Com Vítimas Fatais;Plena Noite;Crescente;Nublado;Simples;Curva;Não;5;1;0;0;3;1;0;1;-22,2917;-43,12798;SR-RJ;DEL5/6;UOP03/RJ
265088;25/01/2020;sábado;19:05:00;SC;282;504,5;XANXERE;Velocidade Incompatível;Saída de leito carroçável;Com Vítimas Feridas;Anoitecer;Decrescente;Céu Claro;Dupla;Reta;Sim;1;0;1;0;0;0;1;1;-26,88428;-52,40847;SR-SC;DEL7;UOP01/SC
265089;25/01/2020;sábado;17:40:00;CE;222;230,1;SOBRAL;Defeito Mecânico no Veículo;Colisão com objeto em movimento;Sem Vítimas;Anoitecer;Crescente;Céu Claro;Simples;Reta;Não;5;0;0;0;5;0;0;2;-3,70054;-40,3925;SR-CE;DEL16/4;UOP01/CE
265090;25/01/2020;sábado;19:40:00;MG;50;74;UBERLANDIA;Defeito na Via;Queda de ocupante de veículo;Com Vítimas Feridas;Plena Noite;Crescente;Nublado;Dupla;Reta;Sim;2;0;1;1;0;0;2;1;-18,8514;-48,25346;SR-MG;DEL4/15;UOP01/MG
265091;25/01/2020;sábado;19:10:00;PB;230;334;PATOS;Desobediência às normas de trânsito pelo condutor;Colisão traseira;Com Vítimas Feridas;Plena Noite;Decrescente;Céu Claro;Dupla;Rotatória;Não;2;0;1;0;1;0;1;2;-7,018;-37,2589;SR-PB;DEL14/3;UOP01/PB
265092;25/01/2020;sábado;20:30:00;RJ;116;106;GUAPIMIRIM;Falta de Atenção à Condução;Colisão frontal;Com Vítimas Feridas;Plena Noite;Decrescente;Céu Claro;Dupla;Curva;Sim;2;0;1;0;1;0;1;2;-22,54728;-42,9875;SR-RJ;DEL5/4;UOP02/RJ
265093;25/01/2020;sábado;18:15:00;SC;101;291,1;IMBITUBA;Falta de Atenção à Condução;Tombamento;Com Vítimas Feridas;Anoitecer;Crescente;Sol;Dupla;Reta;Sim;1;0;1;0;0;0;1;1;-28,26981;-48,70082;SR-SC;DEL8/2;UOP03/SC
265094;25/01/2020;sábado;20:30:00;RS;158;321;SANTA MARIA;Falta de Atenção à Condução;Colisão lateral;Com Vítimas Feridas;Anoitecer;Crescente;Céu Claro;Simples;Interseção de vias;Sim;3;0;1;0;2;0;1;2;-29,68409;-53,77857;SR-RS;DEL9/9;UOP01/RS
265095;25/01/2020;sábado;20:10:00;TO;153;491,5;PARAISO DO TOCANTINS;Velocidade Incompatível;Engavetamento;Sem Vítimas;Plena Noite;Crescente;Nublado;Simples;Não Informado;Não;3;0;0;0;3;0;0;3;-10,13266;-48,88877;SR-TO;UOP02/TO;
265096;25/01/2020;sábado;20:40:00;RJ;465;1;SEROPEDICA;Falta de Atenção à Condução;Colisão transversal;Com Vítimas Feridas;Plena Noite;Crescente;Nublado;Múltipla;Retorno Regulamentado;Sim;3;0;1;0;2;0;1;2;-22,71695;-43,72838;SR-RJ;DEL5/1;UOP03/RJ
265097;25/01/2020;sábado;21:00:00;MG;40;470,5;SETE LAGOAS;Animais na Pista;Atropelamento de Animal;Com Vítimas Feridas;Plena Noite;Decrescente;Chuva;Dupla;Reta;Não;3;0;1;0;2;0;1;1;-19,46787;-44,29556;SR-MG;DEL4/2;UOP01/MG
265098;25/01/2020;sábado;21:09:00;GO;20;2;FORMOSA;Não guardar distância de segurança;Colisão traseira;Sem Vítimas;Plena Noite;Decrescente;Chuva;Simples;Reta;Sim;2;0;0;0;1;1;0;2;-15,57387;-47,32749;SR-DF;UOP01/DEL02/DF;
265099;25/01/2020;sábado;19:00:00;MG;381;525;BRUMADINHO;Velocidade Incompatível;Saída de leito carroçável;Com Vítimas Feridas;Plena Noite;Crescente;Nublado;Dupla;Curva;Não;1;0;0;1;0;0;1;1;-20,16711;-44,33422;SR-MG;DEL4/4;UOP03/MG
265100;25/01/2020;sábado;16:00:00;MG;365;76,8;JEQUITAI;Defeito Mecânico no Veículo;Incêndio;Sem Vítimas;Pleno dia;Decrescente;Nublado;Simples;Reta;Não;1;0;0;0;1;0;0;1;-17,13361;-44,35524;SR-MG;DEL4/12;UOP01/MG