id;data_inversa;dia_semana;horario;uf;br;km;municipio;causa_acidente;tipo_acidente;classificacao_acidente;fase_dia;sentido_via;condicao_metereologica;tipo_pista;tracado_via;uso_solo;pessoas;mortos;feridos_leves;feridos_graves;ilesos;ignorados;feridos;veiculos;latitude;longitude;regional;delegacia;uop
265101;25/01/2020;sábado;20:35:00;PR;153;39,7;SANTO ANTONIO DA PLATINA;Defeito na Via;Queda de ocupante de veículo;Com Vítimas Feridas;Plena Noite;Decrescente;Céu Claro;Simples;Interseção de vias;Não;2;0;1;0;1;0;1;2;-23,27232;-50,05734;SR-PR;DEL7/7;UOP07/PR
265103;25/01/2020;sábado;20:30:00;MT;364;235,8;RONDONOPOLIS;Ingestão de Álcool;Colisão traseira;Com Vítimas Feridas;Plena Noite;Crescente;Céu Claro;Dupla;Reta;Sim;2;0;1;0;1;0;1;2;-16,22249;-54,77953;SR-MT;DEL2/2;UOP01/MT
265104;25/01/2020;sábado;16:30:00;MG;116;545,7;SANTA BARBARA DO LESTE;Velocidade Incompatível;Colisão frontal;Com Vítimas Fatais;Anoitecer;Decrescente;Chuva;Simples;Reta;Não;6;2;3;0;1;0;3;2;-19,92261;-42,13141;SR-MG;DEL4/6;UOP02/MG
265105;25/01/2020;sábado;21:40:00;PR;277;0,5;PARANAGUA;Falta de Atenção à Condução;Queda de ocupante de veículo;Com Vítimas Feridas;Plena Noite;Crescente;Nublado;Dupla;Reta;Sim;1;0;1;0;0;0;1;1;-25,55615;-48,5624;SR-PR;DEL7/1;UOP07/PR
265106;25/01/2020;sábado;20:45:00;RJ;116;140;DUQUE DE CAXIAS;Defeito Mecânico no Veículo;Tombamento;Com Vítimas Feridas;Plena Noite;Decrescente;Céu Claro;Dupla;Reta;Sim;2;0;1;0;1;0;1;1;-22,66283;-43,25602;SR-RJ;DEL5/4;UOP02/RJ
265107;25/01/2020;sábado;22:00:00;ES;101;284;CARIACICA;Falta de Atenção à Condução;Capotamento;Com Vítimas Feridas;Plena Noite;Decrescente;Chuva;Múltipla;Reta;Não;1;0;1;0;0;0;1;1;-20,24335;-40,36969;SR-ES;DEL12/1;UOP01/ES
265108;25/01/2020;sábado;21:30:00;CE;20;83,5;TAUA;Mal Súbito;Colisão frontal;Com Vítimas Feridas;Plena Noite;Crescente;Ignorado;Simples;Reta;Não;2;0;0;2;0;0;2;2;-6,007603;-40,28675;SR-CE;DEL16/2;UOP02/CE
265109;25/01/2020;sábado;21:00:00;SC;101;132,8;BALNEARIO CAMBORIU;Falta de Atenção à Condução;Colisão lateral;Com Vítimas Feridas;Plena Noite;Decrescente;Céu Claro;Múltipla;Reta;Sim;3;0;2;0;1;0;2;2;-26,99654;-48,65565;SR-SC;DEL8/4;UOP03/SC
265110;25/01/2020;sábado;15:40:00;GO;153;260;SAO LUIZ DO NORTE;Desobediência às normas de trânsito pelo condutor;Colisão frontal;Sem Vítimas;Pleno dia;Decrescente;Chuva;Simples;Reta;Não;4;0;0;0;3;1;0;4;-14,99346;-49,40645;SR-GO;DEL1/7;UOP01/GO
265111;25/01/2020;sábado;22:10:00;PE;232;129;CARUARU;Ingestão de Álcool;Colisão traseira;Sem Vítimas;Plena Noite;Crescente;Céu Claro;Dupla;Reta;Sim;2;0;0;0;2;0;0;2;-8,301935;-35,98092;SR-PE;DEL11/2;UOP02/PE
265112;25/01/2020;sábado;21:20:00;PE;316;81;OURICURI;Ingestão de Álcool;Saída de leito carroçável;Com Vítimas Feridas;Plena Noite;Crescente;Céu Claro;Simples;Curva;Não;1;0;1;0;0;0;1;1;-7,867515;-40,10183;SR-PE;DEL11/5;UOP02/PE
265113;25/01/2020;sábado;22:00:00;SP;116;225;GUARULHOS;Não guardar distância de segurança;Colisão traseira;Com Vítimas Feridas;Plena Noite;Crescente;Céu Claro;Múltipla;Reta;Sim;3;0;1;0;2;0;1;3;-23,48587;-46,54075;SR-SP;DEL6/1;UOP01/SP
265114;25/01/2020;sábado;22:45:00;PR;476;153,9;ARAUCARIA;Falta de Atenção à Condução;Queda de ocupante de veículo;Com Vítimas Feridas;Plena Noite;Crescente;Nublado;Dupla;Reta;Sim;2;0;2;0;0;0;2;1;-25,58474;-49,40219;SR-PR;DEL7/1;UOP04/PR
265115;25/01/2020;sábado;22:40:00;GO;40;1;VALPARAISO DE GOIAS;Falta de Atenção à Condução;Colisão traseira;Sem Vítimas;Plena Noite;Crescente;Chuva;Dupla;Desvio Temporário;Sim;3;0;0;0;3;0;0;2;-16,05824;-47,98282;SR-DF;UOP01/DF;
265116;25/01/2020;sábado;22:40:00;RS;392;131;CANGUCU;Ingestão de Álcool;Colisão frontal;Com Vítimas Feridas;Plena Noite;Crescente;Céu Claro;Simples;Reta;Não;3;0;1;0;2;0;1;3;-31,32068;-52,76038;SR-RS;DEL9/7;UOP01/RS
265117;25/01/2020;sábado;21:45:00;PR;487;126;TUNEIRAS DO OESTE;Avarias e/ou desgaste excessivo no pneu;Colisão com objeto em movimento;Com Vítimas Feridas;Pleno dia;Decrescente;Céu Claro;Simples;Reta;Não;1;0;1;0;0;0;1;1;-23,86957;-52,86852;SR-PR;DEL7/4;UOP05/PR
265118;25/01/2020;sábado;20:02:00;SC;470;70,1;INDAIAL;Falta de Atenção do Pedestre;Atropelamento de Pedestre;Com Vítimas Feridas;Plena Noite;Decrescente;Céu Claro;Simples;Reta;Não;2;0;0;1;0;1;1;1;-26,88937;-49,25448;SR-SC;DEL8/4;UOP01/SC
265119;25/01/2020;sábado;22:20:00;PR;476;145;ARAUCARIA;Agressão Externa;Capotamento;Com Vítimas Feridas;Plena Noite;Decrescente;Céu Claro;Dupla;Reta;Sim;1;0;1;0;0;0;1;1;-25,54775;-49,32095;SR-PR;DEL7/1;UOP04/PR
265120;25/01/2020;sábado;23:30:00;BA;101;226;CRUZ DAS ALMAS;Falta de Atenção à Condução;Colisão traseira;Com Vítimas Fatais;Plena Noite;Decrescente;Céu Claro;Simples;Reta;Não;2;1;0;0;1;0;0;2;-12,70319;-39,1563;SR-BA;DEL10/1;UOP02/BA
265121;25/01/2020;sábado;21:17:00;MG;381;505;BETIM;Falta de Atenção à Condução;Colisão lateral;Com Vítimas Feridas;Plena Noite;Crescente;Céu Claro;Dupla;Reta;Não;3;0;1;0;0;2;1;2;-20,04478;-44,27276;SR-MG;DEL4/1;UOP03/MG
265122;25/01/2020;sábado;21:10:00;PE;232;211,8;PESQUEIRA;Desobediência às normas de trânsito pelo condutor;Colisão frontal;Com Vítimas Feridas;Plena Noite;Decrescente;Vento;Simples;Reta;Sim;3;0;0;2;0;1;2;2;-8,368995;-36,70579;SR-PE;DEL11/2;UOP02/PE
265123;25/01/2020;sábado;16:00:00;RS;116;62,7;CAMPESTRE DA SERRA;Velocidade Incompatível;Saída de leito carroçável;Com Vítimas Feridas;Pleno dia;Crescente;Céu Claro;Simples;Curva;Não;1;0;1;0;0;0;1;1;-28,65952;-51,05913;SR-RS;DEL9/5;UOP03/RS
265124;25/01/2020;sábado;21:50:00;PE;101;67,3;RECIFE;Falta de Atenção à Condução;Colisão com objeto estático;Sem Vítimas;Plena Noite;Crescente;Nublado;Dupla;Reta;Sim;1;0;0;0;0;1;0;1;-8,044697;-34,94432;SR-PE;DEL11/1;UOP01/PE
265125;25/01/2020;sábado;17:00:00;RS;116;62,7;CAMPESTRE DA SERRA;Ingestão de Álcool;Colisão traseira;Sem Vítimas;Pleno dia;Crescente;Sol;Simples;Curva;Não;2;0;0;0;2;0;0;2;-28,66047;-51,05917;SR-RS;DEL9/5;UOP03/RS
265126;25/01/2020;sábado;23:00:00;PR;376;3;SAO JOSE DOS PINHAIS;Não guardar distância de segurança;Colisão traseira;Com Vítimas Feridas;Plena Noite;Crescente;Céu Claro;Dupla;Reta;Sim;4;0;2;0;2;0;2;2;-25,53998;-49,19153;SR-PR;DEL7/1;UOP01/PR
265127;25/01/2020;sábado;23:30:00;MA;316;553;CAXIAS;Desobediência às normas de trânsito pelo condutor;Queda de ocupante de veículo;Com Vítimas Feridas;Plena Noite;Crescente;Céu Claro;Dupla;Reta;Sim;1;0;0;1;0;0;1;1;-4,883924;-43,34686;SR-MA;DEL18/3;UOP02/MA
265128;25/01/2020;sábado;23:10:00;RS;290;79;GRAVATAI;Ingestão de Álcool;Saída de leito carroçável;Sem Vítimas;Plena Noite;Decrescente;Céu Claro;Dupla;Reta;Não;1;0;0;0;1;0;0;1;-29,95291;-51,04805;SR-RS;DEL9/1;UOP01/RS
265129;25/01/2020;sábado;21:30:00;PB;230;406,7;POMBAL;Desobediência às normas de trânsito pelo condutor;Colisão frontal;Com Vítimas Feridas;Plena Noite;Crescente;Céu Claro;Simples;Interseção de vias;Sim;2;0;2;0;0;0;2;2;-6,7842;-37,7987;SR-PB;DEL14/3;UOP02/PB
265130;25/01/2020;sábado;19:30:00;MG;251;350,6;PADRE CARVALHO;Velocidade Incompatível;Tombamento;Sem Vítimas;Plena Noite;Decrescente;Chuva;Simples;Não Informado;Não;1;0;0;0;1;0;0;1;-16,28127;-42,53473;SR-MG;DEL4/12;UOP01/MG
265131;25/01/2020;sábado;22:50:00;MG;381;849,5;POUSO ALEGRE;Velocidade Incompatível;Saída de leito carroçável;Com Vítimas Feridas;Plena Noite;Decrescente;Céu Claro;Dupla;Curva;Não;5;0;1;0;4;0;1;1;-22,26991;-45,89241;SR-MG;DEL09;UOP01/MG
265132;25/01/2020;sábado;23:10:00;RO;364;710;PORTO VELHO;Restrição de Visibilidade;Colisão lateral;Com Vítimas Feridas;Plena Noite;Decrescente;Céu Claro;Dupla;Reta;Sim;3;0;2;1;0;0;3;1;-8,786216;-63,85713;SR-RO;DEL21/1;UOP01/RO
265133;25/01/2020;sábado;21:50:00;RS;470;232;CARLOS BARBOSA;Ingestão de Álcool;Queda de ocupante de veículo;Com Vítimas Feridas;Plena Noite;Crescente;Céu Claro;Simples;Reta;Não;1;0;1;0;0;0;1;1;-29,23579;-51,51193;SR-RS;DEL9/6;UOP01/RS
265134;25/01/2020;sábado;06:00:00;MG;116;519,9;UBAPORANGA;Defeito na Via;Saída de leito carroçável;Com Vítimas Feridas;Amanhecer;Crescente;Chuva;Simples;Curva;Não;2;0;1;0;1;0;1;2;-19,71798;-42,12831;SR-MG;DEL4/6;UOP02/MG
265135;26/01/2020;domingo;00:10:00;SC;282;16;PALHOCA;Desobediência às normas de trânsito pelo condutor;Colisão transversal;Com Vítimas Feridas;Plena Noite;Decrescente;Céu Claro;Simples;Reta;Não;2;0;1;0;1;0;1;2;-27,65861;-48,68185;SR-SC;DEL8/1;UOP02/SC
265136;26/01/2020;domingo;00:30:00;SP;116;206,7;GUARULHOS;Falta de Atenção à Condução;Colisão traseira;Sem Vítimas;Plena Noite;Crescente;Céu Claro;Dupla;Reta;Sim;2;0;0;0;2;0;0;2;-23,41854;-46,38058;SR-SP;DEL6/1;UOP01/SP
265137;25/01/2020;sábado;23:30:00;CE;20;421;MARACANAU;Restrição de Visibilidade;Saída de leito carroçável;Com Vítimas Feridas;Plena Noite;Decrescente;Céu Claro;Dupla;Reta;Sim;2;0;1;0;0;1;1;1;-3,76999;-38,67006;SR-CE;DEL16/1;UOP02/CE
265138;25/01/2020;sábado;23:25:00;PR;277;120;CAMPO LARGO;Ingestão de Álcool;Capotamento;Sem Vítimas;Plena Noite;Decrescente;Nublado;Dupla;Reta;Não;1;0;0;0;0;1;0;1;-25,45257;-49,54898;SR-PR;DEL7/1;UOP05/PR
265139;25/01/2020;sábado;23:25:00;SP;116;155,5;SAO JOSE DOS CAMPOS;Falta de Atenção à Condução;Capotamento;Com Vítimas Feridas;Plena Noite;Crescente;Céu Claro;Dupla;Não Informado;Sim;1;0;1;0;0;0;1;1;-23,24524;-45,92773;SR-SP;DEL6/2;UOP01/SP
265140;25/01/2020;sábado;22:10:00;GO;158;268;JATAI;Ingestão de Álcool;Colisão lateral;Sem Vítimas;Plena Noite;Decrescente;Nublado;Dupla;Reta;Sim;2;0;0;0;2;0;0;2;-17,84668;-51,73598;SR-GO;DEL1/5;UOP01/GO
265141;26/01/2020;domingo;01:10:00;PA;230;121;MARABA;Desobediência às normas de trânsito pelo condutor;Colisão transversal;Sem Vítimas;Plena Noite;Decrescente;Garoa/Chuvisco;Dupla;Interseção de vias;Sim;2;0;0;0;1;1;0;2;-5,352974;-49,12144;SR-PA;DEL19/3;UOP01/PA
265142;26/01/2020;domingo;01:25:00;RJ;101;66;CAMPOS DOS GOYTACAZES;Ingestão de Álcool;Atropelamento de Pedestre;Com Vítimas Feridas;Plena Noite;Decrescente;Nublado;Simples;Curva;Sim;2;0;1;0;1;0;1;1;-21,7609;-41,34789;SR-RJ;DEL5/8;UOP02/RJ
265143;26/01/2020;domingo;00:05:00;MT;163;1044;MATUPA;Falta de Atenção à Condução;Queda de ocupante de veículo;Com Vítimas Fatais;Plena Noite;Decrescente;Chuva;Simples;Reta;Não;3;1;0;0;2;0;0;2;-10,24969;-54,99308;SR-MT;DEL2/6;UOP02/MT
265144;25/01/2020;sábado;23:00:00;MA;135;20,9;SAO LUIS;Objeto estático sobre o leito carroçável;Colisão com objeto estático;Com Vítimas Feridas;Plena Noite;Crescente;Nublado;Dupla;Reta;Sim;2;0;1;0;1;0;1;2;-2,56175;-44,31589;SR-MA;DEL18/1;UOP01/MA
265145;25/01/2020;sábado;23:48:00;BA;135;143;RIACHAO DAS NEVES;Animais na Pista;Atropelamento de Animal;Com Vítimas Feridas;Plena Noite;Decrescente;Chuva;Simples;Reta;Não;3;0;1;0;2;0;1;1;-11,89105;-44,85957;SR-BA;DEL10/10;UOP01/BA
265146;25/01/2020;sábado;21:35:00;PI;343;592,5;FLORIANO;Ingestão de Álcool;Atropelamento de Pedestre;Com Vítimas Feridas;Plena Noite;Crescente;Céu Claro;Simples;Reta;Sim;3;0;1;0;0;2;1;1;-6,777731;-43,03156;SR-PI;DEL17/3;UOP01/PI
265147;25/01/2020;sábado;00:31:00;SP;116;409,1;JUQUIA;Animais na Pista;Atropelamento de Animal;Com Vítimas Feridas;Plena Noite;Decrescente;Nublado;Dupla;Desvio Temporário;Não;5;0;3;2;0;0;5;1;-24,3316;-47,58478;SR-SP;DEL6/5;UOP01/SP
265148;26/01/2020;domingo;01:10:00;RS;386;35,8;FREDERICO WESTPHALEN;Ingestão de Álcool;Colisão lateral;Sem Vítimas;Plena Noite;Crescente;Céu Claro;Simples;Reta;Sim;2;0;0;0;2;0;0;2;-27,36511;-53,3949;SR-RS;DEL08;UOP02/RS
265149;26/01/2020;domingo;02:10:00;PE;232;51,9;POMBOS;Desobediência às normas de trânsito pelo condutor;Colisão frontal;Com Vítimas Fatais;Plena Noite;Decrescente;Céu Claro;Dupla;Não Informado;Sim;5;1;2;0;1;1;2;2;-8,134659;-35,33971;SR-PE;DEL11/1;UOP04/PE
265150;26/01/2020;domingo;01:40:00;RS;386;444;CANOAS;Pista Escorregadia;Tombamento;Com Vítimas Feridas;Plena Noite;Decrescente;Céu Claro;Dupla;Não Informado;Sim;2;0;1;0;1;0;1;2;-29,89268;-51,176;SR-RS;DEL9/1;UOP01/RS
265151;26/01/2020;domingo;00:30:00;SP;116;409,1;JUQUIA;Animais na Pista;Atropelamento de Animal;Com Vítimas Feridas;Plena Noite;Decrescente;Céu Claro;Dupla;Reta;Não;1;0;1;0;0;0;1;1;-24,3316;-47,58478;SR-SP;DEL6/5;UOP01/SP
265152;26/01/2020;domingo;00:40:00;MG;262;38,8;MANHUACU;Ingestão de Álcool;Colisão lateral;Com Vítimas Feridas;Plena Noite;Crescente;Nublado;Simples;Reta;Sim;2;0;0;1;1;0;1;2;-20,26306;-42,03685;SR-MG;DEL4/6;UOP04/MG
265153;26/01/2020;domingo;00:20:00;CE;222;2;CAUCAIA;Ingestão de Álcool;Colisão traseira;Com Vítimas Feridas;Plena Noite;Crescente;Céu Claro;Dupla;Reta;Sim;2;0;0;1;1;0;1;2;-3,736507;-38,65337;SR-CE;DEL16/1;UOP01/CE
265154;26/01/2020;domingo;03:00:00;SP;116;155;SAO JOSE DOS CAMPOS;Falta de Atenção à Condução;Atropelamento de Pedestre;Com Vítimas Feridas;Plena Noite;Crescente;Nevoeiro/Neblina;Dupla;Não Informado;Sim;2;0;1;0;0;1;1;1;-23,24524;-45,92773;SR-SP;DEL6/2;UOP01/SP
265155;26/01/2020;domingo;02:55:00;ES;101;149,2;LINHARES;Ingestão de Álcool;Colisão transversal;Sem Vítimas;Plena Noite;Crescente;Chuva;Dupla;Interseção de vias;Sim;2;0;0;0;2;0;0;2;-19,4001;-40,06303;SR-ES;DEL12/4;UOP01/ES
265156;26/01/2020;domingo;00:00:00;BA;418;109;NOVA VICOSA;Ingestão de Álcool;Saída de leito carroçável;Com Vítimas Feridas;Plena Noite;Decrescente;Chuva;Simples;Reta;Não;6;0;2;0;4;0;2;3;-17,89393;-40,04535;SR-BA;DEL10/9;UOP03/BA
265157;26/01/2020;domingo;04:20:00;AL;316;247;ATALAIA;Ingestão de Álcool;Colisão frontal;Com Vítimas Feridas;Plena Noite;Decrescente;Nublado;Simples;Reta;Sim;2;0;1;0;0;1;1;2;-9,533141;-35,9903;SR-AL;DEL13/1;UOP01/AL
265158;26/01/2020;domingo;03:30:00;MG;40;527;CONTAGEM;Velocidade Incompatível;Saída de leito carroçável;Sem Vítimas;Plena Noite;Decrescente;Nublado;Dupla;Curva;Sim;1;0;0;0;0;1;0;1;-19,9015;-44,04939;SR-MG;DEL4/1;UOP02/MG
265159;26/01/2020;domingo;01:49:00;RJ;101;303;SAO GONCALO;Falta de Atenção à Condução;Saída de leito carroçável;Com Vítimas Feridas;Plena Noite;Decrescente;Céu Claro;Dupla;Reta;Não;1;0;1;0;0;0;1;1;-22,78282;-42,97667;SR-RJ;DEL5/2;UOP01/RJ
265161;26/01/2020;domingo;02:50:00;CE;222;5;CAUCAIA;Desobediência às normas de trânsito pelo condutor;Colisão lateral;Sem Vítimas;Plena Noite;Crescente;Chuva;Múltipla;Reta;Não;2;0;0;0;2;0;0;2;-3,742969;-38,61331;SR-CE;DEL16/1;UOP01/CE
265162;26/01/2020;domingo;05:00:00;RS;116;193,1;PICADA CAFE;Ingestão de Álcool;Colisão frontal;Com Vítimas Feridas;Amanhecer;Crescente;Céu Claro;Simples;Curva;Sim;4;0;3;0;1;0;3;2;-29,44461;-51,13861;SR-RS;DEL9/5;UOP02/RS
265163;26/01/2020;domingo;05:00:00;SC;470;45,6;GASPAR;Defeito na Via;Colisão com objeto estático;Com Vítimas Feridas;Amanhecer;Crescente;Céu Claro;Simples;Não Informado;Sim;1;0;1;0;0;0;1;1;-26,86285;-49,0347;SR-SC;DEL8/4;UOP01/SC
265164;26/01/2020;domingo;02:50:00;MS;163;549,1;BANDEIRANTES;Desobediência às normas de trânsito pelo condutor;Colisão transversal;Sem Vítimas;Plena Noite;Decrescente;Nublado;Simples;Interseção de vias;Sim;6;0;0;0;5;1;0;2;-19,90957;-54,37133;SR-MS;DEL3/1;UOP02/MS
265165;26/01/2020;domingo;05:05:00;RS;116;235;NOVO HAMBURGO;Falta de Atenção à Condução;Colisão com objeto estático;Sem Vítimas;Amanhecer;Decrescente;Céu Claro;Dupla;Curva;Não;1;0;0;0;0;1;0;1;-29,66038;-51,14387;SR-RS;DEL9/1;UOP02/RS
265166;26/01/2020;domingo;02:50:00;MT;70;343;DOM AQUINO;Velocidade Incompatível;Saída de leito carroçável;Sem Vítimas;Plena Noite;Decrescente;Nublado;Simples;Curva;Não;1;0;0;0;1;0;0;1;-15,53564;-54,82133;SR-MT;DEL2/5;UOP01/MT
265169;26/01/2020;domingo;06:00:00;BA;116;617;IRAJUBA;Falta de Atenção à Condução;Saída de leito carroçável;Com Vítimas Feridas;Pleno dia;Crescente;Céu Claro;Simples;Reta;Não;2;0;2;0;0;0;2;1;-13,32186;-40,017;SR-BA;DEL10/3;UOP01/BA
265170;26/01/2020;domingo;06:55:00;SP;153;301,5;CAMPOS NOVOS PAULISTA;Defeito na Via;Queda de ocupante de veículo;Com Vítimas Feridas;Amanhecer;Decrescente;Sol;Simples;Reta;Não;2;0;1;0;0;1;1;1;-22,59033;-49,88961;SR-SP;DEL6/07;UOP03/SP
265171;25/01/2020;sábado;23:30:00;MG;116;115,1;ITAOBIM;Ingestão de Substâncias Psicoativas;Atropelamento de Pedestre;Com Vítimas Feridas;Plena Noite;Decrescente;Nublado;Simples;Reta;Sim;2;0;2;0;0;0;2;1;-16,55656;-41,50193;SR-MG;DEL4/11;UOP02/MG
265173;26/01/2020;domingo;06:20:00;RJ;493;5,8;ITABORAI;Defeito na Via;Capotamento;Com Vítimas Feridas;Pleno dia;Decrescente;Céu Claro;Simples;Não Informado;Sim;2;0;1;0;0;1;1;1;-22,73999;-42,95375;SR-RJ;DEL5/2;UOP01/RJ
265174;26/01/2020;domingo;07:30:00;DF;20;18,5;BRASILIA;Ingestão de Álcool;Colisão lateral;Sem Vítimas;Pleno dia;Crescente;Garoa/Chuvisco;Dupla;Não Informado;Não;2;0;0;0;2;0;0;2;-15,6169;-47,70893;SR-DF;UOP01/DEL02/DF;
265175;26/01/2020;domingo;05:15:00;MS;419;319;NIOAQUE;Condutor Dormindo;Saída de leito carroçável;Sem Vítimas;Amanhecer;Decrescente;Céu Claro;Simples;Reta;Não;1;0;0;0;1;0;0;1;-21,06805;-55,79391;SR-MS;DEL3/3;UOP01/MS
265176;26/01/2020;domingo;07:00:00;BA;101;807;ITAMARAJU;Ingestão de Álcool;Colisão frontal;Com Vítimas Feridas;Pleno dia;Crescente;Chuva;Simples;Reta;Sim;2;0;2;0;0;0;2;2;-17,18821;-39,58798;SR-BA;DEL10/9;UOP01/BA
265177;26/01/2020;domingo;07:40:00;MG;116;170,5;PADRE PARAISO;Defeito Mecânico no Veículo;Tombamento;Com Vítimas Feridas;Pleno dia;Decrescente;Garoa/Chuvisco;Simples;Curva;Não;1;0;1;0;0;0;1;1;-17,01767;-41,44357;SR-MG;DEL4/11;UOP02/MG
265178;26/01/2020;domingo;07:50:00;CE;20;301;CANINDE;Falta de Atenção à Condução;Colisão transversal;Com Vítimas Feridas;Pleno dia;Decrescente;Céu Claro;Simples;Reta;Não;1;0;1;0;0;0;1;1;-4,406297;-39,3237;SR-CE;DEL16/2;UOP01/CE
265179;26/01/2020;domingo;03:50:00;SP;116;161;JACAREI;Falta de Atenção à Condução;Saída de leito carroçável;Sem Vítimas;Plena Noite;Decrescente;Céu Claro;Simples;Curva;Sim;1;0;0;0;0;1;0;1;-23,27617;-45,97592;SR-SP;DEL6/2;UOP01/SP
265180;10/01/2020;sexta-feira;17:10:00;RJ;101;309;SAO GONCALO;Falta de Atenção à Condução;Colisão lateral;Com Vítimas Feridas;Pleno dia;Decrescente;Sol;Dupla;Reta;Sim;2;0;0;1;1;0;1;2;-22,79499;-43,03446;SR-RJ;DEL5/2;UOP01/RJ
265181;26/01/2020;domingo;07:40:00;PI;343;345,5;TERESINA;Desobediência às normas de trânsito pelo condutor;Colisão transversal;Com Vítimas Feridas;Pleno dia;Decrescente;Sol;Dupla;Interseção de vias;Sim;3;0;2;0;1;0;2;2;-5,102889;-42,76651;SR-PI;DEL17/1;UOP01/PI
265182;14/01/2020;terça-feira;19:30:00;SC;101;204;SAO JOSE;Animais na Pista;Atropelamento de Animal;Com Vítimas Feridas;Anoitecer;Crescente;Nublado;Múltipla;Reta;Sim;1;0;1;0;0;0;1;1;-27,57413;-48,61363;SR-SC;DEL8/1;UOP01/SC
265183;06/01/2020;segunda-feira;13:03:00;GO;158;40;BOM JARDIM DE GOIAS;Falta de Atenção à Condução;Colisão lateral;Com Vítimas Feridas;Pleno dia;Crescente;Céu Claro;Simples;Interseção de vias;Não;2;0;0;1;1;0;1;2;-16,20285;-52,15636;SR-GO;DEL1/4;UOP01/GO
265184;26/01/2020;domingo;08:45:00;PR;277;137;BALSA NOVA;Falta de Atenção à Condução;Colisão lateral;Com Vítimas Feridas;Pleno dia;Decrescente;Sol;Dupla;Reta;Não;3;0;1;0;2;0;1;2;-25,46851;-49,72635;SR-PR;DEL7/1;UOP05/PR
265185;26/01/2020;domingo;07:50:00;RO;364;710;PORTO VELHO;Desobediência às normas de trânsito pelo condutor;Colisão traseira;Com Vítimas Feridas;Pleno dia;Decrescente;Sol;Dupla;Reta;Sim;4;0;1;1;2;0;2;2;-8,781539;-63,86531;SR-RO;DEL21/1;UOP01/RO
265186;26/01/2020;domingo;09:20:00;RJ;116;122;MAGE;Falta de Atenção à Condução;Colisão lateral;Com Vítimas Feridas;Pleno dia;Decrescente;Céu Claro;Dupla;Curva;Não;2;0;1;0;0;1;1;2;-22,65445;-43,08503;SR-RJ;DEL5/4;UOP02/RJ
265187;26/01/2020;domingo;05:45:00;RS;470;161,7;NOVA PRATA;Falta de Atenção à Condução;Saída de leito carroçável;Com Vítimas Feridas;Amanhecer;Crescente;Céu Claro;Simples;Curva;Não;1;0;1;0;0;0;1;1;-28,81702;-51,59492;SR-RS;DEL9/6;UOP02/RS
265188;26/01/2020;domingo;08:50:00;SP;488;1,5;APARECIDA;Falta de Atenção à Condução;Atropelamento de Pedestre;Com Vítimas Feridas;Pleno dia;Crescente;Céu Claro;Dupla;Reta;Sim;4;0;2;0;1;1;2;1;-22,85016;-45,23181;SR-SP;DEL6/8;UOP02/SP
265189;26/01/2020;domingo;04:00:00;RN;406;140;CEARA-MIRIM;Condutor Dormindo;Saída de leito carroçável;Com Vítimas Feridas;Plena Noite;Crescente;Garoa/Chuvisco;Simples;Curva;Não;2;0;2;0;0;0;2;1;-5,651431;-35,52168;SR-RN;DEL15/2;UOP01/RN
265190;26/01/2020;domingo;09:40:00;GO;40;47,8;LUZIANIA;Desobediência às normas de trânsito pelo condutor;Colisão frontal;Com Vítimas Fatais;Pleno dia;Decrescente;Chuva;Simples;Reta;Não;5;2;2;0;1;0;2;3;-16,41995;-47,82497;SR-DF;UOP02/DF;
265191;26/01/2020;domingo;09:20:00;PR;277;527,4;GUARANIACU;Velocidade Incompatível;Saída de leito carroçável;Sem Vítimas;Pleno dia;Crescente;Céu Claro;Simples;Curva;Não;1;0;0;0;1;0;0;1;-25,09165;-52,94926;SR-PR;DEL7/4;UOP02/PR
265192;26/01/2020;domingo;09:10:00;RJ;116;92,9;GUAPIMIRIM;Objeto estático sobre o leito carroçável;Colisão com objeto estático;Com Vítimas Feridas;Pleno dia;Decrescente;Céu Claro;Simples;Reta;Não;1;0;1;0;0;0;1;1;-22,47655;-42,99757;SR-RJ;DEL5/4;UOP02/RJ
265193;26/01/2020;domingo;10:00:00;PR;277;141;BALSA NOVA;Não guardar distância de segurança;Colisão traseira;Com Vítimas Feridas;Pleno dia;Crescente;Céu Claro;Simples;Não Informado;Não;3;0;2;0;1;0;2;2;-25,46594;-49,74717;SR-PR;DEL7/1;UOP05/PR
265194;26/01/2020;domingo;07:30:00;BA;101;98;ALAGOINHAS;Não guardar distância de segurança;Colisão traseira;Com Vítimas Feridas;Pleno dia;Decrescente;Céu Claro;Simples;Reta;Não;13;0;10;1;2;0;11;2;-12,08301;-38,3501;SR-BA;DEL10/1;UOP04/BA
265195;26/01/2020;domingo;09:55:00;RS;116;232,6;NOVO HAMBURGO;Defeito Mecânico no Veículo;Incêndio;Sem Vítimas;Pleno dia;Decrescente;Sol;Simples;Reta;Sim;1;0;0;0;1;0;0;1;-29,63781;-51,14178;SR-RS;DEL9/1;UOP02/RS
265196;26/01/2020;domingo;10:40:00;MG;40;425;PARAOPEBA;Defeito Mecânico no Veículo;Queda de ocupante de veículo;Com Vítimas Feridas;Pleno dia;Decrescente;Céu Claro;Dupla;Reta;Não;1;0;1;0;0;0;1;1;-19,16224;-44,52255;SR-MG;DEL4/2;UOP01/MG
265197;26/01/2020;domingo;09:45:00;RJ;101;330;RIO DE JANEIRO;Falta de Atenção à Condução;Colisão lateral;Com Vítimas Feridas;Pleno dia;Decrescente;Céu Claro;Dupla;Reta;Não;2;0;0;1;1;0;1;2;-22,8685;-43,18549;SR-RJ;UOP01;DEL02
265198;26/01/2020;domingo;09:20:00;SP;116;167;JACAREI;Agressão Externa;Queda de ocupante de veículo;Com Vítimas Feridas;Pleno dia;Decrescente;Sol;Simples;Viaduto;Não;1;0;0;1;0;0;1;1;-23,30255;-46,0264;SR-SP;DEL6/2;UOP01/SP