id;data_inversa;dia_semana;horario;uf;br;km;municipio;causa_acidente;tipo_acidente;classificacao_acidente;fase_dia;sentido_via;condicao_metereologica;tipo_pista;tracado_via;uso_solo;pessoas;mortos;feridos_leves;feridos_graves;ilesos;ignorados;feridos;veiculos;latitude;longitude;regional;delegacia;uop
265199;26/01/2020;domingo;10:40:00;MT;70;0;PONTAL DO ARAGUAIA;Ingestão de Álcool;Colisão traseira;Sem Vítimas;Pleno dia;Decrescente;Sol;Simples;Reta;Sim;5;0;0;0;5;0;0;3;-15,89554;-52,25599;SR-MT;DEL2/8;UOP01/MT
265200;26/01/2020;domingo;10:45:00;AL;104;39,5;UNIAO DOS PALMARES;Falta de Atenção à Condução;Colisão transversal;Com Vítimas Feridas;Pleno dia;Crescente;Céu Claro;Simples;Reta;Sim;3;0;1;1;1;0;2;2;-9,190294;-36,03691;SR-AL;DEL13/1;UOP02/AL
265201;26/01/2020;domingo;10:20:00;GO;40;42,1;LUZIANIA;Ingestão de Álcool;Saída de leito carroçável;Sem Vítimas;Pleno dia;Decrescente;Chuva;Simples;Curva;Não;1;0;0;0;1;0;0;1;-16,37676;-47,83053;SR-DF;UOP02/DF;
265202;26/01/2020;domingo;10:45:00;SC;101;231;PALHOCA;Falta de Atenção à Condução;Colisão traseira;Sem Vítimas;Pleno dia;Crescente;Sol;Dupla;Curva;Não;2;0;0;0;2;0;0;2;-27,7867;-48,63564;SR-SC;DEL8/1;UOP02/SC
265203;26/01/2020;domingo;10:50:00;PE;104;42,8;CARUARU;Desobediência às normas de trânsito pelo condutor;Colisão frontal;Com Vítimas Fatais;Pleno dia;Crescente;Céu Claro;Dupla;Desvio Temporário;Não;2;1;0;0;1;0;0;2;-8,1065;-36,0218;SR-PE;DEL11/2;UOP01/PE
265204;26/01/2020;domingo;11:10:00;PA;316;50,1;SANTA IZABEL DO PARA;Avarias e/ou desgaste excessivo no pneu;Tombamento;Com Vítimas Feridas;Pleno dia;Decrescente;Nublado;Dupla;Reta;Não;2;0;2;0;0;0;2;1;-1,304277;-48,04272;SR-PA;DEL19/1;UOP01/PA
265206;26/01/2020;domingo;09:45:00;MT;163;607;NOVA MUTUM;Desobediência às normas de trânsito pelo condutor;Colisão transversal;Com Vítimas Feridas;Pleno dia;Crescente;Céu Claro;Simples;Reta;Não;2;0;1;0;1;0;1;2;-13,84569;-56,08401;SR-MT;DEL2/4;UOP01/MT
265207;26/01/2020;domingo;11:40:00;PE;101;90,1;CABO DE SANTO AGOSTINHO;Desobediência às normas de trânsito pelo condutor;Colisão lateral;Com Vítimas Feridas;Pleno dia;Crescente;Céu Claro;Dupla;Reta;Sim;2;0;0;1;0;1;1;2;-8,216128;-34,98773;SR-PE;DEL11/1;UOP03/PE
265208;26/01/2020;domingo;11:40:00;SP;488;1,1;APARECIDA;Falta de Atenção à Condução;Colisão transversal;Com Vítimas Feridas;Pleno dia;Crescente;Céu Claro;Dupla;Rotatória;Sim;2;0;1;0;1;0;1;2;-22,84691;-45,23149;SR-SP;DEL6/8;UOP02/SP
265209;26/01/2020;domingo;12:05:00;GO;20;18,1;FORMOSA;Velocidade Incompatível;Saída de leito carroçável;Com Vítimas Feridas;Pleno dia;Decrescente;Chuva;Simples;Não Informado;Não;3;0;1;0;2;0;1;1;-15,5576;-47,19923;SR-DF;UOP01/DEL02/DF;
265210;26/01/2020;domingo;12:05:00;MG;146;606;POCOS DE CALDAS;Defeito Mecânico no Veículo;Saída de leito carroçável;Com Vítimas Feridas;Pleno dia;Decrescente;Céu Claro;Simples;Curva;Não;2;0;2;0;0;0;2;1;-21,80573;-46,45775;SR-MG;DEL09;UOP04/MG
265211;26/01/2020;domingo;11:00:00;MS;60;592,9;JARDIM;Falta de Atenção à Condução;Colisão transversal;Com Vítimas Feridas;Pleno dia;Decrescente;Céu Claro;Simples;Reta;Sim;3;0;2;0;1;0;2;2;-21,48556;-56,15058;SR-MS;DEL3/5;UOP01/MS
265212;26/01/2020;domingo;11:20:00;RO;364;343,3;JI-PARANA;Desobediência às normas de trânsito pelo condutor;Colisão transversal;Com Vítimas Feridas;Pleno dia;Decrescente;Nublado;Múltipla;Interseção de vias;Sim;2;0;1;0;1;0;1;2;-10,87879;-61,94499;SR-RO;DEL21/2;UOP01/RO
265213;26/01/2020;domingo;06:00:00;SC;163;90,2;GUARACIABA;Velocidade Incompatível;Saída de leito carroçável;Com Vítimas Feridas;Amanhecer;Crescente;Céu Claro;Simples;Não Informado;Não;1;0;1;0;0;0;1;1;-26,56627;-53,51004;SR-SC;DEL7;UOP03/SC
265214;26/01/2020;domingo;11:45:00;RS;290;142,4;ELDORADO DO SUL;Falta de Atenção à Condução;Colisão transversal;Sem Vítimas;Pleno dia;Crescente;Sol;Simples;Não Informado;Não;2;0;0;0;1;1;0;2;-30,08968;-51,62831;SR-RS;DEL9/2;UOP01/RS
265215;26/01/2020;domingo;11:55:00;RJ;101;419;MANGARATIBA;Não guardar distância de segurança;Colisão traseira;Com Vítimas Feridas;Pleno dia;Crescente;Sol;Simples;Desvio Temporário;Não;7;0;2;0;5;0;2;4;-22,91809;-43,91359;SR-RJ;DEL5/3;UOP01/RJ
265216;26/01/2020;domingo;12:20:00;BA;101;895,5;CARAVELAS;Velocidade Incompatível;Saída de leito carroçável;Com Vítimas Feridas;Pleno dia;Decrescente;Chuva;Simples;Curva;Não;1;0;1;0;0;0;1;1;-17,75163;-39,76433;SR-BA;DEL10/9;UOP03/BA
265217;26/01/2020;domingo;12:15:00;PR;376;601;CURITIBA;Falta de Atenção à Condução;Colisão lateral;Sem Vítimas;Pleno dia;Decrescente;Céu Claro;Dupla;Reta;Sim;3;0;0;0;2;1;0;2;-25,53705;-49,31404;SR-PR;DEL7/1;UOP04/PR
265218;09/01/2020;quinta-feira;22:30:00;GO;60;26;ALEXANIA;Velocidade Incompatível;Capotamento;Sem Vítimas;Plena Noite;Decrescente;Céu Claro;Dupla;Desvio Temporário;Não;1;0;0;0;1;0;0;1;-16,0963;-48,5202;SR-DF;UOP03/DF;
265221;26/01/2020;domingo;11:00:00;SP;116;57,3;GUARATINGUETA;Falta de Atenção à Condução;Colisão lateral;Com Vítimas Feridas;Pleno dia;Decrescente;Céu Claro;Dupla;Reta;Sim;3;0;2;0;1;0;2;2;-22,77455;-45,13807;SR-SP;DEL6/8;UOP02/SP
265222;26/01/2020;domingo;09:15:00;BA;116;563;NOVA ITARANA;Defeito Mecânico no Veículo;Saída de leito carroçável;Sem Vítimas;Pleno dia;Crescente;Nublado;Simples;Reta;Não;1;0;0;0;1;0;0;1;-12,98378;-39,94284;SR-BA;DEL10/3;UOP02/BA
265223;26/01/2020;domingo;09:55:00;SC;282;220,5;LAGES;Desobediência às normas de trânsito pelo condutor;Colisão transversal;Com Vítimas Feridas;Pleno dia;Decrescente;Céu Claro;Simples;Rotatória;Não;7;0;2;0;5;0;2;2;-27,79521;-50,33898;SR-SC;DEL8/5;UOP01/SC
265224;26/01/2020;domingo;13:00:00;PE;101;76;RECIFE;Falta de Atenção à Condução;Colisão lateral;Com Vítimas Feridas;Pleno dia;Crescente;Sol;Dupla;Reta;Sim;2;0;1;0;1;0;1;2;-8,118138;-34,94329;SR-PE;DEL11/1;UOP01/PE
265225;26/01/2020;domingo;13:25:00;CE;116;24;ITAITINGA;Pista Escorregadia;Capotamento;Sem Vítimas;Pleno dia;Crescente;Chuva;Dupla;Curva;Não;1;0;0;0;1;0;0;1;-3,95798;-38,51311;SR-CE;DEL16/1;UOP02/CE
265226;26/01/2020;domingo;12:40:00;MG;262;385;MATEUS LEME;Condutor Dormindo;Saída de leito carroçável;Com Vítimas Feridas;Pleno dia;Decrescente;Nublado;Dupla;Reta;Não;1;0;1;0;0;0;1;1;-19,93325;-44,42077;SR-MG;DEL4/1;UOP03/MG
265227;26/01/2020;domingo;13:40:00;ES;101;293,8;CARIACICA;Falta de Atenção à Condução;Colisão lateral;Com Vítimas Feridas;Pleno dia;Crescente;Nublado;Múltipla;Retorno Regulamentado;Sim;3;0;1;1;1;0;2;2;-20,31526;-40,39567;SR-ES;DEL12/1;UOP01/ES
265228;26/01/2020;domingo;13:20:00;ES;262;145,9;IBATIBA;Animais na Pista;Atropelamento de Animal;Com Vítimas Feridas;Pleno dia;Crescente;Nublado;Simples;Reta;Não;1;0;1;0;0;0;1;1;-20,22946;-41,41447;SR-ES;DEL12/1;UOP02/ES
265229;26/01/2020;domingo;13:35:00;SP;116;215;GUARULHOS;Condutor Dormindo;Capotamento;Com Vítimas Feridas;Pleno dia;Decrescente;Céu Claro;Múltipla;Reta;Não;1;0;1;0;0;0;1;1;-23,44696;-46,45394;SR-SP;DEL6/1;UOP01/SP
265230;26/01/2020;domingo;13:00:00;MG;381;732,7;CARMO DA CACHOEIRA;Falta de Atenção à Condução;Saída de leito carroçável;Com Vítimas Feridas;Pleno dia;Decrescente;Céu Claro;Dupla;Reta;Não;1;0;1;0;0;0;1;1;-21,55414;-45,24499;SR-MG;DEL4/4;UOP02/MG
265231;26/01/2020;domingo;11:30:00;RR;401;80;BONFIM;Condutor Dormindo;Saída de leito carroçável;Com Vítimas Feridas;Pleno dia;Decrescente;Céu Claro;Simples;Reta;Não;1;0;1;0;0;0;1;1;3,213066;-60,15303;SR-RR;UOP01/RR;
265233;26/01/2020;domingo;13:40:00;ES;101;296;CARIACICA;Falta de Atenção à Condução;Colisão lateral;Com Vítimas Feridas;Pleno dia;Crescente;Sol;Simples;Viaduto;Sim;3;0;2;0;0;1;2;2;-20,34359;-40,40747;SR-ES;DEL12/1;UOP01/ES
265234;26/01/2020;domingo;12:00:00;AC;364;115;RIO BRANCO;Velocidade Incompatível;Saída de leito carroçável;Sem Vítimas;Pleno dia;Decrescente;Céu Claro;Dupla;Rotatória;Sim;1;0;0;0;0;1;0;1;-10,01306;-67,71775;SR-AC;UOP01/AC;
265235;26/01/2020;domingo;14:30:00;AL;316;131,9;MINADOR DO NEGRAO;Defeito Mecânico no Veículo;Saída de leito carroçável;Com Vítimas Feridas;Pleno dia;Crescente;Sol;Simples;Interseção de vias;Não;5;0;5;0;0;0;5;1;-9,391095;-36,83959;SR-AL;DEL13/3;UOP01/AL
265236;26/01/2020;domingo;14:50:00;GO;20;7,8;FORMOSA;Sinalização da via insuficiente ou inadequada;Engavetamento;Com Vítimas Feridas;Pleno dia;Decrescente;Chuva;Simples;Não Informado;Não;5;0;1;0;3;1;1;4;-15,5476;-47,29159;SR-DF;UOP01/DEL02/DF;
265237;26/01/2020;domingo;15:15:00;PR;476;128;CURITIBA;Desobediência às normas de trânsito pelo condutor;Colisão lateral;Sem Vítimas;Pleno dia;Decrescente;Sol;Múltipla;Reta;Sim;2;0;0;0;1;1;0;2;-25,43671;-49,23405;SR-PR;DEL7/1;UOP06/PR
265238;26/01/2020;domingo;15:00:00;DF;20;46;BRASILIA;Velocidade Incompatível;Saída de leito carroçável;Com Vítimas Feridas;Pleno dia;Crescente;Chuva;Dupla;Não Informado;Não;1;0;1;0;0;0;1;1;-15,58058;-47,45849;SR-DF;UOP01/DEL02/DF;
265239;26/01/2020;domingo;15:30:00;SC;101;188;BIGUACU;Não guardar distância de segurança;Colisão traseira;Sem Vítimas;Pleno dia;Decrescente;Céu Claro;Dupla;Reta;Sim;2;0;0;0;1;1;0;2;-27,45123;-48,63371;SR-SC;DEL8/1;UOP01/SC
265240;26/01/2020;domingo;15:10:00;GO;60;186,9;GUAPO;Defeito Mecânico no Veículo;Colisão com objeto estático;Sem Vítimas;Pleno dia;Crescente;Nublado;Dupla;Reta;Sim;1;0;0;0;1;0;0;1;-16,8011;-49,5177;SR-GO;DEL1/1;UOP02/GO
265241;26/01/2020;domingo;15:50:00;GO;153;629;MORRINHOS;Velocidade Incompatível;Tombamento;Com Vítimas Feridas;Pleno dia;Decrescente;Nublado;Dupla;Reta;Não;4;0;1;0;2;1;1;2;-17,79316;-49,20059;SR-GO;DEL1/3;UOP01/GO
265242;26/01/2020;domingo;16:05:00;BA;324;4,2;FEIRA DE SANTANA;Pista Escorregadia;Tombamento;Com Vítimas Feridas;Pleno dia;Decrescente;Chuva;Dupla;Reta;Sim;2;0;1;0;1;0;1;1;-12,285;-38,97028;SR-BA;DEL10/2;UOP01/BA
265243;26/01/2020;domingo;15:55:00;CE;20;429;FORTALEZA;Agressão Externa;Colisão com objeto estático;Sem Vítimas;Pleno dia;Decrescente;Nublado;Dupla;Reta;Sim;7;0;0;0;7;0;0;2;-3,76999;-38,67006;SR-CE;DEL16/1;UOP02/CE
265244;26/01/2020;domingo;16:00:00;ES;101;328,8;GUARAPARI;Defeito Mecânico no Veículo;Colisão com objeto estático;Com Vítimas Feridas;Pleno dia;Decrescente;Nublado;Simples;Reta;Não;5;0;3;0;2;0;3;1;-20,57963;-40,49015;SR-ES;DEL12/3;UOP01/ES
265246;26/01/2020;domingo;15:45:00;SP;153;56,4;SAO JOSE DO RIO PRETO;Não guardar distância de segurança;Colisão com objeto estático;Com Vítimas Fatais;Pleno dia;Crescente;Sol;Simples;Não Informado;Não;3;1;0;0;0;2;0;2;-20,76156;-49,34622;SR-SP;DEL6/9;UOP01/SP
265247;26/01/2020;domingo;15:30:00;SP;381;61;MAIRIPORA;Desobediência às normas de trânsito pelo condutor;Colisão traseira;Com Vítimas Feridas;Pleno dia;Crescente;Céu Claro;Dupla;Curva;Sim;2;0;1;0;1;0;1;2;-23,29012;-46,58007;SR-SP;DEL6/3;UOP02/SP
265248;26/01/2020;domingo;16:15:00;SC;101;226,5;PALHOCA;Falta de Atenção à Condução;Colisão traseira;Com Vítimas Feridas;Pleno dia;Decrescente;Céu Claro;Dupla;Reta;Não;7;0;1;1;4;1;2;5;-27,742;-48,63807;SR-SC;DEL8/1;UOP02/SC
265249;26/01/2020;domingo;15:40:00;PR;476;139;CURITIBA;Defeito Mecânico no Veículo;Colisão com objeto estático;Sem Vítimas;Pleno dia;Crescente;Céu Claro;Múltipla;Reta;Sim;1;0;0;0;1;0;0;1;-25,51494;-49,29087;SR-PR;DEL7/1;UOP03/PR
265250;26/01/2020;domingo;16:20:00;SP;116;79,9;ROSEIRA;Defeito Mecânico no Veículo;Colisão traseira;Com Vítimas Feridas;Pleno dia;Decrescente;Sol;Dupla;Reta;Não;5;0;4;0;1;0;4;2;-22,90482;-45,31031;SR-SP;DEL6;UOP01/SP
265251;26/01/2020;domingo;16:30:00;PR;277;633,1;CEU AZUL;Ingestão de Álcool;Colisão frontal;Com Vítimas Fatais;Pleno dia;Decrescente;Céu Claro;Simples;Reta;Não;6;1;2;3;0;0;5;2;-25,12592;-53,81943;SR-PR;DEL7/5;UOP02/PR
265252;26/01/2020;domingo;16:15:00;GO;60;396,9;RIO VERDE;Condutor Dormindo;Saída de leito carroçável;Com Vítimas Feridas;Pleno dia;Decrescente;Céu Claro;Dupla;Reta;Não;5;0;5;0;0;0;5;1;-17,8244;-51,0172;SR-GO;DEL1/4;UOP01/GO
265253;26/01/2020;domingo;13:50:00;SC;282;560,8;NOVA ITABERABA;Condutor Dormindo;Saída de leito carroçável;Com Vítimas Feridas;Pleno dia;Crescente;Céu Claro;Simples;Não Informado;Não;1;0;1;0;0;0;1;1;-26,92741;-52,85387;SR-SC;DEL7;UOP02/SC
265254;26/01/2020;domingo;17:00:00;BA;116;863,5;VITORIA DA CONQUISTA;Falta de Atenção do Pedestre;Atropelamento de Pedestre;Com Vítimas Feridas;Pleno dia;Crescente;Nublado;Simples;Reta;Não;2;0;0;1;1;0;1;1;-15,0771;-41,0065;SR-BA;DEL10/8;UOP03/BA
265255;26/01/2020;domingo;17:20:00;TO;153;146;ARAGUAINA;Ingestão de Álcool;Saída de leito carroçável;Com Vítimas Feridas;Pleno dia;Crescente;Nublado;Múltipla;Não Informado;Sim;3;0;1;0;2;0;1;1;-7,213378;-48,24431;SR-TO;UOP04/TO;
265256;26/01/2020;domingo;17:10:00;SP;381;44;ATIBAIA;Desobediência às normas de trânsito pelo condutor;Saída de leito carroçável;Com Vítimas Feridas;Pleno dia;Decrescente;Céu Claro;Múltipla;Reta;Não;1;0;0;1;0;0;1;1;-23,16459;-46,57419;SR-SP;DEL6/3;UOP02/SP
265257;26/01/2020;domingo;15:05:00;MG;50;173;UBERABA;Ingestão de Álcool;Colisão com objeto estático;Sem Vítimas;Pleno dia;Decrescente;Céu Claro;Simples;Curva;Não;1;0;0;0;1;0;0;1;-19,76244;-47,97702;SR-MG;DEL13;UOP01/MG
265258;26/01/2020;domingo;16:46:00;MS;163;386;NOVA ALVORADA DO SUL;Condutor Dormindo;Saída de leito carroçável;Com Vítimas Feridas;Pleno dia;Crescente;Céu Claro;Dupla;Reta;Não;5;0;5;0;0;0;5;1;-21,2893;-54,4378;SR-MS;DEL2;UOP01/MS
265259;26/01/2020;domingo;16:15:00;PR;116;76;CAMPINA GRANDE DO SUL;Avarias e/ou desgaste excessivo no pneu;Tombamento;Com Vítimas Feridas;Pleno dia;Decrescente;Céu Claro;Dupla;Reta;Não;2;0;1;1;0;0;2;1;-25,37738;-49,04961;SR-PR;DEL7/1;UOP01/PR
265260;26/01/2020;domingo;16:00:00;BA;235;16,7;PEDRO ALEXANDRE;Falta de Atenção à Condução;Colisão frontal;Com Vítimas Fatais;Pleno dia;Crescente;Nublado;Simples;Reta;Não;2;1;0;0;1;0;0;2;-10,22407;-37,8426;SR-SE;DEL20/1;UOP02/SE
265262;26/01/2020;domingo;17:15:00;SP;381;25;ATIBAIA;Não guardar distância de segurança;Colisão traseira;Com Vítimas Feridas;Pleno dia;Crescente;Céu Claro;Dupla;Reta;Não;6;0;3;0;3;0;3;3;-23,02018;-46,52967;SR-SP;DEL6/3;UOP02/SP
265263;26/01/2020;domingo;17:50:00;DF;20;42;BRASILIA;Velocidade Incompatível;Capotamento;Com Vítimas Fatais;Pleno dia;Crescente;Chuva;Dupla;Não Informado;Não;1;1;0;0;0;0;0;1;-15,57922;-47,49434;SR-DF;UOP01/DEL02/DF;
265264;26/01/2020;domingo;17:45:00;SC;470;126,6;LONTRAS;Agressão Externa;Atropelamento de Animal;Com Vítimas Feridas;Pleno dia;Crescente;Céu Claro;Simples;Reta;Não;2;0;2;0;0;0;2;1;-27,129;-49,53828;SR-SC;DEL8/4;UOP02/SC
265265;26/01/2020;domingo;16:40:00;MA;10;320;ACAILANDIA;Falta de Atenção à Condução;Colisão transversal;Com Vítimas Feridas;Pleno dia;Decrescente;Céu Claro;Simples;Interseção de vias;Sim;2;0;0;1;1;0;1;2;-4,952405;-47,50338;SR-MA;DEL18/4;UOP03/MA
265266;26/01/2020;domingo;18:10:00;RN;406;34,1;GUAMARE;Ingestão de Álcool;Colisão traseira;Com Vítimas Feridas;Amanhecer;Crescente;Céu Claro;Simples;Reta;Sim;3;0;2;1;0;0;3;2;-5,253768;-36,3604;SR-RN;DEL15/2;UOP01/RN
265267;26/01/2020;domingo;16:30:00;MT;364;227,3;RONDONOPOLIS;Ingestão de álcool e/ou substâncias psicoativas pelo pedestre;Tombamento;Sem Vítimas;Pleno dia;Decrescente;Céu Claro;Dupla;Reta;Não;1;0;0;0;1;0;0;1;-16,29045;-54,76387;SR-MT;DEL2/2;UOP01/MT
265268;26/01/2020;domingo;17:30:00;MT;70;149,7;GENERAL CARNEIRO;Avarias e/ou desgaste excessivo no pneu;Saída de leito carroçável;Com Vítimas Feridas;Pleno dia;Decrescente;Nublado;Simples;Reta;Sim;4;0;4;0;0;0;4;1;-15,57915;-53,36133;SR-MT;DEL2/8;UOP01/MT
265269;26/01/2020;domingo;16:30:00;MT;364;226;RONDONOPOLIS;Defeito Mecânico no Veículo;Incêndio;Sem Vítimas;Pleno dia;Decrescente;Céu Claro;Dupla;Reta;Não;1;0;0;0;1;0;0;1;-16,29869;-54,76073;SR-MT;DEL2/2;UOP01/MT
265270;26/01/2020;domingo;18:00:00;SP;116;145,7;SAO JOSE DOS CAMPOS;Falta de Atenção à Condução;Colisão traseira;Com Vítimas Feridas;Pleno dia;Decrescente;Céu Claro;Dupla;Não Informado;Não;2;0;1;0;1;0;1;2;-23,18698;-45,85481;SR-SP;DEL6/2;UOP01/SP
265271;26/01/2020;domingo;16:40:00;GO;153;579,8;PROFESSOR JAMIL;Falta de Atenção à Condução;Saída de leito carroçável;Com Vítimas Feridas;Pleno dia;Decrescente;Nublado;Dupla;Curva;Não;2;0;2;0;0;0;2;1;-17,3767;-49,2382;SR-GO;DEL1/3;UOP01/GO
265272;26/01/2020;domingo;18:30:00;GO;153;404;PIRENOPOLIS;Ultrapassagem Indevida;Colisão frontal;Com Vítimas Feridas;Anoitecer;Crescente;Nublado;Simples;Reta;Não;2;0;0;1;1;0;1;2;-16,05529;-49,06903;SR-GO;DEL1/2;UOP01/GO
265273;26/01/2020;domingo;17:45:00;SC;280;56;GUARAMIRIM;Desobediência às normas de trânsito pelo condutor;Colisão transversal;Sem Vítimas;Pleno dia;Crescente;Céu Claro;Simples;Reta;Sim;2;0;0;0;2;0;0;2;-26,47948;-49,00299;SR-SC;DEL8/3;UOP03/SC
265274;26/01/2020;domingo;14:20:00;SC;101;402,3;MARACAJA;Ingestão de Álcool;Colisão com objeto estático;Com Vítimas Feridas;Pleno dia;Decrescente;Céu Claro;Dupla;Reta;Não;2;0;1;0;1;0;1;1;-28,86331;-49,44595;SR-SC;DEL8/2;UOP02/SC
265275;26/01/2020;domingo;18:05:00;PR;277;729;FOZ DO IGUACU;Ingestão de Álcool;Atropelamento de Pedestre;Com Vítimas Feridas;Pleno dia;Crescente;Céu Claro;Dupla;Reta;Sim;2;0;0;1;1;0;1;1;-25,45953;-54,5836;SR-PR;DEL7/5;UOP03/PR
265276;26/01/2020;domingo;09:30:00;MT;174;105,8;MIRASSOL DOESTE;Velocidade Incompatível;Saída de leito carroçável;Com Vítimas Feridas;Pleno dia;Crescente;Sol;Simples;Reta;Não;2;0;1;0;1;0;1;1;-15,82846;-57,91413;SR-MT;DEL2/3;UOP01/MT
265277;26/01/2020;domingo;18:00:00;PR;376;241;APUCARANA;Ingestão de Álcool;Saída de leito carroçável;Com Vítimas Feridas;Pleno dia;Crescente;Céu Claro;Simples;Reta;Não;1;0;1;0;0;0;1;1;-23,58168;-51,42682;SR-PR;DEL7/7;UOP03/PR
265278;26/01/2020;domingo;17:30:00;PI;316;307;PICOS;Não guardar distância de segurança;Colisão lateral;Sem Vítimas;Pleno dia;Crescente;Garoa/Chuvisco;Simples;Reta;Não;2;0;0;0;2;0;0;2;-7,078273;-41,50175;SR-PI;DEL17/4;UOP01/PI
265279;26/01/2020;domingo;18:00:00;SC;101;242,2;PALHOCA;Falta de Atenção à Condução;Capotamento;Com Vítimas Feridas;Pleno dia;Decrescente;Céu Claro;Múltipla;Não Informado;Não;2;0;0;1;1;0;1;1;-27,87546;-48,64678;SR-SC;DEL8/1;UOP02/SC
265280;26/01/2020;domingo;18:30:00;ES;101;147;LINHARES;Desobediência às normas de trânsito pelo condutor;Colisão transversal;Com Vítimas Feridas;Anoitecer;Crescente;Céu Claro;Simples;Rotatória;Sim;3;0;1;0;2;0;1;2;-19,37887;-40,06658;SR-ES;DEL12/4;UOP01/ES
265282;26/01/2020;domingo;18:10:00;RS;392;66,6;PELOTAS;Falta de Atenção à Condução;Colisão traseira;Sem Vítimas;Pleno dia;Crescente;Sol;Simples;Não Informado;Sim;2;0;0;0;2;0;0;2;-31,76275;-52,39165;SR-RS;DEL9/7;UOP01/RS
265285;26/01/2020;domingo;18:25:00;AL;104;37;UNIAO DOS PALMARES;Animais na Pista;Atropelamento de Animal;Com Vítimas Feridas;Plena Noite;Crescente;Céu Claro;Simples;Reta;Não;3;0;2;0;1;0;2;1;-9,174913;-36,02935;SR-AL;DEL13/1;UOP02/AL
265286;26/01/2020;domingo;18:20:00;SC;280;20,6;ARAQUARI;Desobediência às normas de trânsito pelo condutor;Colisão transversal;Sem Vítimas;Pleno dia;Decrescente;Céu Claro;Simples;Interseção de vias;Não;2;0;0;0;2;0;0;2;-26,37044;-48,68834;SR-SC;DEL8/3;UOP03/SC
265287;26/01/2020;domingo;19:00:00;MG;381;499;BETIM;Falta de Atenção à Condução;Capotamento;Com Vítimas Feridas;Plena Noite;Crescente;Nublado;Múltipla;Reta;Sim;2;0;2;0;0;0;2;1;-19,99593;-44,20864;SR-MG;DEL4/1;UOP03/MG
265288;26/01/2020;domingo;19:20:00;CE;116;6,7;FORTALEZA;Falta de Atenção do Pedestre;Atropelamento de Pedestre;Com Vítimas Feridas;Plena Noite;Crescente;Nublado;Dupla;Reta;Sim;2;0;2;0;0;0;2;1;-3,802624;-38,504;SR-CE;DEL16/1;UOP02/CE
265289;26/01/2020;domingo;18:30:00;PR;376;174,2;MARINGA;Desobediência às normas de trânsito pelo condutor;Colisão transversal;Com Vítimas Feridas;Anoitecer;Crescente;Céu Claro;Dupla;Interseção de vias;Sim;4;0;3;0;1;0;3;2;-23,4143;-51,94984;SR-PR;DEL7/7;UOP04/PR
265290;26/01/2020;domingo;16:20:00;SC;470;219,9;SAO CRISTOVAO DO SUL;Defeito Mecânico no Veículo;Saída de leito carroçável;Sem Vítimas;Pleno dia;Decrescente;Céu Claro;Simples;Não Informado;Não;1;0;0;0;1;0;0;1;-27,30297;-50,30311;SR-SC;DEL8/5;UOP03/SC
265291;26/01/2020;domingo;17:10:00;GO;40;48;LUZIANIA;Ingestão de Substâncias Psicoativas;Saída de leito carroçável;Sem Vítimas;Anoitecer;Decrescente;Chuva;Simples;Curva;Não;1;0;0;0;1;0;0;1;-16,42778;-47,82118;SR-DF;UOP02/DF;
265294;26/01/2020;domingo;19:10:00;RN;304;34,6;MOSSORO;Animais na Pista;Atropelamento de Animal;Com Vítimas Feridas;Plena Noite;Crescente;Céu Claro;Dupla;Não Informado;Sim;1;0;1;0;0;0;1;1;-5,158797;-37,35016;SR-RN;DEL15/4;UOP02/RN
265296;26/01/2020;domingo;19:20:00;GO;153;532,5;HIDROLANDIA;Pista Escorregadia;Saída de leito carroçável;Com Vítimas Feridas;Anoitecer;Decrescente;Chuva;Dupla;Desvio Temporário;Sim;2;0;1;0;1;0;1;1;-16,9852;-49,2297;SR-GO;DEL1/1;UOP03/GO
265297;26/01/2020;domingo;18:20:00;GO;153;508;APARECIDA DE GOIANIA;Falta de Atenção à Condução;Colisão lateral;Sem Vítimas;Anoitecer;Crescente;Nublado;Dupla;Não Informado;Sim;3;0;0;0;3;0;0;2;-16,7804;-49,2371;SR-GO;DEL1/1;UOP03/GO
265298;26/01/2020;domingo;19:20:00;AL;104;86,9;RIO LARGO;Animais na Pista;Atropelamento de Animal;Com Vítimas Feridas;Plena Noite;Crescente;Céu Claro;Dupla;Reta;Sim;2;0;2;0;0;0;2;1;-9,466917;-35,82504;SR-AL;DEL13/1;UOP01/AL
265299;26/01/2020;domingo;19:00:00;SP;153;61,1;SAO JOSE DO RIO PRETO;Ingestão de Álcool;Atropelamento de Pedestre;Com Vítimas Feridas;Anoitecer;Crescente;Céu Claro;Dupla;Desvio Temporário;Sim;2;0;1;0;1;0;1;1;-20,80503;-49,35575;SR-SP;DEL6/9;UOP01/SP
265300;26/01/2020;domingo;19:20:00;GO;40;21;LUZIANIA;Ingestão de Álcool;Colisão traseira;Sem Vítimas;Plena Noite;Crescente;Garoa/Chuvisco;Dupla;Reta;Sim;2;0;0;0;2;0;0;2;-16,21854;-47,91573;SR-DF;UOP01/DF;
265302;26/01/2020;domingo;18:35:00;PB;101;88;JOAO PESSOA;Falta de Atenção à Condução;Colisão lateral;Com Vítimas Feridas;Plena Noite;Crescente;Céu Claro;Dupla;Reta;Sim;6;0;3;0;3;0;3;2;-7,171128;-34,89772;SR-PB;DEL14/1;UOP01/PB