id;data_inversa;dia_semana;horario;uf;br;km;municipio;causa_acidente;tipo_acidente;classificacao_acidente;fase_dia;sentido_via;condicao_metereologica;tipo_pista;tracado_via;uso_solo;pessoas;mortos;feridos_leves;feridos_graves;ilesos;ignorados;feridos;veiculos;latitude;longitude;regional;delegacia;uop
265413;27/01/2020;segunda-feira;07:00:00;MG;40;728,6;BARBACENA;Defeito Mecânico no Veículo;Colisão com objeto estático;Sem Vítimas;Pleno dia;Crescente;Céu Claro;Dupla;Reta;Não;1;0;0;0;1;0;0;1;-21,30202;-43,61921;SR-MG;DEL5;UOP01/MG
265414;27/01/2020;segunda-feira;08:25:00;SC;470;45,6;GASPAR;Defeito Mecânico no Veículo;Tombamento;Com Vítimas Feridas;Pleno dia;Decrescente;Céu Claro;Simples;Reta;Não;2;0;2;0;0;0;2;1;-26,86706;-49,03111;SR-SC;DEL8/4;UOP01/SC
265415;27/01/2020;segunda-feira;08:25:00;RS;158;79,3;BOA VISTA DAS MISSOES;Falta de Atenção à Condução;Saída de leito carroçável;Com Vítimas Feridas;Pleno dia;Crescente;Céu Claro;Simples;Reta;Não;1;0;1;0;0;0;1;1;-27,74064;-53,32065;SR-RS;DEL08;UOP02/RS
265416;27/01/2020;segunda-feira;08:25:00;RS;116;248;SAO LEOPOLDO;Falta de Atenção à Condução;Colisão traseira;Com Vítimas Feridas;Pleno dia;Decrescente;Céu Claro;Dupla;Viaduto;Sim;3;0;1;0;2;0;1;3;-29,77606;-51,15509;SR-RS;DEL9/1;UOP02/RS
265417;27/01/2020;segunda-feira;07:05:00;DF;70;19;BRASILIA;Pista Escorregadia;Saída de leito carroçável;Com Vítimas Feridas;Pleno dia;Decrescente;Chuva;Simples;Não Informado;Não;2;0;0;1;1;0;1;1;-15,78887;-48,22024;SR-DF;UOP06/DF;
265418;27/01/2020;segunda-feira;07:30:00;PI;343;307,8;ALTOS;Falta de Atenção à Condução;Colisão traseira;Com Vítimas Feridas;Pleno dia;Crescente;Céu Claro;Simples;Reta;Sim;2;0;1;0;1;0;1;2;-5,039802;-42,45952;SR-PI;DEL17/1;UOP01/PI
265419;27/01/2020;segunda-feira;08:40:00;SC;101;334;TUBARAO;Desobediência às normas de trânsito pelo condutor;Colisão transversal;Com Vítimas Feridas;Pleno dia;Decrescente;Nublado;Simples;Interseção de vias;Sim;2;0;1;0;1;0;1;2;-28,46963;-49,01499;SR-SC;DEL8/2;UOP01/SC
265420;27/01/2020;segunda-feira;08:50:00;PR;376;163,4;MARINGA;Condutor Dormindo;Saída de leito carroçável;Com Vítimas Feridas;Pleno dia;Decrescente;Sol;Dupla;Não Informado;Não;1;0;1;0;0;0;1;1;-23,38151;-52,0348;SR-PR;DEL7/7;UOP04/PR
265421;27/01/2020;segunda-feira;06:50:00;RO;364;424;JARU;Desobediência às normas de trânsito pelo condutor;Colisão lateral;Com Vítimas Feridas;Pleno dia;Decrescente;Céu Claro;Simples;Reta;Sim;2;0;1;0;1;0;1;2;-10,44457;-62,46568;SR-RO;DEL21/3;UOP02/RO
265422;27/01/2020;segunda-feira;09:00:00;PB;230;19;JOAO PESSOA;Mal Súbito;Colisão com objeto estático;Com Vítimas Feridas;Pleno dia;Decrescente;Céu Claro;Dupla;Reta;Sim;1;0;1;0;0;0;1;1;-7,1281;-34,8466;SR-PB;DEL14/1;UOP01/PB
265423;27/01/2020;segunda-feira;09:17:00;SP;116;46,8;CANAS;Defeito Mecânico no Veículo;Colisão com objeto estático;Com Vítimas Feridas;Pleno dia;Crescente;Sol;Dupla;Reta;Não;2;0;2;0;0;0;2;1;-22,71394;-45,05336;SR-SP;DEL6/8;UOP02/SP
265424;27/01/2020;segunda-feira;08:40:00;DF;80;18,5;BRASILIA;Não guardar distância de segurança;Colisão transversal;Com Vítimas Feridas;Pleno dia;Crescente;Céu Claro;Dupla;Retorno Regulamentado;Sim;2;0;1;0;1;0;1;2;-15,68426;-48,20514;SR-DF;UOP06/DF;
265425;27/01/2020;segunda-feira;07:30:00;RS;153;389,5;CACHOEIRA DO SUL;Velocidade Incompatível;Colisão lateral;Com Vítimas Feridas;Pleno dia;Decrescente;Sol;Simples;Curva;Não;3;0;1;0;2;0;1;2;-29,87981;-52,96103;SR-RS;DEL9/2;UOP03/RS
265426;27/01/2020;segunda-feira;08:45:00;GO;153;497;GOIANIA;Defeito Mecânico no Veículo;Queda de ocupante de veículo;Com Vítimas Feridas;Pleno dia;Crescente;Nublado;Dupla;Reta;Sim;1;0;1;0;0;0;1;1;-16,6854;-49,2338;SR-GO;DEL1/1;UOP01/GO
265428;27/01/2020;segunda-feira;09:20:00;SC;101;213;PALHOCA;Falta de Atenção à Condução;Colisão traseira;Com Vítimas Feridas;Pleno dia;Crescente;Céu Claro;Múltipla;Reta;Não;2;0;1;0;1;0;1;2;-27,63697;-48,66514;SR-SC;DEL8/1;UOP02/SC
265429;27/01/2020;segunda-feira;09:30:00;PA;230;156;ITUPIRANGA;Pista Escorregadia;Colisão lateral;Com Vítimas Feridas;Pleno dia;Crescente;Chuva;Simples;Reta;Não;7;0;1;0;5;1;1;3;-5,235596;-49,33491;SR-PA;DEL19/3;UOP01/PA
265430;27/01/2020;segunda-feira;08:05:00;PE;101;96;CABO DE SANTO AGOSTINHO;Falta de Atenção à Condução;Colisão traseira;Sem Vítimas;Pleno dia;Crescente;Céu Claro;Simples;Não Informado;Não;1;0;0;0;1;0;0;1;-8,25147;-35,02181;SR-PE;DEL11/1;UOP03/PE
265431;27/01/2020;segunda-feira;09:40:00;PR;476;153,2;ARAUCARIA;Falta de Atenção à Condução;Colisão traseira;Com Vítimas Feridas;Pleno dia;Decrescente;Céu Claro;Dupla;Reta;Sim;2;0;0;1;1;0;1;2;-25,57731;-49,39234;SR-PR;DEL7/1;UOP04/PR
265433;27/01/2020;segunda-feira;08:45:00;MS;262;264,4;RIBAS DO RIO PARDO;Condutor Dormindo;Saída de leito carroçável;Com Vítimas Feridas;Pleno dia;Crescente;Céu Claro;Simples;Reta;Não;3;0;2;0;0;1;2;1;-20,4272;-53,96924;SR-MS;DEL3/1;UOP01/MS
265434;27/01/2020;segunda-feira;09:50:00;PR;116;107;SAO JOSE DOS PINHAIS;Falta de Atenção à Condução;Engavetamento;Com Vítimas Feridas;Pleno dia;Crescente;Sol;Dupla;Reta;Não;5;0;1;0;4;0;1;4;-25,5699;-49,18778;SR-PR;DEL7/1;UOP04/PR
265435;27/01/2020;segunda-feira;07:40:00;PR;376;593;CURITIBA;Falta de Atenção à Condução;Atropelamento de Pedestre;Com Vítimas Feridas;Pleno dia;Crescente;Céu Claro;Dupla;Reta;Não;2;0;1;0;1;0;1;1;-25,47643;-49,35092;SR-PR;DEL7/1;UOP04/PR
265436;27/01/2020;segunda-feira;09:40:00;SC;280;53,7;GUARAMIRIM;Desobediência às normas de trânsito pelo condutor;Colisão lateral;Com Vítimas Feridas;Pleno dia;Decrescente;Sol;Simples;Reta;Não;2;0;1;0;1;0;1;2;-26,47237;-48,97427;SR-SC;DEL8/3;UOP03/SC
265437;27/01/2020;segunda-feira;10:10:00;PA;230;120;MARABA;Desobediência às normas de trânsito pelo condutor;Colisão transversal;Sem Vítimas;Pleno dia;Crescente;Nublado;Dupla;Reta;Sim;2;0;0;0;2;0;0;2;-5,360796;-49,12384;SR-PA;DEL19/3;UOP01/PA
265438;27/01/2020;segunda-feira;10:15:00;PR;369;178,4;ROLANDIA;Defeito Mecânico no Veículo;Saída de leito carroçável;Com Vítimas Feridas;Pleno dia;Decrescente;Céu Claro;Dupla;Curva;Sim;1;0;0;1;0;0;1;1;-23,34916;-51,38553;SR-PR;DEL7/7;UOP01/PR
265440;27/01/2020;segunda-feira;10:10:00;CE;116;26,1;AQUIRAZ;Não guardar distância de segurança;Queda de ocupante de veículo;Com Vítimas Feridas;Pleno dia;Decrescente;Chuva;Dupla;Reta;Não;1;0;1;0;0;0;1;1;-3,975296;-38,51436;SR-CE;DEL16/1;UOP02/CE
265441;27/01/2020;segunda-feira;10:15:00;CE;116;26;AQUIRAZ;Desobediência às normas de trânsito pelo condutor;Colisão traseira;Sem Vítimas;Pleno dia;Decrescente;Céu Claro;Dupla;Não Informado;Sim;2;0;0;0;2;0;0;2;-3,975296;-38,51436;SR-CE;DEL16/1;UOP02/CE
265442;27/01/2020;segunda-feira;10:30:00;RJ;116;122;MAGE;Mal Súbito;Tombamento;Com Vítimas Feridas;Pleno dia;Decrescente;Céu Claro;Dupla;Reta;Não;1;0;0;1;0;0;1;1;-22,6351;-43,05578;SR-RJ;DEL5/4;UOP02/RJ
265444;27/01/2020;segunda-feira;06:35:00;SP;116;363;MIRACATU;Velocidade Incompatível;Tombamento;Com Vítimas Feridas;Amanhecer;Decrescente;Céu Claro;Dupla;Curva;Não;1;0;1;0;0;0;1;1;-24,13038;-47,27114;SR-SP;DEL6/4;UOP03/SP
265445;27/01/2020;segunda-feira;10:30:00;MG;116;525,1;CARATINGA;Desobediência às normas de trânsito pelo condutor;Colisão transversal;Com Vítimas Feridas;Pleno dia;Crescente;Céu Claro;Simples;Curva;Sim;3;0;1;1;1;0;2;2;-19,76834;-42,13105;SR-MG;DEL4/6;UOP02/MG
265447;27/01/2020;segunda-feira;09:20:00;PI;316;9;TERESINA;Falta de Atenção à Condução;Colisão transversal;Sem Vítimas;Pleno dia;Crescente;Céu Claro;Simples;Reta;Sim;2;0;0;0;2;0;0;2;-5,173817;-42,76625;SR-PI;DEL17/1;UOP02/PI
265448;27/01/2020;segunda-feira;11:00:00;PR;376;0,5;SAO JOSE DOS PINHAIS;Defeito Mecânico no Veículo;Engavetamento;Sem Vítimas;Pleno dia;Crescente;Céu Claro;Dupla;Reta;Sim;4;0;0;0;3;1;0;4;-25,5307;-49,1958;SR-PR;DEL7/1;UOP01/PR
265450;27/01/2020;segunda-feira;10:35:00;RS;116;40,3;VACARIA;Falta de Atenção à Condução;Colisão transversal;Sem Vítimas;Pleno dia;Crescente;Céu Claro;Simples;Reta;Sim;3;0;0;0;3;0;0;2;-28,51839;-50,93942;SR-RS;DEL9/5;UOP03/RS
265451;27/01/2020;segunda-feira;11:05:00;PR;369;91,3;CORNELIO PROCOPIO;Velocidade Incompatível;Tombamento;Com Vítimas Fatais;Pleno dia;Crescente;Céu Claro;Simples;Não Informado;Sim;2;1;0;0;0;1;0;1;-23,2056;-50,65526;SR-PR;DEL7/7;UOP06/PR
265452;27/01/2020;segunda-feira;10:18:00;TO;153;218;NOVA OLINDA;Ultrapassagem Indevida;Tombamento;Com Vítimas Feridas;Pleno dia;Decrescente;Chuva;Simples;Reta;Não;12;0;2;7;1;2;9;3;-7,801458;-48,45676;SR-TO;UOP04/TO;
265454;27/01/2020;segunda-feira;10:20:00;RS;116;53,4;VACARIA;Falta de Atenção à Condução;Saída de leito carroçável;Com Vítimas Feridas;Pleno dia;Crescente;Nublado;Simples;Curva;Não;1;0;1;0;0;0;1;1;-28,58783;-51,02777;SR-RS;DEL9/5;UOP03/RS
265455;27/01/2020;segunda-feira;11:05:00;RS;392;61;PELOTAS;Defeito na Via;Tombamento;Com Vítimas Feridas;Pleno dia;Crescente;Céu Claro;Simples;Reta;Sim;2;0;2;0;0;0;2;1;-31,78636;-52,35281;SR-RS;DEL9/7;UOP01/RS
265456;27/01/2020;segunda-feira;11:35:00;SP;116;227,1;GUARULHOS;Não guardar distância de segurança;Colisão traseira;Com Vítimas Feridas;Pleno dia;Crescente;Céu Claro;Simples;Curva;Não;2;0;2;0;0;0;2;2;-23,49659;-46,55649;SR-SP;DEL6/1;UOP01/SP
265458;27/01/2020;segunda-feira;12:00:00;GO;60;333,9;ACREUNA;Falta de Atenção à Condução;Colisão traseira;Sem Vítimas;Pleno dia;Crescente;Céu Claro;Dupla;Ponte;Não;2;0;0;0;2;0;0;2;-17,5502;-50,5451;SR-GO;DEL1/4;UOP01/GO
265459;27/01/2020;segunda-feira;11:30:00;SC;282;38;AGUAS MORNAS;Falta de Atenção à Condução;Colisão frontal;Com Vítimas Feridas;Pleno dia;Crescente;Céu Claro;Simples;Reta;Não;4;0;2;1;1;0;3;2;-27,70921;-48,85247;SR-SC;DEL8/1;UOP03/SC
265460;27/01/2020;segunda-feira;11:55:00;SC;282;17;PALHOCA;Falta de Atenção à Condução;Colisão transversal;Com Vítimas Feridas;Pleno dia;Crescente;Céu Claro;Simples;Reta;Sim;3;0;0;1;1;1;1;2;-27,66571;-48,68807;SR-SC;DEL8/1;UOP02/SC
265461;27/01/2020;segunda-feira;10:45:00;MS;262;463,7;DOIS IRMAOS DO BURITI;Falta de Atenção à Condução;Colisão frontal;Com Vítimas Feridas;Pleno dia;Decrescente;Céu Claro;Simples;Não Informado;Não;2;0;0;1;1;0;1;2;-20,53568;-55,57056;SR-MS;DEL3/3;UOP01/MS
265462;27/01/2020;segunda-feira;12:00:00;ES;101;168;LINHARES;Falta de Atenção à Condução;Engavetamento;Com Vítimas Feridas;Pleno dia;Crescente;Céu Claro;Simples;Reta;Não;3;0;1;0;2;0;1;3;-19,53476;-40,1576;SR-ES;DEL12/4;UOP01/ES
265463;27/01/2020;segunda-feira;11:40:00;RS;153;599;BAGE;Defeito Mecânico no Veículo;Queda de ocupante de veículo;Com Vítimas Feridas;Pleno dia;Decrescente;Céu Claro;Simples;Reta;Não;1;0;1;0;0;0;1;1;-31,17842;-53,83218;SR-RS;DEL9/11;UOP03/RS
265464;27/01/2020;segunda-feira;11:30:00;PR;376;1,5;SAO JOSE DOS PINHAIS;Falta de Atenção à Condução;Colisão traseira;Sem Vítimas;Pleno dia;Decrescente;Sol;Dupla;Interseção de vias;Sim;2;0;0;0;2;0;0;2;-25,5307;-49,1958;SR-PR;DEL7/1;UOP01/PR
265465;27/01/2020;segunda-feira;12:30:00;SC;101;205;SAO JOSE;Ingestão de Álcool;Colisão traseira;Sem Vítimas;Pleno dia;Decrescente;Sol;Múltipla;Não Informado;Sim;3;0;0;0;3;0;0;2;-27,58313;-48,61533;SR-SC;DEL8/1;UOP01/SC
265466;27/01/2020;segunda-feira;13:15:00;RS;158;260,1;JULIO DE CASTILHOS;Desobediência às normas de trânsito pelo condutor;Colisão transversal;Com Vítimas Feridas;Pleno dia;Decrescente;Sol;Simples;Reta;Não;4;0;1;0;3;0;1;2;-29,20379;-53,67479;SR-RS;DEL9/10;UOP02/RS
265467;27/01/2020;segunda-feira;10:10:00;PB;230;1;PATOS;Falta de Atenção à Condução;Colisão transversal;Sem Vítimas;Pleno dia;Decrescente;Céu Claro;Simples;Reta;Sim;2;0;0;0;2;0;0;2;-7,009594;-37,29407;SR-PB;DEL14/3;UOP01/PB
265468;27/01/2020;segunda-feira;13:30:00;PE;232;133;CARUARU;Pista Escorregadia;Queda de ocupante de veículo;Com Vítimas Feridas;Pleno dia;Decrescente;Céu Claro;Dupla;Reta;Não;2;0;1;0;0;1;1;1;-8,30608;-36,01576;SR-PE;DEL11/2;UOP02/PE
265469;27/01/2020;segunda-feira;11:40:00;SC;101;465,9;PASSO DE TORRES;Não guardar distância de segurança;Colisão traseira;Com Vítimas Feridas;Pleno dia;Crescente;Céu Claro;Dupla;Reta;Não;6;0;2;0;4;0;2;2;-29,29817;-49,76898;SR-RS;DEL9/3;UOP02/RS
265470;27/01/2020;segunda-feira;13:23:00;PR;277;586;CASCAVEL;Falta de Atenção à Condução;Colisão transversal;Com Vítimas Feridas;Pleno dia;Crescente;Céu Claro;Simples;Reta;Sim;3;0;1;1;1;0;2;2;-24,96941;-53,4296;SR-PR;DEL7/4;UOP01/PR
265472;27/01/2020;segunda-feira;12:45:00;RS;153;47,1;ERECHIM;Desobediência às normas de trânsito pelo condutor;Colisão transversal;Com Vítimas Feridas;Pleno dia;Decrescente;Céu Claro;Simples;Rotatória;Sim;4;0;2;0;2;0;2;2;-27,6453;-52,24998;SR-RS;DEL08;UOP04/RS
265473;27/01/2020;segunda-feira;11:30:00;SP;116;230;SAO PAULO;Falta de Atenção à Condução;Colisão traseira;Sem Vítimas;Pleno dia;Crescente;Céu Claro;Múltipla;Reta;Sim;2;0;0;0;2;0;0;2;-23,52252;-46,58557;SR-SP;DEL6/1;UOP01/SP
265474;27/01/2020;segunda-feira;12:30:00;MT;163;717,1;SORRISO;Defeito Mecânico no Veículo;Tombamento;Com Vítimas Feridas;Pleno dia;Crescente;Sol;Simples;Curva;Não;2;0;2;0;0;0;2;1;-12,94594;-55,8656;SR-MT;DEL2/6;UOP01/MT
265476;27/01/2020;segunda-feira;13:35:00;PR;277;726,5;FOZ DO IGUACU;Falta de Atenção à Condução;Colisão lateral;Com Vítimas Feridas;Pleno dia;Crescente;Céu Claro;Dupla;Não Informado;Sim;3;0;2;0;1;0;2;2;-25,51007;-54,55886;SR-PR;DEL7/5;UOP03/PR
265477;27/01/2020;segunda-feira;12:50:00;CE;116;41;HORIZONTE;Condutor Dormindo;Colisão com objeto estático;Com Vítimas Feridas;Pleno dia;Crescente;Céu Claro;Dupla;Reta;Sim;1;0;1;0;0;0;1;1;-4,102435;-38,50001;SR-CE;DEL16/1;UOP02/CE
265478;27/01/2020;segunda-feira;12:50:00;MT;163;113,3;RONDONOPOLIS;Desobediência às normas de trânsito pelo condutor;Colisão traseira;Com Vítimas Feridas;Pleno dia;Crescente;Céu Claro;Dupla;Reta;Não;2;0;0;1;1;0;1;2;-16,55391;-54,67507;SR-MT;DEL2/2;UOP01/MT
265479;27/01/2020;segunda-feira;11:00:00;RJ;101;292;ITABORAI;Defeito Mecânico no Veículo;Queda de ocupante de veículo;Com Vítimas Feridas;Pleno dia;Decrescente;Céu Claro;Dupla;Reta;Não;1;0;1;0;0;0;1;1;-22,76038;-42,87856;SR-RJ;DEL5/2;UOP02/RJ
265480;27/01/2020;segunda-feira;12:15:00;RJ;101;282;TANGUA;Falta de Atenção do Pedestre;Atropelamento de Pedestre;Com Vítimas Feridas;Pleno dia;Crescente;Sol;Múltipla;Reta;Não;2;0;1;0;0;1;1;1;-22,73714;-42,79665;SR-RJ;DEL5/2;UOP02/RJ
265481;27/01/2020;segunda-feira;12:55:00;GO;70;21,9;COCALZINHO DE GOIAS;Não guardar distância de segurança;Colisão traseira;Com Vítimas Feridas;Pleno dia;Crescente;Chuva;Simples;Não Informado;Não;4;0;3;0;1;0;3;2;-15,73791;-48,39146;SR-DF;UOP06/DF;
265483;27/01/2020;segunda-feira;13:20:00;BA;101;239;CONCEICAO DO ALMEIDA;Falta de Atenção à Condução;Colisão transversal;Com Vítimas Fatais;Pleno dia;Crescente;Céu Claro;Simples;Curva;Não;6;2;1;3;0;0;4;2;-12,88118;-39,21999;SR-BA;DEL10/1;UOP02/BA
265484;27/01/2020;segunda-feira;13:57:00;RJ;40;21,9;TRES RIOS;Condutor Dormindo;Colisão com objeto estático;Com Vítimas Feridas;Pleno dia;Decrescente;Céu Claro;Dupla;Reta;Não;1;0;0;1;0;0;1;1;-22,11424;-43,15859;SR-RJ;DEL5/6;UOP01/RJ
265487;27/01/2020;segunda-feira;09:28:00;RS;392;16,2;RIO GRANDE;Carga excessiva e/ou mal acondicionada;Colisão com objeto estático;Sem Vítimas;Pleno dia;Decrescente;Céu Claro;Simples;Viaduto;Não;1;0;0;0;1;0;0;1;-32,10244;-52,16347;SR-RS;DEL9/7;UOP02/RS
265489;20/01/2020;segunda-feira;22:00:00;SC;470;86;RODEIO;Objeto estático sobre o leito carroçável;Colisão com objeto estático;Com Vítimas Feridas;Plena Noite;Decrescente;Nublado;Simples;Interseção de vias;Não;1;0;0;1;0;0;1;1;-26,94958;-49,35933;SR-SC;DEL8/4;UOP01/SC
265490;27/01/2020;segunda-feira;15:15:00;GO;20;43,7;FORMOSA;Falta de Atenção à Condução;Colisão frontal;Com Vítimas Feridas;Pleno dia;Crescente;Chuva;Simples;Curva;Não;2;0;0;1;1;0;1;2;-15,3834;-47,10028;SR-DF;UOP01/DEL02/DF;
265491;27/01/2020;segunda-feira;09:00:00;GO;364;268;MINEIROS;Velocidade Incompatível;Saída de leito carroçável;Sem Vítimas;Pleno dia;Crescente;Sol;Simples;Não Informado;Não;1;0;0;0;1;0;0;1;-17,67063;-52,29361;SR-GO;DEL1/5;UOP01/GO
265492;27/01/2020;segunda-feira;15:40:00;ES;101;43,8;SAO MATEUS;Pista Escorregadia;Colisão frontal;Com Vítimas Feridas;Pleno dia;Crescente;Chuva;Simples;Reta;Não;2;0;0;1;1;0;1;2;-18,52562;-39,91069;SR-ES;DEL12/4;UOP02/ES
265493;27/01/2020;segunda-feira;15:30:00;GO;153;429;ANAPOLIS;Velocidade Incompatível;Capotamento;Com Vítimas Feridas;Pleno dia;Crescente;Chuva;Dupla;Curva;Não;2;0;1;1;0;0;2;1;-16,24542;-49,0014;SR-GO;DEL1/2;UOP01/GO
265495;27/01/2020;segunda-feira;15:45:00;BA;324;4,2;FEIRA DE SANTANA;Pista Escorregadia;Derramamento de carga;Com Vítimas Feridas;Pleno dia;Decrescente;Céu Claro;Dupla;Reta;Sim;3;0;1;0;0;2;1;3;-12,28313;-38,97445;SR-BA;DEL10/2;UOP01/BA
265496;27/01/2020;segunda-feira;07:15:00;MT;364;403;CUIABA;Não guardar distância de segurança;Colisão transversal;Com Vítimas Feridas;Pleno dia;Crescente;Céu Claro;Dupla;Reta;Sim;2;0;1;0;1;0;1;2;-15,66507;-55,96308;SR-MT;DEL2/1;UOP01/MT
265497;27/01/2020;segunda-feira;15:32:00;PB;230;8,7;CABEDELO;Desobediência às normas de trânsito pelo condutor;Colisão transversal;Com Vítimas Feridas;Pleno dia;Decrescente;Céu Claro;Simples;Reta;Sim;2;0;0;1;1;0;1;2;-7,0355;-34,8429;SR-PB;DEL14/1;UOP01/PB
265498;27/01/2020;segunda-feira;16:30:00;PE;101;80;JABOATAO DOS GUARARAPES;Agressão Externa;Queda de ocupante de veículo;Com Vítimas Feridas;Pleno dia;Crescente;Sol;Dupla;Reta;Sim;1;0;0;1;0;0;1;1;-8,151126;-34,94289;SR-PE;DEL11/1;UOP03/PE
265499;27/01/2020;segunda-feira;16:00:00;SC;101;208,2;SAO JOSE;Falta de Atenção à Condução;Colisão traseira;Com Vítimas Feridas;Pleno dia;Crescente;Chuva;Múltipla;Reta;Sim;2;0;0;2;0;0;2;2;-27,60328;-48,63202;SR-SC;DEL8/1;UOP01/SC
265500;27/01/2020;segunda-feira;15:10:00;RJ;101;538,9;PARATY;Ultrapassagem Indevida;Colisão lateral;Com Vítimas Feridas;Pleno dia;Crescente;Sol;Simples;Curva;Não;3;0;1;1;1;0;2;2;-23,04729;-44,57717;SR-RJ;DEL5/3;UOP03/RJ
265501;27/01/2020;segunda-feira;15:00:00;AP;156;404;TARTARUGALZINHO;Pista Escorregadia;Saída de leito carroçável;Com Vítimas Feridas;Pleno dia;Decrescente;Chuva;Simples;Reta;Não;4;0;3;1;0;0;4;1;1,004739;-51,09307;SR-AP;UOP01/AP;
265502;27/01/2020;segunda-feira;16:00:00;RJ;116;116;MAGE;Falta de Atenção à Condução;Colisão traseira;Sem Vítimas;Pleno dia;Crescente;Céu Claro;Dupla;Reta;Não;4;0;0;0;4;0;0;4;-22,59431;-43,02306;SR-RJ;DEL5/4;UOP02/RJ
265503;27/01/2020;segunda-feira;13:40:00;MG;116;106,7;ITAOBIM;Velocidade Incompatível;Saída de leito carroçável;Com Vítimas Feridas;Pleno dia;Crescente;Céu Claro;Simples;Curva;Não;1;0;1;0;0;0;1;1;-16,47949;-41,50735;SR-MG;DEL4/11;UOP02/MG
265504;27/01/2020;segunda-feira;14:05:00;MG;381;386;SAO GONCALO DO RIO ABAIXO;Falta de Atenção à Condução;Colisão lateral;Com Vítimas Feridas;Pleno dia;Crescente;Nublado;Simples;Reta;Não;3;0;1;0;2;0;1;2;-19,8169;-43,39542;SR-MG;DEL4/1;UOP01/MG
265505;27/01/2020;segunda-feira;13:10:00;RJ;101;307;SAO GONCALO;Mal Súbito;Colisão com objeto estático;Com Vítimas Feridas;Pleno dia;Decrescente;Céu Claro;Dupla;Reta;Sim;1;0;1;0;0;0;1;1;-22,79116;-43,01514;SR-RJ;DEL5/2;UOP01/RJ
265506;27/01/2020;segunda-feira;12:35:00;MG;381;230,5;BELO ORIENTE;Velocidade Incompatível;Colisão lateral;Com Vítimas Feridas;Pleno dia;Crescente;Céu Claro;Simples;Reta;Não;31;0;28;0;3;0;28;3;-19,32394;-42,4122;SR-MG;DEL4/6;UOP01/MG
265508;27/01/2020;segunda-feira;16:45:00;RS;116;235;NOVO HAMBURGO;Pista Escorregadia;Colisão transversal;Com Vítimas Feridas;Pleno dia;Crescente;Garoa/Chuvisco;Dupla;Reta;Sim;2;0;1;0;1;0;1;2;-29,66038;-51,14387;SR-RS;DEL9/1;UOP02/RS
265509;27/01/2020;segunda-feira;16:45:00;RS;116;235;ESTANCIA VELHA;Não guardar distância de segurança;Colisão traseira;Sem Vítimas;Pleno dia;Crescente;Chuva;Dupla;Interseção de vias;Sim;3;0;0;0;3;0;0;3;-29,66038;-51,14387;SR-RS;DEL9/1;UOP02/RS
265511;27/01/2020;segunda-feira;14:15:00;PA;316;97;SANTA MARIA DO PARA;Falta de Atenção à Condução;Saída de leito carroçável;Com Vítimas Feridas;Pleno dia;Crescente;Céu Claro;Simples;Reta;Não;2;0;1;0;1;0;1;1;-1,330329;-47,63036;SR-PA;DEL19/1;UOP02/PA
265512;27/01/2020;segunda-feira;05:10:00;PI;135;588;CORRENTE;Não guardar distância de segurança;Colisão traseira;Sem Vítimas;Pleno dia;Crescente;Céu Claro;Simples;Reta;Não;2;0;0;0;2;0;0;2;-10,42641;-45,1612;SR-PI;DEL17/3;UOP02/PI
265513;27/01/2020;segunda-feira;16:50:00;RS;116;248;SAO LEOPOLDO;Não guardar distância de segurança;Colisão lateral;Com Vítimas Feridas;Pleno dia;Decrescente;Chuva;Múltipla;Não Informado;Sim;2;0;1;0;1;0;1;2;-29,77606;-51,15509;SR-RS;DEL9/1;UOP02/RS
265514;27/01/2020;segunda-feira;16:35:00;RS;386;258,7;SOLEDADE;Ultrapassagem Indevida;Colisão frontal;Com Vítimas Fatais;Pleno dia;Decrescente;Sol;Simples;Curva;Não;6;1;1;0;1;3;1;2;-28,88231;-52,42619;SR-RS;DEL9/4;UOP03/RS
265515;27/01/2020;segunda-feira;16:45:00;RS;290;580,8;ALEGRETE;Ingestão de Álcool;Colisão lateral;Com Vítimas Feridas;Pleno dia;Decrescente;Sol;Simples;Ponte;Não;5;0;1;0;4;0;1;4;-29,8049;-55,78377;SR-RS;DEL9/13;UOP02/RS
265516;27/01/2020;segunda-feira;16:40:00;SC;101;315,4;PESCARIA BRAVA;Falta de Atenção à Condução;Colisão com objeto estático;Com Vítimas Feridas;Pleno dia;Crescente;Chuva;Dupla;Curva;Sim;1;0;1;0;0;0;1;1;-28,42583;-48,8538;SR-SC;DEL8/2;UOP01/SC
265517;07/01/2020;terça-feira;21:00:00;RO;319;63;PORTO VELHO;Falta de Atenção à Condução;Colisão lateral;Sem Vítimas;Plena Noite;Decrescente;Céu Claro;Múltipla;Reta;Sim;6;0;0;0;6;0;0;5;-8,766685;-63,88405;SR-RO;DEL21/1;UOP01/RO
265518;27/01/2020;segunda-feira;17:25:00;PR;376;498,1;PONTA GROSSA;Falta de Atenção do Pedestre;Atropelamento de Pedestre;Com Vítimas Feridas;Pleno dia;Crescente;Céu Claro;Dupla;Viaduto;Sim;3;0;0;1;2;0;1;1;-25,15072;-50,14336;SR-PR;DEL7/3;UOP03/PR
265520;27/01/2020;segunda-feira;14:55:00;GO;60;163,5;GOIANIA;Não guardar distância de segurança;Colisão traseira;Com Vítimas Feridas;Pleno dia;Crescente;Nublado;Simples;Reta;Sim;3;0;2;0;1;0;2;2;-16,70255;-49,33802;SR-GO;DEL1/1;UOP02/GO
265521;27/01/2020;segunda-feira;17:40:00;PR;116;115;CURITIBA;Falta de Atenção à Condução;Colisão lateral;Sem Vítimas;Pleno dia;Decrescente;Céu Claro;Dupla;Reta;Não;6;0;0;0;6;0;0;6;-25,54451;-49,30309;SR-PR;DEL7/1;UOP04/PR