id;data_inversa;dia_semana;horario;uf;br;km;municipio;causa_acidente;tipo_acidente;classificacao_acidente;fase_dia;sentido_via;condicao_metereologica;tipo_pista;tracado_via;uso_solo;pessoas;mortos;feridos_leves;feridos_graves;ilesos;ignorados;feridos;veiculos;latitude;longitude;regional;delegacia;uop
265623;28/01/2020;terça-feira;09:00:00;RJ;101;322;NITEROI;Falta de Atenção à Condução;Colisão lateral;Com Vítimas Feridas;Pleno dia;Crescente;Céu Claro;Dupla;Reta;Sim;2;0;1;0;1;0;1;2;-22,87892;-43,11068;SR-RJ;UOP01;DEL02
265624;28/01/2020;terça-feira;09:40:00;SC;101;46,9;JOINVILLE;Falta de Atenção à Condução;Colisão lateral;Sem Vítimas;Pleno dia;Crescente;Nublado;Dupla;Reta;Não;2;0;0;0;1;1;0;2;-26,3315;-48,86188;SR-SC;DEL8/3;UOP01/SC
265625;28/01/2020;terça-feira;07:25:00;BA;116;652;JEQUIE;Condutor Dormindo;Saída de leito carroçável;Com Vítimas Feridas;Pleno dia;Crescente;Céu Claro;Simples;Não Informado;Não;3;0;2;0;1;0;2;1;-13,62856;-40,09263;SR-BA;DEL10/3;UOP01/BA
265626;28/01/2020;terça-feira;08:10:00;SC;282;629,6;IRACEMINHA;Falta de Atenção à Condução;Colisão com objeto estático;Com Vítimas Feridas;Pleno dia;Crescente;Céu Claro;Simples;Não Informado;Não;3;0;3;0;0;0;3;1;-26,81966;-53,37528;SR-SC;DEL7;UOP03/SC
265627;28/01/2020;terça-feira;11:00:00;SP;381;50,2;ATIBAIA;Defeito Mecânico no Veículo;Queda de ocupante de veículo;Com Vítimas Feridas;Pleno dia;Decrescente;Céu Claro;Dupla;Reta;Sim;1;0;1;0;0;0;1;1;-23,21441;-46,59372;SR-SP;DEL6/3;UOP02/SP
265628;28/01/2020;terça-feira;09:00:00;BA;116;596,2;IRAJUBA;Falta de Atenção à Condução;Saída de leito carroçável;Sem Vítimas;Pleno dia;Crescente;Céu Claro;Simples;Curva;Não;1;0;0;0;1;0;0;1;-13,18014;-40,00488;SR-BA;DEL10/3;UOP02/BA
265629;28/01/2020;terça-feira;07:15:00;MG;153;15;CENTRALINA;Agressão Externa;Tombamento;Com Vítimas Feridas;Pleno dia;Decrescente;Céu Claro;Dupla;Reta;Não;1;0;1;0;0;0;1;1;-18,5513;-49,19396;SR-MG;DEL4/15;UOP03/MG
265630;28/01/2020;terça-feira;08:45:00;MA;402;6,7;ROSARIO;Desobediência às normas de trânsito pelo condutor;Colisão transversal;Com Vítimas Feridas;Pleno dia;Decrescente;Céu Claro;Simples;Reta;Não;2;0;0;1;0;1;1;2;-2,948423;-44,27535;SR-MA;DEL18/1;UOP01/MA
265633;28/01/2020;terça-feira;09:15:00;MG;50;68;UBERLANDIA;Desobediência às normas de trânsito pelo condutor;Colisão transversal;Com Vítimas Feridas;Pleno dia;Crescente;Nublado;Simples;Interseção de vias;Sim;2;0;1;0;1;0;1;2;-18,88146;-48,26436;SR-MG;DEL4/15;UOP01/MG
265634;28/01/2020;terça-feira;11:00:00;SC;101;209,9;SAO JOSE;Mal Súbito;Colisão com objeto estático;Com Vítimas Feridas;Pleno dia;Decrescente;Céu Claro;Simples;Reta;Não;3;0;1;0;1;1;1;3;-27,61001;-48,63895;SR-SC;DEL8/1;UOP01/SC
265635;28/01/2020;terça-feira;11:20:00;ES;101;184;ARACRUZ;Falta de Atenção à Condução;Colisão traseira;Com Vítimas Feridas;Pleno dia;Crescente;Céu Claro;Simples;Não Informado;Não;4;0;2;0;1;1;2;3;-19,65524;-40,23356;SR-ES;DEL12/4;UOP01/ES
265636;28/01/2020;terça-feira;11:25:00;PE;232;410,5;SERRA TALHADA;Falta de Atenção à Condução;Colisão transversal;Com Vítimas Feridas;Pleno dia;Decrescente;Céu Claro;Simples;Curva;Sim;3;0;3;0;0;0;3;2;-7,982618;-38,3004;SR-PE;DEL11/4;UOP01/PE
265638;28/01/2020;terça-feira;11:30:00;SP;116;218,7;GUARULHOS;Falta de Atenção à Condução;Colisão traseira;Com Vítimas Feridas;Pleno dia;Crescente;Nublado;Múltipla;Reta;Sim;4;0;1;0;3;0;1;4;-23,46006;-46,48621;SR-SP;DEL6/1;UOP01/SP
265639;28/01/2020;terça-feira;08:40:00;RJ;393;274;BARRA DO PIRAI;Velocidade Incompatível;Tombamento;Com Vítimas Feridas;Pleno dia;Crescente;Céu Claro;Simples;Curva;Sim;1;0;1;0;0;0;1;1;-22,48328;-43,96043;SR-RJ;DEL5/5;UOP02/RJ
265640;28/01/2020;terça-feira;11:50:00;RJ;116;100;GUAPIMIRIM;Condutor Dormindo;Tombamento;Com Vítimas Feridas;Pleno dia;Decrescente;Sol;Simples;Curva;Não;2;0;0;2;0;0;2;1;-22,48909;-43,00438;SR-RJ;DEL5/4;UOP02/RJ
265641;28/01/2020;terça-feira;10:30:00;MS;267;475;GUIA LOPES DA LAGUNA;Desobediência às normas de trânsito pelo condutor;Colisão frontal;Com Vítimas Feridas;Pleno dia;Decrescente;Céu Claro;Dupla;Reta;Sim;4;0;0;1;3;0;1;2;-21,44449;-56,0978;SR-MS;DEL3/5;UOP01/MS
265642;28/01/2020;terça-feira;11:50:00;SC;101;195;BIGUACU;Não guardar distância de segurança;Colisão lateral;Com Vítimas Feridas;Pleno dia;Crescente;Sol;Múltipla;Não Informado;Sim;2;0;1;0;1;0;1;2;-27,50254;-48,65268;SR-SC;DEL8/1;UOP01/SC
265643;28/01/2020;terça-feira;11:30:00;RN;101;85,5;NATAL;Falta de Atenção à Condução;Colisão lateral;Sem Vítimas;Pleno dia;Crescente;Céu Claro;Dupla;Reta;Sim;1;0;0;0;1;0;0;1;-5,777664;-35,24937;SR-RN;DEL15/2;UOP01/RN
265644;28/01/2020;terça-feira;11:00:00;RJ;101;470;ANGRA DOS REIS;Falta de Atenção à Condução;Colisão traseira;Com Vítimas Feridas;Pleno dia;Crescente;Céu Claro;Simples;Curva;Não;3;0;2;0;1;0;2;2;-23,00443;-44,2301;SR-RJ;DEL5/3;UOP02/RJ
265645;21/01/2020;terça-feira;13:30:00;BA;407;126;SENHOR DO BONFIM;Desobediência às normas de trânsito pelo condutor;Colisão lateral;Com Vítimas Feridas;Pleno dia;Decrescente;Céu Claro;Simples;Reta;Sim;3;0;1;0;2;0;1;2;-10,46057;-40,17664;SR-BA;DEL10/4;UOP01/BA
265646;28/01/2020;terça-feira;11:30:00;SC;282;4;FLORIANOPOLIS;Desobediência às normas de trânsito pelo condutor;Colisão transversal;Com Vítimas Feridas;Pleno dia;Crescente;Nublado;Múltipla;Reta;Sim;2;0;1;0;1;0;1;2;-27,59265;-48,60403;SR-SC;DEL8/1;UOP01/SC
265647;28/01/2020;terça-feira;10:15:00;MS;262;148,9;RIBAS DO RIO PARDO;Mal Súbito;Saída de leito carroçável;Com Vítimas Feridas;Pleno dia;Crescente;Sol;Simples;Desvio Temporário;Não;1;0;1;0;0;0;1;1;-20,45929;-52,92483;SR-MS;DEL3/7;UOP02/MS
265648;28/01/2020;terça-feira;08:00:00;RN;101;83,1;SAO GONCALO DO AMARANTE;Falta de Atenção à Condução;Engavetamento;Sem Vítimas;Pleno dia;Crescente;Céu Claro;Dupla;Reta;Sim;3;0;0;0;3;0;0;3;-5,771045;-35,26617;SR-RN;DEL15/2;UOP01/RN
265649;28/01/2020;terça-feira;12:50:00;PR;476;160,7;ARAUCARIA;Desobediência às normas de trânsito pelo condutor;Colisão transversal;Com Vítimas Feridas;Pleno dia;Decrescente;Céu Claro;Simples;Não Informado;Sim;2;0;0;1;1;0;1;2;-25,61901;-49,44013;SR-PR;DEL7/1;UOP04/PR
265650;28/01/2020;terça-feira;11:50:00;PR;376;601;CURITIBA;Não guardar distância de segurança;Colisão traseira;Com Vítimas Feridas;Pleno dia;Decrescente;Nublado;Dupla;Reta;Sim;3;0;1;0;1;1;1;2;-25,53705;-49,31404;SR-PR;DEL7/1;UOP04/PR
265651;28/01/2020;terça-feira;13:10:00;GO;40;19,8;LUZIANIA;Defeito Mecânico no Veículo;Tombamento;Com Vítimas Feridas;Pleno dia;Crescente;Céu Claro;Dupla;Reta;Sim;2;0;2;0;0;0;2;1;-16,20156;-47,92131;SR-DF;UOP01/DF;
265652;28/01/2020;terça-feira;12:20:00;BA;367;83,6;EUNAPOLIS;Falta de Atenção à Condução;Colisão traseira;Com Vítimas Feridas;Pleno dia;Crescente;Céu Claro;Simples;Não Informado;Sim;2;0;1;0;1;0;1;2;-16,37256;-39,57064;SR-BA;DEL10/9;UOP01/BA
265653;28/01/2020;terça-feira;11:45:00;SC;282;207,6;LAGES;Mal Súbito;Colisão lateral;Com Vítimas Feridas;Pleno dia;Crescente;Céu Claro;Simples;Não Informado;Não;4;0;3;0;1;0;3;2;-27,77462;-50,20821;SR-SC;DEL8/5;UOP01/SC
265654;28/01/2020;terça-feira;12:40:00;SC;470;74,8;INDAIAL;Velocidade Incompatível;Colisão lateral;Sem Vítimas;Pleno dia;Crescente;Nublado;Simples;Reta;Não;2;0;0;0;2;0;0;2;-26,91629;-49,28081;SR-SC;DEL8/4;UOP01/SC
265655;28/01/2020;terça-feira;13:55:00;PB;230;154,7;CAMPINA GRANDE;Desobediência às normas de trânsito pelo condutor;Tombamento;Com Vítimas Feridas;Pleno dia;Crescente;Sol;Simples;Reta;Sim;2;0;1;0;0;1;1;1;-7,277431;-35,8992;SR-PB;DEL14/2;UOP01/PB
265657;28/01/2020;terça-feira;13:45:00;BA;110;150;RIBEIRA DO POMBAL;Falta de Atenção à Condução;Saída de leito carroçável;Com Vítimas Feridas;Pleno dia;Decrescente;Céu Claro;Simples;Reta;Não;5;0;4;0;1;0;4;1;-10,69245;-38,44479;SR-BA;DEL10/7;UOP02/BA
265658;28/01/2020;terça-feira;13:30:00;RS;153;51;ERECHIM;Falta de Atenção do Pedestre;Atropelamento de Pedestre;Com Vítimas Feridas;Pleno dia;Crescente;Céu Claro;Simples;Reta;Sim;3;0;3;0;0;0;3;1;-27,66025;-52,28414;SR-RS;DEL08;UOP04/RS
265659;28/01/2020;terça-feira;10:05:00;AC;364;214;BUJARI;Defeito na Via;Tombamento;Com Vítimas Feridas;Pleno dia;Crescente;Garoa/Chuvisco;Simples;Desvio Temporário;Não;1;0;1;0;0;0;1;1;-9,496187;-68,34971;SR-AC;UOP01/AC;
265660;28/01/2020;terça-feira;14:10:00;ES;101;278,9;SERRA;Defeito na Via;Tombamento;Com Vítimas Feridas;Pleno dia;Crescente;Céu Claro;Dupla;Reta;Não;1;0;1;0;0;0;1;1;-20,21698;-40,32975;SR-ES;DEL12/2;UOP01/ES
265661;28/01/2020;terça-feira;14:15:00;MG;40;469;SETE LAGOAS;Pista Escorregadia;Saída de leito carroçável;Com Vítimas Feridas;Pleno dia;Decrescente;Chuva;Dupla;Curva;Não;2;0;2;0;0;0;2;1;-19,46099;-44,30122;SR-MG;DEL4/2;UOP01/MG
265663;28/01/2020;terça-feira;08:07:00;RN;304;296;MACAIBA;Pista Escorregadia;Colisão traseira;Sem Vítimas;Pleno dia;Crescente;Céu Claro;Simples;Não Informado;Sim;3;0;0;0;3;0;0;3;-5,864849;-35,34931;SR-RN;DEL15/1;UOP02/RN
265667;04/01/2020;sábado;07:40:00;PR;116;17;CAMPINA GRANDE DO SUL;Pista Escorregadia;Capotamento;Com Vítimas Feridas;Pleno dia;Crescente;Chuva;Dupla;Curva;Não;1;0;1;0;0;0;1;1;-25,10306;-48,70104;SR-PR;DEL7/1;UOP02/PR
265668;28/01/2020;terça-feira;14:41:00;GO;40;8;VALPARAISO DE GOIAS;Falta de Atenção à Condução;Colisão transversal;Com Vítimas Feridas;Pleno dia;Decrescente;Céu Claro;Dupla;Reta;Sim;2;0;1;0;1;0;1;2;-16,11616;-47,96761;SR-DF;UOP01/DF;
265669;28/01/2020;terça-feira;14:00:00;SP;116;223;GUARULHOS;Falta de Atenção à Condução;Colisão lateral;Com Vítimas Feridas;Pleno dia;Crescente;Céu Claro;Múltipla;Reta;Sim;2;0;1;0;1;0;1;2;-23,4756;-46,52466;SR-SP;DEL6/1;UOP01/SP
265670;28/01/2020;terça-feira;14:50:00;RJ;116;175;NOVA IGUACU;Desobediência às normas de trânsito pelo condutor;Capotamento;Com Vítimas Feridas;Pleno dia;Decrescente;Céu Claro;Múltipla;Reta;Sim;1;0;1;0;0;0;1;1;-22,78924;-43,37275;SR-RJ;DEL5/1;UOP02/RJ
265671;28/01/2020;terça-feira;14:50:00;MG;459;21,9;CALDAS;Condutor Dormindo;Colisão com objeto estático;Com Vítimas Feridas;Pleno dia;Crescente;Chuva;Simples;Ponte;Não;6;0;1;0;5;0;1;3;-21,87659;-46,38629;SR-MG;DEL09;UOP04/MG
265672;28/01/2020;terça-feira;14:45:00;MG;50;96;UBERLANDIA;Falta de Atenção à Condução;Colisão traseira;Com Vítimas Fatais;Pleno dia;Decrescente;Nublado;Dupla;Não Informado;Não;2;1;0;0;1;0;0;2;-19,10114;-48,1811;SR-MG;DEL4/15;UOP01/MG
265674;28/01/2020;terça-feira;14:05:00;MG;40;532,8;BELO HORIZONTE;Falta de Atenção à Condução;Colisão traseira;Com Vítimas Feridas;Pleno dia;Crescente;Céu Claro;Dupla;Não Informado;Sim;2;0;1;0;1;0;1;2;-19,92373;-44,01701;SR-MG;DEL4/1;UOP02/MG
265675;28/01/2020;terça-feira;15:10:00;PR;467;99,4;CASCAVEL;Velocidade Incompatível;Saída de leito carroçável;Com Vítimas Feridas;Pleno dia;Crescente;Chuva;Dupla;Curva;Não;1;0;0;1;0;0;1;1;-24,8931;-53,5442;SR-PR;DEL7/4;UOP06/PR
265676;28/01/2020;terça-feira;09:50:00;MG;381;477,2;CONTAGEM;Falta de Atenção à Condução;Colisão traseira;Com Vítimas Feridas;Pleno dia;Crescente;Céu Claro;Dupla;Reta;Sim;2;0;1;0;1;0;1;2;-19,95733;-44,02893;SR-MG;DEL4/1;UOP03/MG
265677;28/01/2020;terça-feira;14:25:00;GO;60;433;RIO VERDE;Falta de Atenção à Condução;Colisão traseira;Com Vítimas Feridas;Pleno dia;Crescente;Céu Claro;Dupla;Reta;Não;2;0;1;0;1;0;1;2;-17,8291;-51,3566;SR-GO;DEL1/4;UOP01/GO
265678;28/01/2020;terça-feira;15:30:00;MG;153;245;FRONTEIRA;Falta de Atenção à Condução;Colisão transversal;Com Vítimas Feridas;Pleno dia;Crescente;Céu Claro;Simples;Interseção de vias;Sim;3;0;2;0;1;0;2;2;-20,29121;-49,20233;SR-MG;DEL13;UOP02/MG
265679;28/01/2020;terça-feira;14:30:00;MT;163;639;NOVA MUTUM;Falta de Atenção à Condução;Saída de leito carroçável;Com Vítimas Feridas;Pleno dia;Crescente;Céu Claro;Simples;Reta;Não;1;0;1;0;0;0;1;1;-13,56663;-56,02891;SR-MT;DEL2/4;UOP01/MT
265680;28/01/2020;terça-feira;12:20:00;SC;116;267,7;CAPAO ALTO;Defeito Mecânico no Veículo;Tombamento;Com Vítimas Fatais;Pleno dia;Decrescente;Nublado;Simples;Interseção de vias;Não;1;1;0;0;0;0;0;1;-27,95617;-50,48416;SR-SC;DEL8/5;UOP02/SC
265681;28/01/2020;terça-feira;15:20:00;RJ;493;4,6;ITABORAI;Falta de Atenção à Condução;Colisão traseira;Com Vítimas Feridas;Pleno dia;Decrescente;Céu Claro;Dupla;Reta;Sim;3;0;2;0;1;0;2;2;-22,74277;-42,95301;SR-RJ;DEL5/2;UOP01/RJ
265682;28/01/2020;terça-feira;15:20:00;SP;116;211;GUARULHOS;Defeito Mecânico no Veículo;Colisão com objeto estático;Com Vítimas Feridas;Pleno dia;Crescente;Céu Claro;Múltipla;Reta;Sim;3;0;1;0;2;0;1;2;-23,43243;-46,41944;SR-SP;DEL6/1;UOP01/SP
265684;28/01/2020;terça-feira;15:20:00;RS;116;264;CANOAS;Falta de Atenção à Condução;Colisão lateral;Com Vítimas Feridas;Pleno dia;Decrescente;Céu Claro;Múltipla;Reta;Não;2;0;1;0;1;0;1;2;-29,91444;-51,17754;SR-RS;DEL9/1;UOP01/RS
265686;28/01/2020;terça-feira;06:40:00;AM;319;693;HUMAITA;Falta de Atenção à Condução;Saída de leito carroçável;Com Vítimas Feridas;Amanhecer;Decrescente;Céu Claro;Simples;Reta;Não;3;0;2;1;0;0;3;1;-7,679187;-63,08163;SR-RO;DEL21/01;UOP03/RO
265687;28/01/2020;terça-feira;15:20:00;GO;153;237;HIDROLINA;Ultrapassagem Indevida;Capotamento;Com Vítimas Feridas;Pleno dia;Crescente;Céu Claro;Simples;Desvio Temporário;Não;1;0;1;0;0;0;1;1;-14,81657;-49,29511;SR-GO;DEL1/7;UOP01/GO
265688;28/01/2020;terça-feira;16:45:00;CE;116;25;ITAITINGA;Desobediência às normas de trânsito pelo condutor;Colisão traseira;Com Vítimas Feridas;Pleno dia;Crescente;Céu Claro;Dupla;Não Informado;Sim;3;0;2;0;1;0;2;2;-3,966333;-38,51525;SR-CE;DEL16/1;UOP02/CE
265689;16/01/2020;quinta-feira;16:55:00;RO;364;341,9;JI-PARANA;Desobediência às normas de trânsito pelo condutor;Colisão transversal;Com Vítimas Feridas;Pleno dia;Decrescente;Céu Claro;Dupla;Reta;Sim;2;0;1;0;1;0;1;2;-10,88418;-61,93738;SR-RO;DEL21/2;UOP01/RO
265690;28/01/2020;terça-feira;13:30:00;CE;222;235;SOBRAL;Ultrapassagem Indevida;Capotamento;Com Vítimas Feridas;Pleno dia;Decrescente;Nublado;Simples;Reta;Não;1;0;0;1;0;0;1;1;-3,713653;-40,43544;SR-CE;DEL16/4;UOP01/CE
265691;28/01/2020;terça-feira;15:40:00;SP;381;36;ATIBAIA;Não guardar distância de segurança;Colisão traseira;Com Vítimas Feridas;Pleno dia;Decrescente;Céu Claro;Dupla;Reta;Não;3;0;1;0;2;0;1;2;-23,09707;-46,57181;SR-SP;DEL6/3;UOP02/SP
265692;28/01/2020;terça-feira;16:30:00;SP;116;227;GUARULHOS;Não guardar distância de segurança;Colisão lateral;Com Vítimas Feridas;Pleno dia;Decrescente;Nublado;Múltipla;Viaduto;Sim;2;0;1;0;1;0;1;2;-23,49659;-46,55649;SR-SP;DEL6/1;UOP01/SP
265693;28/01/2020;terça-feira;17:15:00;PR;277;586,2;CASCAVEL;Desobediência às normas de trânsito pelo condutor;Colisão transversal;Com Vítimas Feridas;Pleno dia;Decrescente;Garoa/Chuvisco;Simples;Reta;Não;3;0;2;0;1;0;2;2;-24,96495;-53,42105;SR-PR;DEL7/4;UOP01/PR
265694;28/01/2020;terça-feira;17:15:00;PI;343;636,2;JERUMENHA;Defeito na Via;Saída de leito carroçável;Com Vítimas Feridas;Pleno dia;Crescente;Céu Claro;Simples;Reta;Não;5;0;4;0;0;1;4;2;-7,008149;-43,33789;SR-PI;DEL17/3;UOP01/PI
265695;28/01/2020;terça-feira;16:30:00;PE;407;130;PETROLINA;Falta de Atenção à Condução;Colisão traseira;Sem Vítimas;Pleno dia;Crescente;Céu Claro;Dupla;Reta;Sim;3;0;0;0;2;1;0;3;-9,405367;-40,50435;SR-PE;DEL11/6;UOP01/PE
265696;28/01/2020;terça-feira;17:10:00;PR;277;101,6;CURITIBA;Velocidade Incompatível;Colisão com objeto estático;Sem Vítimas;Pleno dia;Crescente;Nublado;Dupla;Reta;Não;1;0;0;0;1;0;0;1;-25,4269;-49,38327;SR-PR;DEL7/1;UOP04/PR
265698;28/01/2020;terça-feira;14:20:00;RO;364;439,1;JARU;Não guardar distância de segurança;Colisão traseira;Com Vítimas Feridas;Pleno dia;Decrescente;Céu Claro;Simples;Reta;Não;2;0;1;0;1;0;1;2;-10,36005;-62,57398;SR-RO;DEL21/3;UOP02/RO
265699;28/01/2020;terça-feira;17:30:00;PR;476;129;CURITIBA;Falta de Atenção à Condução;Colisão lateral;Com Vítimas Feridas;Pleno dia;Decrescente;Nublado;Múltipla;Reta;Sim;2;0;1;0;1;0;1;2;-25,44098;-49,23371;SR-PR;DEL7/1;UOP06/PR
265700;16/01/2020;quinta-feira;12:30:00;MG;381;709,5;NEPOMUCENO;Velocidade Incompatível;Capotamento;Com Vítimas Feridas;Pleno dia;Decrescente;Sol;Dupla;Curva;Não;2;0;2;0;0;0;2;1;-21,37772;-45,1942;SR-MG;DEL4/4;UOP02/MG
265701;28/01/2020;terça-feira;18:15:00;MG;40;766,8;JUIZ DE FORA;Pista Escorregadia;Tombamento;Com Vítimas Feridas;Anoitecer;Decrescente;Chuva;Simples;Reta;Não;2;0;1;0;1;0;1;1;-21,56884;-43,47868;SR-MG;DEL5;UOP01/MG
265702;28/01/2020;terça-feira;18:20:00;GO;153;504,2;APARECIDA DE GOIANIA;Não guardar distância de segurança;Colisão traseira;Com Vítimas Feridas;Anoitecer;Crescente;Céu Claro;Dupla;Desvio Temporário;Sim;3;0;1;1;1;0;2;2;-16,7451;-49,2408;SR-GO;DEL1/1;UOP01/GO
265704;28/01/2020;terça-feira;12:30:00;BA;367;23,3;PORTO SEGURO;Desobediência às normas de trânsito pelo condutor;Colisão transversal;Com Vítimas Feridas;Pleno dia;Crescente;Nublado;Simples;Reta;Sim;3;0;1;0;1;1;1;2;-16,43518;-39,07201;SR-BA;DEL10/9;UOP01/BA
265705;28/01/2020;terça-feira;16:15:00;PA;155;340;MARABA;Não guardar distância de segurança;Colisão traseira;Com Vítimas Feridas;Pleno dia;Decrescente;Céu Claro;Simples;Desvio Temporário;Não;3;0;2;0;0;1;2;2;-5,396032;-49,07748;SR-PA;DEL19/3;UOP01/PA
265706;28/01/2020;terça-feira;16:00:00;MT;70;502;CUIABA;Desobediência às normas de trânsito pelo condutor;Colisão frontal;Com Vítimas Feridas;Pleno dia;Crescente;Céu Claro;Simples;Reta;Não;6;0;3;0;3;0;3;4;-15,67139;-55,94815;SR-MT;DEL2/1;UOP01/MT
265707;28/01/2020;terça-feira;18:40:00;SP;381;73,6;SAO PAULO;Falta de Atenção à Condução;Capotamento;Com Vítimas Feridas;Anoitecer;Decrescente;Chuva;Dupla;Curva;Não;2;0;1;0;1;0;1;1;-23,37301;-46,55838;SR-SP;DEL6/3;UOP02/SP
265708;28/01/2020;terça-feira;17:00:00;AL;316;268;SATUBA;Falta de Atenção à Condução;Colisão transversal;Sem Vítimas;Anoitecer;Crescente;Céu Claro;Simples;Curva;Sim;2;0;0;0;2;0;0;2;-9,58022;-35,83876;SR-AL;DEL13/2;UOP01/AL
265709;28/01/2020;terça-feira;17:50:00;MS;163;124;NAVIRAI;Avarias e/ou desgaste excessivo no pneu;Tombamento;Com Vítimas Feridas;Anoitecer;Crescente;Nublado;Simples;Interseção de vias;Sim;1;0;1;0;0;0;1;1;-23,07795;-54,22793;SR-MS;DEL3/09;UOP01/MS
265710;28/01/2020;terça-feira;15:00:00;BA;324;528;FEIRA DE SANTANA;Falta de Atenção à Condução;Queda de ocupante de veículo;Com Vítimas Feridas;Pleno dia;Crescente;Sol;Dupla;Reta;Não;2;0;1;0;1;0;1;1;-12,31728;-38,87612;SR-BA;DEL10/1;UOP01/BA
265711;28/01/2020;terça-feira;16:05:00;RS;116;168,5;CAXIAS DO SUL;Ultrapassagem Indevida;Tombamento;Com Vítimas Feridas;Pleno dia;Decrescente;Céu Claro;Simples;Curva;Não;4;0;1;0;0;3;1;2;-29,28313;-51,16252;SR-RS;DEL9/5;UOP02/RS
265713;28/01/2020;terça-feira;16:00:00;MG;381;364;SAO GONCALO DO RIO ABAIXO;Velocidade Incompatível;Tombamento;Com Vítimas Feridas;Pleno dia;Crescente;Céu Claro;Simples;Curva;Não;1;0;0;1;0;0;1;1;-19,84956;-43,25425;SR-MG;DEL4/3;UOP01/MG
265714;28/01/2020;terça-feira;18:19:00;PI;343;349;TERESINA;Ultrapassagem Indevida;Colisão lateral;Com Vítimas Fatais;Plena Noite;Crescente;Nublado;Dupla;Reta;Sim;7;3;0;1;1;2;1;3;-5,122447;-42,79448;SR-PI;DEL17/1;UOP01/PI
265715;28/01/2020;terça-feira;19:00:00;PE;232;7,8;RECIFE;Falta de Atenção à Condução;Colisão com objeto estático;Com Vítimas Feridas;Plena Noite;Decrescente;Céu Claro;Dupla;Reta;Sim;2;0;2;0;0;0;2;1;-8,073335;-34,96184;SR-PE;DEL11/1;UOP01/PE
265716;28/01/2020;terça-feira;18:00:00;PR;376;182;MARINGA;Falta de Atenção à Condução;Colisão traseira;Com Vítimas Feridas;Anoitecer;Crescente;Céu Claro;Dupla;Reta;Sim;4;0;1;0;3;0;1;3;-23,43684;-51,87881;SR-PR;DEL7/7;UOP04/PR
265717;28/01/2020;terça-feira;19:30:00;PR;116;119;CURITIBA;Falta de Atenção à Condução;Colisão lateral;Com Vítimas Feridas;Plena Noite;Crescente;Chuva;Dupla;Reta;Sim;2;0;0;1;1;0;1;2;-25,54456;-49,30146;SR-PR;DEL7/1;UOP03/PR
265718;28/01/2020;terça-feira;18:25:00;SP;101;49;UBATUBA;Desobediência às normas de trânsito pelo condutor;Colisão frontal;Com Vítimas Feridas;Pleno dia;Decrescente;Céu Claro;Simples;Reta;Sim;2;0;0;1;1;0;1;2;-23,44411;-45,08376;SR-SP;DEL6;UOP03/SP
265719;28/01/2020;terça-feira;16:22:00;MT;364;348;SANTO ANTONIO DO LEVERGER;Defeito Mecânico no Veículo;Saída de leito carroçável;Com Vítimas Feridas;Pleno dia;Crescente;Céu Claro;Simples;Curva;Não;1;0;0;1;0;0;1;1;-15,80417;-55,5543;SR-MT;DEL2/1;UOP01/MT
265720;28/01/2020;terça-feira;20:27:00;GO;40;41;LUZIANIA;Pista Escorregadia;Saída de leito carroçável;Com Vítimas Feridas;Plena Noite;Crescente;Chuva;Simples;Curva;Não;1;0;0;1;0;0;1;1;-16,3678;-47,82697;SR-DF;UOP02/DF;
265721;28/01/2020;terça-feira;18:10:00;GO;153;108;SANTA TEREZA DE GOIAS;Defeito Mecânico no Veículo;Tombamento;Com Vítimas Feridas;Anoitecer;Decrescente;Céu Claro;Simples;Desvio Temporário;Não;7;0;1;2;0;4;3;3;-13,77892;-49,03207;SR-GO;DEL1/7;UOP01/GO
265722;28/01/2020;terça-feira;17:20:00;PR;153;50,5;SANTO ANTONIO DA PLATINA;Defeito Mecânico no Veículo;Colisão com objeto em movimento;Com Vítimas Feridas;Pleno dia;Crescente;Céu Claro;Simples;Não Informado;Não;3;0;0;2;1;0;2;2;-23,3629;-50,06503;SR-PR;DEL7/7;UOP07/PR
265723;28/01/2020;terça-feira;20:50:00;PE;408;82,1;PAUDALHO;Falta de Atenção do Pedestre;Atropelamento de Pedestre;Com Vítimas Feridas;Plena Noite;Decrescente;Céu Claro;Dupla;Reta;Sim;2;0;0;1;1;0;1;1;-7,941141;-35,1237;SR-PE;DEL11/1;UOP01/PE
265724;28/01/2020;terça-feira;17:40:00;PR;476;205;LAPA;Pista Escorregadia;Tombamento;Com Vítimas Feridas;Anoitecer;Decrescente;Chuva;Simples;Curva;Não;2;0;2;0;0;0;2;1;-25,7795;-49,80429;SR-PR;DEL7/2;UOP03/PR
265725;28/01/2020;terça-feira;19:20:00;RO;364;436,5;JARU;Defeito Mecânico no Veículo;Queda de ocupante de veículo;Com Vítimas Feridas;Plena Noite;Decrescente;Chuva;Simples;Desvio Temporário;Não;1;0;1;0;0;0;1;1;-10,3774;-62,55303;SR-RO;DEL21/3;UOP02/RO
265726;28/01/2020;terça-feira;20:30:00;SC;101;85;BARRA VELHA;Desobediência às normas de trânsito pelo condutor;Colisão transversal;Com Vítimas Feridas;Plena Noite;Decrescente;Nublado;Simples;Interseção de vias;Não;2;0;1;0;1;0;1;2;-26,62841;-48,70814;SR-SC;DEL8/3;UOP02/SC