id;data_inversa;dia_semana;horario;uf;br;km;municipio;causa_acidente;tipo_acidente;classificacao_acidente;fase_dia;sentido_via;condicao_metereologica;tipo_pista;tracado_via;uso_solo;pessoas;mortos;feridos_leves;feridos_graves;ilesos;ignorados;feridos;veiculos;latitude;longitude;regional;delegacia;uop
265941;30/01/2020;quinta-feira;04:20:00;PE;101;76,5;RECIFE;Animais na Pista;Atropelamento de Animal;Com Vítimas Feridas;Pleno dia;Crescente;Sol;Dupla;Reta;Sim;2;0;2;0;0;0;2;1;-8,118138;-34,94329;SR-PE;DEL11/1;UOP01/PE
265942;30/01/2020;quinta-feira;04:55:00;CE;20;362,9;MARANGUAPE;Animais na Pista;Atropelamento de Animal;Sem Vítimas;Plena Noite;Crescente;Céu Claro;Simples;Reta;Não;1;0;0;0;1;0;0;1;-4,011949;-38,9751;SR-CE;DEL16/2;UOP01/CE
265943;30/01/2020;quinta-feira;03:50:00;RJ;40;124;RIO DE JANEIRO;Objeto estático sobre o leito carroçável;Colisão com objeto estático;Com Vítimas Feridas;Plena Noite;Crescente;Nublado;Dupla;Curva;Não;4;0;2;0;2;0;2;2;-22,81416;-43,28871;SR-RJ;DEL5/1;UOP02/RJ
265944;30/01/2020;quinta-feira;05:25:00;SC;101;195;BIGUACU;Não guardar distância de segurança;Colisão traseira;Com Vítimas Feridas;Plena Noite;Decrescente;Céu Claro;Múltipla;Reta;Sim;4;0;1;0;3;0;1;4;-27,50471;-48,65011;SR-SC;DEL8/1;UOP01/SC
265945;30/01/2020;quinta-feira;05:40:00;RS;116;258;ESTEIO;Falta de Atenção à Condução;Colisão transversal;Com Vítimas Feridas;Amanhecer;Crescente;Nublado;Simples;Interseção de vias;Sim;3;0;2;0;1;0;2;2;-29,86151;-51,18092;SR-RS;DEL9/1;UOP02/RS
265946;30/01/2020;quinta-feira;06:10:00;MG;116;698,9;MURIAE;Velocidade Incompatível;Tombamento;Com Vítimas Feridas;Pleno dia;Crescente;Céu Claro;Simples;Não Informado;Não;2;0;0;1;0;1;1;1;-21,07868;-42,37234;SR-MG;DEL4/7;UOP02/MG
265947;30/01/2020;quinta-feira;06:00:00;SC;101;96,8;BARRA VELHA;Falta de Atenção à Condução;Saída de leito carroçável;Com Vítimas Feridas;Pleno dia;Crescente;Nublado;Dupla;Curva;Não;2;0;1;0;1;0;1;2;-26,71843;-48,70233;SR-SC;DEL8/3;UOP02/SC
265948;30/01/2020;quinta-feira;05:40:00;PE;232;388;SERRA TALHADA;Falta de Atenção do Pedestre;Atropelamento de Pedestre;Com Vítimas Feridas;Amanhecer;Crescente;Céu Claro;Simples;Reta;Sim;2;0;0;1;0;1;1;1;-8,032396;-38,12053;SR-PE;DEL11/4;UOP01/PE
265949;30/01/2020;quinta-feira;05:20:00;PR;277;80,9;CURITIBA;Falta de Atenção à Condução;Saída de leito carroçável;Com Vítimas Feridas;Amanhecer;Crescente;Nublado;Dupla;Reta;Sim;1;0;0;1;0;0;1;1;-25,46488;-49,21654;SR-PR;DEL7/1;UOP04/PR
265950;30/01/2020;quinta-feira;06:00:00;RS;116;335;BARRA DO RIBEIRO;Falta de Atenção à Condução;Tombamento;Com Vítimas Feridas;Amanhecer;Decrescente;Céu Claro;Simples;Reta;Não;1;0;1;0;0;0;1;1;-30,41653;-51,46134;SR-RS;DEL9/2;UOP02/RS
265951;30/01/2020;quinta-feira;06:10:00;RJ;116;307,9;RESENDE;Falta de Atenção à Condução;Colisão lateral;Com Vítimas Feridas;Amanhecer;Crescente;Nublado;Dupla;Reta;Sim;2;0;0;1;1;0;1;2;-22,45713;-44,41064;SR-RJ;DEL5/7;UOP02/RJ
265952;30/01/2020;quinta-feira;06:50:00;PE;101;65,6;RECIFE;Não guardar distância de segurança;Colisão traseira;Com Vítimas Feridas;Pleno dia;Decrescente;Sol;Dupla;Reta;Sim;2;0;0;1;1;0;1;2;-8,024786;-34,94277;SR-PE;DEL11/1;UOP01/PE
265953;30/01/2020;quinta-feira;06:15:00;SC;282;512,6;XANXERE;Velocidade Incompatível;Saída de leito carroçável;Com Vítimas Feridas;Amanhecer;Crescente;Chuva;Simples;Reta;Não;1;0;1;0;0;0;1;1;-26,91019;-52,4712;SR-SC;DEL7;UOP01/SC
265954;30/01/2020;quinta-feira;07:00:00;RS;470;175;VERANOPOLIS;Falta de Atenção à Condução;Colisão transversal;Com Vítimas Feridas;Pleno dia;Crescente;Céu Claro;Simples;Curva;Sim;2;0;2;0;0;0;2;2;-28,91926;-51,53915;SR-RS;DEL9/6;UOP02/RS
265956;30/01/2020;quinta-feira;04:15:00;SC;101;129;BALNEARIO CAMBORIU;Defeito Mecânico no Veículo;Saída de leito carroçável;Com Vítimas Feridas;Plena Noite;Decrescente;Céu Claro;Dupla;Curva;Sim;1;0;1;0;0;0;1;1;-26,98064;-48,67907;SR-SC;DEL8/4;UOP03/SC
265958;30/01/2020;quinta-feira;07:00:00;CE;116;5,3;FORTALEZA;Falta de Atenção à Condução;Colisão lateral;Sem Vítimas;Pleno dia;Decrescente;Nublado;Múltipla;Reta;Sim;2;0;0;0;2;0;0;2;-3,795685;-38,50703;SR-CE;DEL16/1;UOP02/CE
265959;30/01/2020;quinta-feira;06:25:00;DF;70;19;BRASILIA;Não guardar distância de segurança;Tombamento;Com Vítimas Feridas;Pleno dia;Decrescente;Nublado;Dupla;Reta;Não;2;0;0;1;1;0;1;1;-15,78887;-48,22024;SR-DF;UOP06/DF;
265960;30/01/2020;quinta-feira;06:20:00;DF;70;18,3;BRASILIA;Desobediência às normas de trânsito pelo condutor;Tombamento;Com Vítimas Feridas;Amanhecer;Decrescente;Nevoeiro/Neblina;Dupla;Reta;Sim;1;0;0;1;0;0;1;1;-15,79109;-48,21096;SR-DF;UOP06/DF;
265961;30/01/2020;quinta-feira;07:30:00;CE;222;2,6;CAUCAIA;Animais na Pista;Colisão traseira;Com Vítimas Feridas;Pleno dia;Crescente;Nublado;Dupla;Reta;Sim;4;0;0;2;2;0;2;3;-3,739111;-38,58687;SR-CE;DEL16/1;UOP01/CE
265962;30/01/2020;quinta-feira;08:00:00;MG;381;884;CAMBUI;Falta de Atenção à Condução;Colisão traseira;Com Vítimas Feridas;Pleno dia;Crescente;Nublado;Dupla;Reta;Não;3;0;1;0;2;0;1;2;-22,53552;-46,03551;SR-MG;DEL09;UOP01/MG
265963;30/01/2020;quinta-feira;07:50:00;GO;251;32;CRISTALINA;Falta de Atenção à Condução;Colisão frontal;Com Vítimas Feridas;Pleno dia;Crescente;Céu Claro;Simples;Reta;Não;2;0;1;0;1;0;1;2;-16,06678;-47,53167;SR-DF;UOP01/DF;
265964;30/01/2020;quinta-feira;07:20:00;RJ;101;55,7;CAMPOS DOS GOYTACAZES;Não guardar distância de segurança;Colisão traseira;Com Vítimas Feridas;Pleno dia;Crescente;Céu Claro;Simples;Reta;Sim;2;0;1;0;1;0;1;2;-21,67827;-41,3108;SR-RJ;DEL5/8;UOP01/RJ
265965;30/01/2020;quinta-feira;07:30:00;PR;277;573,7;CASCAVEL;Falta de Atenção à Condução;Colisão transversal;Com Vítimas Feridas;Pleno dia;Decrescente;Nublado;Simples;Reta;Não;2;0;1;0;1;0;1;2;-24,99848;-53,29667;SR-PR;DEL7/4;UOP01/PR
265966;30/01/2020;quinta-feira;08:10:00;RN;101;98;NATAL;Falta de Atenção à Condução;Colisão traseira;Sem Vítimas;Pleno dia;Decrescente;Céu Claro;Múltipla;Reta;Sim;2;0;0;0;1;1;0;2;-5,865679;-35,21652;SR-RN;DEL15/1;UOP01/RN
265968;30/01/2020;quinta-feira;07:30:00;RS;386;391;TRIUNFO;Desobediência às normas de trânsito pelo condutor;Colisão transversal;Com Vítimas Feridas;Pleno dia;Decrescente;Céu Claro;Dupla;Rotatória;Não;3;0;1;0;2;0;1;2;-29,7029;-51,66587;SR-RS;DEL9/4;UOP02/RS
265970;30/01/2020;quinta-feira;08:50:00;PR;376;386,3;IMBAU;Velocidade Incompatível;Queda de ocupante de veículo;Com Vítimas Feridas;Pleno dia;Crescente;Chuva;Dupla;Reta;Sim;2;0;2;0;0;0;2;1;-24,44939;-50,75953;SR-PR;DEL7/3;UOP05/PR
265971;30/01/2020;quinta-feira;06:26:00;DF;70;19;BRASILIA;Não guardar distância de segurança;Colisão traseira;Sem Vítimas;Pleno dia;Decrescente;Nublado;Dupla;Reta;Não;2;0;0;0;1;1;0;2;-15,78887;-48,22024;SR-DF;UOP06/DF;
265972;30/01/2020;quinta-feira;07:20:00;RS;116;398,8;CAMAQUA;Não guardar distância de segurança;Colisão traseira;Com Vítimas Feridas;Pleno dia;Decrescente;Nublado;Simples;Reta;Não;4;0;1;0;3;0;1;2;-30,86173;-51,79226;SR-RS;DEL9/2;UOP02/RS
265973;30/01/2020;quinta-feira;09:30:00;GO;60;83;ANAPOLIS;Agressão Externa;Saída de leito carroçável;Com Vítimas Feridas;Pleno dia;Crescente;Céu Claro;Dupla;Reta;Não;4;0;4;0;0;0;4;1;-16,3149;-48,846;SR-GO;DEL1/2;UOP01/GO
265974;02/01/2020;quinta-feira;13:30:00;MG;116;638;DIVINO;Falta de Atenção à Condução;Colisão transversal;Com Vítimas Feridas;Pleno dia;Decrescente;Ignorado;Simples;Reta;Não;2;0;1;0;0;1;1;2;-20,63865;-42,23648;SR-MG;DEL4/7;UOP03/MG
265975;30/01/2020;quinta-feira;09:00:00;SC;470;66,8;INDAIAL;Ultrapassagem Indevida;Colisão lateral;Com Vítimas Feridas;Pleno dia;Decrescente;Céu Claro;Simples;Reta;Sim;4;0;1;1;2;0;2;4;-26,87041;-49,22184;SR-SC;DEL8/4;UOP01/SC
265976;30/01/2020;quinta-feira;08:00:00;SC;470;70;INDAIAL;Falta de Atenção à Condução;Queda de ocupante de veículo;Com Vítimas Feridas;Pleno dia;Crescente;Céu Claro;Simples;Reta;Não;1;0;1;0;0;0;1;1;-26,88937;-49,25448;SR-SC;DEL8/4;UOP01/SC
265978;30/01/2020;quinta-feira;10:00:00;MG;40;529;CONTAGEM;Falta de Atenção à Condução;Engavetamento;Sem Vítimas;Pleno dia;Crescente;Nublado;Dupla;Curva;Sim;6;0;0;0;5;1;0;3;-19,91636;-44,03967;SR-MG;DEL4/1;UOP02/MG
265981;30/01/2020;quinta-feira;11:45:00;SC;101;211,5;PALHOCA;Falta de Atenção à Condução;Colisão lateral;Com Vítimas Feridas;Pleno dia;Crescente;Céu Claro;Dupla;Reta;Sim;2;0;1;0;1;0;1;2;-27,62329;-48,65246;SR-SC;DEL8/1;UOP02/SC
265982;30/01/2020;quinta-feira;11:00:00;PR;277;355,6;GUARAPUAVA;Velocidade Incompatível;Saída de leito carroçável;Com Vítimas Feridas;Pleno dia;Decrescente;Chuva;Dupla;Reta;Não;1;0;1;0;0;0;1;1;-25,41635;-51,56863;SR-PR;DEL7/3;UOP02/PR
265983;30/01/2020;quinta-feira;10:40:00;MT;70;517,9;VARZEA GRANDE;Desobediência às normas de trânsito pelo condutor;Colisão transversal;Com Vítimas Feridas;Pleno dia;Crescente;Céu Claro;Simples;Retorno Regulamentado;Sim;4;0;2;1;1;0;3;2;-15,70634;-56,13018;SR-MT;DEL2/4;UOP02/MT
265984;30/01/2020;quinta-feira;11:30:00;RJ;116;294,4;BARRA MANSA;Não guardar distância de segurança;Colisão lateral;Com Vítimas Feridas;Pleno dia;Decrescente;Sol;Dupla;Reta;Não;3;0;1;0;2;0;1;3;-22,45429;-44,30084;SR-RJ;DEL5/7;UOP02/RJ
265985;30/01/2020;quinta-feira;11:10:00;BA;101;525,5;BUERAREMA;Falta de Atenção do Pedestre;Atropelamento de Pedestre;Com Vítimas Feridas;Pleno dia;Crescente;Céu Claro;Simples;Reta;Não;2;0;0;1;1;0;1;1;-14,95109;-39,30462;SR-BA;DEL10/5;UOP01/BA
265986;30/01/2020;quinta-feira;11:45:00;RN;101;94;NATAL;Falta de Atenção à Condução;Colisão lateral;Com Vítimas Feridas;Pleno dia;Crescente;Céu Claro;Dupla;Reta;Sim;1;0;1;0;0;0;1;1;-5,831766;-35,21191;SR-RN;DEL15/1;UOP01/RN
265987;30/01/2020;quinta-feira;09:00:00;MG;262;36,1;MANHUACU;Falta de Atenção à Condução;Colisão transversal;Com Vítimas Feridas;Pleno dia;Crescente;Nublado;Simples;Reta;Sim;2;0;1;0;1;0;1;2;-20,25926;-42,01698;SR-MG;DEL4/6;UOP04/MG
265989;30/01/2020;quinta-feira;10:20:00;SC;101;52,9;JOINVILLE;Objeto estático sobre o leito carroçável;Capotamento;Com Vítimas Feridas;Pleno dia;Crescente;Céu Claro;Dupla;Reta;Não;2;0;1;0;0;1;1;2;-26,39112;-48,83984;SR-SC;DEL8/3;UOP01/SC
265990;30/01/2020;quinta-feira;07:30:00;PE;232;372;FLORES;Falta de Atenção à Condução;Colisão lateral;Com Vítimas Feridas;Pleno dia;Decrescente;Céu Claro;Simples;Reta;Não;7;0;1;0;6;0;1;4;-8,028153;-37,98335;SR-PE;DEL11/4;UOP01/PE
265994;30/01/2020;quinta-feira;08:40:00;SC;480;128,6;CHAPECO;Falta de Atenção à Condução;Colisão lateral;Com Vítimas Feridas;Pleno dia;Decrescente;Chuva;Dupla;Curva;Sim;4;0;3;0;1;0;3;2;-27,03782;-52,63433;SR-SC;DEL7;UOP01/SC
265996;30/01/2020;quinta-feira;11:37:00;MG;40;552;NOVA LIMA;Desobediência às normas de trânsito pelo condutor;Colisão transversal;Com Vítimas Feridas;Pleno dia;Decrescente;Nublado;Simples;Reta;Sim;2;0;0;1;1;0;1;2;-20,06084;-43,97716;SR-MG;DEL4/1;UOP02/MG
265998;30/01/2020;quinta-feira;11:50:00;BA;101;718;EUNAPOLIS;Defeito Mecânico no Veículo;Incêndio;Sem Vítimas;Pleno dia;Crescente;Sol;Múltipla;Reta;Sim;1;0;0;0;1;0;0;1;-16,37247;-39,58149;SR-BA;DEL10/9;UOP01/BA
265999;30/01/2020;quinta-feira;11:50:00;RJ;493;1;ITABORAI;Falta de Atenção à Condução;Colisão transversal;Com Vítimas Feridas;Pleno dia;Crescente;Céu Claro;Simples;Reta;Sim;4;0;3;0;0;1;3;2;-22,76399;-42,92732;SR-RJ;DEL5/2;UOP01/RJ
266000;30/01/2020;quinta-feira;12:40:00;MT;163;118;RONDONOPOLIS;Desobediência às normas de trânsito pelo condutor;Colisão traseira;Com Vítimas Feridas;Pleno dia;Crescente;Céu Claro;Dupla;Reta;Sim;3;0;0;1;2;0;1;2;-16,51361;-54,6552;SR-MT;DEL2/2;UOP01/MT
266001;30/01/2020;quinta-feira;13:45:00;ES;101;415;ITAPEMIRIM;Mal Súbito;Colisão lateral;Com Vítimas Feridas;Pleno dia;Crescente;Céu Claro;Simples;Reta;Não;3;0;0;1;2;0;1;3;-20,93223;-41,07927;SR-ES;DEL12/3;UOP02/ES
266002;30/01/2020;quinta-feira;12:40:00;MT;364;203;RONDONOPOLIS;Ingestão de Álcool;Queda de ocupante de veículo;Com Vítimas Feridas;Pleno dia;Crescente;Céu Claro;Dupla;Reta;Sim;1;0;1;0;0;0;1;1;-16,47014;-54,65499;SR-MT;DEL2/2;UOP01/MT
266004;30/01/2020;quinta-feira;13:30:00;MG;40;766,5;JUIZ DE FORA;Defeito Mecânico no Veículo;Incêndio;Sem Vítimas;Pleno dia;Crescente;Céu Claro;Simples;Reta;Não;1;0;0;0;1;0;0;1;-21,56884;-43,47868;SR-MG;DEL5;UOP01/MG
266005;30/01/2020;quinta-feira;13:20:00;DF;80;9;BRASILIA;Carga excessiva e/ou mal acondicionada;Derramamento de carga;Sem Vítimas;Pleno dia;Crescente;Céu Claro;Simples;Não Informado;Não;1;0;0;0;1;0;0;1;-15,67064;-48,13625;SR-DF;UOP06/DF;
266006;12/01/2020;domingo;17:50:00;RN;304;26;MOSSORO;Falta de Atenção à Condução;Engavetamento;Com Vítimas Feridas;Plena Noite;Crescente;Céu Claro;Simples;Reta;Não;7;0;0;1;6;0;1;6;-5,08165;-37,33349;SR-RN;DEL15/4;UOP02/RN
266008;30/01/2020;quinta-feira;14:40:00;ES;262;111,6;VENDA NOVA DO IMIGRANTE;Falta de Atenção à Condução;Colisão traseira;Com Vítimas Feridas;Pleno dia;Crescente;Céu Claro;Simples;Reta;Não;6;0;5;0;1;0;5;2;-20,33711;-41,19043;SR-ES;DEL12/1;UOP02/ES
266009;30/01/2020;quinta-feira;13:00:00;RS;290;457,4;ROSARIO DO SUL;Falta de Atenção à Condução;Saída de leito carroçável;Com Vítimas Feridas;Pleno dia;Decrescente;Céu Claro;Simples;Curva;Não;2;0;1;0;0;1;1;1;-30,22905;-54,68589;SR-RS;DEL9/11;UOP02/RS
266010;30/01/2020;quinta-feira;12:58:00;MG;116;276,1;TEOFILO OTONI;Falta de Atenção à Condução;Colisão lateral;Com Vítimas Feridas;Pleno dia;Decrescente;Céu Claro;Simples;Rotatória;Sim;2;0;1;0;1;0;1;2;-17,85106;-41,51454;SR-MG;DEL4/11;UOP01/MG
266011;30/01/2020;quinta-feira;08:15:00;MT;174;567;COMODORO;Falta de Atenção à Condução;Saída de leito carroçável;Sem Vítimas;Pleno dia;Crescente;Céu Claro;Simples;Reta;Não;1;0;0;0;1;0;0;1;-13,02835;-59,91864;SR-RO;DEL21/4;UOP01/RO
266012;02/01/2020;quinta-feira;08:00:00;BA;116;80;CHORROCHO;Falta de Atenção à Condução;Capotamento;Com Vítimas Feridas;Pleno dia;Crescente;Ignorado;Simples;Reta;Não;3;0;3;0;0;0;3;1;-9,00597;-39,18801;SR-BA;DEL10/7;UOP01/BA
266013;06/01/2020;segunda-feira;10:30:00;ES;262;0,5;CARIACICA;Falta de Atenção à Condução;Colisão traseira;Com Vítimas Feridas;Pleno dia;Decrescente;Céu Claro;Dupla;Ponte;Não;2;0;1;0;1;0;1;2;-20,32079;-40,35332;SR-ES;DEL12/1;UOP01/ES
266014;30/01/2020;quinta-feira;14:35:00;SE;101;119;ITAPORANGA DAJUDA;Animais na Pista;Colisão com objeto estático;Com Vítimas Feridas;Pleno dia;Decrescente;Céu Claro;Dupla;Curva;Não;1;0;1;0;0;0;1;1;-11,03023;-37,33192;SR-SE;DEL20/2;UOP01/SE
266015;30/01/2020;quinta-feira;15:20:00;SC;101;181;BIGUACU;Falta de Atenção à Condução;Colisão traseira;Com Vítimas Feridas;Pleno dia;Decrescente;Céu Claro;Dupla;Reta;Sim;2;0;1;0;1;0;1;2;-27,38959;-48,63198;SR-SC;DEL8/1;UOP01/SC
266016;30/01/2020;quinta-feira;14:30:00;MT;163;798,5;VERA;Desobediência às normas de trânsito pelo condutor;Colisão frontal;Com Vítimas Fatais;Pleno dia;Decrescente;Céu Claro;Simples;Desvio Temporário;Não;5;1;1;3;0;0;4;2;-12,30475;-55,57479;SR-MT;DEL2/6;UOP01/MT
266017;30/01/2020;quinta-feira;15:35:00;SC;101;218;PALHOCA;Falta de Atenção à Condução;Queda de ocupante de veículo;Com Vítimas Feridas;Pleno dia;Decrescente;Garoa/Chuvisco;Dupla;Reta;Sim;1;0;1;0;0;0;1;1;-27,67586;-48,67053;SR-SC;DEL8/1;UOP02/SC
266018;30/01/2020;quinta-feira;08:45:00;RO;435;24;VILHENA;Falta de Atenção à Condução;Capotamento;Com Vítimas Feridas;Pleno dia;Decrescente;Céu Claro;Simples;Reta;Não;1;0;1;0;0;0;1;1;-12,77549;-60,32738;SR-RO;DEL21/4;UOP02/RO
266019;30/01/2020;quinta-feira;15:40:00;PE;101;70,3;RECIFE;Não guardar distância de segurança;Colisão traseira;Com Vítimas Feridas;Pleno dia;Decrescente;Céu Claro;Dupla;Reta;Sim;2;0;1;0;1;0;1;2;-8,067761;-34,94265;SR-PE;DEL11/1;UOP01/PE
266020;18/01/2020;sábado;10:30:00;SP;116;555,2;BARRA DO TURVO;Velocidade Incompatível;Tombamento;Com Vítimas Feridas;Pleno dia;Crescente;Nublado;Simples;Não Informado;Não;2;0;1;1;0;0;2;1;-24,97447;-48,5046;SR-SP;DEL6/5;UOP03/SP
266021;30/01/2020;quinta-feira;16:10:00;MG;381;481,7;CONTAGEM;Falta de Atenção à Condução;Colisão traseira;Com Vítimas Feridas;Pleno dia;Decrescente;Nublado;Múltipla;Não Informado;Sim;3;0;1;0;2;0;1;2;-19,95904;-44,06562;SR-MG;DEL4/1;UOP03/MG
266022;30/01/2020;quinta-feira;16:30:00;CE;116;40;HORIZONTE;Falta de Atenção à Condução;Colisão traseira;Com Vítimas Feridas;Pleno dia;Decrescente;Céu Claro;Dupla;Retorno Regulamentado;Sim;3;0;1;1;1;0;2;2;-4,09497;-38,50352;SR-CE;DEL16/1;UOP02/CE
266023;30/01/2020;quinta-feira;15:50:00;PR;158;393,3;LARANJEIRAS DO SUL;Defeito Mecânico no Veículo;Saída de leito carroçável;Com Vítimas Feridas;Pleno dia;Crescente;Céu Claro;Simples;Curva;Não;2;0;2;0;0;0;2;1;-25,29871;-52,31355;SR-PR;DEL7/4;UOP03/PR
266025;30/01/2020;quinta-feira;16:40:00;PE;232;208,6;PESQUEIRA;Não guardar distância de segurança;Colisão traseira;Sem Vítimas;Pleno dia;Crescente;Sol;Simples;Interseção de vias;Sim;2;0;0;0;2;0;0;2;-8,367941;-36,67972;SR-PE;DEL11/2;UOP02/PE
266026;30/01/2020;quinta-feira;14:20:00;SC;470;102,5;APIUNA;Velocidade Incompatível;Colisão traseira;Com Vítimas Feridas;Pleno dia;Crescente;Nublado;Simples;Reta;Não;2;0;1;0;1;0;1;2;-27,06082;-49,39276;SR-SC;DEL8/4;UOP02/SC
266027;30/01/2020;quinta-feira;16:00:00;MT;364;18,2;ALTO ARAGUAIA;Defeito na Via;Colisão lateral;Com Vítimas Fatais;Pleno dia;Crescente;Sol;Simples;Não Informado;Não;3;1;0;0;1;1;0;2;-17,21455;-53,33113;SR-MT;DEL2/2;UOP04/MT
266028;30/01/2020;quinta-feira;16:08:00;BA;116;417;FEIRA DE SANTANA;Não guardar distância de segurança;Colisão traseira;Sem Vítimas;Pleno dia;Crescente;Céu Claro;Simples;Reta;Não;3;0;0;0;2;1;0;3;-12,17708;-38,96511;SR-BA;DEL10/2;UOP01/BA
266029;30/01/2020;quinta-feira;15:45:00;SP;116;25,7;LAVRINHAS;Objeto estático sobre o leito carroçável;Tombamento;Com Vítimas Feridas;Pleno dia;Crescente;Céu Claro;Dupla;Reta;Não;1;0;1;0;0;0;1;1;-22,60593;-44,89504;SR-SP;DEL6/8;UOP01/SP
266030;30/01/2020;quinta-feira;16:00:00;MA;10;252,5;IMPERATRIZ;Ingestão de Álcool;Colisão traseira;Sem Vítimas;Pleno dia;Crescente;Céu Claro;Simples;Reta;Sim;4;0;0;0;4;0;0;4;-5,53562;-47,46959;SR-MA;DEL18/4;UOP01/MA
266031;30/01/2020;quinta-feira;09:50:00;MT;70;133,5;GENERAL CARNEIRO;Desobediência às normas de trânsito pelo condutor;Tombamento;Com Vítimas Feridas;Pleno dia;Decrescente;Céu Claro;Simples;Curva;Não;1;0;1;0;0;0;1;1;-15,59069;-53,22057;SR-MT;DEL2/8;UOP01/MT
266032;30/01/2020;quinta-feira;15:30:00;PR;376;152,1;MANDAGUACU;Falta de Atenção à Condução;Saída de leito carroçável;Sem Vítimas;Pleno dia;Decrescente;Céu Claro;Dupla;Reta;Não;1;0;0;0;0;1;0;1;-23,32035;-52,11016;SR-PR;DEL7/7;UOP04/PR
266033;30/01/2020;quinta-feira;17:40:00;PE;407;125;PETROLINA;Falta de Atenção à Condução;Colisão lateral;Com Vítimas Feridas;Pleno dia;Decrescente;Céu Claro;Dupla;Reta;Sim;3;0;1;0;2;0;1;3;-9,377393;-40,53596;SR-PE;DEL11/6;UOP01/PE
266034;30/01/2020;quinta-feira;15:00:00;PR;376;275,8;MARILANDIA DO SUL;Desobediência às normas de trânsito pelo condutor;Colisão frontal;Com Vítimas Feridas;Pleno dia;Crescente;Sol;Simples;Não Informado;Não;5;0;0;2;2;1;2;4;-23,7822;-51,26529;SR-PR;DEL7/7;UOP02/PR
266035;30/01/2020;quinta-feira;17:30:00;SC;280;51;GUARAMIRIM;Falta de Atenção à Condução;Colisão transversal;Com Vítimas Feridas;Pleno dia;Crescente;Nublado;Simples;Rotatória;Não;2;0;0;1;1;0;1;2;-26,46539;-48,95544;SR-SC;DEL8/3;UOP03/SC
266036;30/01/2020;quinta-feira;17:30:00;SE;101;83,1;LARANJEIRAS;Defeito na Via;Colisão com objeto estático;Sem Vítimas;Pleno dia;Decrescente;Céu Claro;Dupla;Reta;Não;1;0;0;0;0;1;0;1;-10,82644;-37,13848;SR-SE;DEL20/1;UOP01/SE
266038;30/01/2020;quinta-feira;18:00:00;GO;40;3,3;VALPARAISO DE GOIAS;Falta de Atenção à Condução;Queda de ocupante de veículo;Com Vítimas Feridas;Anoitecer;Crescente;Nublado;Dupla;Reta;Sim;1;0;1;0;0;0;1;1;-16,08212;-47,98668;SR-DF;UOP01/DF;
266039;30/01/2020;quinta-feira;17:30:00;PB;230;152,2;CAMPINA GRANDE;Defeito Mecânico no Veículo;Colisão com objeto estático;Sem Vítimas;Pleno dia;Crescente;Céu Claro;Simples;Não Informado;Sim;1;0;0;0;1;0;0;1;-7,2688;-35,8837;SR-PB;DEL14/2;UOP01/PB
266040;30/01/2020;quinta-feira;17:10:00;CE;116;498,3;BREJO SANTO;Ingestão de Álcool;Colisão lateral;Com Vítimas Feridas;Pleno dia;Decrescente;Céu Claro;Simples;Não Informado;Não;3;0;1;0;2;0;1;2;-7,427336;-38,96995;SR-CE;DEL16/5;UOP03/CE
266041;30/01/2020;quinta-feira;18:00:00;PB;230;20;JOAO PESSOA;Falta de Atenção à Condução;Engavetamento;Com Vítimas Feridas;Plena Noite;Decrescente;Céu Claro;Dupla;Reta;Não;3;0;2;0;1;0;2;3;-7,1337;-34,8544;SR-PB;DEL14/1;UOP01/PB
266042;30/01/2020;quinta-feira;17:10:00;BA;116;419;FEIRA DE SANTANA;Falta de Atenção do Pedestre;Atropelamento de Pedestre;Com Vítimas Feridas;Pleno dia;Crescente;Céu Claro;Dupla;Reta;Sim;2;0;1;1;0;0;2;1;-12,19453;-38,96534;SR-BA;DEL10/2;UOP01/BA
266043;30/01/2020;quinta-feira;18:15:00;SC;101;198;BIGUACU;Falta de Atenção à Condução;Colisão traseira;Sem Vítimas;Pleno dia;Decrescente;Céu Claro;Múltipla;Reta;Não;2;0;0;0;2;0;0;2;-27,52659;-48,63506;SR-SC;DEL8/1;UOP01/SC
266044;30/01/2020;quinta-feira;17:45:00;MG;381;900;CAMBUI;Defeito Mecânico no Veículo;Colisão traseira;Sem Vítimas;Pleno dia;Decrescente;Chuva;Dupla;Reta;Sim;2;0;0;0;2;0;0;2;-22,66198;-46,08922;SR-MG;DEL09;UOP03/MG
266045;30/01/2020;quinta-feira;17:30:00;SC;280;58,4;GUARAMIRIM;Desobediência às normas de trânsito pelo condutor;Colisão transversal;Com Vítimas Feridas;Pleno dia;Decrescente;Céu Claro;Simples;Reta;Não;2;0;1;0;1;0;1;2;-26,47447;-49,0252;SR-SC;DEL8/3;UOP03/SC
266046;30/01/2020;quinta-feira;18:15:00;RN;304;40;MOSSORO;Restrição de Visibilidade;Atropelamento de Pedestre;Com Vítimas Feridas;Anoitecer;Crescente;Nublado;Dupla;Reta;Sim;2;0;0;1;1;0;1;1;-5,196199;-37,3785;SR-RN;DEL15/4;UOP01/RN
266047;30/01/2020;quinta-feira;18:30:00;RS;116;268,5;CANOAS;Desobediência às normas de trânsito pelo condutor;Colisão lateral;Com Vítimas Feridas;Pleno dia;Decrescente;Céu Claro;Múltipla;Reta;Sim;2;0;1;0;1;0;1;2;-29,95043;-51,17653;SR-RS;DEL9/1;UOP01/RS
266049;30/01/2020;quinta-feira;17:00:00;SC;153;57,2;IRANI;Desobediência às normas de trânsito pelo condutor;Colisão frontal;Sem Vítimas;Pleno dia;Decrescente;Céu Claro;Simples;Desvio Temporário;Não;3;0;0;0;3;0;0;3;-26,95683;-51,83619;SR-SC;DEL7;UOP06/SC