id;data_inversa;dia_semana;horario;uf;br;km;municipio;causa_acidente;tipo_acidente;classificacao_acidente;fase_dia;sentido_via;condicao_metereologica;tipo_pista;tracado_via;uso_solo;pessoas;mortos;feridos_leves;feridos_graves;ilesos;ignorados;feridos;veiculos;latitude;longitude;regional;delegacia;uop
266050;30/01/2020;quinta-feira;18:40:00;SC;101;134;BALNEARIO CAMBORIU;Desobediência às normas de trânsito pelo condutor;Colisão lateral;Com Vítimas Feridas;Anoitecer;Crescente;Nublado;Dupla;Reta;Sim;2;0;1;0;1;0;1;2;-27,00218;-48,63643;SR-SC;DEL8/4;UOP03/SC
266051;30/01/2020;quinta-feira;18:05:00;SP;116;288,6;ITAPECERICA DA SERRA;Pista Escorregadia;Saída de leito carroçável;Com Vítimas Feridas;Anoitecer;Decrescente;Garoa/Chuvisco;Dupla;Não Informado;Não;1;0;1;0;0;0;1;1;-23,71925;-46,88314;SR-SP;DEL6/4;UOP01/SP
266052;30/01/2020;quinta-feira;18:20:00;RJ;40;123;DUQUE DE CAXIAS;Falta de Atenção à Condução;Colisão lateral;Com Vítimas Feridas;Plena Noite;Crescente;Nublado;Múltipla;Reta;Sim;2;0;1;0;1;0;1;2;-22,79908;-43,29016;SR-RJ;DEL5/1;UOP01/RJ
266053;30/01/2020;quinta-feira;18:50:00;BA;324;532;FEIRA DE SANTANA;Falta de Atenção do Pedestre;Atropelamento de Pedestre;Com Vítimas Fatais;Plena Noite;Decrescente;Céu Claro;Dupla;Reta;Não;3;1;0;0;2;0;0;1;-12,33921;-38,84748;SR-BA;DEL10/1;UOP01/BA
266054;30/01/2020;quinta-feira;17:05:00;MS;163;558,3;BANDEIRANTES;Pista Escorregadia;Saída de leito carroçável;Com Vítimas Feridas;Anoitecer;Crescente;Chuva;Simples;Reta;Não;1;0;1;0;0;0;1;1;-19,83777;-54,36995;SR-MS;DEL3/1;UOP02/MS
266055;30/01/2020;quinta-feira;18:30:00;RJ;101;70;CAMPOS DOS GOYTACAZES;Desobediência às normas de trânsito pelo condutor;Colisão transversal;Com Vítimas Feridas;Plena Noite;Crescente;Céu Claro;Simples;Reta;Sim;3;0;1;0;1;1;1;2;-21,78101;-41,37336;SR-RJ;DEL5/8;UOP02/RJ
266056;30/01/2020;quinta-feira;15:00:00;MS;163;475;CAMPO GRANDE;Ingestão de Álcool;Tombamento;Com Vítimas Feridas;Pleno dia;Decrescente;Chuva;Simples;Reta;Sim;1;0;1;0;0;0;1;1;-20,51838;-54,56659;SR-MS;DEL3/1;UOP01/MS
266057;30/01/2020;quinta-feira;19:05:00;SE;235;52,5;ITABAIANA;Objeto estático sobre o leito carroçável;Colisão com objeto estático;Com Vítimas Fatais;Plena Noite;Decrescente;Céu Claro;Simples;Reta;Sim;2;1;0;1;0;0;1;1;-10,69328;-37,43756;SR-SE;DEL20/1;UOP02/SE
266058;30/01/2020;quinta-feira;19:30:00;MG;381;500,9;BETIM;Falta de Atenção à Condução;Colisão traseira;Com Vítimas Feridas;Plena Noite;Crescente;Nublado;Dupla;Reta;Sim;3;0;1;0;2;0;1;2;-20,02513;-44,23113;SR-MG;DEL4/1;UOP03/MG
266059;30/01/2020;quinta-feira;17:10:00;SC;282;541,3;CHAPECO;Ingestão de Álcool;Tombamento;Com Vítimas Feridas;Pleno dia;Crescente;Nublado;Simples;Interseção de vias;Não;1;0;1;0;0;0;1;1;-26,99771;-52,69917;SR-SC;DEL7;UOP01/SC
266061;30/01/2020;quinta-feira;20:30:00;GO;60;97;ANAPOLIS;Falta de Atenção à Condução;Capotamento;Com Vítimas Feridas;Plena Noite;Crescente;Nublado;Dupla;Reta;Sim;1;0;1;0;0;0;1;1;-16,3774;-48,9483;SR-GO;DEL1/2;UOP01/GO
266062;22/01/2020;quarta-feira;18:40:00;MG;354;758;ITAMONTE;Animais na Pista;Atropelamento de Animal;Com Vítimas Feridas;Anoitecer;Crescente;Ignorado;Simples;Curva;Não;1;0;0;1;0;0;1;1;-22,32498;-44,8417;SR-MG;DEL5;UOP03/MG
266063;30/01/2020;quinta-feira;16:50:00;SC;163;123;DIONISIO CERQUEIRA;Falta de Atenção à Condução;Colisão transversal;Sem Vítimas;Pleno dia;Crescente;Céu Claro;Simples;Interseção de vias;Não;2;0;0;0;1;1;0;2;-26,29498;-53,55564;SR-SC;DEL7;UOP04/SC
266064;30/01/2020;quinta-feira;19:55:00;RO;364;427;JARU;Ingestão de Álcool;Colisão frontal;Com Vítimas Feridas;Plena Noite;Decrescente;Céu Claro;Simples;Reta;Sim;3;0;0;1;2;0;1;2;-10,43244;-62,47958;SR-RO;DEL21/3;UOP02/RO
266065;30/01/2020;quinta-feira;19:15:00;PI;316;31;DEMERVAL LOBAO;Ingestão de álcool e/ou substâncias psicoativas pelo pedestre;Atropelamento de Pedestre;Com Vítimas Feridas;Plena Noite;Crescente;Nublado;Simples;Reta;Sim;3;0;1;2;0;0;3;1;-5,339588;-42,69401;SR-PI;DEL17/1;UOP02/PI
266067;30/01/2020;quinta-feira;21:15:00;ES;101;253,7;SERRA;Desobediência às normas de trânsito pelo condutor;Colisão traseira;Com Vítimas Feridas;Plena Noite;Crescente;Céu Claro;Simples;Reta;Não;8;0;2;3;3;0;5;3;-20,10337;-40,33384;SR-ES;DEL12/2;UOP01/ES
266069;30/01/2020;quinta-feira;21:20:00;GO;70;190,7;ITABERAI;Animais na Pista;Atropelamento de Animal;Com Vítimas Fatais;Plena Noite;Crescente;Nublado;Simples;Reta;Sim;1;1;0;0;0;0;0;1;-16,02729;-49,77877;SR-GO;DEL1/2;UOP02/GO
266070;30/01/2020;quinta-feira;21:15:00;BA;116;813;VITORIA DA CONQUISTA;Desobediência às normas de trânsito pelo condutor;Colisão transversal;Com Vítimas Feridas;Plena Noite;Decrescente;Céu Claro;Simples;Interseção de vias;Não;9;0;5;0;3;1;5;3;-14,80156;-40,77613;SR-BA;DEL10/8;UOP01/BA
266071;30/01/2020;quinta-feira;21:00:00;GO;153;424,4;ANAPOLIS;Defeito na Via;Queda de ocupante de veículo;Com Vítimas Feridas;Plena Noite;Crescente;Nublado;Dupla;Não Informado;Não;1;0;1;0;0;0;1;1;-16,20509;-49,02124;SR-GO;DEL1/2;UOP01/GO
266072;30/01/2020;quinta-feira;20:40:00;MA;316;550,6;CAXIAS;Não guardar distância de segurança;Colisão traseira;Com Vítimas Feridas;Plena Noite;Crescente;Nublado;Simples;Reta;Sim;5;0;2;2;0;1;4;2;-4,887297;-43,36736;SR-MA;DEL18/3;UOP02/MA
266073;30/01/2020;quinta-feira;16:50:00;BA;101;663,5;ITAPEBI;Velocidade Incompatível;Saída de leito carroçável;Com Vítimas Feridas;Pleno dia;Decrescente;Céu Claro;Simples;Curva;Não;1;0;1;0;0;0;1;1;-15,96841;-39,56147;SR-BA;DEL10/5;UOP02/BA
266074;30/01/2020;quinta-feira;21:40:00;RS;386;441,9;CANOAS;Falta de Atenção à Condução;Colisão traseira;Com Vítimas Feridas;Plena Noite;Decrescente;Nublado;Simples;Reta;Não;2;0;1;0;1;0;1;2;-29,88259;-51,2331;SR-RS;DEL9/1;UOP01/RS
266077;30/01/2020;quinta-feira;21:40:00;PR;163;320;GUAIRA;Ingestão de Álcool;Colisão frontal;Com Vítimas Feridas;Plena Noite;Decrescente;Céu Claro;Simples;Reta;Não;2;0;1;0;1;0;1;2;-24,34462;-54,15034;SR-PR;DEL7/6;UOP01/PR
266078;30/01/2020;quinta-feira;20:40:00;GO;153;85,9;PORANGATU;Falta de Atenção à Condução;Saída de leito carroçável;Com Vítimas Feridas;Plena Noite;Crescente;Céu Claro;Simples;Reta;Não;1;0;1;0;0;0;1;1;-13,5535;-49,0828;SR-GO;DEL1/7;UOP01/GO
266079;30/01/2020;quinta-feira;21:00:00;MG;40;754,9;EWBANK DA CAMARA;Velocidade Incompatível;Tombamento;Sem Vítimas;Plena Noite;Crescente;Garoa/Chuvisco;Simples;Desvio Temporário;Não;1;0;0;0;1;0;0;1;-21,52684;-43,5203;SR-MG;DEL5;UOP01/MG
266080;30/01/2020;quinta-feira;21:15:00;MG;40;514,7;RIBEIRAO DAS NEVES;Carga excessiva e/ou mal acondicionada;Colisão com objeto em movimento;Com Vítimas Feridas;Plena Noite;Decrescente;Nublado;Dupla;Reta;Não;2;0;1;0;1;0;1;2;-19,81516;-44,09191;SR-MG;DEL4/1;UOP02/MG
266081;30/01/2020;quinta-feira;22:30:00;RJ;40;18,7;TRES RIOS;Animais na Pista;Atropelamento de Animal;Com Vítimas Fatais;Plena Noite;Decrescente;Chuva;Dupla;Reta;Sim;2;1;0;0;0;1;0;1;-22,09283;-43,17077;SR-RJ;DEL5/6;UOP01/RJ
266082;30/01/2020;quinta-feira;22:30:00;SC;101;112,4;ITAJAI;Ingestão de Álcool;Colisão lateral;Sem Vítimas;Plena Noite;Crescente;Céu Claro;Dupla;Reta;Sim;2;0;0;0;2;0;0;2;-26,84589;-48,72131;SR-SC;DEL8/4;UOP04/SC
266083;30/01/2020;quinta-feira;22:40:00;RJ;40;99;DUQUE DE CAXIAS;Falta de Atenção à Condução;Tombamento;Sem Vítimas;Plena Noite;Decrescente;Garoa/Chuvisco;Simples;Curva;Não;1;0;0;0;1;0;0;1;-22,58585;-43,27716;SR-RJ;DEL5/1;UOP01/RJ
266084;30/01/2020;quinta-feira;18:40:00;AC;364;179,5;BUJARI;Falta de Atenção do Pedestre;Atropelamento de Pedestre;Sem Vítimas;Plena Noite;Decrescente;Nublado;Simples;Reta;Não;4;0;0;0;2;2;0;1;-9,723781;-68,12696;SR-AC;UOP01/AC;
266085;30/01/2020;quinta-feira;22:40:00;CE;NA;NA;ITAITINGA;Restrição de Visibilidade;Colisão com objeto estático;Com Vítimas Feridas;Plena Noite;Não Informado;Céu Claro;Dupla;Não Informado;Sim;5;0;1;1;2;1;2;2;-3,972747;-38,5212;SR-CE;DEL16/1;UOP02/CE
266086;30/01/2020;quinta-feira;21:55:00;MG;381;418;NOVA UNIAO;Velocidade Incompatível;Saída de leito carroçável;Com Vítimas Feridas;Plena Noite;Decrescente;Nublado;Simples;Curva;Não;1;0;1;0;0;0;1;1;-19,76425;-43,64211;SR-MG;DEL4/1;UOP01/MG
266087;30/01/2020;quinta-feira;22:40:00;RO;421;10;ARIQUEMES;Defeito na Via;Tombamento;Com Vítimas Feridas;Plena Noite;Decrescente;Céu Claro;Simples;Reta;Não;1;0;1;0;0;0;1;1;-9,970236;-63,12508;SR-RO;DEL21/3;UOP01/RO
266088;31/01/2020;sexta-feira;00:15:00;MG;40;486,2;CAPIM BRANCO;Condutor Dormindo;Colisão traseira;Com Vítimas Feridas;Plena Noite;Decrescente;Céu Claro;Dupla;Reta;Não;3;0;0;1;2;0;1;2;-19,59065;-44,22671;SR-MG;DEL4/2;UOP01/MG
266089;30/01/2020;quinta-feira;22:19:00;SC;470;168,5;POUSO REDONDO;Falta de Atenção à Condução;Colisão traseira;Com Vítimas Feridas;Plena Noite;Crescente;Nublado;Simples;Reta;Não;3;0;1;0;2;0;1;2;-27,26699;-49,87252;SR-SC;DEL8/4;UOP02/SC
266090;30/01/2020;quinta-feira;18:20:00;ES;101;296;CARIACICA;Animais na Pista;Queda de ocupante de veículo;Com Vítimas Feridas;Pleno dia;Decrescente;Céu Claro;Simples;Reta;Sim;1;0;1;0;0;0;1;1;-20,3403;-40,40406;SR-ES;DEL12/1;UOP01/ES
266091;31/01/2020;sexta-feira;01:44:00;SE;101;1,5;PROPRIA;Animais na Pista;Colisão traseira;Sem Vítimas;Plena Noite;Crescente;Céu Claro;Simples;Curva;Não;1;0;0;0;0;1;0;1;-10,21498;-36,82283;SR-SE;DEL20/2;UOP02/SE
266092;30/01/2020;quinta-feira;23:00:00;PR;163;10;BARRACAO;Ultrapassagem Indevida;Colisão frontal;Com Vítimas Feridas;Plena Noite;Crescente;Céu Claro;Simples;Curva;Não;2;0;1;1;0;0;2;2;-26,25066;-53,63552;SR-PR;DEL7/2;UOP04/PR
266093;30/01/2020;quinta-feira;23:45:00;PI;343;574;FLORIANO;Animais na Pista;Saída de leito carroçável;Com Vítimas Feridas;Plena Noite;Crescente;Céu Claro;Simples;Desvio Temporário;Não;1;0;1;0;0;0;1;1;-6,766282;-42,92387;SR-PI;DEL17/3;UOP01/PI
266095;30/01/2020;quinta-feira;23:40:00;RJ;493;99;ITAGUAI;Ingestão de Álcool;Colisão transversal;Sem Vítimas;Plena Noite;Decrescente;Nublado;Dupla;Reta;Não;2;0;0;0;2;0;0;2;-22,73376;-43,7174;SR-RJ;DEL5/3;UOP01/RJ
266096;31/01/2020;sexta-feira;01:49:00;SP;116;78;ROSEIRA;Defeito Mecânico no Veículo;Incêndio;Sem Vítimas;Plena Noite;Decrescente;Nublado;Dupla;Reta;Não;1;0;0;0;1;0;0;1;-22,88893;-45,28691;SR-SP;DEL6;UOP01/SP
266097;31/01/2020;sexta-feira;00:30:00;RO;319;62;PORTO VELHO;Desobediência às normas de trânsito pelo condutor;Colisão transversal;Com Vítimas Feridas;Plena Noite;Decrescente;Ignorado;Dupla;Interseção de vias;Sim;2;0;1;0;1;0;1;2;-8,755567;-63,88654;SR-RO;DEL21/1;UOP01/RO
266098;31/01/2020;sexta-feira;02:35:00;MG;381;799;CAREACU;Condutor Dormindo;Saída de leito carroçável;Com Vítimas Feridas;Plena Noite;Crescente;Nublado;Dupla;Curva;Não;4;0;3;1;0;0;4;1;-21,97237;-45,63124;SR-MG;DEL09;UOP02/MG
266099;31/01/2020;sexta-feira;01:15:00;SP;116;475,3;JACUPIRANGA;Falta de Atenção à Condução;Colisão traseira;Com Vítimas Feridas;Plena Noite;Decrescente;Nublado;Dupla;Reta;Não;2;0;1;0;1;0;1;2;-24,68648;-47,9891;SR-SP;DEL6/5;UOP01/SP
266100;31/01/2020;sexta-feira;03:15:00;PR;376;218;JANDAIA DO SUL;Ingestão de Álcool;Saída de leito carroçável;Com Vítimas Feridas;Plena Noite;Crescente;Garoa/Chuvisco;Simples;Não Informado;Sim;2;0;2;0;0;0;2;1;-23,59718;-51,61504;SR-PR;DEL7/7;UOP03/PR
266101;31/01/2020;sexta-feira;03:25:00;MG;381;480,3;CONTAGEM;Animais na Pista;Atropelamento de Animal;Com Vítimas Feridas;Plena Noite;Decrescente;Nublado;Múltipla;Reta;Sim;1;0;1;0;0;0;1;1;-19,96302;-44,04934;SR-MG;DEL4/1;UOP03/MG
266102;30/01/2020;quinta-feira;20:45:00;AC;364;129,1;RIO BRANCO;Defeito na Via;Queda de ocupante de veículo;Com Vítimas Feridas;Plena Noite;Decrescente;Céu Claro;Simples;Reta;Não;1;0;1;0;0;0;1;1;-10,02882;-67,82933;SR-AC;UOP01/AC;
266103;31/01/2020;sexta-feira;04:00:00;GO;50;306,1;CUMARI;Velocidade Incompatível;Colisão com objeto estático;Com Vítimas Fatais;Plena Noite;Crescente;Ignorado;Simples;Não Informado;Não;1;1;0;0;0;0;0;1;-18,3701;-48,0555;SR-GO;DEL1/6;UOP01/GO
266104;31/01/2020;sexta-feira;03:30:00;ES;101;32;CONCEICAO DA BARRA;Falta de Atenção à Condução;Colisão lateral;Com Vítimas Feridas;Plena Noite;Crescente;Céu Claro;Simples;Não Informado;Sim;4;0;0;1;2;1;1;4;-18,43145;-39,93402;SR-ES;DEL12/4;UOP02/ES
266106;31/01/2020;sexta-feira;04:00:00;RJ;101;164;MACAE;Condutor Dormindo;Colisão frontal;Com Vítimas Feridas;Plena Noite;Crescente;Nublado;Simples;Reta;Não;4;0;2;0;2;0;2;4;-22,31512;-41,89679;SR-RJ;DEL5/2;UOP03/RJ
266107;31/01/2020;sexta-feira;04:30:00;RJ;101;67;CAMPOS DOS GOYTACAZES;Ingestão de Álcool;Colisão traseira;Com Vítimas Feridas;Amanhecer;Crescente;Céu Claro;Simples;Reta;Sim;2;0;1;0;1;0;1;2;-21,76751;-41,34876;SR-RJ;DEL5/8;UOP02/RJ
266108;31/01/2020;sexta-feira;03:30:00;MS;262;728;CORUMBA;Ingestão de Álcool;Colisão frontal;Com Vítimas Fatais;Plena Noite;Crescente;Chuva;Simples;Reta;Não;4;3;0;0;1;0;0;2;-19,37806;-57,52802;SR-MS;DEL3/3;UOP03/MS
266109;30/01/2020;quinta-feira;20:30:00;BA;242;324,4;ANDARAI;Animais na Pista;Atropelamento de Animal;Com Vítimas Feridas;Plena Noite;Decrescente;Céu Claro;Simples;Reta;Sim;2;0;1;0;1;0;1;1;-12,47109;-41,09756;SR-BA;DEL10/6;UOP01/BA
266110;31/01/2020;sexta-feira;04:50:00;RJ;493;109;SEROPEDICA;Falta de Atenção à Condução;Saída de leito carroçável;Com Vítimas Feridas;Amanhecer;Decrescente;Céu Claro;Dupla;Reta;Não;1;0;1;0;0;0;1;1;-22,79412;-43,78297;SR-RJ;DEL5/3;UOP01/RJ
266111;31/01/2020;sexta-feira;05:50:00;MG;40;511;RIBEIRAO DAS NEVES;Falta de Atenção à Condução;Colisão lateral;Sem Vítimas;Amanhecer;Crescente;Céu Claro;Dupla;Retorno Regulamentado;Sim;2;0;0;0;1;1;0;2;-19,78164;-44,11733;SR-MG;DEL4/1;UOP02/MG
266112;30/01/2020;quinta-feira;19:10:00;RS;392;21,1;RIO GRANDE;Falta de Atenção à Condução;Capotamento;Com Vítimas Feridas;Anoitecer;Crescente;Nublado;Dupla;Reta;Sim;4;0;3;0;1;0;3;1;-32,0877;-52,20709;SR-RS;DEL9/7;UOP02/RS
266113;31/01/2020;sexta-feira;04:00:00;AL;101;151,6;JEQUIA DA PRAIA;Falta de Atenção à Condução;Colisão com objeto estático;Com Vítimas Feridas;Plena Noite;Decrescente;Céu Claro;Dupla;Reta;Não;2;0;0;1;0;1;1;2;-9,890097;-36,15847;SR-AL;DEL13/2;UOP02/AL
266114;31/01/2020;sexta-feira;02:40:00;AL;316;104,4;DOIS RIACHOS;Condutor Dormindo;Colisão frontal;Com Vítimas Feridas;Plena Noite;Decrescente;Céu Claro;Simples;Reta;Não;3;0;3;0;0;0;3;2;-9,38681;-37,08;SR-AL;DEL13/3;UOP01/AL
266115;31/01/2020;sexta-feira;06:30:00;MG;153;69;MONTE ALEGRE DE MINAS;Ultrapassagem Indevida;Capotamento;Com Vítimas Feridas;Pleno dia;Decrescente;Céu Claro;Simples;Reta;Não;2;0;1;0;0;1;1;1;-18,96953;-49,02511;SR-MG;DEL4/15;UOP03/MG
266116;31/01/2020;sexta-feira;05:50:00;RS;386;349;LAJEADO;Falta de Atenção do Pedestre;Atropelamento de Pedestre;Com Vítimas Feridas;Pleno dia;Decrescente;Nublado;Simples;Reta;Não;2;0;1;1;0;0;2;1;-29,46548;-51,95509;SR-RS;DEL9/4;UOP02/RS
266119;31/01/2020;sexta-feira;07:10:00;CE;222;128,4;ITAPAJE;Velocidade Incompatível;Colisão frontal;Com Vítimas Feridas;Pleno dia;Crescente;Chuva;Simples;Curva;Sim;2;0;1;0;1;0;1;2;-3,704273;-39,61529;SR-CE;DEL16/4;UOP03/CE
266120;31/01/2020;sexta-feira;06:30:00;MG;381;708,3;CARMO DA CACHOEIRA;Falta de Atenção à Condução;Colisão traseira;Sem Vítimas;Pleno dia;Decrescente;Nublado;Dupla;Reta;Não;5;0;0;0;5;0;0;2;-21,37052;-45,18865;SR-MG;DEL4/4;UOP02/MG
266121;31/01/2020;sexta-feira;07:10:00;SC;470;34,9;GASPAR;Falta de Atenção à Condução;Colisão transversal;Com Vítimas Feridas;Pleno dia;Crescente;Céu Claro;Simples;Interseção de vias;Não;3;0;2;0;1;0;2;2;-26,91065;-48,94934;SR-SC;DEL8/4;UOP01/SC
266122;31/01/2020;sexta-feira;07:00:00;PR;116;122;CURITIBA;Falta de Atenção à Condução;Colisão lateral;Com Vítimas Feridas;Pleno dia;Crescente;Céu Claro;Dupla;Reta;Sim;2;0;1;0;1;0;1;2;-25,56857;-49,31023;SR-PR;DEL7/1;UOP03/PR
266124;31/01/2020;sexta-feira;07:30:00;SP;116;276,5;EMBU DAS ARTES;Falta de Atenção à Condução;Colisão lateral;Com Vítimas Feridas;Pleno dia;Decrescente;Nublado;Dupla;Reta;Sim;2;0;1;0;1;0;1;2;-23,6278;-46,81846;SR-SP;DEL6/4;UOP01/SP
266125;31/01/2020;sexta-feira;07:30:00;MG;381;864;POUSO ALEGRE;Falta de Atenção à Condução;Colisão lateral;Sem Vítimas;Pleno dia;Crescente;Céu Claro;Múltipla;Não Informado;Não;2;0;0;0;2;0;0;2;-22,38757;-45,95265;SR-MG;DEL09;UOP01/MG
266126;31/01/2020;sexta-feira;07:30:00;DF;40;5,9;BRASILIA;Falta de Atenção à Condução;Colisão transversal;Sem Vítimas;Pleno dia;Crescente;Nublado;Dupla;Reta;Não;2;0;0;0;1;1;0;2;-16,0209;-47,98054;SR-DF;UOP01/DF;
266127;26/01/2020;domingo;11:50:00;BA;235;349,3;JUAZEIRO;Desobediência às normas de trânsito pelo condutor;Colisão transversal;Com Vítimas Feridas;Pleno dia;Crescente;Nublado;Dupla;Reta;Sim;2;0;1;0;0;1;1;2;-9,451573;-40,48403;SR-PE;DEL11/6;UOP01/PE
266128;31/01/2020;sexta-feira;08:00:00;RJ;40;117;DUQUE DE CAXIAS;Falta de Atenção à Condução;Colisão traseira;Com Vítimas Feridas;Pleno dia;Decrescente;Céu Claro;Múltipla;Reta;Sim;1;0;1;0;0;0;1;1;-22,7475;-43,28766;SR-RJ;DEL5/1;UOP01/RJ
266129;31/01/2020;sexta-feira;08:27:00;SC;101;197,8;BIGUACU;Desobediência às normas de trânsito pelo condutor;Colisão lateral;Com Vítimas Feridas;Pleno dia;Crescente;Céu Claro;Múltipla;Desvio Temporário;Sim;2;0;1;0;1;0;1;2;-27,51844;-48,63848;SR-SC;DEL8/1;UOP01/SC
266130;31/01/2020;sexta-feira;03:00:00;MG;116;783,6;LEOPOLDINA;Velocidade Incompatível;Tombamento;Com Vítimas Feridas;Plena Noite;Decrescente;Céu Claro;Simples;Curva;Não;1;0;1;0;0;0;1;1;-21,63453;-42,69666;SR-MG;DEL4/7;UOP01/MG
266132;31/01/2020;sexta-feira;06:10:00;MT;70;684;CACERES;Falta de Atenção à Condução;Saída de leito carroçável;Com Vítimas Feridas;Pleno dia;Decrescente;Chuva;Simples;Curva;Não;4;0;1;0;1;2;1;1;-16,14357;-57,33928;SR-MT;DEL2/3;UOP02/MT
266133;31/01/2020;sexta-feira;08:40:00;MG;40;627;CONSELHEIRO LAFAIETE;Não guardar distância de segurança;Colisão traseira;Sem Vítimas;Pleno dia;Decrescente;Nublado;Simples;Reta;Sim;4;0;0;0;4;0;0;2;-20,63592;-43,81353;SR-MG;DEL5;UOP02/MG
266135;31/01/2020;sexta-feira;09:00:00;SC;282;3;FLORIANOPOLIS;Falta de Atenção à Condução;Colisão traseira;Com Vítimas Feridas;Pleno dia;Decrescente;Céu Claro;Dupla;Reta;Sim;2;0;1;0;1;0;1;2;-27,60038;-48,59971;SR-SC;DEL8/1;UOP01/SC
266136;31/01/2020;sexta-feira;07:10:00;RO;364;242,9;CACOAL;Falta de Atenção à Condução;Colisão traseira;Com Vítimas Feridas;Amanhecer;Decrescente;Céu Claro;Simples;Desvio Temporário;Não;3;0;1;1;1;0;2;2;-11,44085;-61,48768;SR-RO;DEL21/2;UOP02/RO
266138;31/01/2020;sexta-feira;08:26:00;SP;116;270;TABOAO DA SERRA;Não guardar distância de segurança;Colisão lateral;Com Vítimas Feridas;Pleno dia;Decrescente;Nublado;Dupla;Curva;Sim;2;0;1;0;1;0;1;2;-23,618;-46,79678;SR-SP;DEL6/4;UOP01/SP
266140;31/01/2020;sexta-feira;06:45:00;GO;153;498,9;GOIANIA;Não guardar distância de segurança;Colisão traseira;Com Vítimas Feridas;Pleno dia;Crescente;Céu Claro;Múltipla;Reta;Sim;5;0;2;0;3;0;2;4;-16,6939;-49,2321;SR-GO;DEL1/1;UOP01/GO
266141;31/01/2020;sexta-feira;03:45:00;MG;262;547,4;LUZ;Velocidade Incompatível;Colisão frontal;Com Vítimas Fatais;Plena Noite;Crescente;Céu Claro;Simples;Curva;Não;3;1;0;1;1;0;1;3;-19,74019;-45,86035;SR-MG;DEL4/8;UOP02/MG
266142;31/01/2020;sexta-feira;07:30:00;SC;282;161,5;BOM RETIRO;Condutor Dormindo;Saída de leito carroçável;Com Vítimas Feridas;Pleno dia;Crescente;Céu Claro;Simples;Reta;Não;3;0;1;0;2;0;1;1;-27,73123;-49,76303;SR-SC;DEL8/5;UOP01/SC
266143;31/01/2020;sexta-feira;08:50:00;GO;153;500;GOIANIA;Defeito Mecânico no Veículo;Queda de ocupante de veículo;Com Vítimas Feridas;Pleno dia;Crescente;Céu Claro;Dupla;Reta;Sim;2;0;0;1;1;0;1;1;-16,7118;-49,2324;SR-GO;DEL1/1;UOP01/GO
266145;31/01/2020;sexta-feira;08:10:00;MS;463;5,5;DOURADOS;Carga excessiva e/ou mal acondicionada;Colisão com objeto estático;Com Vítimas Feridas;Pleno dia;Decrescente;Nublado;Simples;Reta;Não;1;0;1;0;0;0;1;1;-22,25825;-54,85221;SR-MS;DEL3/4;UOP01/MS
266147;31/01/2020;sexta-feira;06:30:00;SP;116;315,1;JUQUITIBA;Defeito Mecânico no Veículo;Saída de leito carroçável;Sem Vítimas;Pleno dia;Crescente;Céu Claro;Dupla;Desvio Temporário;Não;2;0;0;0;1;1;0;1;-23,90252;-46,99049;SR-SP;DEL6/4;UOP01/SP
266148;31/01/2020;sexta-feira;08:30:00;RJ;116;222,5;PIRAI;Carga excessiva e/ou mal acondicionada;Tombamento;Sem Vítimas;Pleno dia;Decrescente;Céu Claro;Dupla;Curva;Não;1;0;0;0;1;0;0;1;-22,6897;-43,79175;SR-RJ;DEL5/7;UOP01/RJ
266149;31/01/2020;sexta-feira;08:40:00;RJ;101;298;ITABORAI;Falta de Atenção à Condução;Colisão traseira;Com Vítimas Feridas;Pleno dia;Crescente;Céu Claro;Dupla;Reta;Sim;3;0;1;0;2;0;1;2;-22,7714;-42,92896;SR-RJ;DEL5/2;UOP01/RJ
266150;31/01/2020;sexta-feira;09:35:00;MS;163;534,5;JARAGUARI;Pista Escorregadia;Tombamento;Com Vítimas Feridas;Pleno dia;Crescente;Céu Claro;Dupla;Reta;Não;1;0;1;0;0;0;1;1;-20,04205;-54,41341;SR-MS;DEL3/1;UOP02/MS
266151;31/01/2020;sexta-feira;10:30:00;MG;116;223,1;CATUJI;Velocidade Incompatível;Tombamento;Com Vítimas Feridas;Pleno dia;Decrescente;Céu Claro;Simples;Não Informado;Não;1;0;0;1;0;0;1;1;-17,43144;-41,51475;SR-MG;DEL4/11;UOP01/MG
266152;31/01/2020;sexta-feira;10:30:00;SC;101;151,6;ITAPEMA;Desobediência às normas de trânsito pelo condutor;Colisão transversal;Com Vítimas Feridas;Pleno dia;Decrescente;Nublado;Múltipla;Interseção de vias;Sim;2;0;1;0;1;0;1;2;-27,132;-48,60957;SR-SC;DEL8/4;UOP03/SC
266154;31/01/2020;sexta-feira;09:05:00;SC;280;53,2;GUARAMIRIM;Desobediência às normas de trânsito pelo condutor;Colisão transversal;Com Vítimas Feridas;Pleno dia;Crescente;Céu Claro;Simples;Reta;Sim;3;0;0;2;1;0;2;2;-26,47237;-48,97427;SR-SC;DEL8/3;UOP03/SC
266155;19/01/2020;domingo;16:15:00;MG;251;350,4;PADRE CARVALHO;Falta de Atenção à Condução;Colisão lateral;Com Vítimas Feridas;Pleno dia;Decrescente;Sol;Simples;Desvio Temporário;Não;3;0;0;1;2;0;1;3;-16,28127;-42,53473;SR-MG;DEL4/12;UOP01/MG
266156;31/01/2020;sexta-feira;11:00:00;SC;101;238;PALHOCA;Desobediência às normas de trânsito pelo condutor;Saída de leito carroçável;Com Vítimas Feridas;Pleno dia;Crescente;Céu Claro;Dupla;Reta;Não;2;0;2;0;0;0;2;1;-27,84294;-48,63472;SR-SC;DEL8/1;UOP02/SC