id;data_inversa;dia_semana;horario;uf;br;km;municipio;causa_acidente;tipo_acidente;classificacao_acidente;fase_dia;sentido_via;condicao_metereologica;tipo_pista;tracado_via;uso_solo;pessoas;mortos;feridos_leves;feridos_graves;ilesos;ignorados;feridos;veiculos;latitude;longitude;regional;delegacia;uop
266258;31/01/2020;sexta-feira;21:00:00;PE;232;155;SAO CAITANO;Falta de Atenção à Condução;Colisão traseira;Com Vítimas Feridas;Plena Noite;Crescente;Nublado;Simples;Reta;Não;4;0;2;0;0;2;2;2;-8,328784;-36,20817;SR-PE;DEL11/2;UOP02/PE
266259;31/01/2020;sexta-feira;20:30:00;MG;381;948;EXTREMA;Falta de Atenção à Condução;Colisão transversal;Com Vítimas Feridas;Plena Noite;Decrescente;Chuva;Múltipla;Reta;Sim;6;0;3;0;3;0;3;2;-22,87479;-46,36656;SR-MG;DEL09;UOP03/MG
266260;31/01/2020;sexta-feira;20:50:00;PR;116;117;CURITIBA;Agressão Externa;Atropelamento de Pedestre;Com Vítimas Feridas;Plena Noite;Crescente;Céu Claro;Dupla;Reta;Sim;1;0;1;0;0;0;1;1;-25,54989;-49,28248;SR-PR;DEL7/1;UOP03/PR
266261;31/01/2020;sexta-feira;21:10:00;MG;116;277;TEOFILO OTONI;Desobediência às normas de trânsito pelo condutor;Colisão transversal;Com Vítimas Feridas;Plena Noite;Crescente;Céu Claro;Múltipla;Não Informado;Sim;2;0;1;0;1;0;1;2;-17,85994;-41,51514;SR-MG;DEL4/11;UOP01/MG
266262;31/01/2020;sexta-feira;19:10:00;RR;174;505;BOA VISTA;Desobediência às normas de trânsito pelo condutor;Colisão traseira;Com Vítimas Feridas;Plena Noite;Decrescente;Céu Claro;Dupla;Reta;Sim;2;0;1;0;1;0;1;2;2,805917;-60,69062;SR-RR;UOP01/RR;
266263;31/01/2020;sexta-feira;20:50:00;GO;153;540,7;HIDROLANDIA;Animais na Pista;Saída de leito carroçável;Com Vítimas Feridas;Plena Noite;Decrescente;Céu Claro;Dupla;Não Informado;Não;5;0;3;0;2;0;3;1;-17,05286;-49,22654;SR-GO;DEL1/1;UOP03/GO
266264;31/01/2020;sexta-feira;21:00:00;DF;251;35;BRASILIA;Ingestão de Álcool;Atropelamento de Pedestre;Com Vítimas Feridas;Plena Noite;Crescente;Nublado;Dupla;Reta;Não;3;0;3;0;0;0;3;1;-15,94073;-47,77002;SR-DF;UOP01/DF;
266277;31/01/2020;sexta-feira;20:45:00;MT;163;71,8;RONDONOPOLIS;Falta de Atenção à Condução;Saída de leito carroçável;Com Vítimas Feridas;Plena Noite;Crescente;Garoa/Chuvisco;Dupla;Retorno Regulamentado;Não;1;0;1;0;0;0;1;1;-16,88205;-54,71479;SR-MT;DEL2/2;UOP02/MT
266278;31/01/2020;sexta-feira;20:50:00;RS;158;492;SANTANA DO LIVRAMENTO;Animais na Pista;Atropelamento de Animal;Sem Vítimas;Plena Noite;Crescente;Céu Claro;Simples;Reta;Não;1;0;0;0;1;0;0;1;-30,45045;-55,05431;SR-RS;DEL9/11;UOP01/RS
266281;31/01/2020;sexta-feira;17:30:00;BA;110;368,4;CATU;Ingestão de Álcool;Colisão traseira;Sem Vítimas;Anoitecer;Decrescente;Nublado;Simples;Reta;Sim;3;0;0;0;3;0;0;3;-12,37834;-38,38366;SR-BA;DEL10/1;UOP04/BA
266285;31/01/2020;sexta-feira;09:00:00;MT;70;512;VARZEA GRANDE;Defeito na Via;Queda de ocupante de veículo;Com Vítimas Feridas;Pleno dia;Crescente;Céu Claro;Simples;Reta;Sim;1;0;1;0;0;0;1;1;-15,69742;-56,10924;SR-MT;DEL2/4;UOP02/MT
266286;31/01/2020;sexta-feira;23:05:00;SC;470;52,4;BLUMENAU;Falta de Atenção à Condução;Colisão transversal;Com Vítimas Feridas;Plena Noite;Decrescente;Céu Claro;Simples;Não Informado;Sim;2;0;0;1;1;0;1;2;-26,86229;-49,0939;SR-SC;DEL8/4;UOP01/SC
266287;31/01/2020;sexta-feira;21:40:00;PR;277;30,3;MORRETES;Velocidade Incompatível;Saída de leito carroçável;Com Vítimas Feridas;Plena Noite;Decrescente;Vento;Dupla;Reta;Não;4;0;3;1;0;0;4;1;-25,52875;-48,73513;SR-PR;DEL7/1;UOP07/PR
266288;31/01/2020;sexta-feira;22:50:00;CE;222;12;CAUCAIA;Animais na Pista;Atropelamento de Animal;Com Vítimas Feridas;Plena Noite;Decrescente;Nublado;Simples;Reta;Sim;1;0;0;1;0;0;1;1;-3,7648;-38,66897;SR-CE;DEL16/1;UOP01/CE
266289;31/01/2020;sexta-feira;22:45:00;RS;468;93;TRES PASSOS;Velocidade Incompatível;Saída de leito carroçável;Com Vítimas Feridas;Plena Noite;Crescente;Céu Claro;Simples;Curva;Não;1;0;0;1;0;0;1;1;-27,51791;-53,87513;SR-RS;DEL08;UOP02/RS
266290;31/01/2020;sexta-feira;23:15:00;PR;376;179,8;MARINGA;Não guardar distância de segurança;Colisão traseira;Com Vítimas Feridas;Plena Noite;Decrescente;Céu Claro;Dupla;Reta;Sim;3;0;1;0;2;0;1;2;-23,42158;-51,90588;SR-PR;DEL7/7;UOP04/PR
266299;31/01/2020;sexta-feira;18:30:00;MA;10;225,5;GOVERNADOR EDISON LOBAO;Desobediência às normas de trânsito pelo condutor;Colisão frontal;Com Vítimas Feridas;Anoitecer;Decrescente;Céu Claro;Simples;Reta;Sim;3;0;2;0;0;1;2;2;-5,740961;-47,35978;SR-MA;DEL18/4;UOP01/MA
266300;31/01/2020;sexta-feira;21:30:00;MG;40;545;NOVA LIMA;Objeto estático sobre o leito carroçável;Colisão traseira;Com Vítimas Feridas;Plena Noite;Decrescente;Nublado;Dupla;Reta;Sim;3;0;1;0;2;0;1;2;-20,0067;-43,96419;SR-MG;DEL4/1;UOP02/MG
266301;31/01/2020;sexta-feira;18:15:00;RR;401;143;NORMANDIA;Falta de Atenção à Condução;Capotamento;Com Vítimas Feridas;Anoitecer;Crescente;Céu Claro;Simples;Reta;Não;3;0;0;2;0;1;2;1;3,603467;-59,85771;SR-RR;UOP01/RR;
266302;31/01/2020;sexta-feira;23:10:00;PE;101;1;GOIANA;Mal Súbito;Saída de leito carroçável;Com Vítimas Feridas;Plena Noite;Crescente;Céu Claro;Dupla;Reta;Sim;2;0;2;0;0;0;2;1;-7,508974;-34,98749;SR-PE;DEL11/1;UOP02/PE
266303;31/01/2020;sexta-feira;23:29:00;SP;116;230;SAO PAULO;Falta de Atenção à Condução;Colisão lateral;Sem Vítimas;Anoitecer;Decrescente;Chuva;Múltipla;Reta;Sim;3;0;0;0;2;1;0;2;-23,52252;-46,58557;SR-SP;DEL6/1;UOP01/SP
266304;31/01/2020;sexta-feira;21:15:00;SC;153;109,7;CONCORDIA;Ingestão de Álcool;Colisão frontal;Com Vítimas Feridas;Plena Noite;Decrescente;Céu Claro;Simples;Curva;Não;3;0;2;0;1;0;2;2;-27,30809;-51,98094;SR-SC;DEL7;UOP05/SC
266305;31/01/2020;sexta-feira;23:25:00;RJ;116;165,3;RIO DE JANEIRO;Falta de Atenção à Condução;Colisão traseira;Com Vítimas Feridas;Plena Noite;Decrescente;Céu Claro;Múltipla;Reta;Sim;4;0;2;0;2;0;2;2;-22,80911;-43,33786;SR-RJ;DEL5/1;UOP02/RJ
266306;01/02/2020;sábado;00:10:00;GO;70;6,2;AGUAS LINDAS DE GOIAS;Falta de Atenção do Pedestre;Atropelamento de Pedestre;Com Vítimas Feridas;Plena Noite;Decrescente;Céu Claro;Dupla;Reta;Sim;2;0;0;1;0;1;1;1;-15,75049;-48,26124;SR-DF;UOP06/DF;
266307;01/02/2020;sábado;00:30:00;RJ;101;473;ANGRA DOS REIS;Falta de Atenção à Condução;Colisão lateral;Com Vítimas Feridas;Plena Noite;Decrescente;Céu Claro;Dupla;Reta;Sim;2;0;0;1;1;0;1;2;-22,98961;-44,24169;SR-RJ;DEL5/3;UOP02/RJ
266308;31/01/2020;sexta-feira;23:23:00;SC;101;300;LAGUNA;Ingestão de Álcool;Colisão transversal;Sem Vítimas;Plena Noite;Crescente;Garoa/Chuvisco;Simples;Viaduto;Sim;2;0;0;0;2;0;0;2;-28,33698;-48,73278;SR-SC;DEL8/2;UOP03/SC
266309;31/01/2020;sexta-feira;21:00:00;SP;116;469,9;JACUPIRANGA;Defeito Mecânico no Veículo;Queda de ocupante de veículo;Com Vítimas Fatais;Plena Noite;Crescente;Nublado;Dupla;Reta;Não;3;1;1;0;1;0;1;2;-24,65247;-47,95006;SR-SP;DEL6/5;UOP01/SP
266310;31/01/2020;sexta-feira;22:30:00;MT;364;401;CUIABA;Falta de Atenção à Condução;Colisão transversal;Com Vítimas Feridas;Plena Noite;Crescente;Céu Claro;Dupla;Reta;Sim;4;0;1;0;3;0;1;2;-15,6721;-55,94649;SR-MT;DEL2/1;UOP01/MT
266311;31/01/2020;sexta-feira;22:05:00;BA;235;65,6;JEREMOABO;Falta de Atenção do Pedestre;Atropelamento de Pedestre;Com Vítimas Feridas;Plena Noite;Crescente;Nublado;Simples;Reta;Não;2;0;0;1;0;1;1;1;-10,09012;-38,22651;SR-SE;DEL20/1;UOP02/SE
266312;31/01/2020;sexta-feira;23:30:00;MG;116;164;PADRE PARAISO;Condutor Dormindo;Colisão lateral;Com Vítimas Feridas;Plena Noite;Crescente;Céu Claro;Simples;Curva;Não;2;0;1;0;1;0;1;2;-16,96644;-41,451;SR-MG;DEL4/11;UOP02/MG
266313;31/01/2020;sexta-feira;21:50:00;AL;316;155,6;PALMEIRA DOS INDIOS;Animais na Pista;Atropelamento de Animal;Com Vítimas Feridas;Plena Noite;Decrescente;Céu Claro;Simples;Reta;Sim;1;0;1;0;0;0;1;1;-9,426233;-36,63305;SR-AL;DEL13/3;UOP01/AL
266314;01/02/2020;sábado;02:00:00;SC;101;127,7;ITAJAI;Falta de Atenção à Condução;Tombamento;Com Vítimas Feridas;Plena Noite;Crescente;Nublado;Dupla;Reta;Não;1;0;1;0;0;0;1;1;-26,96393;-48,68328;SR-SC;DEL8/4;UOP04/SC
266315;01/02/2020;sábado;02:25:00;RN;101;96;NATAL;Ingestão de Álcool;Colisão frontal;Com Vítimas Feridas;Plena Noite;Decrescente;Céu Claro;Dupla;Reta;Não;3;0;2;0;1;0;2;2;-5,849496;-35,20891;SR-RN;DEL15/1;UOP01/RN
266316;31/01/2020;sexta-feira;23:45:00;GO;60;205;GUAPO;Falta de Atenção à Condução;Colisão traseira;Com Vítimas Feridas;Plena Noite;Crescente;Nublado;Múltipla;Reta;Sim;2;0;1;0;1;0;1;2;-16,91272;-49,65823;SR-GO;DEL1/1;UOP02/GO
266317;01/02/2020;sábado;03:10:00;PE;232;370;FLORES;Velocidade Incompatível;Colisão traseira;Com Vítimas Feridas;Plena Noite;Crescente;Chuva;Simples;Reta;Sim;3;0;1;0;2;0;1;2;-8,032137;-37,96567;SR-PE;DEL11/4;UOP01/PE
266318;01/02/2020;sábado;02:48:00;RS;448;17;CANOAS;Agressão Externa;Queda de ocupante de veículo;Com Vítimas Feridas;Plena Noite;Decrescente;Céu Claro;Dupla;Reta;Não;3;0;0;1;1;1;1;1;-29,93789;-51,20701;SR-RS;DEL9/1;UOP01/RS
266319;01/02/2020;sábado;03:15:00;PR;376;206;MANDAGUARI;Desobediência às normas de trânsito pelo condutor;Colisão traseira;Com Vítimas Feridas;Plena Noite;Decrescente;Céu Claro;Dupla;Não Informado;Não;2;0;0;1;0;1;1;2;-23,56113;-51,66161;SR-PR;DEL7/7;UOP04/PR
266320;01/02/2020;sábado;02:30:00;RO;364;237;CACOAL;Falta de Atenção à Condução;Colisão com objeto estático;Com Vítimas Feridas;Plena Noite;Decrescente;Nublado;Simples;Reta;Sim;1;0;1;0;0;0;1;1;-11,44362;-61,44749;SR-RO;DEL21/2;UOP02/RO
266321;01/02/2020;sábado;03:30:00;ES;262;66;MARECHAL FLORIANO;Condutor Dormindo;Saída de leito carroçável;Com Vítimas Feridas;Plena Noite;Decrescente;Céu Claro;Simples;Reta;Não;3;0;2;1;0;0;3;1;-20,41561;-40,86685;SR-ES;DEL12/1;UOP02/ES
266322;01/02/2020;sábado;02:50:00;RJ;465;4;SEROPEDICA;Falta de Atenção à Condução;Colisão transversal;Com Vítimas Feridas;Plena Noite;Decrescente;Céu Claro;Simples;Reta;Sim;3;0;2;0;1;0;2;2;-22,74097;-43,7056;SR-RJ;DEL5/1;UOP03/RJ
266323;01/02/2020;sábado;02:40:00;SC;282;506,9;XANXERE;Ingestão de Álcool;Saída de leito carroçável;Sem Vítimas;Plena Noite;Crescente;Céu Claro;Simples;Interseção de vias;Sim;1;0;0;0;0;1;0;1;-26,88571;-52,42907;SR-SC;DEL7;UOP01/SC
266324;01/02/2020;sábado;03:30:00;PR;376;179,2;MARINGA;Falta de Atenção à Condução;Colisão com objeto estático;Com Vítimas Fatais;Plena Noite;Crescente;Céu Claro;Dupla;Não Informado;Sim;1;1;0;0;0;0;0;1;-23,42097;-51,90818;SR-PR;DEL7/7;UOP04/PR
266325;01/02/2020;sábado;03:30:00;CE;20;201;BOA VIAGEM;Falta de Atenção do Pedestre;Atropelamento de Pedestre;Com Vítimas Fatais;Plena Noite;Decrescente;Nublado;Simples;Reta;Não;4;1;0;0;3;0;0;1;-5,144679;-39,74358;SR-CE;DEL16/2;UOP02/CE
266326;01/02/2020;sábado;03:30:00;RS;285;660;SAO BORJA;Condutor Dormindo;Saída de leito carroçável;Com Vítimas Feridas;Plena Noite;Crescente;Céu Claro;Simples;Reta;Não;1;0;1;0;0;0;1;1;-28,6481;-55,86332;SR-RS;DEL9/12;UOP01/RS
266327;31/01/2020;sexta-feira;16:00:00;SP;116;549;BARRA DO TURVO;Pista Escorregadia;Saída de leito carroçável;Com Vítimas Feridas;Pleno dia;Crescente;Chuva;Simples;Curva;Não;2;0;0;1;1;0;1;1;-24,95471;-48,4556;SR-SP;DEL6/5;UOP03/SP
266328;01/02/2020;sábado;04:00:00;PR;469;18,3;FOZ DO IGUACU;Animais na Pista;Saída de leito carroçável;Com Vítimas Feridas;Plena Noite;Decrescente;Céu Claro;Simples;Reta;Não;3;0;1;0;2;0;1;1;-25,60068;-54,50332;SR-PR;DEL7/5;UOP04/PR
266329;01/02/2020;sábado;04:34:00;SC;101;209,4;SAO JOSE;Ingestão de álcool e/ou substâncias psicoativas pelo pedestre;Colisão traseira;Sem Vítimas;Plena Noite;Decrescente;Céu Claro;Múltipla;Reta;Sim;2;0;0;0;2;0;0;2;-27,61001;-48,63895;SR-SC;DEL8/1;UOP01/SC
266330;01/02/2020;sábado;04:05:00;SC;101;198;BIGUACU;Velocidade Incompatível;Colisão com objeto estático;Sem Vítimas;Plena Noite;Decrescente;Céu Claro;Múltipla;Reta;Sim;1;0;0;0;0;1;0;1;-27,52659;-48,63506;SR-SC;DEL8/1;UOP01/SC
266331;01/02/2020;sábado;04:00:00;SC;101;197,7;BIGUACU;Velocidade Incompatível;Colisão com objeto estático;Sem Vítimas;Plena Noite;Crescente;Nublado;Múltipla;Não Informado;Sim;1;0;0;0;0;1;0;1;-27,51844;-48,63848;SR-SC;DEL8/1;UOP01/SC
266332;01/02/2020;sábado;04:30:00;RJ;116;78;TERESOPOLIS;Falta de Atenção do Pedestre;Atropelamento de Pedestre;Com Vítimas Feridas;Amanhecer;Crescente;Nublado;Simples;Reta;Sim;2;0;0;1;0;1;1;1;-22,37409;-42,9526;SR-RJ;DEL5/6;UOP02/RJ
266333;01/02/2020;sábado;04:45:00;MA;135;25;SAO LUIS;Falta de Atenção à Condução;Saída de leito carroçável;Com Vítimas Feridas;Amanhecer;Crescente;Céu Claro;Dupla;Retorno Regulamentado;Não;2;0;1;0;1;0;1;1;-2,76508;-44,36188;SR-MA;DEL18/1;UOP01/MA
266334;01/02/2020;sábado;05:30:00;SP;116;145;SAO JOSE DOS CAMPOS;Falta de Atenção à Condução;Colisão traseira;Com Vítimas Feridas;Amanhecer;Decrescente;Céu Claro;Dupla;Não Informado;Sim;2;0;1;0;1;0;1;2;-23,18826;-45,8572;SR-SP;DEL6/2;UOP01/SP
266335;31/01/2020;sexta-feira;23:10:00;RN;405;0;MOSSORO;Ingestão de Álcool;Colisão transversal;Com Vítimas Feridas;Plena Noite;Crescente;Ignorado;Dupla;Interseção de vias;Sim;2;0;1;0;1;0;1;2;-5,191467;-37,35189;SR-RN;DEL15/4;UOP02/RN
266336;01/02/2020;sábado;06:00:00;RS;116;243;SAO LEOPOLDO;Ingestão de Álcool;Colisão com objeto em movimento;Com Vítimas Feridas;Pleno dia;Crescente;Céu Claro;Dupla;Reta;Sim;2;0;1;0;1;0;1;2;-29,73196;-51,14952;SR-RS;DEL9/1;UOP02/RS
266337;01/02/2020;sábado;06:15:00;GO;60;81,9;ANAPOLIS;Condutor Dormindo;Saída de leito carroçável;Com Vítimas Feridas;Pleno dia;Decrescente;Céu Claro;Dupla;Reta;Não;1;0;1;0;0;0;1;1;-16,3116;-48,8277;SR-GO;DEL1/2;UOP01/GO
266339;01/02/2020;sábado;06:45:00;MG;40;554,3;NOVA LIMA;Mal Súbito;Saída de leito carroçável;Com Vítimas Feridas;Pleno dia;Crescente;Nublado;Dupla;Reta;Sim;2;0;1;0;0;1;1;1;-20,08216;-43,97907;SR-MG;DEL4/1;UOP02/MG
266340;01/02/2020;sábado;06:40:00;SP;116;231,4;SAO PAULO;Falta de Atenção à Condução;Colisão lateral;Com Vítimas Feridas;Pleno dia;Crescente;Céu Claro;Múltipla;Reta;Sim;1;0;1;0;0;0;1;1;-23,52906;-46,59398;SR-SP;DEL6/1;UOP01/SP
266341;01/02/2020;sábado;06:50:00;MG;40;524,1;CONTAGEM;Não guardar distância de segurança;Engavetamento;Com Vítimas Feridas;Pleno dia;Decrescente;Céu Claro;Dupla;Reta;Sim;7;0;4;0;3;0;4;4;-19,87545;-44,05346;SR-MG;DEL4/1;UOP02/MG
266342;01/02/2020;sábado;05:00:00;MG;116;384,5;GOVERNADOR VALADARES;Condutor Dormindo;Colisão frontal;Com Vítimas Feridas;Amanhecer;Crescente;Céu Claro;Simples;Curva;Não;4;0;2;0;2;0;2;3;-18,65434;-41,97036;SR-MG;DEL4/6;UOP01/MG
266343;01/02/2020;sábado;06:00:00;RS;116;250;SAO LEOPOLDO;Condutor Dormindo;Colisão com objeto estático;Com Vítimas Feridas;Pleno dia;Crescente;Céu Claro;Dupla;Reta;Sim;1;0;1;0;0;0;1;1;-29,79149;-51,164;SR-RS;DEL9/1;UOP02/RS
266344;01/02/2020;sábado;04:45:00;BA;407;133,5;SENHOR DO BONFIM;Deficiência ou não Acionamento do Sistema de Iluminação/Sinalização do Veículo;Colisão traseira;Com Vítimas Feridas;Amanhecer;Decrescente;Nublado;Simples;Curva;Não;3;0;1;0;0;2;1;2;-10,50935;-40,14956;SR-BA;DEL10/4;UOP01/BA
266345;01/02/2020;sábado;07:30:00;DF;60;16,2;BRASILIA;Defeito Mecânico no Veículo;Tombamento;Com Vítimas Feridas;Pleno dia;Crescente;Céu Claro;Dupla;Reta;Não;2;0;2;0;0;0;2;1;-15,95225;-48,17434;SR-DF;UOP03/DF;
266346;01/02/2020;sábado;08:00:00;RS;472;148;SANTA ROSA;Falta de Atenção à Condução;Saída de leito carroçável;Com Vítimas Feridas;Pleno dia;Crescente;Céu Claro;Simples;Não Informado;Não;1;0;1;0;0;0;1;1;-27,7849;-54,38086;SR-RS;DEL9/10;UOP01/RS
266347;01/02/2020;sábado;07:20:00;SP;116;283,1;EMBU DAS ARTES;Velocidade Incompatível;Colisão lateral;Com Vítimas Feridas;Pleno dia;Crescente;Céu Claro;Dupla;Reta;Sim;4;0;1;0;2;1;1;2;-23,69297;-46,86353;SR-SP;DEL6/4;UOP01/SP
266349;24/01/2020;sexta-feira;12:00:00;PA;155;311;MARABA;Ultrapassagem Indevida;Atropelamento de Pedestre;Sem Vítimas;Pleno dia;Decrescente;Sol;Simples;Não Informado;Sim;3;0;0;0;0;3;0;1;-5,64268;-49,10876;SR-PA;DEL19/3;UOP01/PA
266350;01/02/2020;sábado;05:40:00;RJ;116;141;DUQUE DE CAXIAS;Defeito Mecânico no Veículo;Incêndio;Sem Vítimas;Pleno dia;Crescente;Céu Claro;Dupla;Reta;Não;1;0;0;0;1;0;0;1;-22,64724;-43,22083;SR-RJ;DEL5/4;UOP02/RJ
266351;01/02/2020;sábado;06:30:00;MS;163;449,1;CAMPO GRANDE;Defeito Mecânico no Veículo;Incêndio;Sem Vítimas;Pleno dia;Decrescente;Garoa/Chuvisco;Simples;Reta;Não;1;0;0;0;1;0;0;1;-20,73343;-54,53902;SR-MS;DEL3/1;UOP01/MS
266352;01/02/2020;sábado;08:15:00;SC;101;152,7;PORTO BELO;Defeito Mecânico no Veículo;Saída de leito carroçável;Sem Vítimas;Pleno dia;Crescente;Céu Claro;Dupla;Reta;Não;1;0;0;0;1;0;0;1;-27,13564;-48,61005;SR-SC;DEL8/4;UOP03/SC
266353;01/02/2020;sábado;08:00:00;AL;101;137,6;SAO MIGUEL DOS CAMPOS;Falta de Atenção à Condução;Colisão transversal;Com Vítimas Feridas;Pleno dia;Crescente;Céu Claro;Simples;Interseção de vias;Sim;3;0;1;0;2;0;1;2;-9,802605;-36,11277;SR-AL;DEL13/2;UOP01/AL
266354;01/02/2020;sábado;08:35:00;PR;369;510,9;CASCAVEL;Falta de Atenção à Condução;Colisão transversal;Com Vítimas Feridas;Pleno dia;Crescente;Nublado;Simples;Reta;Não;4;0;1;0;3;0;1;3;-24,8557;-53,3334;SR-PR;DEL7/4;UOP01/PR
266355;01/02/2020;sábado;07:50:00;RO;364;341;JI-PARANA;Falta de Atenção à Condução;Colisão lateral;Com Vítimas Feridas;Pleno dia;Crescente;Céu Claro;Dupla;Reta;Sim;2;0;1;0;1;0;1;2;-10,88988;-61,93127;SR-RO;DEL21/2;UOP01/RO
266356;01/02/2020;sábado;07:30:00;RJ;116;181;NOVA IGUACU;Defeito Mecânico no Veículo;Incêndio;Sem Vítimas;Pleno dia;Decrescente;Nublado;Múltipla;Reta;Sim;1;0;0;0;1;0;0;1;-22,73914;-43,47031;SR-RJ;DEL5/1;UOP02/RJ
266357;01/02/2020;sábado;08:45:00;AL;104;34;UNIAO DOS PALMARES;Falta de Atenção do Pedestre;Atropelamento de Pedestre;Com Vítimas Feridas;Pleno dia;Decrescente;Nublado;Simples;Reta;Sim;2;0;0;1;1;0;1;1;-9,15381;-36,01296;SR-AL;DEL13/1;UOP02/AL
266358;01/02/2020;sábado;08:30:00;SC;101;148;ITAPEMA;Falta de Atenção à Condução;Colisão traseira;Sem Vítimas;Pleno dia;Decrescente;Céu Claro;Dupla;Reta;Sim;2;0;0;0;2;0;0;2;-27,10124;-48,61808;SR-SC;DEL8/4;UOP03/SC
266359;04/01/2020;sábado;14:00:00;MG;381;736,7;CARMO DA CACHOEIRA;Condutor Dormindo;Saída de leito carroçável;Com Vítimas Feridas;Pleno dia;Decrescente;Céu Claro;Dupla;Reta;Não;5;0;5;0;0;0;5;1;-21,58859;-45,23763;SR-MG;DEL09;UOP02/MG
266360;01/02/2020;sábado;06:10:00;PE;428;44,4;OROCO;Falta de Atenção à Condução;Tombamento;Com Vítimas Feridas;Pleno dia;Decrescente;Céu Claro;Simples;Ponte;Não;2;0;1;1;0;0;2;1;-8,583335;-39,58548;SR-PE;DEL11/5;UOP03/PE
266362;01/02/2020;sábado;07:40:00;PB;412;87,8;SERRA BRANCA;Defeito Mecânico no Veículo;Tombamento;Com Vítimas Feridas;Pleno dia;Decrescente;Sol;Simples;Não Informado;Não;3;0;3;0;0;0;3;1;-7,546424;-36,74497;SR-PB;DEL14/2;UOP02/PB
266363;01/02/2020;sábado;08:50:00;ES;101;68,3;SAO MATEUS;Velocidade Incompatível;Colisão traseira;Com Vítimas Feridas;Pleno dia;Decrescente;Sol;Múltipla;Não Informado;Sim;8;0;1;0;7;0;1;2;-18,7266;-39,85975;SR-ES;DEL12/4;UOP02/ES
266364;01/02/2020;sábado;07:55:00;SC;280;31,8;ARAQUARI;Falta de Atenção à Condução;Colisão lateral;Com Vítimas Feridas;Pleno dia;Crescente;Céu Claro;Simples;Rotatória;Não;2;0;1;0;1;0;1;2;-26,41842;-48,77868;SR-SC;DEL8/3;UOP03/SC
266365;01/02/2020;sábado;11:00:00;ES;447;12,4;VILA VELHA;Ingestão de Álcool;Capotamento;Com Vítimas Feridas;Pleno dia;Crescente;Sol;Dupla;Reta;Sim;1;0;1;0;0;0;1;1;-20,34994;-40,33345;SR-ES;DEL12/1;UOP01/ES
266366;01/02/2020;sábado;10:55:00;MG;381;452;SABARA;Desobediência às normas de trânsito pelo condutor;Colisão transversal;Com Vítimas Feridas;Pleno dia;Crescente;Céu Claro;Simples;Curva;Sim;3;0;0;1;1;1;1;2;-19,8434;-43,88597;SR-MG;DEL4/1;UOP01/MG
266367;01/02/2020;sábado;09:40:00;MT;163;856;SINOP;Não guardar distância de segurança;Colisão lateral;Com Vítimas Feridas;Pleno dia;Decrescente;Céu Claro;Simples;Reta;Não;3;0;0;1;2;0;1;3;-11,68667;-55,44991;SR-MT;DEL2/6;UOP02/MT
266368;01/02/2020;sábado;10:10:00;TO;153;147;ARAGUAINA;Falta de Atenção à Condução;Colisão com objeto estático;Sem Vítimas;Pleno dia;Crescente;Céu Claro;Simples;Reta;Sim;1;0;0;0;1;0;0;1;-7,221757;-48,24826;SR-TO;UOP04/TO;
266370;01/02/2020;sábado;10:45:00;MG;381;483;BETIM;Sinalização da via insuficiente ou inadequada;Tombamento;Com Vítimas Feridas;Pleno dia;Decrescente;Nublado;Dupla;Não Informado;Sim;2;0;2;0;0;0;2;2;-19,95594;-44,10722;SR-MG;DEL4/1;UOP03/MG
266371;01/02/2020;sábado;10:00:00;CE;20;413;CAUCAIA;Falta de Atenção à Condução;Engavetamento;Com Vítimas Feridas;Pleno dia;Crescente;Sol;Simples;Reta;Não;5;0;1;0;4;0;1;4;-3,76999;-38,67006;SR-CE;DEL16/1;UOP01/CE
266374;01/02/2020;sábado;08:20:00;MT;174;15,1;PONTES E LACERDA;Ingestão de Álcool;Colisão frontal;Com Vítimas Feridas;Pleno dia;Crescente;Céu Claro;Simples;Reta;Não;4;0;2;0;2;0;2;3;-15,193;-59,423;SR-MT;DEL2/3;UOP01/MT
266375;01/02/2020;sábado;10:30:00;GO;364;327,4;PORTELANDIA;Desobediência às normas de trânsito pelo condutor;Colisão transversal;Com Vítimas Feridas;Pleno dia;Decrescente;Nublado;Simples;Reta;Não;3;0;2;0;1;0;2;2;-17,40082;-52,69257;SR-GO;DEL1/5;UOP01/GO
266376;01/02/2020;sábado;11:30:00;RS;116;252;SAPUCAIA DO SUL;Falta de Atenção à Condução;Colisão transversal;Com Vítimas Feridas;Pleno dia;Decrescente;Céu Claro;Dupla;Interseção de vias;Sim;2;0;1;0;1;0;1;2;-29,80913;-51,16753;SR-RS;DEL9/1;UOP02/RS
266377;31/01/2020;sexta-feira;23:00:00;AM;174;1015;PRESIDENTE FIGUEIREDO;Defeito Mecânico no Veículo;Tombamento;Sem Vítimas;Plena Noite;Decrescente;Nublado;Simples;Não Informado;Não;1;0;0;0;1;0;0;1;-1,854599;-60,0984;SR-AM;UOP02/AM;
266378;01/02/2020;sábado;11:40:00;ES;101;251;SERRA;Desobediência às normas de trânsito pelo condutor;Colisão transversal;Com Vítimas Feridas;Pleno dia;Crescente;Céu Claro;Simples;Reta;Sim;3;0;2;0;1;0;2;2;-20,08799;-40,34352;SR-ES;DEL12/2;UOP01/ES
266379;01/02/2020;sábado;11:54:00;SC;101;14,5;GARUVA;Não guardar distância de segurança;Colisão traseira;Com Vítimas Feridas;Pleno dia;Crescente;Céu Claro;Dupla;Reta;Não;2;0;1;1;0;0;2;2;-26,09804;-48,86774;SR-SC;DEL8/3;UOP01/SC
266381;01/02/2020;sábado;11:48:00;RJ;40;62;PETROPOLIS;Desobediência às normas de trânsito pelo condutor;Colisão transversal;Com Vítimas Feridas;Pleno dia;Decrescente;Céu Claro;Simples;Reta;Não;2;0;1;0;1;0;1;2;-22,40542;-43,14665;SR-RJ;DEL5/6;UOP01/RJ