id;data_inversa;dia_semana;horario;uf;br;km;municipio;causa_acidente;tipo_acidente;classificacao_acidente;fase_dia;sentido_via;condicao_metereologica;tipo_pista;tracado_via;uso_solo;pessoas;mortos;feridos_leves;feridos_graves;ilesos;ignorados;feridos;veiculos;latitude;longitude;regional;delegacia;uop
266797;03/02/2020;segunda-feira;04:50:00;RS;470;165;VERANOPOLIS;Ingestão de Álcool;Saída de leito carroçável;Com Vítimas Feridas;Amanhecer;Decrescente;Céu Claro;Simples;Curva;Não;1;0;0;1;0;0;1;1;-28,84517;-51,57524;SR-RS;DEL9/6;UOP02/RS
266798;03/02/2020;segunda-feira;05:20:00;PR;376;177,9;MARINGA;Defeito Mecânico no Veículo;Incêndio;Com Vítimas Feridas;Amanhecer;Decrescente;Chuva;Dupla;Reta;Sim;1;0;1;0;0;0;1;1;-23,41559;-51,92338;SR-PR;DEL7/7;UOP04/PR
266800;03/02/2020;segunda-feira;05:30:00;PI;343;272,4;CAMPO MAIOR;Animais na Pista;Atropelamento de Animal;Com Vítimas Feridas;Amanhecer;Crescente;Nublado;Simples;Reta;Não;2;0;1;1;0;0;2;1;-4,866084;-42,21493;SR-PI;DEL17/1;UOP03/PI
266801;03/02/2020;segunda-feira;03:00:00;AC;364;136;RIO BRANCO;Defeito na Via;Danos eventuais;Com Vítimas Feridas;Plena Noite;Decrescente;Chuva;Dupla;Reta;Sim;1;0;0;1;0;0;1;1;-9,977578;-67,8489;SR-AC;UOP01/AC;
266802;03/02/2020;segunda-feira;05:00:00;MT;163;771;SORRISO;Animais na Pista;Capotamento;Com Vítimas Feridas;Amanhecer;Crescente;Céu Claro;Simples;Reta;Não;1;0;0;1;0;0;1;1;-12,51359;-55,69587;SR-MT;DEL2/6;UOP01/MT
266803;03/02/2020;segunda-feira;06:20:00;PR;116;122;FAZENDA RIO GRANDE;Falta de Atenção à Condução;Colisão traseira;Com Vítimas Feridas;Pleno dia;Decrescente;Céu Claro;Dupla;Reta;Sim;2;0;1;0;1;0;1;2;-25,60593;-49,31852;SR-PR;DEL7/1;UOP03/PR
266804;02/02/2020;domingo;19:45:00;MG;381;456;BELO HORIZONTE;Animais na Pista;Atropelamento de Animal;Com Vítimas Feridas;Pleno dia;Decrescente;Céu Claro;Simples;Reta;Sim;3;0;0;2;1;0;2;2;-19,85863;-43,91292;SR-MG;DEL4/1;UOP01/MG
266805;03/02/2020;segunda-feira;05:40:00;GO;153;494,3;GOIANIA;Falta de Atenção do Pedestre;Atropelamento de Pedestre;Com Vítimas Feridas;Amanhecer;Decrescente;Ignorado;Dupla;Reta;Sim;2;0;1;0;1;0;1;1;-16,6614;-49,2218;SR-GO;DEL1/1;UOP01/GO
266806;03/02/2020;segunda-feira;06:30:00;GO;153;494,3;GOIANIA;Ingestão de Álcool;Colisão traseira;Sem Vítimas;Pleno dia;Decrescente;Céu Claro;Dupla;Reta;Sim;2;0;0;0;2;0;0;2;-16,6614;-49,2218;SR-GO;DEL1/1;UOP01/GO
266807;03/02/2020;segunda-feira;07:00:00;DF;20;13;BRASILIA;Ingestão de Álcool;Colisão traseira;Sem Vítimas;Pleno dia;Decrescente;Sol;Dupla;Reta;Não;2;0;0;0;2;0;0;2;-15,63875;-47,7496;SR-DF;UOP01/DEL02/DF;
266808;03/02/2020;segunda-feira;06:45:00;RS;116;514,1;PELOTAS;Defeito Mecânico no Veículo;Colisão com objeto estático;Sem Vítimas;Pleno dia;Decrescente;Céu Claro;Dupla;Não Informado;Sim;1;0;0;0;1;0;0;1;-31,65214;-52,33685;SR-RS;DEL9/7;UOP01/RS
266809;03/02/2020;segunda-feira;01:15:00;PR;476;355,6;UNIAO DA VITORIA;Falta de Atenção à Condução;Colisão lateral;Sem Vítimas;Plena Noite;Decrescente;Nublado;Simples;Reta;Não;2;0;0;0;2;0;0;2;-26,19627;-51,02394;SR-PR;DEL7/2;UOP02/PR
266810;03/02/2020;segunda-feira;04:15:00;SC;282;52;RANCHO QUEIMADO;Velocidade Incompatível;Colisão frontal;Com Vítimas Feridas;Plena Noite;Decrescente;Chuva;Simples;Desvio Temporário;Não;2;0;0;1;1;0;1;2;-27,69694;-48,96414;SR-SC;DEL8/1;UOP03/SC
266811;03/02/2020;segunda-feira;06:40:00;MG;50;7;UBERLANDIA;Condutor Dormindo;Saída de leito carroçável;Com Vítimas Feridas;Pleno dia;Decrescente;Céu Claro;Dupla;Curva;Não;1;0;1;0;0;0;1;1;-18,8816;-48,20698;SR-MG;DEL4/15;UOP02/MG
266812;03/02/2020;segunda-feira;01:30:00;SC;470;129;LONTRAS;Velocidade Incompatível;Colisão com objeto estático;Sem Vítimas;Plena Noite;Crescente;Chuva;Simples;Reta;Não;1;0;0;0;0;1;0;1;-27,15364;-49,55658;SR-SC;DEL8/4;UOP02/SC
266813;03/02/2020;segunda-feira;07:20:00;RS;290;95;PORTO ALEGRE;Falta de Atenção à Condução;Colisão lateral;Com Vítimas Feridas;Pleno dia;Crescente;Céu Claro;Dupla;Reta;Sim;3;0;2;0;1;0;2;2;-29,98283;-51,20157;SR-RS;DEL9/1;UOP01/RS
266814;03/02/2020;segunda-feira;07:30:00;SP;116;60,2;GUARATINGUETA;Defeito Mecânico no Veículo;Tombamento;Com Vítimas Feridas;Amanhecer;Crescente;Céu Claro;Dupla;Reta;Não;2;0;2;0;0;0;2;1;-22,79107;-45,16105;SR-SP;DEL6/8;UOP02/SP
266815;03/02/2020;segunda-feira;07:30:00;RS;290;92,2;PORTO ALEGRE;Falta de Atenção à Condução;Colisão lateral;Com Vítimas Feridas;Pleno dia;Decrescente;Nublado;Múltipla;Não Informado;Sim;2;0;1;0;1;0;1;2;-29,97179;-51,18005;SR-RS;DEL9/1;UOP01/RS
266816;03/02/2020;segunda-feira;07:30:00;PE;101;46,7;IGARASSU;Desobediência às normas de trânsito pelo condutor;Colisão lateral;Sem Vítimas;Pleno dia;Decrescente;Céu Claro;Múltipla;Retorno Regulamentado;Sim;3;0;0;0;3;0;0;2;-7,87406;-34,90588;SR-PE;DEL11/1;UOP02/PE
266817;03/02/2020;segunda-feira;07:30:00;PR;116;44,3;CAMPINA GRANDE DO SUL;Falta de Atenção à Condução;Saída de leito carroçável;Com Vítimas Feridas;Pleno dia;Crescente;Garoa/Chuvisco;Dupla;Não Informado;Não;2;0;1;0;1;0;1;1;-25,18823;-48,88493;SR-PR;DEL7/1;UOP02/PR
266818;03/02/2020;segunda-feira;07:20:00;SC;101;330,1;TUBARAO;Condutor Dormindo;Colisão lateral;Com Vítimas Feridas;Pleno dia;Crescente;Céu Claro;Dupla;Reta;Não;5;0;1;0;4;0;1;2;-28,45116;-48,97287;SR-SC;DEL8/2;UOP01/SC
266819;03/02/2020;segunda-feira;02:00:00;AC;364;101;SENADOR GUIOMARD;Falta de Atenção à Condução;Saída de leito carroçável;Com Vítimas Fatais;Plena Noite;Crescente;Céu Claro;Simples;Reta;Não;1;1;0;0;0;0;0;1;-10,06313;-67,59071;SR-AC;UOP01/AC;
266820;03/02/2020;segunda-feira;07:40:00;SP;116;220,3;GUARULHOS;Falta de Atenção à Condução;Colisão traseira;Com Vítimas Feridas;Pleno dia;Crescente;Chuva;Múltipla;Reta;Sim;2;0;1;0;1;0;1;2;-23,46473;-46,49794;SR-SP;DEL6/1;UOP01/SP
266821;03/02/2020;segunda-feira;07:20:00;RJ;116;90;GUAPIMIRIM;Animais na Pista;Colisão traseira;Com Vítimas Feridas;Pleno dia;Decrescente;Nublado;Simples;Reta;Não;2;0;1;0;1;0;1;2;-22,46545;-42,99399;SR-RJ;DEL5/4;UOP02/RJ
266822;03/02/2020;segunda-feira;07:55:00;PR;376;179,5;MARINGA;Falta de Atenção à Condução;Colisão traseira;Com Vítimas Feridas;Pleno dia;Decrescente;Nublado;Dupla;Reta;Sim;2;0;1;0;1;0;1;2;-23,42137;-51,90681;SR-PR;DEL7/7;UOP04/PR
266823;03/02/2020;segunda-feira;06:45:00;PR;277;586;CASCAVEL;Falta de Atenção à Condução;Colisão transversal;Com Vítimas Feridas;Pleno dia;Decrescente;Céu Claro;Simples;Interseção de vias;Sim;2;0;0;1;1;0;1;2;-24,96495;-53,42105;SR-PR;DEL7/4;UOP01/PR
266824;03/02/2020;segunda-feira;07:50:00;PR;376;161,5;MARINGA;Falta de Atenção à Condução;Colisão transversal;Com Vítimas Feridas;Pleno dia;Crescente;Nublado;Dupla;Interseção de vias;Sim;2;0;1;0;1;0;1;2;-23,36842;-52,06627;SR-PR;DEL7/7;UOP04/PR
266825;03/02/2020;segunda-feira;04:45:00;MA;135;195,4;ALTO ALEGRE DO MARANHAO;Condutor Dormindo;Tombamento;Sem Vítimas;Plena Noite;Decrescente;Céu Claro;Simples;Não Informado;Não;2;0;0;0;2;0;0;1;-4,154581;-44,46971;SR-MA;DEL18/3;UOP01/MA
266826;03/02/2020;segunda-feira;07:40:00;SC;153;100,4;CONCORDIA;Desobediência às normas de trânsito pelo condutor;Colisão frontal;Com Vítimas Feridas;Pleno dia;Decrescente;Céu Claro;Simples;Reta;Não;5;0;3;1;1;0;4;2;-27,24264;-51,95171;SR-SC;DEL7;UOP05/SC
266827;03/02/2020;segunda-feira;07:46:00;PB;230;18;JOAO PESSOA;Pista Escorregadia;Queda de ocupante de veículo;Com Vítimas Feridas;Pleno dia;Decrescente;Chuva;Dupla;Curva;Sim;2;0;2;0;0;0;2;1;-7,1198;-34,8453;SR-PB;DEL14/1;UOP01/PB
266828;03/02/2020;segunda-feira;07:20:00;BA;101;173;FEIRA DE SANTANA;Condutor Dormindo;Colisão traseira;Com Vítimas Feridas;Pleno dia;Decrescente;Céu Claro;Simples;Reta;Não;5;0;3;0;2;0;3;2;-12,38147;-38,87281;SR-BA;DEL10/1;UOP03/BA
266829;03/02/2020;segunda-feira;08:25:00;RN;101;95,2;NATAL;Falta de Atenção à Condução;Colisão traseira;Com Vítimas Feridas;Pleno dia;Decrescente;Sol;Dupla;Reta;Sim;2;0;1;0;1;0;1;2;-5,840768;-35,21036;SR-RN;DEL15/1;UOP01/RN
266830;03/02/2020;segunda-feira;06:30:00;ES;262;29;VIANA;Falta de Atenção à Condução;Colisão com objeto estático;Com Vítimas Feridas;Pleno dia;Decrescente;Céu Claro;Simples;Curva;Não;1;0;0;1;0;0;1;1;-20,37585;-40,56027;SR-ES;DEL12/1;UOP01/ES
266831;03/02/2020;segunda-feira;08:10:00;SC;101;212,8;PALHOCA;Não guardar distância de segurança;Colisão traseira;Com Vítimas Feridas;Pleno dia;Decrescente;Garoa/Chuvisco;Dupla;Reta;Não;2;0;1;0;1;0;1;2;-27,62997;-48,65904;SR-SC;DEL8/1;UOP02/SC
266832;03/02/2020;segunda-feira;08:20:00;BA;324;610;SIMOES FILHO;Falta de Atenção à Condução;Queda de ocupante de veículo;Com Vítimas Feridas;Pleno dia;Crescente;Céu Claro;Dupla;Reta;Não;2;0;2;0;0;0;2;1;-12,82932;-38,41113;SR-BA;DEL10/1;UOP01/BA
266833;03/02/2020;segunda-feira;08:10:00;MG;40;530;CONTAGEM;Desobediência às normas de trânsito pelo condutor;Colisão traseira;Com Vítimas Feridas;Pleno dia;Crescente;Céu Claro;Dupla;Reta;Sim;3;0;1;0;1;1;1;2;-19,91636;-44,03967;SR-MG;DEL4/1;UOP02/MG
266834;03/02/2020;segunda-feira;08:30:00;SC;101;327;CAPIVARI DE BAIXO;Não guardar distância de segurança;Colisão traseira;Com Vítimas Feridas;Pleno dia;Crescente;Sol;Dupla;Desvio Temporário;Sim;8;0;2;0;6;0;2;6;-28,43023;-48,95205;SR-SC;DEL8/2;UOP01/SC
266835;03/02/2020;segunda-feira;09:00:00;CE;116;55,7;PACAJUS;Desobediência às normas de trânsito pelo condutor;Colisão traseira;Com Vítimas Feridas;Pleno dia;Decrescente;Chuva;Simples;Não Informado;Sim;2;0;2;0;0;0;2;2;-4,203642;-38,47065;SR-CE;DEL16/3;UOP02/CE
266836;03/02/2020;segunda-feira;09:05:00;PE;101;72,9;RECIFE;Velocidade Incompatível;Saída de leito carroçável;Com Vítimas Feridas;Pleno dia;Crescente;Chuva;Dupla;Curva;Sim;3;0;3;0;0;0;3;1;-8,084931;-34,94506;SR-PE;DEL11/1;UOP01/PE
266837;03/02/2020;segunda-feira;08:00:00;SC;101;328;CAPIVARI DE BAIXO;Falta de Atenção à Condução;Colisão lateral;Com Vítimas Feridas;Pleno dia;Crescente;Céu Claro;Dupla;Reta;Não;3;0;1;0;2;0;1;2;-28,43023;-48,95205;SR-SC;DEL8/2;UOP01/SC
266838;03/02/2020;segunda-feira;07:55:00;GO;153;442,6;ANAPOLIS;Defeito Mecânico no Veículo;Colisão com objeto estático;Com Vítimas Feridas;Pleno dia;Crescente;Céu Claro;Dupla;Viaduto;Sim;1;0;1;0;0;0;1;1;-16,32527;-48,92202;SR-GO;DEL1/2;UOP01/GO
266839;18/01/2020;sábado;16:25:00;SC;470;123;IBIRAMA;Velocidade Incompatível;Colisão lateral;Sem Vítimas;Pleno dia;Decrescente;Sol;Simples;Curva;Sim;2;0;0;0;1;1;0;2;-27,10678;-49,52205;SR-SC;DEL8/4;UOP02/SC
266840;03/02/2020;segunda-feira;08:30:00;SC;282;46;AGUAS MORNAS;Pista Escorregadia;Queda de ocupante de veículo;Com Vítimas Feridas;Pleno dia;Decrescente;Céu Claro;Simples;Curva;Não;1;0;1;0;0;0;1;1;-27,72104;-48,92515;SR-SC;DEL8/1;UOP03/SC
266841;03/02/2020;segunda-feira;07:10:00;PE;232;412;SERRA TALHADA;Ultrapassagem Indevida;Colisão lateral;Com Vítimas Feridas;Pleno dia;Decrescente;Garoa/Chuvisco;Simples;Reta;Sim;3;0;0;2;1;0;2;2;-7,983779;-38,32088;SR-PE;DEL11/4;UOP01/PE
266843;03/02/2020;segunda-feira;09:30:00;PE;101;82,5;JABOATAO DOS GUARARAPES;Desobediência às normas de trânsito pelo condutor;Colisão transversal;Com Vítimas Feridas;Pleno dia;Crescente;Céu Claro;Dupla;Interseção de vias;Não;2;0;1;0;1;0;1;2;-8,168383;-34,9376;SR-PE;DEL11/1;UOP03/PE
266844;03/02/2020;segunda-feira;09:30:00;SE;235;52,5;ITABAIANA;Falta de Atenção à Condução;Colisão transversal;Com Vítimas Feridas;Pleno dia;Decrescente;Céu Claro;Simples;Reta;Sim;3;0;1;0;2;0;1;2;-10,69328;-37,43756;SR-SE;DEL20/1;UOP02/SE
266845;03/02/2020;segunda-feira;10:15:00;MG;365;451;GUIMARANIA;Desobediência às normas de trânsito pelo condutor;Colisão lateral;Com Vítimas Feridas;Pleno dia;Decrescente;Céu Claro;Simples;Reta;Não;2;0;1;1;0;0;2;2;-18,8321;-46,82386;SR-MG;DEL4/10;UOP01/MG
266846;03/02/2020;segunda-feira;10:10:00;MG;40;807;JUIZ DE FORA;Defeito Mecânico no Veículo;Queda de ocupante de veículo;Com Vítimas Feridas;Pleno dia;Crescente;Nublado;Múltipla;Desvio Temporário;Não;2;0;2;0;0;0;2;1;-21,86786;-43,35553;SR-MG;DEL5;UOP01/MG
266847;03/02/2020;segunda-feira;06:40:00;PI;135;376;BOM JESUS;Defeito na Via;Saída de leito carroçável;Com Vítimas Feridas;Amanhecer;Decrescente;Céu Claro;Simples;Reta;Não;2;0;1;1;0;0;2;1;-9,246064;-44,4683;SR-PI;DEL17/3;UOP02/PI
266848;03/02/2020;segunda-feira;07:40:00;RJ;101;476,9;ANGRA DOS REIS;Falta de Atenção à Condução;Colisão transversal;Com Vítimas Feridas;Pleno dia;Decrescente;Nublado;Simples;Curva;Sim;2;0;1;0;1;0;1;2;-23,00031;-44,25656;SR-RJ;DEL5/3;UOP02/RJ
266849;03/02/2020;segunda-feira;10:35:00;GO;60;116,2;TEREZOPOLIS DE GOIAS;Falta de Atenção à Condução;Colisão lateral;Com Vítimas Feridas;Pleno dia;Crescente;Céu Claro;Dupla;Reta;Não;3;0;2;0;1;0;2;2;-16,4732;-49,0789;SR-GO;DEL1/1;UOP01/GO
266851;03/02/2020;segunda-feira;10:30:00;PR;116;39,5;CAMPINA GRANDE DO SUL;Falta de Atenção à Condução;Saída de leito carroçável;Com Vítimas Feridas;Pleno dia;Crescente;Chuva;Dupla;Curva;Não;3;0;1;0;2;0;1;1;-25,16445;-48,86238;SR-PR;DEL7/1;UOP02/PR
266852;03/02/2020;segunda-feira;10:40:00;PE;408;78,2;PAUDALHO;Mal Súbito;Saída de leito carroçável;Com Vítimas Feridas;Pleno dia;Crescente;Sol;Dupla;Reta;Não;1;0;0;1;0;0;1;1;-7,923659;-35,15513;SR-PE;DEL11/1;UOP01/PE
266853;03/02/2020;segunda-feira;09:35:00;GO;40;57,8;LUZIANIA;Avarias e/ou desgaste excessivo no pneu;Colisão traseira;Com Vítimas Feridas;Pleno dia;Crescente;Nublado;Dupla;Não Informado;Não;6;0;5;0;1;0;5;2;-16,50267;-47,81029;SR-DF;UOP02/DF;
266856;03/02/2020;segunda-feira;10:40:00;MG;40;822,3;SIMAO PEREIRA;Falta de Atenção à Condução;Saída de leito carroçável;Com Vítimas Feridas;Pleno dia;Decrescente;Céu Claro;Dupla;Curva;Não;2;0;1;0;1;0;1;1;-21,95324;-43,30086;SR-MG;DEL5;UOP01/MG
266857;03/02/2020;segunda-feira;09:30:00;PB;104;185,9;ALCANTIL;Velocidade Incompatível;Tombamento;Com Vítimas Feridas;Pleno dia;Decrescente;Céu Claro;Simples;Curva;Não;2;0;0;2;0;0;2;1;-7,68026;-36,06058;SR-PB;DEL14/2;UOP03/PB
266858;03/02/2020;segunda-feira;11:00:00;PR;277;654,9;MATELANDIA;Avarias e/ou desgaste excessivo no pneu;Saída de leito carroçável;Com Vítimas Feridas;Pleno dia;Crescente;Céu Claro;Simples;Não Informado;Não;1;0;1;0;0;0;1;1;-25,2305;-53,95255;SR-PR;DEL7/5;UOP02/PR
266859;03/02/2020;segunda-feira;10:45:00;SP;116;230;SAO PAULO;Pista Escorregadia;Colisão frontal;Com Vítimas Feridas;Pleno dia;Decrescente;Chuva;Múltipla;Reta;Sim;6;0;2;0;4;0;2;2;-23,51756;-46,5805;SR-SP;DEL6/1;UOP01/SP
266860;03/02/2020;segunda-feira;10:30:00;GO;40;92,6;CRISTALINA;Falta de Atenção à Condução;Colisão transversal;Com Vítimas Feridas;Pleno dia;Crescente;Sol;Simples;Reta;Não;3;0;1;0;2;0;1;2;-16,73081;-47,62621;SR-DF;UOP02/DF;
266861;03/02/2020;segunda-feira;08:20:00;GO;153;325;RIANAPOLIS;Falta de Atenção à Condução;Colisão lateral;Com Vítimas Feridas;Pleno dia;Crescente;Céu Claro;Simples;Reta;Não;3;0;0;1;1;1;1;3;-15,49014;-49,4901;SR-GO;DEL1/2;UOP02/GO
266862;03/02/2020;segunda-feira;11:30:00;BA;116;417,3;FEIRA DE SANTANA;Não guardar distância de segurança;Colisão traseira;Sem Vítimas;Pleno dia;Crescente;Céu Claro;Simples;Reta;Sim;2;0;0;0;2;0;0;2;-12,17942;-38,96513;SR-BA;DEL10/2;UOP01/BA
266863;23/01/2020;quinta-feira;18:30:00;SP;116;219;GUARULHOS;Falta de Atenção à Condução;Colisão traseira;Sem Vítimas;Pleno dia;Crescente;Céu Claro;Múltipla;Reta;Sim;1;0;0;0;1;0;0;1;-23,4512;-46,46401;SR-SP;DEL6/1;UOP01/SP
266864;03/02/2020;segunda-feira;10:25:00;RS;287;285,8;SAO PEDRO DO SUL;Velocidade Incompatível;Colisão traseira;Com Vítimas Feridas;Pleno dia;Decrescente;Céu Claro;Simples;Reta;Não;3;0;1;0;2;0;1;2;-29,63509;-54,22042;SR-RS;DEL9/9;UOP01/RS
266865;03/02/2020;segunda-feira;07:50:00;PA;10;297;IRITUIA;Restrição de Visibilidade;Capotamento;Com Vítimas Feridas;Pleno dia;Crescente;Céu Claro;Simples;Desvio Temporário;Não;1;0;1;0;0;0;1;1;-1,835303;-47,51548;SR-PA;DEL19/2;UOP02/PA
266868;03/02/2020;segunda-feira;11:00:00;RJ;465;18;NOVA IGUACU;Falta de Atenção do Pedestre;Atropelamento de Pedestre;Com Vítimas Feridas;Pleno dia;Crescente;Céu Claro;Simples;Reta;Sim;2;0;1;0;1;0;1;1;-22,83135;-43,61513;SR-RJ;DEL5/1;UOP03/RJ
266870;03/02/2020;segunda-feira;08:30:00;PA;316;125;SANTA MARIA DO PARA;Falta de Atenção à Condução;Colisão traseira;Com Vítimas Feridas;Pleno dia;Decrescente;Sol;Simples;Reta;Não;8;0;1;0;7;0;1;2;-1,307584;-47,39115;SR-PA;DEL19/1;UOP02/PA
266871;03/02/2020;segunda-feira;12:40:00;SC;101;205;SAO JOSE;Não guardar distância de segurança;Colisão traseira;Sem Vítimas;Pleno dia;Decrescente;Sol;Múltipla;Reta;Sim;4;0;0;0;4;0;0;4;-27,58313;-48,61533;SR-SC;DEL8/1;UOP01/SC
266872;03/02/2020;segunda-feira;12:00:00;MG;381;506,5;SAO JOAQUIM DE BICAS;Falta de Atenção à Condução;Colisão traseira;Sem Vítimas;Pleno dia;Crescente;Céu Claro;Múltipla;Reta;Sim;3;0;0;0;3;0;0;2;-20,05039;-44,27963;SR-MG;DEL4/1;UOP03/MG
266873;03/02/2020;segunda-feira;12:50:00;SP;381;15,8;BRAGANCA PAULISTA;Pista Escorregadia;Saída de leito carroçável;Sem Vítimas;Pleno dia;Crescente;Garoa/Chuvisco;Dupla;Reta;Não;1;0;0;0;1;0;0;1;-22,94909;-46,47909;SR-SP;DEL6/3;UOP02/SP
266874;03/02/2020;segunda-feira;12:35:00;BA;116;459;SANTO ESTEVAO;Falta de Atenção à Condução;Colisão traseira;Com Vítimas Feridas;Pleno dia;Crescente;Céu Claro;Simples;Reta;Sim;3;0;1;0;2;0;1;2;-12,44011;-39,23052;SR-BA;DEL10/2;UOP01/BA
266875;03/02/2020;segunda-feira;12:15:00;BA;101;715,8;EUNAPOLIS;Falta de Atenção à Condução;Colisão lateral;Com Vítimas Feridas;Pleno dia;Decrescente;Sol;Múltipla;Reta;Sim;2;0;1;0;0;1;1;2;-16,36859;-39,58319;SR-BA;DEL10/9;UOP01/BA
266876;03/02/2020;segunda-feira;05:00:00;AM;319;50;CAREIRO;Animais na Pista;Atropelamento de Animal;Com Vítimas Feridas;Amanhecer;Decrescente;Céu Claro;Simples;Reta;Não;5;0;2;0;2;1;2;3;-3,436557;-59,98295;SR-AM;UOP04/AM;
266877;03/02/2020;segunda-feira;13:00:00;RJ;465;18;NOVA IGUACU;Falta de Atenção do Pedestre;Atropelamento de Pedestre;Com Vítimas Feridas;Pleno dia;Crescente;Céu Claro;Simples;Reta;Não;2;0;1;0;0;1;1;1;-22,83135;-43,61513;SR-RJ;DEL5/1;UOP03/RJ
266878;03/02/2020;segunda-feira;12:30:00;PR;373;477,6;CORONEL VIVIDA;Desobediência às normas de trânsito pelo condutor;Colisão frontal;Com Vítimas Feridas;Pleno dia;Decrescente;Sol;Simples;Curva;Sim;5;0;0;1;4;0;1;2;-25,96797;-52,52685;SR-PR;DEL7/2;UOP01/PR
266879;03/02/2020;segunda-feira;10:20:00;RO;364;128,3;PIMENTA BUENO;Defeito Mecânico no Veículo;Incêndio;Sem Vítimas;Pleno dia;Crescente;Céu Claro;Simples;Reta;Não;1;0;0;0;1;0;0;1;-12,06013;-60,7593;SR-RO;DEL21/2;UOP02/RO
266880;03/02/2020;segunda-feira;13:20:00;PR;376;492;PONTA GROSSA;Falta de Atenção à Condução;Colisão traseira;Com Vítimas Feridas;Pleno dia;Decrescente;Nublado;Dupla;Reta;Sim;3;0;0;1;2;0;1;2;-25,1556;-50,13323;SR-PR;DEL7/3;UOP03/PR
266881;03/02/2020;segunda-feira;12:30:00;GO;20;185;ALVORADA DO NORTE;Falta de Atenção à Condução;Capotamento;Com Vítimas Feridas;Pleno dia;Crescente;Chuva;Dupla;Curva;Não;2;0;2;0;0;0;2;1;-14,44304;-46,46224;SR-DF;UOP02/DEL02/DF;
266883;03/02/2020;segunda-feira;08:15:00;AC;364;222,6;SENA MADUREIRA;Falta de Atenção à Condução;Colisão frontal;Com Vítimas Feridas;Pleno dia;Crescente;Céu Claro;Simples;Desvio Temporário;Não;5;0;1;0;4;0;1;2;-9,441872;-68,39876;SR-AC;UOP01/AC;
266885;03/02/2020;segunda-feira;14:10:00;SC;470;19,1;ILHOTA;Falta de Atenção à Condução;Colisão traseira;Com Vítimas Feridas;Pleno dia;Decrescente;Céu Claro;Simples;Reta;Não;3;0;1;0;2;0;1;3;-26,86625;-48,81644;SR-SC;DEL8/4;UOP04/SC
266886;03/02/2020;segunda-feira;13:30:00;SC;282;287,4;SAO JOSE DO CERRITO;Pista Escorregadia;Saída de leito carroçável;Com Vítimas Fatais;Pleno dia;Crescente;Chuva;Simples;Curva;Não;4;1;2;1;0;0;3;1;-27,56861;-50,81807;SR-SC;DEL8/5;UOP02/SC
266887;03/02/2020;segunda-feira;14:10:00;BA;242;572,6;IBOTIRAMA;Velocidade Incompatível;Saída de leito carroçável;Com Vítimas Feridas;Pleno dia;Crescente;Nublado;Simples;Curva;Não;3;0;2;0;1;0;2;1;-12,08886;-43,15442;SR-BA;DEL 10/10;UOP02/BA
266888;03/02/2020;segunda-feira;10:25:00;SC;480;125;CHAPECO;Velocidade Incompatível;Queda de ocupante de veículo;Com Vítimas Feridas;Pleno dia;Crescente;Céu Claro;Simples;Curva;Não;1;0;1;0;0;0;1;1;-27,01165;-52,63953;SR-SC;DEL7;UOP01/SC
266889;03/02/2020;segunda-feira;13:50:00;PR;376;591,4;CURITIBA;Falta de Atenção à Condução;Colisão lateral;Com Vítimas Feridas;Pleno dia;Crescente;Nublado;Dupla;Reta;Sim;2;0;1;0;1;0;1;2;-25,46;-49,35895;SR-PR;DEL7/1;UOP04/PR
266890;03/02/2020;segunda-feira;13:50:00;PR;467;90,9;CASCAVEL;Defeito Mecânico no Veículo;Saída de leito carroçável;Com Vítimas Feridas;Pleno dia;Crescente;Céu Claro;Dupla;Reta;Não;2;0;1;1;0;0;2;1;-24,8439;-53,6077;SR-PR;DEL7/4;UOP01/PR
266891;22/01/2020;quarta-feira;18:30:00;MG;381;525;BRUMADINHO;Defeito Mecânico no Veículo;Engavetamento;Com Vítimas Feridas;Anoitecer;Crescente;Nublado;Dupla;Reta;Não;5;0;2;0;3;0;2;5;-20,16711;-44,33422;SR-MG;DEL4/4;UOP03/MG
266892;03/02/2020;segunda-feira;14:00:00;RS;116;263,4;CANOAS;Falta de Atenção à Condução;Colisão transversal;Com Vítimas Feridas;Pleno dia;Decrescente;Céu Claro;Dupla;Reta;Sim;2;0;1;0;1;0;1;2;-29,90545;-51,17674;SR-RS;DEL9/1;UOP01/RS
266893;03/02/2020;segunda-feira;14:20:00;DF;251;32;BRASILIA;Desobediência às normas de trânsito pelo condutor;Colisão traseira;Com Vítimas Feridas;Pleno dia;Crescente;Céu Claro;Simples;Reta;Não;2;0;2;0;0;0;2;1;-15,94031;-47,74045;SR-DF;UOP01/DF;
266894;03/02/2020;segunda-feira;07:40:00;SC;101;327,5;CAPIVARI DE BAIXO;Não guardar distância de segurança;Colisão traseira;Com Vítimas Feridas;Pleno dia;Crescente;Céu Claro;Dupla;Reta;Não;2;0;1;0;1;0;1;2;-28,43023;-48,95205;SR-SC;DEL8/2;UOP01/SC
266895;03/02/2020;segunda-feira;14:40:00;SP;116;227;GUARULHOS;Falta de Atenção à Condução;Colisão traseira;Com Vítimas Feridas;Pleno dia;Decrescente;Nublado;Múltipla;Curva;Não;2;0;1;0;1;0;1;2;-23,49659;-46,55649;SR-SP;DEL6/1;UOP01/SP
266897;03/02/2020;segunda-feira;15:00:00;PA;153;46;SAO DOMINGOS DO ARAGUAIA;Não guardar distância de segurança;Colisão traseira;Com Vítimas Feridas;Pleno dia;Crescente;Garoa/Chuvisco;Simples;Curva;Sim;1;0;1;0;0;0;1;1;-5,525883;-48,73729;SR-PA;DEL19/3;UOP01/PA