id;data_inversa;dia_semana;horario;uf;br;km;municipio;causa_acidente;tipo_acidente;classificacao_acidente;fase_dia;sentido_via;condicao_metereologica;tipo_pista;tracado_via;uso_solo;pessoas;mortos;feridos_leves;feridos_graves;ilesos;ignorados;feridos;veiculos;latitude;longitude;regional;delegacia;uop
266898;03/02/2020;segunda-feira;14:20:00;GO;60;165;GOIANIA;Velocidade Incompatível;Saída de leito carroçável;Sem Vítimas;Pleno dia;Decrescente;Chuva;Dupla;Desvio Temporário;Sim;1;0;0;0;1;0;0;1;-16,70961;-49,35211;SR-GO;DEL1/1;UOP02/GO
266900;03/02/2020;segunda-feira;15:00:00;MG;40;751,8;SANTOS DUMONT;Pista Escorregadia;Saída de leito carroçável;Com Vítimas Feridas;Pleno dia;Decrescente;Chuva;Simples;Desvio Temporário;Não;1;0;1;0;0;0;1;1;-21,46538;-43,56168;SR-MG;DEL5;UOP01/MG
266901;03/02/2020;segunda-feira;15:00:00;SP;381;73;SAO PAULO;Velocidade Incompatível;Saída de leito carroçável;Com Vítimas Feridas;Pleno dia;Crescente;Chuva;Dupla;Curva;Não;1;0;1;0;0;0;1;1;-23,36553;-46,55254;SR-SP;DEL6/3;UOP02/SP
266902;03/02/2020;segunda-feira;15:20:00;RN;101;72,9;NATAL;Velocidade Incompatível;Colisão com objeto estático;Com Vítimas Feridas;Pleno dia;Decrescente;Céu Claro;Simples;Curva;Não;1;0;1;0;0;0;1;1;-5,698662;-35,26317;SR-RN;DEL15/2;UOP01/RN
266903;03/02/2020;segunda-feira;14:50:00;BA;330;786;BARRA DO ROCHA;Falta de Atenção à Condução;Queda de ocupante de veículo;Com Vítimas Feridas;Pleno dia;Crescente;Sol;Simples;Reta;Não;1;0;0;1;0;0;1;1;-14,19667;-39,62275;SR-BA;DEL10/3;UOP01/BA
266904;03/02/2020;segunda-feira;14:17:00;RJ;101;298;ITABORAI;Restrição de Visibilidade;Queda de ocupante de veículo;Com Vítimas Feridas;Pleno dia;Decrescente;Sol;Dupla;Curva;Sim;2;0;1;0;1;0;1;2;-22,7714;-42,92896;SR-RJ;DEL5/2;UOP01/RJ
266905;03/02/2020;segunda-feira;15:50:00;MG;153;111,5;PRATA;Falta de Atenção à Condução;Colisão transversal;Com Vítimas Feridas;Pleno dia;Crescente;Nublado;Simples;Interseção de vias;Não;6;0;1;3;2;0;4;2;-19,32805;-48,906;SR-MG;DEL4/15;UOP03/MG
266906;03/02/2020;segunda-feira;15:35:00;CE;116;25,8;AQUIRAZ;Desobediência às normas de trânsito pelo condutor;Colisão traseira;Com Vítimas Feridas;Pleno dia;Crescente;Céu Claro;Dupla;Reta;Não;2;0;1;0;1;0;1;2;-3,966333;-38,51525;SR-CE;DEL16/1;UOP02/CE
266907;03/02/2020;segunda-feira;13:10:00;MT;70;233;GENERAL CARNEIRO;Velocidade Incompatível;Capotamento;Com Vítimas Feridas;Pleno dia;Decrescente;Nublado;Simples;Curva;Não;4;0;2;0;2;0;2;1;-15,63325;-53,96682;SR-MT;DEL2/5;UOP01/MT
266908;30/01/2020;quinta-feira;13:00:00;PR;369;186;ARAPONGAS;Desobediência às normas de trânsito pelo condutor;Tombamento;Com Vítimas Feridas;Pleno dia;Decrescente;Nublado;Simples;Reta;Sim;1;0;1;0;0;0;1;1;-23,41574;-51,4271;SR-PR;DEL7/7;UOP03/PR
266909;03/02/2020;segunda-feira;13:00:00;MG;116;414,1;GOVERNADOR VALADARES;Falta de Atenção à Condução;Colisão traseira;Com Vítimas Feridas;Pleno dia;Decrescente;Céu Claro;Simples;Reta;Não;2;0;1;0;1;0;1;2;-18,88103;-41,95911;SR-MG;DEL4/6;UOP01/MG
266910;10/01/2020;sexta-feira;22:45:00;MT;364;496;JANGADA;Falta de Atenção à Condução;Colisão traseira;Com Vítimas Feridas;Plena Noite;Decrescente;Céu Claro;Simples;Reta;Sim;2;0;0;1;1;0;1;2;-15,27669;-56,44276;SR-MT;DEL2/4;UOP02/MT
266912;03/02/2020;segunda-feira;16:30:00;GO;452;42,6;SANTA HELENA DE GOIAS;Ultrapassagem Indevida;Colisão frontal;Com Vítimas Fatais;Anoitecer;Crescente;Nublado;Simples;Reta;Não;2;1;0;1;0;0;1;2;-17,93685;-50,53684;SR-GO;DEL1/4;UOP01/GO
266913;03/02/2020;segunda-feira;14:25:00;MS;163;267,8;DOURADOS;Velocidade Incompatível;Colisão com objeto estático;Com Vítimas Feridas;Pleno dia;Decrescente;Nublado;Dupla;Rotatória;Sim;1;0;1;0;0;0;1;1;-22,20812;-54,70973;SR-MS;DEL3/4;UOP01/MS
266914;03/02/2020;segunda-feira;15:30:00;CE;304;51,2;ARACATI;Desobediência às normas de trânsito pelo condutor;Colisão lateral;Com Vítimas Feridas;Pleno dia;Crescente;Céu Claro;Simples;Curva;Não;4;0;1;1;2;0;2;2;-4,569238;-37,75177;SR-CE;DEL16/3;UOP03/CE
266916;03/02/2020;segunda-feira;16:20:00;BA;116;813,1;VITORIA DA CONQUISTA;Desobediência às normas de trânsito pelo condutor;Colisão transversal;Com Vítimas Fatais;Pleno dia;Crescente;Nublado;Simples;Reta;Não;4;1;0;1;2;0;1;3;-14,76463;-40,70569;SR-BA;DEL10/8;UOP01/BA
266917;03/02/2020;segunda-feira;14:20:00;PE;232;105;BEZERROS;Pista Escorregadia;Saída de leito carroçável;Com Vítimas Feridas;Pleno dia;Crescente;Chuva;Dupla;Curva;Não;10;0;8;0;2;0;8;1;-8,258304;-35,78276;SR-PE;UOP02;DEL02
266918;03/02/2020;segunda-feira;15:45:00;SP;381;30,4;ATIBAIA;Não guardar distância de segurança;Colisão lateral;Com Vítimas Feridas;Pleno dia;Decrescente;Chuva;Dupla;Reta;Não;2;0;1;0;1;0;1;2;-23,04885;-46,56483;SR-SP;DEL6/3;UOP02/SP
266919;03/02/2020;segunda-feira;13:30:00;AL;316;72,5;POCO DAS TRINCHEIRAS;Falta de Atenção à Condução;Saída de leito carroçável;Com Vítimas Feridas;Pleno dia;Decrescente;Céu Claro;Simples;Reta;Não;1;0;1;0;0;0;1;1;-9,305336;-37,33847;SR-AL;DEL13/3;UOP02/AL
266920;03/02/2020;segunda-feira;16:15:00;SC;282;17,1;PALHOCA;Desobediência às normas de trânsito pelo condutor;Colisão transversal;Com Vítimas Feridas;Pleno dia;Decrescente;Céu Claro;Simples;Reta;Sim;2;0;1;0;1;0;1;2;-27,66571;-48,68807;SR-SC;DEL8/1;UOP02/SC
266921;03/02/2020;segunda-feira;17:00:00;ES;101;186,4;ARACRUZ;Não guardar distância de segurança;Colisão traseira;Com Vítimas Feridas;Pleno dia;Decrescente;Céu Claro;Simples;Não Informado;Não;3;0;2;0;1;0;2;2;-19,66488;-40,24929;SR-ES;DEL12/4;UOP01/ES
266922;03/02/2020;segunda-feira;17:00:00;SP;116;227,7;SAO PAULO;Falta de Atenção à Condução;Colisão traseira;Sem Vítimas;Pleno dia;Crescente;Garoa/Chuvisco;Múltipla;Reta;Não;2;0;0;0;2;0;0;2;-23,49659;-46,55649;SR-SP;DEL6/1;UOP01/SP
266923;03/02/2020;segunda-feira;13:30:00;BA;116;417;FEIRA DE SANTANA;Desobediência às normas de trânsito pelo condutor;Colisão frontal;Com Vítimas Feridas;Pleno dia;Crescente;Sol;Simples;Não Informado;Sim;3;0;1;0;2;0;1;2;-12,1836;-38,96518;SR-BA;DEL10/2;UOP01/BA
266924;03/02/2020;segunda-feira;15:40:00;PI;135;64;JERUMENHA;Falta de Atenção à Condução;Colisão transversal;Com Vítimas Fatais;Pleno dia;Decrescente;Céu Claro;Simples;Reta;Não;2;1;0;0;1;0;0;2;-7,236364;-43,64414;SR-PI;DEL17/3;UOP01/PI
266925;03/02/2020;segunda-feira;17:30:00;RS;116;245,3;SAO LEOPOLDO;Não guardar distância de segurança;Colisão traseira;Com Vítimas Feridas;Pleno dia;Decrescente;Sol;Dupla;Reta;Sim;3;0;2;0;1;0;2;2;-29,74981;-51,15125;SR-RS;DEL9/1;UOP02/RS
266926;03/02/2020;segunda-feira;15:10:00;SC;280;75,5;JARAGUA DO SUL;Falta de Atenção à Condução;Queda de ocupante de veículo;Com Vítimas Feridas;Pleno dia;Crescente;Chuva;Simples;Reta;Não;2;0;2;0;0;0;2;1;-26,45839;-49,17048;SR-SC;DEL8/3;UOP03/SC
266927;03/02/2020;segunda-feira;15:35:00;MS;267;298;RIO BRILHANTE;Falta de Atenção à Condução;Tombamento;Com Vítimas Feridas;Pleno dia;Decrescente;Garoa/Chuvisco;Simples;Rotatória;Não;1;0;1;0;0;0;1;1;-21,75926;-54,59208;SR-MS;DEL2;UOP02/MS
266928;03/02/2020;segunda-feira;13:42:00;RO;435;86,4;COLORADO DO OESTE;Falta de Atenção à Condução;Colisão transversal;Com Vítimas Feridas;Pleno dia;Crescente;Nublado;Dupla;Não Informado;Sim;2;0;1;0;1;0;1;2;-13,12097;-60,54494;SR-RO;DEL21/4;UOP02/RO
266929;03/02/2020;segunda-feira;16:10:00;MG;381;510,5;SAO JOAQUIM DE BICAS;Falta de Atenção à Condução;Atropelamento de Pedestre;Com Vítimas Feridas;Pleno dia;Crescente;Nublado;Múltipla;Reta;Sim;2;0;2;0;0;0;2;1;-20,05655;-44,28709;SR-MG;DEL4/1;UOP03/MG
266930;03/02/2020;segunda-feira;17:50:00;SC;101;335;TUBARAO;Falta de Atenção à Condução;Colisão transversal;Com Vítimas Feridas;Pleno dia;Crescente;Nublado;Simples;Rotatória;Sim;2;0;1;0;1;0;1;2;-28,46927;-49,01558;SR-SC;DEL8/2;UOP01/SC
266932;03/02/2020;segunda-feira;17:40:00;SC;280;50;GUARAMIRIM;Falta de Atenção à Condução;Colisão transversal;Com Vítimas Feridas;Pleno dia;Decrescente;Nublado;Simples;Reta;Não;2;0;1;0;1;0;1;2;-26,46404;-48,95149;SR-SC;DEL8/3;UOP03/SC
266933;03/02/2020;segunda-feira;17:50:00;MG;381;753;TRES CORACOES;Velocidade Incompatível;Saída de leito carroçável;Com Vítimas Feridas;Pleno dia;Crescente;Nublado;Dupla;Curva;Não;1;0;1;0;0;0;1;1;-21,67857;-45,34114;SR-MG;DEL09;UOP02/MG
266934;03/02/2020;segunda-feira;12:35:00;SC;280;278,3;IRINEOPOLIS;Falta de Atenção à Condução;Saída de leito carroçável;Com Vítimas Feridas;Pleno dia;Decrescente;Sol;Simples;Curva;Não;2;0;0;2;0;0;2;1;-26,29645;-50,80524;SR-SC;DEL8/6;UOP04/SC
266935;03/02/2020;segunda-feira;13:30:00;MG;116;545,1;SANTA RITA DE MINAS;Falta de Atenção à Condução;Tombamento;Com Vítimas Fatais;Pleno dia;Crescente;Céu Claro;Simples;Reta;Não;2;1;0;0;1;0;0;2;-19,92809;-42,13104;SR-MG;DEL4/6;UOP02/MG
266938;03/02/2020;segunda-feira;14:30:00;BA;101;482;URUCUCA;Velocidade Incompatível;Colisão lateral;Com Vítimas Feridas;Pleno dia;Crescente;Nublado;Simples;Reta;Não;4;0;2;0;2;0;2;2;-14,63417;-39,3353;SR-BA;DEL10/5;UOP01/BA
266939;03/02/2020;segunda-feira;19:00:00;SP;153;58;SAO JOSE DO RIO PRETO;Desobediência às normas de trânsito pelo condutor;Colisão lateral;Com Vítimas Feridas;Anoitecer;Decrescente;Nublado;Simples;Não Informado;Sim;3;0;1;0;0;2;1;2;-20,77838;-49,35301;SR-SP;DEL6/9;UOP01/SP
266941;03/02/2020;segunda-feira;17:45:00;MT;163;539;DIAMANTINO;Pista Escorregadia;Colisão frontal;Com Vítimas Feridas;Anoitecer;Decrescente;Ignorado;Simples;Desvio Temporário;Não;6;0;2;4;0;0;6;2;-14,39101;-56,11636;SR-MT;DEL2/4;UOP01/MT
266942;03/02/2020;segunda-feira;19:05:00;PR;116;122;CURITIBA;Falta de Atenção à Condução;Colisão lateral;Com Vítimas Feridas;Plena Noite;Crescente;Céu Claro;Dupla;Reta;Sim;2;0;1;0;1;0;1;2;-25,60451;-49,31844;SR-PR;DEL7/1;UOP03/PR
266943;03/02/2020;segunda-feira;14:10:00;SC;282;220,2;LAGES;Defeito Mecânico no Veículo;Incêndio;Sem Vítimas;Pleno dia;Crescente;Céu Claro;Simples;Reta;Sim;1;0;0;0;1;0;0;1;-27,79401;-50,33363;SR-SC;DEL8/5;UOP01/SC
266944;03/02/2020;segunda-feira;19:35:00;PE;101;63;RECIFE;Falta de Atenção do Pedestre;Atropelamento de Pedestre;Com Vítimas Feridas;Plena Noite;Decrescente;Céu Claro;Dupla;Reta;Sim;2;0;0;2;0;0;2;1;-8,008006;-34,93757;SR-PE;DEL11/1;UOP01/PE
266945;03/02/2020;segunda-feira;19:45:00;SC;101;211,2;SAO JOSE;Velocidade Incompatível;Queda de ocupante de veículo;Com Vítimas Feridas;Anoitecer;Decrescente;Nublado;Múltipla;Reta;Sim;2;0;2;0;0;0;2;1;-27,62329;-48,65246;SR-SC;DEL8/1;UOP02/SC
266947;03/02/2020;segunda-feira;19:55:00;SC;282;15,7;PALHOCA;Desobediência às normas de trânsito pelo condutor;Colisão frontal;Com Vítimas Feridas;Plena Noite;Crescente;Nublado;Simples;Reta;Sim;4;0;1;0;3;0;1;4;-27,65185;-48,67605;SR-SC;DEL8/1;UOP02/SC
266948;03/02/2020;segunda-feira;20:15:00;GO;70;22,3;COCALZINHO DE GOIAS;Fenômenos da Natureza;Atropelamento de Animal;Com Vítimas Feridas;Plena Noite;Crescente;Chuva;Dupla;Reta;Não;1;0;0;1;0;0;1;1;-15,73777;-48,39276;SR-DF;UOP06/DF;
266949;03/02/2020;segunda-feira;19:15:00;PR;369;180,4;ARAPONGAS;Animais na Pista;Atropelamento de Animal;Com Vítimas Feridas;Plena Noite;Crescente;Garoa/Chuvisco;Dupla;Reta;Não;1;0;0;1;0;0;1;1;-23,37022;-51,41064;SR-PR;DEL7/7;UOP03/PR
266950;03/02/2020;segunda-feira;12:00:00;SP;116;567,2;BARRA DO TURVO;Falta de Atenção à Condução;Saída de leito carroçável;Com Vítimas Fatais;Pleno dia;Decrescente;Garoa/Chuvisco;Dupla;Curva;Não;3;1;1;0;1;0;1;1;-25,04844;-48,5473;SR-SP;DEL6/5;UOP03/SP
266951;23/01/2020;quinta-feira;05:42:00;SP;116;219;GUARULHOS;Não guardar distância de segurança;Colisão traseira;Sem Vítimas;Amanhecer;Crescente;Ignorado;Dupla;Curva;Não;2;0;0;0;1;1;0;2;-23,45;-46,49011;SR-SP;DEL6/1;UOP01/SP
266952;03/02/2020;segunda-feira;20:00:00;RJ;356;43;ITAPERUNA;Defeito na Via;Tombamento;Com Vítimas Feridas;Plena Noite;Decrescente;Céu Claro;Simples;Não Informado;Não;1;0;1;0;0;0;1;1;-21,22315;-41,81952;SR-RJ;DEL5/8;UOP03/RJ
266953;03/02/2020;segunda-feira;13:30:00;SP;116;548,3;BARRA DO TURVO;Pista Escorregadia;Colisão com objeto estático;Sem Vítimas;Pleno dia;Decrescente;Chuva;Múltipla;Curva;Não;4;0;0;0;4;0;0;2;-24,95393;-48,44727;SR-SP;DEL6/5;UOP03/SP
266954;03/02/2020;segunda-feira;20:30:00;SP;116;324;JUQUITIBA;Velocidade Incompatível;Saída de leito carroçável;Com Vítimas Feridas;Plena Noite;Crescente;Garoa/Chuvisco;Dupla;Curva;Não;2;0;2;0;0;0;2;1;-23,9403;-47,04398;SR-SP;DEL6/4;UOP01/SP
266955;03/02/2020;segunda-feira;16:30:00;MT;163;1102;GUARANTA DO NORTE;Velocidade Incompatível;Colisão lateral;Com Vítimas Feridas;Pleno dia;Crescente;Chuva;Simples;Curva;Não;2;0;0;1;1;0;1;2;-9,648866;-54,8725;SR-MT;DEL2/6;UOP02/MT
266956;03/02/2020;segunda-feira;15:40:00;RO;364;404;OURO PRETO DO OESTE;Falta de Atenção à Condução;Saída de leito carroçável;Com Vítimas Feridas;Pleno dia;Crescente;Nublado;Simples;Reta;Não;1;0;0;1;0;0;1;1;-10,57604;-62,3661;SR-RO;DEL21/3;UOP02/RO
266957;03/02/2020;segunda-feira;20:30:00;BA;101;945;MUCURI;Falta de Atenção à Condução;Queda de ocupante de veículo;Com Vítimas Feridas;Plena Noite;Crescente;Céu Claro;Simples;Interseção de vias;Não;1;0;0;1;0;0;1;1;-18,1684;-39,91874;SR-BA;DEL10/9;UOP03/BA
266958;03/02/2020;segunda-feira;21:21:00;PR;376;451,1;TIBAGI;Velocidade Incompatível;Saída de leito carroçável;Com Vítimas Feridas;Plena Noite;Crescente;Céu Claro;Dupla;Curva;Não;2;0;1;0;1;0;1;1;-24,94239;-50,40225;SR-PR;DEL7/3;UOP05/PR
266960;03/02/2020;segunda-feira;19:25:00;PR;376;190;MARIALVA;Falta de Atenção do Pedestre;Colisão com objeto em movimento;Com Vítimas Feridas;Plena Noite;Crescente;Céu Claro;Dupla;Curva;Não;4;0;0;2;0;2;2;1;-23,4756;-51,81168;SR-PR;UOP01;DEL09
266961;03/02/2020;segunda-feira;20:25:00;RO;364;704;PORTO VELHO;Falta de Atenção à Condução;Colisão lateral;Com Vítimas Feridas;Plena Noite;Crescente;Céu Claro;Dupla;Retorno Regulamentado;Não;4;0;1;1;1;1;2;2;-8,800327;-63,80454;SR-RO;DEL21/1;UOP01/RO
266962;03/02/2020;segunda-feira;19:20:00;RS;386;405,5;TRIUNFO;Defeito Mecânico no Veículo;Colisão lateral;Com Vítimas Feridas;Anoitecer;Crescente;Céu Claro;Dupla;Rotatória;Não;4;0;1;0;3;0;1;2;-29,77722;-51,56083;SR-RS;DEL9/4;UOP02/RS
266963;03/02/2020;segunda-feira;19:30:00;RJ;116;225,3;PIRAI;Pista Escorregadia;Colisão com objeto estático;Com Vítimas Feridas;Plena Noite;Crescente;Chuva;Dupla;Reta;Não;1;0;1;0;0;0;1;1;-22,66093;-43,83805;SR-RJ;DEL5/7;UOP01/RJ
266964;03/02/2020;segunda-feira;21:40:00;MG;262;885,9;CAMPO FLORIDO;Animais na Pista;Colisão com objeto estático;Sem Vítimas;Plena Noite;Crescente;Nublado;Dupla;Curva;Não;2;0;0;0;2;0;0;1;-19,73468;-48,65065;SR-MG;DEL13;UOP02/MG
266965;03/02/2020;segunda-feira;22:07:00;PR;376;2,4;APUCARANA;Falta de Atenção à Condução;Colisão com objeto estático;Sem Vítimas;Plena Noite;Crescente;Nublado;Dupla;Reta;Sim;1;0;0;0;1;0;0;1;-23,56476;-51,4337;SR-PR;DEL7/7;UOP03/PR
266966;03/02/2020;segunda-feira;19:15:00;MA;230;18;BARAO DE GRAJAU;Animais na Pista;Saída de leito carroçável;Com Vítimas Feridas;Plena Noite;Decrescente;Céu Claro;Simples;Reta;Não;3;0;3;0;0;0;3;1;-6,705855;-43,15766;SR-PI;DEL17/3;UOP01/PI
266968;03/02/2020;segunda-feira;21:45:00;PR;116;45;CAMPINA GRANDE DO SUL;Falta de Atenção à Condução;Saída de leito carroçável;Com Vítimas Feridas;Plena Noite;Crescente;Garoa/Chuvisco;Dupla;Reta;Não;1;0;1;0;0;0;1;1;-25,19503;-48,89004;SR-PR;DEL7/1;UOP02/PR
266969;03/02/2020;segunda-feira;22:30:00;ES;101;336;GUARAPARI;Falta de Atenção do Pedestre;Atropelamento de Pedestre;Com Vítimas Feridas;Plena Noite;Decrescente;Céu Claro;Simples;Desvio Temporário;Não;2;0;0;1;0;1;1;1;-20,62834;-40,53656;SR-ES;DEL12/3;UOP01/ES
266970;03/02/2020;segunda-feira;20:55:00;PR;277;332,2;GUARAPUAVA;Velocidade Incompatível;Colisão traseira;Com Vítimas Feridas;Plena Noite;Crescente;Nublado;Dupla;Reta;Não;2;0;0;1;1;0;1;2;-25,34952;-51,37887;SR-PR;DEL7/3;UOP02/PR
266971;03/02/2020;segunda-feira;09:10:00;SC;282;516,3;XAXIM;Velocidade Incompatível;Colisão traseira;Sem Vítimas;Pleno dia;Decrescente;Sol;Simples;Reta;Não;2;0;0;0;2;0;0;2;-26,93086;-52,49916;SR-SC;DEL7;UOP01/SC
266972;03/02/2020;segunda-feira;20:00:00;RO;364;855;PORTO VELHO;Defeito na Via;Saída de leito carroçável;Com Vítimas Feridas;Plena Noite;Decrescente;Nublado;Simples;Não Informado;Não;3;0;0;3;0;0;3;1;-9,494842;-64,7937;SR-RO;DEL21/1;UOP02/RO
266973;03/02/2020;segunda-feira;20:15:00;RO;364;708,4;PORTO VELHO;Defeito na Via;Colisão com objeto estático;Com Vítimas Feridas;Plena Noite;Crescente;Céu Claro;Dupla;Reta;Sim;1;0;0;1;0;0;1;1;-8,795541;-63,84072;SR-RO;DEL21/1;UOP01/RO
266974;03/02/2020;segunda-feira;21:30:00;MT;364;45;ALTO GARCAS;Defeito na Via;Tombamento;Sem Vítimas;Plena Noite;Decrescente;Céu Claro;Simples;Não Informado;Não;2;0;0;0;2;0;0;2;-17,04109;-53,48136;SR-MT;DEL2/2;UOP04/MT
266976;06/01/2020;segunda-feira;13:45:00;SC;282;617;MARAVILHA;Não guardar distância de segurança;Danos eventuais;Sem Vítimas;Pleno dia;Decrescente;Ignorado;Simples;Reta;Não;2;0;0;0;2;0;0;2;-26,76724;-53,21474;SR-SC;DEL7;UOP02/SC
266977;04/02/2020;terça-feira;00:00:00;RS;116;366,2;TAPES;Condutor Dormindo;Saída de leito carroçável;Com Vítimas Feridas;Plena Noite;Decrescente;Céu Claro;Simples;Não Informado;Não;1;0;1;0;0;0;1;1;-30,673;-51,57052;SR-RS;DEL9/2;UOP02/RS
266978;04/02/2020;terça-feira;01:15:00;SC;101;370,2;ICARA;Velocidade Incompatível;Colisão traseira;Com Vítimas Fatais;Plena Noite;Crescente;Chuva;Dupla;Reta;Não;2;1;1;0;0;0;1;2;-28,70683;-49,20605;SR-SC;DEL8/2;UOP01/SC
266979;04/02/2020;terça-feira;01:30:00;SP;116;425,5;JUQUIA;Condutor Dormindo;Saída de leito carroçável;Com Vítimas Feridas;Plena Noite;Decrescente;Chuva;Dupla;Reta;Não;1;0;1;0;0;0;1;1;-24,37992;-47,71316;SR-SP;DEL6/5;UOP01/SP
266980;04/02/2020;terça-feira;01:40:00;AL;423;30,1;CANAPI;Defeito Mecânico no Veículo;Incêndio;Sem Vítimas;Plena Noite;Decrescente;Nublado;Simples;Reta;Não;2;0;0;0;2;0;0;1;-9,204792;-37,54939;SR-AL;DEL13/3;UOP02/AL
266981;03/02/2020;segunda-feira;23:20:00;RJ;40;113;DUQUE DE CAXIAS;Falta de Atenção à Condução;Colisão traseira;Sem Vítimas;Plena Noite;Decrescente;Chuva;Múltipla;Reta;Sim;2;0;0;0;2;0;0;2;-22,70949;-43,2904;SR-RJ;DEL5/1;UOP01/RJ
266983;04/02/2020;terça-feira;03:15:00;RJ;40;113;DUQUE DE CAXIAS;Falta de Atenção à Condução;Colisão traseira;Com Vítimas Feridas;Plena Noite;Decrescente;Chuva;Múltipla;Reta;Sim;3;0;2;0;1;0;2;2;-22,70949;-43,2904;SR-RJ;DEL5/1;UOP01/RJ
266984;03/02/2020;segunda-feira;23:00:00;PA;155;299;MARABA;Deficiência ou não Acionamento do Sistema de Iluminação/Sinalização do Veículo;Tombamento;Com Vítimas Feridas;Plena Noite;Decrescente;Céu Claro;Simples;Reta;Não;2;0;1;0;1;0;1;1;-5,740662;-49,14781;SR-PA;DEL19/3;UOP01/PA
266985;04/02/2020;terça-feira;01:10:00;RS;285;116,2;VACARIA;Desobediência às normas de trânsito pelo condutor;Colisão traseira;Sem Vítimas;Plena Noite;Crescente;Nublado;Simples;Reta;Não;4;0;0;0;4;0;0;2;-28,51279;-50,89643;SR-RS;DEL9/5;UOP03/RS
266986;04/02/2020;terça-feira;03:50:00;SC;101;106,9;PENHA;Falta de Atenção à Condução;Saída de leito carroçável;Sem Vítimas;Plena Noite;Crescente;Nublado;Dupla;Curva;Não;1;0;0;0;0;1;0;1;-26,81841;-48,68378;SR-SC;DEL8/3;UOP02/SC
266987;04/02/2020;terça-feira;03:55:00;RS;290;124;ELDORADO DO SUL;Falta de Atenção à Condução;Colisão frontal;Com Vítimas Fatais;Plena Noite;Decrescente;Céu Claro;Simples;Reta;Não;2;1;0;0;1;0;0;2;-30,05524;-51,4634;SR-RS;DEL9/2;UOP01/RS
266988;04/02/2020;terça-feira;04:30:00;SP;116;273,3;TABOAO DA SERRA;Velocidade Incompatível;Colisão traseira;Sem Vítimas;Pleno dia;Crescente;Garoa/Chuvisco;Dupla;Reta;Sim;2;0;0;0;1;1;0;2;-23,61635;-46,79047;SR-SP;DEL6/4;UOP01/SP
266989;04/02/2020;terça-feira;02:00:00;SC;282;646,3;SAO MIGUEL DO OESTE;Ingestão de Álcool;Colisão com objeto estático;Sem Vítimas;Plena Noite;Crescente;Céu Claro;Simples;Rotatória;Sim;1;0;0;0;1;0;0;1;-26,76097;-53,50089;SR-SC;DEL7;UOP03/SC
266990;03/02/2020;segunda-feira;19:10:00;MG;381;739;TRES CORACOES;Ingestão de Álcool;Saída de leito carroçável;Com Vítimas Feridas;Plena Noite;Decrescente;Nublado;Dupla;Reta;Não;1;0;1;0;0;0;1;1;-21,61515;-45,24157;SR-MG;DEL09;UOP02/MG
266991;03/02/2020;segunda-feira;18:00:00;BA;407;127,6;SENHOR DO BONFIM;Falta de Atenção à Condução;Colisão transversal;Com Vítimas Feridas;Anoitecer;Decrescente;Nublado;Simples;Reta;Sim;2;0;1;0;1;0;1;2;-10,46231;-40,17519;SR-BA;DEL10/4;UOP01/BA
266992;04/02/2020;terça-feira;06:40:00;PE;408;105;RECIFE;Falta de Atenção à Condução;Colisão lateral;Com Vítimas Feridas;Pleno dia;Crescente;Céu Claro;Dupla;Reta;Não;3;0;2;0;1;0;2;2;-8,073094;-34,99191;SR-PE;DEL11/1;UOP01/PE
266993;04/02/2020;terça-feira;05:40:00;MG;381;482,6;CONTAGEM;Falta de Atenção à Condução;Queda de ocupante de veículo;Com Vítimas Feridas;Pleno dia;Decrescente;Céu Claro;Dupla;Curva;Sim;1;0;1;0;0;0;1;1;-19,95833;-44,07656;SR-MG;DEL4/1;UOP03/MG
266994;04/02/2020;terça-feira;06:10:00;PE;104;65,1;CARUARU;Animais na Pista;Colisão traseira;Com Vítimas Feridas;Amanhecer;Decrescente;Nublado;Dupla;Reta;Não;2;0;1;0;1;0;1;2;-8,2867;-35,9838;SR-PE;DEL11/2;UOP01/PE
266995;03/02/2020;segunda-feira;22:20:00;MG;153;234,9;FRONTEIRA;Defeito Mecânico no Veículo;Saída de leito carroçável;Com Vítimas Feridas;Plena Noite;Crescente;Nublado;Simples;Reta;Não;1;0;1;0;0;0;1;1;-20,26155;-49,1785;SR-MG;DEL13;UOP02/MG
266996;04/02/2020;terça-feira;07:30:00;DF;70;11,5;BRASILIA;Falta de Atenção à Condução;Colisão lateral;Com Vítimas Feridas;Pleno dia;Decrescente;Céu Claro;Dupla;Reta;Não;2;0;1;0;1;0;1;2;-15,78976;-48,14873;SR-DF;UOP06/DF;
266997;04/02/2020;terça-feira;07:00:00;PR;476;97;BOCAIUVA DO SUL;Velocidade Incompatível;Colisão lateral;Com Vítimas Feridas;Pleno dia;Crescente;Céu Claro;Simples;Reta;Não;3;0;1;2;0;0;3;2;-25,23446;-49,12784;SR-PR;UOP06;DEL01
266998;03/02/2020;segunda-feira;12:00:00;BA;101;573,7;ARATACA;Desobediência às normas de trânsito pelo condutor;Colisão lateral;Com Vítimas Feridas;Pleno dia;Decrescente;Céu Claro;Simples;Reta;Não;3;0;1;0;2;0;1;2;-15,3471;-39,45946;SR-BA;DEL10/5;UOP02/BA