id;data_inversa;dia_semana;horario;uf;br;km;municipio;causa_acidente;tipo_acidente;classificacao_acidente;fase_dia;sentido_via;condicao_metereologica;tipo_pista;tracado_via;uso_solo;pessoas;mortos;feridos_leves;feridos_graves;ilesos;ignorados;feridos;veiculos;latitude;longitude;regional;delegacia;uop
266999;04/02/2020;terça-feira;07:20:00;PR;277;5;FOZ DO IGUACU;Falta de Atenção do Pedestre;Atropelamento de Pedestre;Com Vítimas Feridas;Amanhecer;Crescente;Céu Claro;Dupla;Reta;Não;2;0;1;0;1;0;1;1;-25,5469;-54,5882;SR-PR;DEL7/5;UOP03/PR
267001;04/02/2020;terça-feira;07:20:00;PR;376;493,2;PONTA GROSSA;Falta de Atenção à Condução;Colisão lateral;Com Vítimas Feridas;Pleno dia;Crescente;Céu Claro;Dupla;Não Informado;Sim;2;0;1;0;1;0;1;2;-25,16001;-50,12437;SR-PR;DEL7/3;UOP03/PR
267002;04/02/2020;terça-feira;06:40:00;PI;343;312,8;ALTOS;Desobediência às normas de trânsito pelo condutor;Colisão lateral;Com Vítimas Feridas;Pleno dia;Crescente;Sol;Simples;Reta;Não;2;0;0;1;1;0;1;2;-5,041934;-42,50253;SR-PI;DEL17/1;UOP01/PI
267003;04/02/2020;terça-feira;07:50:00;DF;70;6;BRASILIA;Falta de Atenção à Condução;Saída de leito carroçável;Com Vítimas Feridas;Pleno dia;Decrescente;Céu Claro;Simples;Reta;Sim;1;0;1;0;0;0;1;1;-15,79124;-48,10576;SR-DF;UOP06/DF;
267004;04/02/2020;terça-feira;07:00:00;GO;153;520,9;HIDROLANDIA;Falta de Atenção à Condução;Colisão traseira;Sem Vítimas;Amanhecer;Decrescente;Garoa/Chuvisco;Dupla;Retorno Regulamentado;Sim;3;0;0;0;2;1;0;2;-16,8847;-49,254;SR-GO;DEL1/1;UOP03/GO
267005;04/02/2020;terça-feira;07:30:00;GO;40;15,8;LUZIANIA;Falta de Atenção à Condução;Colisão traseira;Com Vítimas Feridas;Pleno dia;Crescente;Céu Claro;Dupla;Reta;Não;3;0;0;1;2;0;1;2;-16,1671;-47,93016;SR-DF;UOP01/DF;
267006;04/02/2020;terça-feira;08:10:00;SC;101;200;SAO JOSE;Falta de Atenção à Condução;Colisão lateral;Com Vítimas Feridas;Pleno dia;Crescente;Chuva;Dupla;Não Informado;Não;2;0;1;0;1;0;1;2;-27,54019;-48,62288;SR-SC;DEL8/1;UOP01/SC
267007;04/02/2020;terça-feira;07:45:00;RS;386;345,3;LAJEADO;Não guardar distância de segurança;Engavetamento;Com Vítimas Feridas;Pleno dia;Crescente;Sol;Dupla;Reta;Não;4;0;1;0;3;0;1;4;-29,44307;-51,98414;SR-RS;DEL9/4;UOP01/RS
267008;04/02/2020;terça-feira;07:30:00;RN;101;96;NATAL;Falta de Atenção à Condução;Colisão traseira;Com Vítimas Feridas;Pleno dia;Decrescente;Céu Claro;Múltipla;Reta;Não;3;0;1;0;2;0;1;3;-5,849496;-35,20891;SR-RN;DEL15/1;UOP01/RN
267009;04/02/2020;terça-feira;07:50:00;PR;272;367,8;CAMPO MOURAO;Falta de Atenção à Condução;Colisão traseira;Com Vítimas Feridas;Pleno dia;Decrescente;Céu Claro;Dupla;Reta;Sim;2;0;1;0;1;0;1;2;-24,05064;-52,4017;SR-PR;DEL7/4;UOP05/PR
267010;22/01/2020;quarta-feira;18:10:00;RJ;101;46;CAMPOS DOS GOYTACAZES;Desobediência às normas de trânsito pelo condutor;Colisão transversal;Sem Vítimas;Plena Noite;Crescente;Nublado;Dupla;Reta;Sim;3;0;0;0;2;1;0;2;-21,5984;-41,31683;SR-RJ;DEL5/8;UOP01/RJ
267011;04/02/2020;terça-feira;07:45:00;PR;116;70;CAMPINA GRANDE DO SUL;Falta de Atenção à Condução;Derramamento de carga;Sem Vítimas;Pleno dia;Crescente;Garoa/Chuvisco;Múltipla;Reta;Não;1;0;0;0;1;0;0;1;-25,3385;-49,03793;SR-PR;DEL7/1;UOP01/PR
267012;04/02/2020;terça-feira;08:00:00;SP;116;316;JUQUITIBA;Velocidade Incompatível;Colisão com objeto estático;Com Vítimas Feridas;Pleno dia;Decrescente;Chuva;Dupla;Curva;Não;1;0;1;0;0;0;1;1;-23,91271;-46,99023;SR-SP;DEL6/4;UOP01/SP
267013;04/02/2020;terça-feira;09:20:00;SC;101;210,5;SAO JOSE;Pista Escorregadia;Colisão traseira;Com Vítimas Feridas;Pleno dia;Decrescente;Chuva;Dupla;Reta;Sim;2;0;0;1;1;0;1;2;-27,61673;-48,64573;SR-SC;DEL8/1;UOP01/SC
267014;04/02/2020;terça-feira;08:30:00;SP;116;117,4;TAUBATE;Não guardar distância de segurança;Colisão traseira;Com Vítimas Feridas;Pleno dia;Decrescente;Nublado;Dupla;Reta;Não;2;0;1;0;1;0;1;2;-23,05823;-45,6177;SR-SP;DEL6;UOP01/SP
267016;04/02/2020;terça-feira;08:00:00;PR;476;124,7;CURITIBA;Falta de Atenção à Condução;Colisão lateral;Com Vítimas Feridas;Pleno dia;Crescente;Nublado;Múltipla;Reta;Sim;3;0;1;0;2;0;1;3;-25,39984;-49,21585;SR-PR;DEL7/1;UOP06/PR
267017;04/02/2020;terça-feira;09:28:00;MG;251;465;FRANCISCO SA;Pista Escorregadia;Colisão frontal;Com Vítimas Feridas;Pleno dia;Crescente;Chuva;Simples;Curva;Não;8;0;3;5;0;0;8;2;-16,4571;-43,40387;SR-MG;DEL4/12;UOP01/MG
267018;04/02/2020;terça-feira;07:45:00;RS;116;40;VACARIA;Falta de Atenção à Condução;Colisão transversal;Com Vítimas Feridas;Pleno dia;Decrescente;Céu Claro;Simples;Reta;Sim;5;0;4;0;1;0;4;2;-28,51839;-50,93942;SR-RS;DEL9/5;UOP03/RS
267019;04/02/2020;terça-feira;10:05:00;RS;153;507,2;CACAPAVA DO SUL;Falta de Atenção à Condução;Colisão frontal;Com Vítimas Feridas;Pleno dia;Decrescente;Sol;Simples;Não Informado;Não;2;0;1;0;1;0;1;2;-30,55013;-53,38242;SR-RS;DEL9/9;UOP02/RS
267020;04/02/2020;terça-feira;09:50:00;RS;392;5;CAPAO DO LEAO;Avarias e/ou desgaste excessivo no pneu;Tombamento;Com Vítimas Feridas;Pleno dia;Crescente;Céu Claro;Simples;Reta;Sim;2;0;1;0;1;0;1;1;-31,78385;-52,41414;SR-RS;DEL9/7;UOP01/RS
267021;04/02/2020;terça-feira;09:20:00;SP;116;33;CRUZEIRO;Velocidade Incompatível;Tombamento;Com Vítimas Feridas;Pleno dia;Decrescente;Sol;Simples;Retorno Regulamentado;Não;1;0;1;0;0;0;1;1;-22,64776;-44,95421;SR-SP;DEL6/8;UOP01/SP
267024;04/02/2020;terça-feira;10:50:00;SC;470;56,5;BLUMENAU;Falta de Atenção à Condução;Colisão traseira;Com Vítimas Feridas;Pleno dia;Crescente;Céu Claro;Simples;Reta;Não;2;0;1;0;1;0;1;2;-26,87674;-49,12774;SR-SC;DEL8/4;UOP01/SC
267025;04/02/2020;terça-feira;10:50:00;PB;101;101;ALHANDRA;Falta de Atenção à Condução;Colisão traseira;Com Vítimas Feridas;Pleno dia;Crescente;Céu Claro;Dupla;Reta;Não;3;0;1;0;2;0;1;2;-7,27367;-34,93816;SR-PB;DEL14/1;UOP01/PB
267026;04/02/2020;terça-feira;07:20:00;SP;116;510,5;CAJATI;Velocidade Incompatível;Tombamento;Sem Vítimas;Pleno dia;Crescente;Garoa/Chuvisco;Simples;Não Informado;Não;1;0;0;0;1;0;0;1;-24,82769;-48,21856;SR-SP;DEL6/5;UOP03/SP
267027;31/01/2020;sexta-feira;13:15:00;RS;386;298,2;POUSO NOVO;Desobediência às normas de trânsito pelo condutor;Colisão transversal;Com Vítimas Feridas;Pleno dia;Decrescente;Nublado;Simples;Curva;Não;5;0;1;2;1;1;3;3;-29,14923;-52,2361;SR-RS;DEL9/4;UOP01/RS
267028;04/02/2020;terça-feira;11:35:00;SE;101;103,1;SAO CRISTOVAO;Pista Escorregadia;Colisão traseira;Sem Vítimas;Pleno dia;Crescente;Chuva;Dupla;Não Informado;Não;5;0;0;0;5;0;0;2;-10,9488;-37,21099;SR-SE;DEL20/2;UOP01/SE
267029;04/02/2020;terça-feira;11:00:00;PR;376;669,8;GUARATUBA;Velocidade Incompatível;Saída de leito carroçável;Com Vítimas Feridas;Pleno dia;Crescente;Chuva;Dupla;Não Informado;Não;3;0;2;0;1;0;2;1;-25,86958;-48,93465;SR-PR;DEL7/1;UOP08/PR
267030;04/02/2020;terça-feira;11:00:00;SC;101;25,1;JOINVILLE;Não guardar distância de segurança;Colisão traseira;Com Vítimas Feridas;Pleno dia;Crescente;Chuva;Dupla;Reta;Sim;5;0;1;0;4;0;1;5;-26,18347;-48,91059;SR-SC;DEL8/3;UOP01/SC
267031;04/02/2020;terça-feira;10:30:00;MT;364;229;RONDONOPOLIS;Falta de Atenção à Condução;Saída de leito carroçável;Com Vítimas Fatais;Pleno dia;Decrescente;Céu Claro;Dupla;Não Informado;Não;2;1;1;0;0;0;1;1;-16,27387;-54,77074;SR-MT;DEL2/2;UOP01/MT
267032;04/02/2020;terça-feira;11:35:00;RN;226;116,1;SANTA CRUZ;Velocidade Incompatível;Capotamento;Sem Vítimas;Pleno dia;Decrescente;Chuva;Simples;Curva;Não;4;0;0;0;4;0;0;1;-6,196536;-36,04174;SR-RN;DEL15/3;UOP02/RN
267033;04/02/2020;terça-feira;11:00:00;ES;101;0,6;SERRA;Falta de Atenção à Condução;Colisão lateral;Com Vítimas Feridas;Pleno dia;Crescente;Sol;Múltipla;Reta;Sim;3;0;1;0;2;0;1;3;-20,24156;-40,28064;SR-ES;DEL12/2;UOP01/ES
267034;04/02/2020;terça-feira;11:54:00;PR;116;93;SAO JOSE DOS PINHAIS;Falta de Atenção à Condução;Colisão com objeto estático;Com Vítimas Feridas;Pleno dia;Decrescente;Céu Claro;Dupla;Reta;Não;1;0;1;0;0;0;1;1;-25,48228;-49,10589;SR-PR;DEL7/1;UOP01/PR
267035;04/02/2020;terça-feira;12:00:00;GO;40;1,1;VALPARAISO DE GOIAS;Desobediência às normas de trânsito pelo condutor;Colisão traseira;Com Vítimas Feridas;Pleno dia;Crescente;Céu Claro;Dupla;Reta;Sim;2;0;1;0;0;1;1;2;-16,05824;-47,98282;SR-DF;UOP01/DF;
267036;04/02/2020;terça-feira;12:25:00;SC;101;162;TIJUCAS;Desobediência às normas de trânsito pelo condutor;Tombamento;Com Vítimas Feridas;Pleno dia;Decrescente;Chuva;Múltipla;Interseção de vias;Sim;2;0;1;0;1;0;1;2;-27,22304;-48,62671;SR-SC;DEL8/4;UOP03/SC
267037;04/02/2020;terça-feira;12:30:00;SP;116;214,6;GUARULHOS;Falta de Atenção à Condução;Colisão com objeto estático;Com Vítimas Feridas;Pleno dia;Decrescente;Sol;Múltipla;Não Informado;Sim;1;0;1;0;0;0;1;1;-23,44634;-46,45295;SR-SP;DEL6/1;UOP01/SP
267038;04/02/2020;terça-feira;09:30:00;SC;282;33,4;AGUAS MORNAS;Velocidade Incompatível;Capotamento;Com Vítimas Feridas;Pleno dia;Decrescente;Chuva;Simples;Curva;Não;1;0;1;0;0;0;1;1;-27,70479;-48,81153;SR-SC;DEL8/1;UOP03/SC
267039;04/02/2020;terça-feira;12:50:00;PE;101;44,9;IGARASSU;Falta de Atenção à Condução;Colisão traseira;Com Vítimas Feridas;Pleno dia;Decrescente;Sol;Múltipla;Reta;Sim;3;0;2;0;1;0;2;3;-7,85637;-34,90842;SR-PE;DEL11/1;UOP02/PE
267040;04/02/2020;terça-feira;10:40:00;SC;282;306,5;VARGEM;Falta de Atenção à Condução;Colisão traseira;Com Vítimas Feridas;Pleno dia;Crescente;Sol;Simples;Reta;Não;2;0;0;1;1;0;1;2;-27,49587;-50,95252;SR-SC;DEL7;UOP08/SC
267041;04/02/2020;terça-feira;13:15:00;RS;392;647,1;GUARANI DAS MISSOES;Desobediência às normas de trânsito pelo condutor;Colisão transversal;Com Vítimas Fatais;Pleno dia;Decrescente;Sol;Simples;Reta;Não;2;1;0;0;1;0;0;2;-28,13692;-54,59728;SR-RS;DEL9/10;UOP01/RS
267042;04/02/2020;terça-feira;13:30:00;PB;230;21;JOAO PESSOA;Falta de Atenção à Condução;Colisão lateral;Com Vítimas Feridas;Pleno dia;Decrescente;Céu Claro;Dupla;Reta;Sim;3;0;2;0;1;0;2;2;-7,1415;-34,8519;SR-PB;DEL14/1;UOP01/PB
267043;04/02/2020;terça-feira;12:00:00;SP;381;40;ATIBAIA;Falta de Atenção à Condução;Colisão lateral;Sem Vítimas;Pleno dia;Crescente;Céu Claro;Dupla;Reta;Sim;2;0;0;0;1;1;0;2;-23,12997;-46,57676;SR-SP;DEL6/3;UOP02/SP
267044;04/02/2020;terça-feira;10:25:00;BA;242;375;PALMEIRAS;Não guardar distância de segurança;Colisão traseira;Sem Vítimas;Pleno dia;Crescente;Céu Claro;Simples;Reta;Não;5;0;0;0;5;0;0;2;-12,4356;-41,48788;SR-BA;DEL10/6;UOP01/BA
267045;04/02/2020;terça-feira;13:20:00;PE;101;66;RECIFE;Não guardar distância de segurança;Colisão lateral;Com Vítimas Feridas;Pleno dia;Crescente;Sol;Dupla;Reta;Sim;4;0;1;1;2;0;2;4;-8,033685;-34,94184;SR-PE;DEL11/1;UOP01/PE
267046;04/02/2020;terça-feira;07:40:00;ES;101;11,3;PEDRO CANARIO;Defeito Mecânico no Veículo;Incêndio;Sem Vítimas;Pleno dia;Decrescente;Céu Claro;Simples;Desvio Temporário;Não;1;0;0;0;1;0;0;1;-18,25673;-39,95472;SR-ES;DEL12/4;UOP02/ES
267047;04/02/2020;terça-feira;11:00:00;BA;242;475;IBITIARA;Defeito Mecânico no Veículo;Saída de leito carroçável;Sem Vítimas;Pleno dia;Decrescente;Garoa/Chuvisco;Simples;Não Informado;Não;1;0;0;0;1;0;0;1;-12,47149;-42,27267;SR-BA;DEL10/6;UOP01/BA
267048;04/02/2020;terça-feira;14:27:00;RS;392;72,1;PELOTAS;Falta de Atenção à Condução;Colisão lateral;Com Vítimas Feridas;Pleno dia;Decrescente;Céu Claro;Simples;Reta;Sim;2;0;1;0;1;0;1;2;-31,7211;-52,38984;SR-RS;DEL9/7;UOP01/RS
267049;04/02/2020;terça-feira;13:30:00;MG;381;917,1;CAMANDUCAIA;Velocidade Incompatível;Colisão com objeto estático;Sem Vítimas;Pleno dia;Decrescente;Chuva;Dupla;Curva;Não;2;0;0;0;2;0;0;2;-22,76592;-46,17669;SR-MG;DEL09;UOP03/MG
267050;04/02/2020;terça-feira;12:40:00;MT;163;831;SINOP;Desobediência às normas de trânsito pelo condutor;Colisão transversal;Com Vítimas Feridas;Pleno dia;Crescente;Céu Claro;Dupla;Reta;Sim;2;0;2;0;0;0;2;2;-12,02277;-55,51723;SR-MT;DEL2/6;UOP01/MT
267051;04/02/2020;terça-feira;14:20:00;SP;381;82,5;SAO PAULO;Falta de Atenção do Pedestre;Atropelamento de Pedestre;Com Vítimas Fatais;Pleno dia;Crescente;Céu Claro;Múltipla;Reta;Sim;3;1;1;0;1;0;1;1;-23,42399;-46,57511;SR-SP;DEL6/3;UOP02/SP
267053;04/02/2020;terça-feira;13:15:00;ES;482;80;ALEGRE;Não guardar distância de segurança;Colisão traseira;Com Vítimas Feridas;Pleno dia;Crescente;Céu Claro;Simples;Reta;Não;3;0;1;0;2;0;1;2;-20,76443;-41,50873;SR-ES;DEL12/3;UOP02/ES
267054;04/02/2020;terça-feira;12:30:00;MT;70;621;POCONE;Falta de Atenção à Condução;Saída de leito carroçável;Com Vítimas Feridas;Pleno dia;Crescente;Chuva;Simples;Reta;Não;1;0;1;0;0;0;1;1;-15,92836;-56,9525;SR-MT;DEL2/3;UOP02/MT
267055;19/01/2020;domingo;05:30:00;SC;101;367;SANGAO;Falta de Atenção à Condução;Atropelamento de Animal;Sem Vítimas;Pleno dia;Decrescente;Céu Claro;Dupla;Reta;Não;1;0;0;0;1;0;0;1;-28,69499;-49,1719;SR-SC;DEL8/2;UOP01/SC
267056;30/01/2020;quinta-feira;13:05:00;PB;230;17,9;JOAO PESSOA;Falta de Atenção à Condução;Colisão com objeto estático;Com Vítimas Feridas;Pleno dia;Crescente;Sol;Dupla;Reta;Sim;4;0;2;0;1;1;2;3;-7,120945;-34,84525;SR-PB;DEL14/1;UOP01/PB
267058;04/02/2020;terça-feira;14:30:00;MG;459;69,6;SENADOR JOSE BENTO;Velocidade Incompatível;Saída de leito carroçável;Com Vítimas Feridas;Pleno dia;Decrescente;Chuva;Simples;Não Informado;Não;1;0;1;0;0;0;1;1;-22,1324;-46,15537;SR-MG;DEL09;UOP04/MG
267059;04/02/2020;terça-feira;14:30:00;RJ;101;415;MANGARATIBA;Falta de Atenção à Condução;Colisão transversal;Com Vítimas Feridas;Pleno dia;Decrescente;Nublado;Dupla;Não Informado;Não;9;0;4;0;5;0;4;3;-22,90433;-43,88181;SR-RJ;DEL5/3;UOP01/RJ
267060;04/02/2020;terça-feira;13:48:00;DF;251;33;BRASILIA;Falta de Atenção à Condução;Colisão com objeto estático;Sem Vítimas;Pleno dia;Crescente;Nublado;Simples;Interseção de vias;Não;1;0;0;0;0;1;0;1;-15,93768;-47,74888;SR-DF;UOP01/DF;
267061;04/02/2020;terça-feira;14:30:00;SC;282;37,4;AGUAS MORNAS;Velocidade Incompatível;Colisão frontal;Com Vítimas Feridas;Pleno dia;Decrescente;Chuva;Simples;Curva;Não;2;0;1;0;1;0;1;2;-27,70851;-48,84702;SR-SC;DEL8/1;UOP03/SC
267062;04/02/2020;terça-feira;14:25:00;PI;316;1,9;TERESINA;Defeito na Via;Colisão lateral;Sem Vítimas;Pleno dia;Decrescente;Nublado;Dupla;Não Informado;Sim;2;0;0;0;2;0;0;2;-5,128619;-42,80707;SR-PI;DEL17/1;UOP02/PI
267063;04/02/2020;terça-feira;11:50:00;PR;277;139;BALSA NOVA;Agressão Externa;Danos eventuais;Com Vítimas Feridas;Pleno dia;Crescente;Céu Claro;Dupla;Reta;Não;3;0;1;0;2;0;1;2;-25,47378;-49,72189;SR-PR;DEL7/1;UOP05/PR
267064;04/02/2020;terça-feira;15:00:00;PR;277;730,9;FOZ DO IGUACU;Falta de Atenção à Condução;Colisão frontal;Com Vítimas Feridas;Pleno dia;Crescente;Céu Claro;Dupla;Ponte;Sim;4;0;1;3;0;0;4;2;-25,51022;-54,60136;SR-PR;DEL7/5;UOP03/PR
267065;04/02/2020;terça-feira;13:45:00;MS;463;12,9;DOURADOS;Avarias e/ou desgaste excessivo no pneu;Saída de leito carroçável;Sem Vítimas;Pleno dia;Decrescente;Chuva;Simples;Reta;Não;1;0;0;0;0;1;0;1;-22,2438;-54,91811;SR-MS;DEL3/4;UOP01/MS
267066;04/02/2020;terça-feira;15:40:00;ES;101;346,8;GUARAPARI;Falta de Atenção à Condução;Colisão traseira;Com Vítimas Feridas;Pleno dia;Decrescente;Céu Claro;Simples;Reta;Não;3;0;0;1;2;0;1;3;-20,65728;-40,61754;SR-ES;DEL12/3;UOP01/ES
267067;04/02/2020;terça-feira;15:15:00;PA;316;65;CASTANHAL;Ingestão de Álcool;Colisão traseira;Sem Vítimas;Pleno dia;Decrescente;Chuva;Dupla;Reta;Não;2;0;0;0;2;0;0;2;-1,295804;-47,91084;SR-PA;DEL19/1;UOP01/PA
267068;04/02/2020;terça-feira;15:30:00;MG;262;366,8;JUATUBA;Falta de Atenção à Condução;Colisão traseira;Com Vítimas Feridas;Pleno dia;Crescente;Sol;Dupla;Reta;Não;3;0;0;1;0;2;1;2;-19,97109;-44,33086;SR-MG;DEL4/1;UOP03/MG
267069;04/02/2020;terça-feira;14:20:00;RS;158;95;PALMEIRA DAS MISSOES;Desobediência às normas de trânsito pelo condutor;Colisão transversal;Com Vítimas Feridas;Pleno dia;Decrescente;Céu Claro;Simples;Interseção de vias;Não;2;0;1;0;1;0;1;2;-27,867;-53,33296;SR-RS;DEL08;UOP02/RS
267070;04/02/2020;terça-feira;15:20:00;ES;101;159;LINHARES;Desobediência às normas de trânsito pelo condutor;Colisão transversal;Com Vítimas Feridas;Pleno dia;Crescente;Céu Claro;Simples;Interseção de vias;Não;2;0;1;0;1;0;1;2;-19,4684;-40,11026;SR-ES;DEL12/4;UOP01/ES
267073;04/02/2020;terça-feira;16:15:00;SP;116;278;EMBU DAS ARTES;Defeito Mecânico no Veículo;Colisão com objeto em movimento;Com Vítimas Feridas;Pleno dia;Decrescente;Nublado;Dupla;Reta;Sim;3;0;1;0;1;1;1;3;-23,65508;-46,84919;SR-SP;DEL6/4;UOP01/SP
267075;09/01/2020;quinta-feira;19:20:00;RO;364;341,2;JI-PARANA;Desobediência às normas de trânsito pelo condutor;Colisão lateral;Com Vítimas Feridas;Plena Noite;Crescente;Céu Claro;Simples;Interseção de vias;Sim;2;0;0;1;1;0;1;2;-10,88821;-61,93217;SR-RO;DEL21/2;UOP01/RO
267077;04/02/2020;terça-feira;16:45:00;PR;369;523;CASCAVEL;Desobediência às normas de trânsito pelo condutor;Colisão transversal;Com Vítimas Feridas;Pleno dia;Decrescente;Céu Claro;Simples;Interseção de vias;Sim;3;0;0;2;1;0;2;2;-24,95975;-53,39884;SR-PR;DEL7/4;UOP01/PR
267078;04/02/2020;terça-feira;15:00:00;PA;316;84;SAO FRANCISCO DO PARA;Ingestão de Álcool;Colisão traseira;Sem Vítimas;Pleno dia;Decrescente;Chuva;Simples;Reta;Não;2;0;0;0;2;0;0;2;-1,310193;-47,74456;SR-PA;DEL19/1;UOP02/PA
267079;04/02/2020;terça-feira;17:24:00;PB;230;16,3;JOAO PESSOA;Não guardar distância de segurança;Colisão traseira;Com Vítimas Feridas;Pleno dia;Crescente;Céu Claro;Dupla;Desvio Temporário;Não;2;0;1;0;1;0;1;2;-7,1039;-34,8458;SR-PB;DEL14/1;UOP01/PB
267080;04/02/2020;terça-feira;15:05:00;PA;316;76;SAO FRANCISCO DO PARA;Ingestão de Álcool;Colisão traseira;Sem Vítimas;Pleno dia;Decrescente;Chuva;Simples;Reta;Não;2;0;0;0;2;0;0;2;-1,298629;-47,8145;SR-PA;DEL19/1;UOP01/PA
267081;04/02/2020;terça-feira;15:10:00;PA;316;68;CASTANHAL;Ingestão de Álcool;Colisão traseira;Sem Vítimas;Pleno dia;Decrescente;Chuva;Simples;Reta;Sim;2;0;0;0;2;0;0;2;-1,294405;-47,88382;SR-PA;DEL19/1;UOP01/PA
267082;04/02/2020;terça-feira;14:00:00;RJ;101;436;MANGARATIBA;Falta de Atenção do Pedestre;Atropelamento de Pedestre;Com Vítimas Feridas;Pleno dia;Decrescente;Céu Claro;Dupla;Curva;Não;2;0;0;1;1;0;1;1;-22,94335;-44,06046;SR-RJ;DEL5/3;UOP01/RJ
267083;04/02/2020;terça-feira;15:00:00;RS;158;322;SANTA MARIA;Falta de Atenção à Condução;Colisão traseira;Com Vítimas Feridas;Pleno dia;Decrescente;Céu Claro;Simples;Rotatória;Sim;4;0;2;0;1;1;2;2;-29,69143;-53,77424;SR-RS;DEL9/9;UOP01/RS
267084;04/02/2020;terça-feira;12:00:00;SC;470;79,7;INDAIAL;Defeito Mecânico no Veículo;Saída de leito carroçável;Sem Vítimas;Pleno dia;Crescente;Nublado;Simples;Reta;Não;1;0;0;0;0;1;0;1;-26,95156;-49,30653;SR-SC;DEL8/4;UOP01/SC
267085;04/02/2020;terça-feira;16:00:00;SC;470;91;APIUNA;Mal Súbito;Saída de leito carroçável;Com Vítimas Feridas;Pleno dia;Decrescente;Nublado;Simples;Reta;Não;1;0;1;0;0;0;1;1;-26,97769;-49,3692;SR-SC;DEL8/4;UOP01/SC
267086;04/02/2020;terça-feira;12:40:00;CE;222;107,4;ITAPAJE;Pista Escorregadia;Saída de leito carroçável;Com Vítimas Feridas;Pleno dia;Decrescente;Chuva;Simples;Reta;Não;1;0;0;1;0;0;1;1;-3,761549;-39,47092;SR-CE;DEL16/4;UOP03/CE
267087;04/02/2020;terça-feira;17:00:00;MG;381;684,5;RIBEIRAO VERMELHO;Falta de Atenção à Condução;Colisão traseira;Com Vítimas Feridas;Pleno dia;Decrescente;Nublado;Dupla;Reta;Não;2;0;1;0;1;0;1;2;-21,16209;-45,12062;SR-MG;DEL4/4;UOP02/MG
267088;04/02/2020;terça-feira;17:48:00;PE;101;69,5;RECIFE;Falta de Atenção à Condução;Colisão traseira;Com Vítimas Feridas;Anoitecer;Crescente;Céu Claro;Dupla;Reta;Sim;2;0;0;1;1;0;1;2;-8,059516;-34,94581;SR-PE;DEL11/1;UOP01/PE
267090;04/02/2020;terça-feira;16:50:00;SP;116;166,5;JACAREI;Desobediência às normas de trânsito pelo pedestre;Colisão traseira;Com Vítimas Feridas;Pleno dia;Decrescente;Chuva;Simples;Não Informado;Sim;3;0;1;1;0;1;2;2;-23,30056;-46,01687;SR-SP;DEL6/2;UOP01/SP
267091;04/02/2020;terça-feira;16:20:00;PR;277;701,9;SAO MIGUEL DO IGUACU;Falta de Atenção à Condução;Colisão traseira;Com Vítimas Feridas;Pleno dia;Decrescente;Céu Claro;Dupla;Reta;Não;2;0;1;0;1;0;1;2;-25,41564;-54,34469;SR-PR;DEL7/5;UOP01/PR
267094;04/02/2020;terça-feira;17:50:00;MG;381;914,9;CAMANDUCAIA;Velocidade Incompatível;Saída de leito carroçável;Com Vítimas Fatais;Anoitecer;Crescente;Chuva;Dupla;Curva;Não;3;1;2;0;0;0;2;1;-22,75611;-46,15528;SR-MG;DEL09;UOP03/MG
267095;04/02/2020;terça-feira;13:20:00;RO;364;495;ARIQUEMES;Defeito na Via;Colisão frontal;Com Vítimas Feridas;Pleno dia;Decrescente;Céu Claro;Simples;Reta;Não;2;0;1;0;1;0;1;2;-10,07324;-62,97343;SR-RO;DEL21/3;UOP01/RO
267096;04/02/2020;terça-feira;18:05:00;PB;101;87,9;JOAO PESSOA;Desobediência às normas de trânsito pelo condutor;Colisão lateral;Sem Vítimas;Plena Noite;Decrescente;Céu Claro;Dupla;Reta;Não;2;0;0;0;2;0;0;2;-7,1651;-34,8941;SR-PB;DEL14/1;UOP01/PB
267097;04/02/2020;terça-feira;18:00:00;RS;116;528;CAPAO DO LEAO;Não guardar distância de segurança;Colisão traseira;Com Vítimas Feridas;Anoitecer;Crescente;Céu Claro;Simples;Reta;Sim;2;0;1;0;1;0;1;2;-31,75074;-52,41851;SR-RS;DEL9/7;UOP01/RS
267098;04/02/2020;terça-feira;18:00:00;SC;101;216,5;PALHOCA;Falta de Atenção à Condução;Colisão transversal;Sem Vítimas;Pleno dia;Crescente;Nublado;Simples;Não Informado;Sim;2;0;0;0;2;0;0;2;-27,65185;-48,67605;SR-SC;DEL8/1;UOP02/SC
267099;04/02/2020;terça-feira;18:00:00;DF;40;5,8;BRASILIA;Falta de Atenção à Condução;Colisão traseira;Com Vítimas Feridas;Pleno dia;Crescente;Céu Claro;Dupla;Reta;Sim;3;0;1;0;2;0;1;2;-16,0209;-47,98054;SR-DF;UOP01/DF;
267100;04/02/2020;terça-feira;14:40:00;MA;10;335,5;ACAILANDIA;Falta de Atenção à Condução;Tombamento;Com Vítimas Feridas;Pleno dia;Decrescente;Céu Claro;Simples;Reta;Não;2;0;0;1;1;0;1;2;-4,819935;-47,50918;SR-MA;DEL18/4;UOP03/MA
267101;28/01/2020;terça-feira;10:30:00;RR;174;502;BOA VISTA;Carga excessiva e/ou mal acondicionada;Colisão traseira;Com Vítimas Feridas;Pleno dia;Crescente;Céu Claro;Simples;Reta;Sim;3;0;0;1;2;0;1;2;2,787376;-60,69952;SR-RR;UOP01/RR;
267102;04/02/2020;terça-feira;18:30:00;PR;163;273;QUATRO PONTES;Falta de Atenção à Condução;Colisão lateral;Com Vítimas Fatais;Anoitecer;Decrescente;Céu Claro;Simples;Reta;Não;5;1;1;2;1;0;3;2;-24,62348;-53,90765;SR-PR;DEL7/6;UOP04/PR