id;data_inversa;dia_semana;horario;uf;br;km;municipio;causa_acidente;tipo_acidente;classificacao_acidente;fase_dia;sentido_via;condicao_metereologica;tipo_pista;tracado_via;uso_solo;pessoas;mortos;feridos_leves;feridos_graves;ilesos;ignorados;feridos;veiculos;latitude;longitude;regional;delegacia;uop
267710;07/02/2020;sexta-feira;09:00:00;CE;116;249,1;ALTO SANTO;Desobediência às normas de trânsito pelo condutor;Colisão transversal;Com Vítimas Feridas;Pleno dia;Decrescente;Sol;Simples;Interseção de vias;Não;5;0;1;1;3;0;2;2;-5,483919;-38,39743;SR-CE;DEL16/5;UOP02/CE
267712;07/02/2020;sexta-feira;09:30:00;ES;101;414,1;ITAPEMIRIM;Falta de Atenção à Condução;Colisão traseira;Sem Vítimas;Pleno dia;Decrescente;Céu Claro;Simples;Interseção de vias;Não;2;0;0;0;2;0;0;2;-20,92346;-41,07836;SR-ES;DEL12/3;UOP02/ES
267714;07/02/2020;sexta-feira;08:16:00;GO;153;506,8;GOIANIA;Falta de Atenção à Condução;Colisão traseira;Com Vítimas Feridas;Pleno dia;Decrescente;Chuva;Dupla;Reta;Sim;2;0;1;0;1;0;1;2;-16,7633;-49,24;SR-GO;DEL1/1;UOP01/GO
267716;07/02/2020;sexta-feira;07:10:00;PR;277;134;BALSA NOVA;Desobediência às normas de trânsito pelo condutor;Saída de leito carroçável;Com Vítimas Feridas;Amanhecer;Crescente;Chuva;Dupla;Reta;Não;2;0;1;0;1;0;1;1;-25,4744;-49,67485;SR-PR;DEL7/1;UOP05/PR
267717;07/02/2020;sexta-feira;09:00:00;RJ;116;167;SAO JOAO DE MERITI;Falta de Atenção à Condução;Tombamento;Sem Vítimas;Pleno dia;Crescente;Céu Claro;Múltipla;Reta;Sim;1;0;0;0;1;0;0;1;-22,81804;-43,30787;SR-RJ;DEL5/1;UOP02/RJ
267718;07/02/2020;sexta-feira;08:20:00;SP;381;89,7;GUARULHOS;Não guardar distância de segurança;Colisão traseira;Com Vítimas Feridas;Pleno dia;Crescente;Céu Claro;Dupla;Reta;Sim;5;0;3;0;2;0;3;4;-23,49214;-46,55946;SR-SP;DEL6/3;UOP02/SP
267719;07/02/2020;sexta-feira;10:00:00;DF;20;4;BRASILIA;Falta de Atenção à Condução;Colisão traseira;Com Vítimas Feridas;Pleno dia;Decrescente;Chuva;Dupla;Não Informado;Não;3;0;1;0;2;0;1;2;-15,67548;-47,82376;SR-DF;UOP01/DEL02/DF;
267720;07/02/2020;sexta-feira;10:10:00;SP;101;50;UBATUBA;Falta de Atenção à Condução;Colisão transversal;Com Vítimas Feridas;Pleno dia;Decrescente;Céu Claro;Simples;Reta;Sim;2;0;1;0;1;0;1;2;-23,45019;-45,07744;SR-SP;DEL6;UOP03/SP
267721;07/02/2020;sexta-feira;10:25:00;PR;277;730;FOZ DO IGUACU;Falta de Atenção do Pedestre;Atropelamento de Pedestre;Com Vítimas Feridas;Pleno dia;Decrescente;Céu Claro;Simples;Curva;Sim;2;0;1;0;1;0;1;1;-25,50826;-54,59239;SR-PR;DEL7/5;UOP03/PR
267722;07/02/2020;sexta-feira;10:00:00;SP;116;210;GUARULHOS;Falta de Atenção à Condução;Colisão lateral;Com Vítimas Feridas;Pleno dia;Crescente;Céu Claro;Dupla;Reta;Sim;4;0;2;0;2;0;2;2;-23,4287;-46,41086;SR-SP;DEL6/1;UOP01/SP
267723;07/02/2020;sexta-feira;09:55:00;GO;153;506,9;GOIANIA;Defeito Mecânico no Veículo;Engavetamento;Sem Vítimas;Pleno dia;Decrescente;Céu Claro;Dupla;Reta;Sim;3;0;0;0;3;0;0;3;-16,7633;-49,24;SR-GO;DEL1/1;UOP01/GO
267724;07/02/2020;sexta-feira;10:20:00;PR;277;129;BALSA NOVA;Pista Escorregadia;Saída de leito carroçável;Com Vítimas Feridas;Pleno dia;Decrescente;Garoa/Chuvisco;Simples;Não Informado;Não;2;0;1;0;1;0;1;1;-25,46705;-49,62499;SR-PR;DEL7/1;UOP05/PR
267725;07/02/2020;sexta-feira;10:10:00;MG;40;221,8;JOAO PINHEIRO;Pista Escorregadia;Saída de leito carroçável;Com Vítimas Feridas;Pleno dia;Decrescente;Chuva;Simples;Reta;Não;2;0;2;0;0;0;2;1;-17,96603;-45,64115;SR-MG;DEL4/14;UOP02/MG
267726;07/02/2020;sexta-feira;11:15:00;PE;104;43;CARUARU;Mal Súbito;Saída de leito carroçável;Com Vítimas Feridas;Pleno dia;Crescente;Céu Claro;Dupla;Interseção de vias;Não;2;0;1;1;0;0;2;1;-8,107149;-36,02171;SR-PE;DEL11/2;UOP01/PE
267727;07/02/2020;sexta-feira;10:30:00;RJ;116;79,7;TERESOPOLIS;Falta de Atenção à Condução;Colisão transversal;Com Vítimas Feridas;Pleno dia;Decrescente;Céu Claro;Simples;Reta;Sim;2;0;1;0;0;1;1;2;-22,3817;-42,95478;SR-RJ;DEL5/6;UOP02/RJ
267728;07/02/2020;sexta-feira;11:10:00;ES;101;221;IBIRACU;Pista Escorregadia;Danos eventuais;Com Vítimas Feridas;Pleno dia;Crescente;Chuva;Dupla;Reta;Sim;1;0;1;0;0;0;1;1;-19,86696;-40,40056;SR-ES;DEL12/2;UOP01/ES
267730;07/02/2020;sexta-feira;09:47:00;MG;50;50;ARAGUARI;Velocidade Incompatível;Capotamento;Com Vítimas Feridas;Pleno dia;Crescente;Céu Claro;Dupla;Reta;Não;4;0;1;0;3;0;1;1;-18,73632;-48,22708;SR-MG;DEL4/15;UOP02/MG
267731;07/02/2020;sexta-feira;11:15:00;PB;230;164,4;CAMPINA GRANDE;Desobediência às normas de trânsito pelo condutor;Colisão transversal;Com Vítimas Feridas;Pleno dia;Crescente;Céu Claro;Simples;Reta;Sim;2;0;1;0;1;0;1;2;-7,213136;-35,94945;SR-PB;DEL14/2;UOP01/PB
267732;07/02/2020;sexta-feira;11:30:00;GO;40;94,4;CRISTALINA;Falta de Atenção à Condução;Colisão traseira;Com Vítimas Feridas;Pleno dia;Crescente;Chuva;Simples;Reta;Sim;2;0;0;1;1;0;1;2;-16,74367;-47,61337;SR-DF;UOP02/DF;
267733;07/02/2020;sexta-feira;08:40:00;RO;364;430;JARU;Falta de Atenção à Condução;Tombamento;Com Vítimas Feridas;Pleno dia;Decrescente;Garoa/Chuvisco;Simples;Rotatória;Não;2;0;2;0;0;0;2;1;-10,40718;-62,51553;SR-RO;DEL21/3;UOP02/RO
267734;07/02/2020;sexta-feira;11:45:00;PR;277;643,8;CEU AZUL;Ingestão de Álcool;Colisão traseira;Sem Vítimas;Pleno dia;Decrescente;Céu Claro;Simples;Reta;Não;4;0;0;0;4;0;0;4;-25,17676;-53,87753;SR-PR;DEL7/5;UOP02/PR
267735;07/02/2020;sexta-feira;11:00:00;MG;381;477,5;CONTAGEM;Falta de Atenção à Condução;Colisão lateral;Com Vítimas Feridas;Pleno dia;Decrescente;Nublado;Dupla;Reta;Sim;2;0;1;0;1;0;1;2;-19,95856;-44,03142;SR-MG;DEL4/1;UOP03/MG
267736;07/02/2020;sexta-feira;09:00:00;RJ;101;136;CONCEICAO DE MACABU;Falta de Atenção à Condução;Colisão traseira;Com Vítimas Feridas;Pleno dia;Crescente;Chuva;Dupla;Reta;Não;3;0;1;0;2;0;1;2;-22,15018;-41,73133;SR-RJ;DEL5/2;UOP03/RJ
267737;07/02/2020;sexta-feira;11:40:00;AL;101;149,3;JEQUIA DA PRAIA;Falta de Atenção à Condução;Tombamento;Com Vítimas Fatais;Pleno dia;Crescente;Céu Claro;Dupla;Curva;Não;1;1;0;0;0;0;0;1;-9,894027;-36,1411;SR-AL;DEL13/2;UOP02/AL
267738;07/02/2020;sexta-feira;11:40:00;CE;116;64,2;CHOROZINHO;Falta de Atenção à Condução;Colisão transversal;Com Vítimas Feridas;Pleno dia;Crescente;Céu Claro;Simples;Interseção de vias;Sim;2;0;0;1;1;0;1;2;-4,281252;-38,49424;SR-CE;DEL16/3;UOP02/CE
267739;07/02/2020;sexta-feira;11:50:00;SC;101;206;SAO JOSE;Falta de Atenção à Condução;Colisão lateral;Sem Vítimas;Pleno dia;Decrescente;Sol;Múltipla;Reta;Sim;2;0;0;0;2;0;0;2;-27,59194;-48,61825;SR-SC;DEL8/1;UOP01/SC
267740;07/02/2020;sexta-feira;09:53:00;AC;364;136;RIO BRANCO;Falta de Atenção à Condução;Colisão lateral;Com Vítimas Feridas;Pleno dia;Crescente;Céu Claro;Dupla;Não Informado;Não;2;0;1;0;0;1;1;2;-9,977578;-67,8489;SR-AC;UOP01/AC;
267741;07/02/2020;sexta-feira;12:10:00;SE;101;89;NOSSA SENHORA DO SOCORRO;Pista Escorregadia;Tombamento;Com Vítimas Feridas;Pleno dia;Decrescente;Céu Claro;Dupla;Retorno Regulamentado;Não;2;0;2;0;0;0;2;1;-10,88051;-37,13356;SR-SE;DEL20/1;UOP01/SE
267742;07/02/2020;sexta-feira;12:15:00;PE;101;69,1;RECIFE;Não guardar distância de segurança;Colisão traseira;Com Vítimas Feridas;Pleno dia;Crescente;Nublado;Múltipla;Reta;Sim;3;0;2;0;1;0;2;2;-8,060326;-34,94586;SR-PE;DEL11/1;UOP01/PE
267743;07/02/2020;sexta-feira;10:25:00;PR;369;97,6;CORNELIO PROCOPIO;Desobediência às normas de trânsito pelo condutor;Colisão lateral;Com Vítimas Feridas;Pleno dia;Decrescente;Céu Claro;Simples;Reta;Não;3;0;2;0;1;0;2;2;-23,24011;-50,69503;SR-PR;DEL7/7;UOP06/PR
267744;07/02/2020;sexta-feira;11:55:00;PI;343;12;PARNAIBA;Não guardar distância de segurança;Colisão traseira;Com Vítimas Feridas;Pleno dia;Decrescente;Sol;Dupla;Reta;Sim;3;0;0;1;2;0;1;3;-2,910035;-41,75366;SR-PI;UOP01;DEL05
267745;07/02/2020;sexta-feira;10:30:00;RJ;40;123;DUQUE DE CAXIAS;Desobediência às normas de trânsito pelo condutor;Colisão com objeto estático;Com Vítimas Feridas;Pleno dia;Decrescente;Céu Claro;Múltipla;Reta;Sim;1;0;1;0;0;0;1;1;-22,79908;-43,29016;SR-RJ;DEL5/1;UOP01/RJ
267746;07/02/2020;sexta-feira;11:30:00;MA;135;23,3;SAO LUIS;Falta de Atenção à Condução;Colisão transversal;Com Vítimas Feridas;Pleno dia;Crescente;Céu Claro;Dupla;Retorno Regulamentado;Sim;2;0;1;0;1;0;1;2;-2,551321;-44,30679;SR-MA;DEL18/1;UOP01/MA
267747;07/02/2020;sexta-feira;05:40:00;PA;316;24;BENEVIDES;Falta de Atenção do Pedestre;Colisão traseira;Sem Vítimas;Amanhecer;Crescente;Céu Claro;Dupla;Reta;Sim;5;0;0;0;5;0;0;2;-1,339357;-48,24358;SR-PA;DEL19/1;UOP01/PA
267749;07/02/2020;sexta-feira;11:15:00;PR;116;22;ANTONINA;Falta de Atenção à Condução;Saída de leito carroçável;Com Vítimas Feridas;Pleno dia;Crescente;Chuva;Dupla;Curva;Não;2;0;1;0;1;0;1;1;-25,10923;-48,7466;SR-PR;DEL7/1;UOP02/PR
267750;07/02/2020;sexta-feira;13:29:00;AL;101;147;JEQUIA DA PRAIA;Falta de Atenção à Condução;Colisão lateral;Sem Vítimas;Pleno dia;Crescente;Céu Claro;Dupla;Retorno Regulamentado;Não;2;0;0;0;2;0;0;2;-9,882482;-36,1372;SR-AL;DEL13/2;UOP01/AL
267751;07/02/2020;sexta-feira;13:10:00;BA;20;209,9;LUIS EDUARDO MAGALHAES;Falta de Atenção à Condução;Colisão frontal;Com Vítimas Feridas;Pleno dia;Decrescente;Nublado;Simples;Reta;Sim;3;0;1;0;2;0;1;3;-12,1245;-45,81301;SR-BA;DEL10/10;UOP01/BA
267752;03/02/2020;segunda-feira;16:30:00;GO;60;165,1;GOIANIA;Falta de Atenção à Condução;Colisão traseira;Com Vítimas Feridas;Pleno dia;Decrescente;Nublado;Múltipla;Reta;Sim;2;0;1;0;1;0;1;2;-16,7084;-49,3503;SR-GO;DEL1/1;UOP02/GO
267753;07/02/2020;sexta-feira;12:00:00;BA;242;732;CRISTOPOLIS;Pista Escorregadia;Saída de leito carroçável;Sem Vítimas;Pleno dia;Decrescente;Chuva;Simples;Desvio Temporário;Não;2;0;0;0;2;0;0;1;-12,22287;-44,28993;SR-BA;DEL10/10;UOP01/BA
267754;18/01/2020;sábado;20:10:00;MS;158;198,7;SELVIRIA;Falta de Atenção à Condução;Colisão transversal;Com Vítimas Feridas;Plena Noite;Crescente;Céu Claro;Simples;Reta;Sim;2;0;1;1;0;0;2;2;-20,371;-51,434;SR-MS;DEL3/7;UOP01/MS
267755;07/02/2020;sexta-feira;08:10:00;PR;277;78;PIRAQUARA;Pista Escorregadia;Queda de ocupante de veículo;Com Vítimas Feridas;Pleno dia;Decrescente;Chuva;Dupla;Reta;Não;1;0;1;0;0;0;1;1;-25,51328;-49,12433;SR-PR;DEL7/1;UOP01/PR
267756;07/02/2020;sexta-feira;12:00:00;MA;222;679,1;ACAILANDIA;Desobediência às normas de trânsito pelo condutor;Colisão traseira;Com Vítimas Feridas;Pleno dia;Decrescente;Chuva;Simples;Curva;Sim;2;0;1;0;1;0;1;2;-4,956194;-47,49235;SR-MA;DEL18/4;UOP03/MA
267757;07/02/2020;sexta-feira;13:45:00;PR;277;641,8;CEU AZUL;Falta de Atenção à Condução;Colisão frontal;Com Vítimas Feridas;Pleno dia;Crescente;Chuva;Simples;Curva;Não;2;0;1;0;1;0;1;2;-25,1829;-53,87111;SR-PR;DEL7/5;UOP02/PR
267758;07/02/2020;sexta-feira;08:45:00;MG;262;87,1;ABRE CAMPO;Desobediência às normas de trânsito pelo condutor;Colisão transversal;Com Vítimas Feridas;Pleno dia;Crescente;Nublado;Simples;Curva;Não;2;0;0;1;1;0;1;2;-20,33321;-42,43716;SR-MG;DEL4/3;UOP03/MG
267759;07/02/2020;sexta-feira;13:20:00;PR;158;538,8;PATO BRANCO;Falta de Atenção à Condução;Saída de leito carroçável;Com Vítimas Feridas;Pleno dia;Decrescente;Nublado;Simples;Curva;Não;2;0;2;0;0;0;2;1;-26,25603;-52,70878;SR-PR;DEL7/2;UOP01/PR
267760;16/01/2020;quinta-feira;11:05:00;MG;381;850;POUSO ALEGRE;Desobediência às normas de trânsito pelo condutor;Colisão traseira;Com Vítimas Feridas;Pleno dia;Decrescente;Céu Claro;Múltipla;Reta;Não;2;0;0;1;1;0;1;2;-22,27869;-45,89472;SR-MG;DEL09;UOP01/MG
267761;07/02/2020;sexta-feira;13:30:00;MG;116;415;GOVERNADOR VALADARES;Desobediência às normas de trânsito pelo condutor;Colisão transversal;Com Vítimas Feridas;Pleno dia;Decrescente;Céu Claro;Simples;Reta;Sim;2;0;1;0;1;0;1;2;-18,88401;-41,94924;SR-MG;DEL4/6;UOP01/MG
267762;07/02/2020;sexta-feira;13:00:00;RO;364;168,3;PIMENTA BUENO;Avarias e/ou desgaste excessivo no pneu;Saída de leito carroçável;Com Vítimas Feridas;Pleno dia;Crescente;Chuva;Simples;Reta;Não;1;0;1;0;0;0;1;1;-11,86186;-61,00623;SR-RO;DEL21/2;UOP02/RO
267763;07/02/2020;sexta-feira;14:10:00;ES;101;130;LINHARES;Falta de Atenção à Condução;Colisão lateral;Com Vítimas Feridas;Pleno dia;Crescente;Chuva;Simples;Desvio Temporário;Não;2;0;1;0;1;0;1;2;-19,22995;-40,09267;SR-ES;DEL12/4;UOP01/ES
267764;07/02/2020;sexta-feira;13:40:00;RJ;116;172;SAO JOAO DE MERITI;Ingestão de álcool e/ou substâncias psicoativas pelo pedestre;Atropelamento de Pedestre;Com Vítimas Feridas;Pleno dia;Crescente;Céu Claro;Múltipla;Reta;Sim;2;0;1;0;1;0;1;1;-22,80188;-43,35044;SR-RJ;DEL5/1;UOP02/RJ
267765;07/02/2020;sexta-feira;14:15:00;PR;376;653;TIJUCAS DO SUL;Falta de Atenção à Condução;Colisão traseira;Com Vítimas Feridas;Pleno dia;Decrescente;Garoa/Chuvisco;Dupla;Curva;Não;3;0;1;0;2;0;1;2;-25,8442;-49,06044;SR-PR;DEL7/1;UOP08/PR
267766;07/02/2020;sexta-feira;13:20:00;MS;163;93;ITAQUIRAI;Falta de Atenção à Condução;Colisão lateral;Com Vítimas Feridas;Pleno dia;Crescente;Céu Claro;Simples;Não Informado;Não;3;0;2;0;1;0;2;2;-23,34327;-54,21699;SR-MS;DEL3/09;UOP01/MS
267767;07/02/2020;sexta-feira;14:00:00;MG;40;545;NOVA LIMA;Velocidade Incompatível;Saída de leito carroçável;Com Vítimas Fatais;Pleno dia;Decrescente;Céu Claro;Múltipla;Curva;Sim;1;1;0;0;0;0;0;1;-20,0067;-43,96419;SR-MG;DEL4/1;UOP02/MG
267770;07/02/2020;sexta-feira;10:40:00;GO;60;163,6;GOIANIA;Fenômenos da Natureza;Incêndio;Sem Vítimas;Pleno dia;Decrescente;Nublado;Dupla;Reta;Sim;1;0;0;0;1;0;0;1;-16,7002;-49,3335;SR-GO;DEL1/1;UOP02/GO
267771;07/02/2020;sexta-feira;14:00:00;MG;116;268,1;TEOFILO OTONI;Não guardar distância de segurança;Colisão traseira;Com Vítimas Feridas;Pleno dia;Decrescente;Garoa/Chuvisco;Simples;Não Informado;Não;2;0;2;0;0;0;2;1;-17,78709;-41,49977;SR-MG;DEL4/11;UOP01/MG
267773;07/02/2020;sexta-feira;05:40:00;MG;116;42,2;PEDRA AZUL;Animais na Pista;Atropelamento de Animal;Sem Vítimas;Amanhecer;Crescente;Céu Claro;Simples;Reta;Não;2;0;0;0;2;0;0;1;-15,99954;-41,40842;SR-MG;DEL4/11;UOP02/MG
267774;07/02/2020;sexta-feira;14:45:00;RS;386;301,5;POUSO NOVO;Desobediência às normas de trânsito pelo condutor;Colisão frontal;Com Vítimas Feridas;Pleno dia;Crescente;Céu Claro;Simples;Curva;Não;6;0;6;0;0;0;6;2;-29,17062;-52,21611;SR-RS;DEL9/4;UOP01/RS
267775;07/02/2020;sexta-feira;13:55:00;MG;459;65,9;SENADOR JOSE BENTO;Carga excessiva e/ou mal acondicionada;Tombamento;Com Vítimas Feridas;Pleno dia;Crescente;Céu Claro;Simples;Curva;Não;1;0;1;0;0;0;1;1;-22,11518;-46,1799;SR-MG;DEL09;UOP04/MG
267776;07/02/2020;sexta-feira;14:15:00;PR;369;153;LONDRINA;Ingestão de Álcool;Colisão traseira;Sem Vítimas;Pleno dia;Crescente;Chuva;Dupla;Não Informado;Sim;4;0;0;0;3;1;0;2;-23,29789;-51,19657;SR-PR;DEL7/7;UOP01/PR
267777;07/02/2020;sexta-feira;12:10:00;PA;308;188;TRACUATEUA;Desobediência às normas de trânsito pelo condutor;Colisão transversal;Com Vítimas Feridas;Pleno dia;Decrescente;Nublado;Simples;Reta;Não;2;0;1;0;1;0;1;2;-1,084954;-46,90016;SR-PA;DEL19/1;UOP03/PA
267778;07/02/2020;sexta-feira;14:15:00;RS;470;217;BENTO GONCALVES;Falta de Atenção à Condução;Colisão transversal;Com Vítimas Feridas;Pleno dia;Crescente;Céu Claro;Simples;Retorno Regulamentado;Sim;2;0;1;0;1;0;1;2;-29,16463;-51,52552;SR-RS;DEL9/6;UOP01/RS
267780;07/02/2020;sexta-feira;14:40:00;RS;116;524,9;PELOTAS;Falta de Atenção à Condução;Colisão lateral;Com Vítimas Feridas;Pleno dia;Crescente;Céu Claro;Simples;Interseção de vias;Não;3;0;1;0;2;0;1;2;-31,72864;-52,38747;SR-RS;DEL9/7;UOP01/RS
267781;07/02/2020;sexta-feira;15:00:00;SP;116;278,1;EMBU DAS ARTES;Desobediência às normas de trânsito pelo pedestre;Atropelamento de Pedestre;Com Vítimas Feridas;Pleno dia;Decrescente;Chuva;Dupla;Reta;Sim;3;0;0;1;1;1;1;1;-23,65508;-46,84919;SR-SP;DEL6/4;UOP01/SP
267782;07/02/2020;sexta-feira;14:20:00;RN;101;97,3;NATAL;Falta de Atenção à Condução;Colisão traseira;Sem Vítimas;Pleno dia;Decrescente;Céu Claro;Dupla;Viaduto;Sim;4;0;0;0;4;0;0;4;-5,857589;-35,21271;SR-RN;DEL15/1;UOP01/RN
267783;07/02/2020;sexta-feira;15:10:00;PR;476;154,3;ARAUCARIA;Velocidade Incompatível;Colisão lateral;Com Vítimas Feridas;Pleno dia;Decrescente;Nublado;Dupla;Reta;Sim;5;0;2;0;3;0;2;3;-25,58422;-49,40138;SR-PR;DEL7/1;UOP04/PR
267784;07/02/2020;sexta-feira;15:30:00;SC;470;92;ASCURRA;Falta de Atenção à Condução;Colisão transversal;Com Vítimas Feridas;Pleno dia;Decrescente;Céu Claro;Simples;Reta;Não;4;0;1;0;3;0;1;3;-26,98592;-49,37305;SR-SC;DEL8/4;UOP01/SC
267785;07/02/2020;sexta-feira;15:50:00;SC;470;54,2;BLUMENAU;Desobediência às normas de trânsito pelo condutor;Colisão transversal;Com Vítimas Feridas;Pleno dia;Decrescente;Nublado;Simples;Curva;Sim;2;0;2;0;0;0;2;2;-26,87158;-49,11194;SR-SC;DEL8/4;UOP01/SC
267786;07/02/2020;sexta-feira;13:45:00;RJ;101;317;SAO GONCALO;Falta de Atenção à Condução;Colisão traseira;Sem Vítimas;Pleno dia;Decrescente;Chuva;Dupla;Reta;Sim;2;0;0;0;2;0;0;2;-22,83708;-43,09492;SR-RJ;UOP01;DEL02
267787;07/02/2020;sexta-feira;15:15:00;PR;376;80;GUAIRACA;Defeito Mecânico no Veículo;Colisão com objeto em movimento;Com Vítimas Feridas;Pleno dia;Crescente;Céu Claro;Simples;Reta;Não;2;0;1;0;1;0;1;2;-22,96001;-52,64982;SR-PR;DEL7/7;UOP05/PR
267789;07/02/2020;sexta-feira;15:09:00;PR;376;496,5;PONTA GROSSA;Defeito Mecânico no Veículo;Saída de leito carroçável;Sem Vítimas;Pleno dia;Decrescente;Céu Claro;Dupla;Reta;Sim;1;0;0;0;1;0;0;1;-25,17703;-50,10051;SR-PR;DEL7/3;UOP03/PR
267790;07/02/2020;sexta-feira;12:30:00;MG;354;741,9;POUSO ALTO;Velocidade Incompatível;Saída de leito carroçável;Com Vítimas Fatais;Pleno dia;Decrescente;Nublado;Simples;Curva;Não;7;1;5;0;1;0;5;2;-22,22349;-44,93262;SR-MG;DEL5;UOP03/MG
267791;07/02/2020;sexta-feira;16:15:00;SC;470;59,9;BLUMENAU;Desobediência às normas de trânsito pelo condutor;Colisão transversal;Com Vítimas Feridas;Pleno dia;Crescente;Nublado;Simples;Reta;Sim;2;0;1;0;1;0;1;2;-26,88122;-49,16514;SR-SC;DEL8/4;UOP01/SC
267792;07/02/2020;sexta-feira;14:30:00;MT;364;402;CUIABA;Desobediência às normas de trânsito pelo condutor;Colisão transversal;Sem Vítimas;Pleno dia;Crescente;Céu Claro;Dupla;Reta;Não;2;0;0;0;2;0;0;2;-15,66855;-55,95477;SR-MT;DEL2/1;UOP01/MT
267793;07/02/2020;sexta-feira;16:15:00;SC;101;148,5;ITAPEMA;Falta de Atenção à Condução;Colisão traseira;Com Vítimas Feridas;Pleno dia;Crescente;Nublado;Simples;Reta;Sim;2;0;1;0;1;0;1;2;-27,10124;-48,61808;SR-SC;DEL8/4;UOP03/SC
267794;07/02/2020;sexta-feira;16:00:00;SC;101;137;BALNEARIO CAMBORIU;Pista Escorregadia;Tombamento;Com Vítimas Feridas;Pleno dia;Decrescente;Nublado;Dupla;Desvio Temporário;Sim;2;0;1;0;1;0;1;2;-27,01572;-48,61193;SR-SC;DEL8/4;UOP03/SC
267795;07/02/2020;sexta-feira;16:00:00;PR;116;100,2;SAO JOSE DOS PINHAIS;Defeito Mecânico no Veículo;Saída de leito carroçável;Com Vítimas Fatais;Pleno dia;Crescente;Nublado;Dupla;Reta;Sim;1;1;0;0;0;0;0;1;-25,53379;-49,14664;SR-PR;DEL7/1;UOP01/PR
267797;13/01/2020;segunda-feira;04:00:00;RJ;493;0,7;ITABORAI;Pista Escorregadia;Colisão com objeto estático;Com Vítimas Fatais;Plena Noite;Crescente;Garoa/Chuvisco;Simples;Não Informado;Sim;1;1;0;0;0;0;0;1;-22,77062;-42,92223;SR-RJ;DEL5/2;UOP01/RJ
267798;07/02/2020;sexta-feira;14:00:00;PR;116;208;RIO NEGRO;Não guardar distância de segurança;Queda de ocupante de veículo;Com Vítimas Feridas;Pleno dia;Crescente;Nublado;Simples;Desvio Temporário;Sim;1;0;1;0;0;0;1;1;-26,07336;-49,74366;SR-SC;DEL8/6;UOP01/SC
267800;07/02/2020;sexta-feira;16:15:00;PR;376;250,4;APUCARANA;Avarias e/ou desgaste excessivo no pneu;Saída de leito carroçável;Com Vítimas Feridas;Pleno dia;Decrescente;Céu Claro;Dupla;Curva;Não;1;0;1;0;0;0;1;1;-23,63346;-51,378;SR-PR;DEL7/7;UOP03/PR
267801;07/02/2020;sexta-feira;15:00:00;RO;319;63,1;PORTO VELHO;Falta de Atenção à Condução;Colisão transversal;Com Vítimas Feridas;Pleno dia;Decrescente;Sol;Dupla;Reta;Sim;3;0;0;1;2;0;1;2;-8,766685;-63,88405;SR-RO;DEL21/1;UOP01/RO
267802;07/02/2020;sexta-feira;15:10:00;SC;280;122,1;RIO NEGRINHO;Falta de Atenção à Condução;Colisão transversal;Com Vítimas Feridas;Pleno dia;Crescente;Céu Claro;Simples;Reta;Não;2;0;1;0;1;0;1;2;-26,24416;-49,46594;SR-SC;DEL8/6;UOP03/SC
267803;07/02/2020;sexta-feira;16:30:00;RS;290;36,4;SANTO ANTONIO DA PATRULHA;Não guardar distância de segurança;Colisão traseira;Com Vítimas Feridas;Pleno dia;Decrescente;Céu Claro;Múltipla;Reta;Não;7;0;1;0;6;0;1;3;-29,88476;-50,61729;SR-RS;DEL9/3;UOP01/RS
267804;07/02/2020;sexta-feira;16:55:00;RJ;101;390;RIO DE JANEIRO;Velocidade Incompatível;Colisão com objeto estático;Com Vítimas Feridas;Pleno dia;Crescente;Chuva;Dupla;Curva;Não;1;0;0;1;0;0;1;1;-22,89347;-43,67543;SR-RJ;PMRJ;
267805;07/02/2020;sexta-feira;17:00:00;BA;324;575;SAO SEBASTIAO DO PASSE;Desobediência às normas de trânsito pelo condutor;Queda de ocupante de veículo;Com Vítimas Feridas;Pleno dia;Crescente;Nublado;Dupla;Reta;Não;1;0;1;0;0;0;1;1;-12,57298;-38,54513;SR-BA;DEL10/1;UOP01/BA
267806;07/02/2020;sexta-feira;16:00:00;MG;50;130;UBERABA;Falta de Atenção à Condução;Colisão lateral;Com Vítimas Feridas;Pleno dia;Decrescente;Nublado;Dupla;Reta;Não;3;0;1;0;2;0;1;2;-19,3899;-48,07678;SR-MG;DEL13;UOP01/MG
267807;07/02/2020;sexta-feira;16:50:00;PE;101;29,9;ITAPISSUMA;Animais na Pista;Atropelamento de Animal;Com Vítimas Feridas;Pleno dia;Decrescente;Céu Claro;Dupla;Reta;Sim;2;0;2;0;0;0;2;1;-7,729397;-34,94186;SR-PE;DEL11/1;UOP02/PE
267808;07/02/2020;sexta-feira;17:29:00;GO;60;97,1;ANAPOLIS;Falta de Atenção à Condução;Colisão lateral;Com Vítimas Feridas;Pleno dia;Crescente;Céu Claro;Dupla;Não Informado;Sim;2;0;1;0;1;0;1;2;-16,3774;-48,9483;SR-GO;UOP01;DEL02
267809;07/02/2020;sexta-feira;16:45:00;SC;280;49,4;GUARAMIRIM;Falta de Atenção à Condução;Colisão transversal;Com Vítimas Feridas;Pleno dia;Decrescente;Chuva;Simples;Reta;Sim;5;0;3;0;2;0;3;2;-26,4585;-48,93693;SR-SC;DEL8/3;UOP03/SC
267810;07/02/2020;sexta-feira;17:35:00;PB;230;19,9;JOAO PESSOA;Desobediência às normas de trânsito pelo condutor;Atropelamento de Pedestre;Com Vítimas Feridas;Pleno dia;Decrescente;Nublado;Dupla;Interseção de vias;Sim;3;0;2;1;0;0;3;1;-7,137345;-34,85378;SR-PB;DEL14/1;UOP01/PB