id;data_inversa;dia_semana;horario;uf;br;km;municipio;causa_acidente;tipo_acidente;classificacao_acidente;fase_dia;sentido_via;condicao_metereologica;tipo_pista;tracado_via;uso_solo;pessoas;mortos;feridos_leves;feridos_graves;ilesos;ignorados;feridos;veiculos;latitude;longitude;regional;delegacia;uop
267811;07/02/2020;sexta-feira;17:10:00;CE;20;417;MARACANAU;Desobediência às normas de trânsito pelo condutor;Colisão transversal;Com Vítimas Feridas;Anoitecer;Crescente;Nublado;Dupla;Reta;Não;2;0;0;1;1;0;1;2;-3,76999;-38,67006;SR-CE;DEL16/1;UOP02/CE
267813;07/02/2020;sexta-feira;17:40:00;ES;262;135,8;BREJETUBA;Falta de Atenção à Condução;Colisão transversal;Com Vítimas Feridas;Pleno dia;Decrescente;Nublado;Simples;Reta;Não;2;0;0;1;1;0;1;2;-20,24186;-41,33713;SR-ES;DEL12/1;UOP02/ES
267814;07/02/2020;sexta-feira;17:35:00;SC;282;20,4;SANTO AMARO DA IMPERATRIZ;Falta de Atenção à Condução;Colisão traseira;Sem Vítimas;Pleno dia;Crescente;Chuva;Simples;Não Informado;Sim;3;0;0;0;3;0;0;3;-27,68396;-48,71006;SR-SC;DEL8/1;UOP02/SC
267815;07/02/2020;sexta-feira;15:25:00;GO;153;58;PORANGATU;Defeito Mecânico no Veículo;Colisão com objeto estático;Com Vítimas Feridas;Pleno dia;Decrescente;Garoa/Chuvisco;Simples;Desvio Temporário;Não;2;0;1;0;1;0;1;2;-13,31946;-49,11843;SR-GO;DEL1/7;UOP01/GO
267817;07/02/2020;sexta-feira;17:30:00;SP;116;277,9;EMBU DAS ARTES;Falta de Atenção à Condução;Colisão lateral;Com Vítimas Feridas;Anoitecer;Crescente;Nublado;Dupla;Não Informado;Sim;3;0;1;1;1;0;2;2;-23,64871;-46,84395;SR-SP;UOP01;DEL04
267818;07/02/2020;sexta-feira;18:15:00;MG;50;192;UBERABA;Falta de Atenção à Condução;Colisão lateral;Com Vítimas Feridas;Pleno dia;Decrescente;Nublado;Dupla;Reta;Não;2;0;1;0;1;0;1;2;-19,87188;-47,85892;SR-MG;DEL13;UOP01/MG
267819;07/02/2020;sexta-feira;17:15:00;BA;116;896;CANDIDO SALES;Falta de Atenção à Condução;Saída de leito carroçável;Com Vítimas Feridas;Pleno dia;Crescente;Nublado;Simples;Reta;Não;4;0;2;0;2;0;2;1;-15,33382;-41,15847;SR-BA;DEL10/8;UOP03/BA
267820;07/02/2020;sexta-feira;18:10:00;ES;101;271,9;SERRA;Não guardar distância de segurança;Colisão traseira;Com Vítimas Feridas;Pleno dia;Decrescente;Céu Claro;Dupla;Reta;Sim;2;0;1;0;1;0;1;2;-20,23267;-40,27658;SR-ES;DEL12/2;UOP01/ES
267821;07/02/2020;sexta-feira;10:50:00;MG;365;788;ITUIUTABA;Falta de Atenção à Condução;Saída de leito carroçável;Com Vítimas Feridas;Pleno dia;Crescente;Nublado;Simples;Desvio Temporário;Não;1;0;1;0;0;0;1;1;-18,93496;-49,79865;SR-MG;DEL4/15;UOP03/MG
267822;07/02/2020;sexta-feira;17:00:00;ES;101;256,6;SERRA;Desobediência às normas de trânsito pelo condutor;Colisão transversal;Com Vítimas Feridas;Pleno dia;Decrescente;Nublado;Simples;Interseção de vias;Sim;3;0;1;0;0;2;1;2;-20,1229;-40,30524;SR-ES;DEL12/2;UOP01/ES
267823;07/02/2020;sexta-feira;17:15:00;GO;60;96,9;ANAPOLIS;Desobediência às normas de trânsito pelo condutor;Colisão frontal;Com Vítimas Feridas;Pleno dia;Decrescente;Céu Claro;Simples;Interseção de vias;Sim;2;0;1;0;1;0;1;2;-16,371;-48,9422;SR-GO;DEL1/2;UOP01/GO
267824;07/02/2020;sexta-feira;18:40:00;RS;386;360,7;ESTRELA;Defeito Mecânico no Veículo;Colisão traseira;Com Vítimas Feridas;Pleno dia;Decrescente;Céu Claro;Dupla;Reta;Não;2;0;1;0;1;0;1;2;-29,5476;-51,90814;SR-RS;DEL9/4;UOP02/RS
267825;07/02/2020;sexta-feira;18:10:00;PB;230;49;SANTA RITA;Condutor Dormindo;Saída de leito carroçável;Com Vítimas Feridas;Anoitecer;Crescente;Céu Claro;Dupla;Reta;Não;4;0;1;2;1;0;3;2;-7,1803;-35,0485;SR-PB;DEL14/1;UOP02/PB
267826;07/02/2020;sexta-feira;18:15:00;RS;116;143,9;CAXIAS DO SUL;Pista Escorregadia;Colisão traseira;Com Vítimas Feridas;Pleno dia;Crescente;Garoa/Chuvisco;Dupla;Curva;Sim;2;0;1;0;1;0;1;2;-29,12017;-51,12261;SR-RS;DEL9/5;UOP01/RS
267827;07/02/2020;sexta-feira;17:20:00;MT;163;40;ITIQUIRA;Desobediência às normas de trânsito pelo condutor;Tombamento;Com Vítimas Feridas;Pleno dia;Decrescente;Céu Claro;Dupla;Reta;Não;1;0;1;0;0;0;1;1;-17,16413;-54,75833;SR-MT;DEL2/2;UOP02/MT
267828;07/02/2020;sexta-feira;18:20:00;PB;101;108;ALHANDRA;Falta de Atenção à Condução;Queda de ocupante de veículo;Com Vítimas Feridas;Plena Noite;Crescente;Céu Claro;Dupla;Não Informado;Sim;1;0;1;0;0;0;1;1;-7,334549;-34,94758;SR-PB;DEL14/1;UOP01/PB
267829;07/02/2020;sexta-feira;16:25:00;PR;376;345,5;ORTIGUEIRA;Pista Escorregadia;Saída de leito carroçável;Sem Vítimas;Pleno dia;Decrescente;Chuva;Simples;Curva;Não;1;0;0;0;1;0;0;1;-24,21686;-50,93665;SR-PR;DEL7/7;UOP02/PR
267830;07/02/2020;sexta-feira;17:50:00;ES;262;0,2;VILA VELHA;Falta de Atenção à Condução;Colisão lateral;Com Vítimas Feridas;Anoitecer;Crescente;Céu Claro;Dupla;Reta;Sim;3;0;1;0;1;1;1;3;-20,32079;-40,35332;SR-ES;DEL12/1;UOP01/ES
267831;07/02/2020;sexta-feira;18:40:00;ES;101;268,1;SERRA;Não guardar distância de segurança;Colisão traseira;Com Vítimas Feridas;Plena Noite;Crescente;Nublado;Múltipla;Reta;Sim;2;0;1;0;1;0;1;2;-20,20842;-40,2694;SR-ES;DEL12/2;UOP01/ES
267832;07/02/2020;sexta-feira;17:40:00;PE;423;73,2;JUPI;Falta de Atenção à Condução;Colisão transversal;Sem Vítimas;Anoitecer;Crescente;Chuva;Simples;Reta;Sim;2;0;0;0;2;0;0;2;-8,709851;-36,41926;SR-PE;DEL11/3;UOP01/PE
267833;07/02/2020;sexta-feira;14:55:00;SC;282;601;MARAVILHA;Desobediência às normas de trânsito pelo condutor;Colisão transversal;Sem Vítimas;Pleno dia;Crescente;Céu Claro;Simples;Reta;Não;2;0;0;0;2;0;0;2;-26,809;-53,1694;SR-SC;DEL7;UOP02/SC
267834;07/02/2020;sexta-feira;18:45:00;SC;101;213,5;PALHOCA;Falta de Atenção à Condução;Colisão transversal;Com Vítimas Feridas;Anoitecer;Crescente;Chuva;Dupla;Reta;Sim;3;0;1;0;2;0;1;2;-27,63697;-48,66514;SR-SC;UOP02;DEL01
267835;07/02/2020;sexta-feira;19:00:00;PR;116;98,8;SAO JOSE DOS PINHAIS;Desobediência às normas de trânsito pelo condutor;Colisão traseira;Com Vítimas Feridas;Plena Noite;Crescente;Garoa/Chuvisco;Dupla;Reta;Não;2;0;0;1;1;0;1;2;-25,51973;-49,13432;SR-PR;DEL7/1;UOP01/PR
267836;25/01/2020;sábado;01:24:00;GO;40;0;VALPARAISO DE GOIAS;Ingestão de Álcool;Saída de leito carroçável;Com Vítimas Feridas;Plena Noite;Crescente;Chuva;Dupla;Reta;Sim;3;0;3;0;0;0;3;1;-16,05067;-47,98164;SR-DF;UOP01/DF;
267837;07/02/2020;sexta-feira;17:40:00;PR;369;147;LONDRINA;Desobediência às normas de trânsito pelo pedestre;Atropelamento de Pedestre;Com Vítimas Feridas;Anoitecer;Crescente;Nublado;Dupla;Reta;Sim;2;0;1;0;1;0;1;1;-23,29297;-51,14056;SR-PR;DEL7/7;UOP01/PR
267839;07/02/2020;sexta-feira;18:00:00;RO;364;13;VILHENA;Desobediência às normas de trânsito pelo condutor;Atropelamento de Pedestre;Com Vítimas Feridas;Anoitecer;Decrescente;Nublado;Dupla;Reta;Sim;4;0;1;1;0;2;2;1;-12,7414;-60,13026;SR-RO;DEL21/4;UOP01/RO
267840;07/02/2020;sexta-feira;18:00:00;GO;40;20,4;LUZIANIA;Não guardar distância de segurança;Colisão traseira;Sem Vítimas;Plena Noite;Decrescente;Nublado;Dupla;Reta;Sim;2;0;0;0;2;0;0;2;-16,21849;-47,91548;SR-DF;UOP01/DF;
267841;07/02/2020;sexta-feira;19:50:00;RN;101;108;PARNAMIRIM;Ingestão de Álcool;Colisão lateral;Sem Vítimas;Plena Noite;Crescente;Céu Claro;Dupla;Reta;Sim;2;0;0;0;2;0;0;2;-5,928251;-35,26466;SR-RN;DEL15/1;UOP01/RN
267842;07/02/2020;sexta-feira;19:50:00;SE;235;54,6;ITABAIANA;Desobediência às normas de trânsito pelo condutor;Colisão transversal;Com Vítimas Feridas;Plena Noite;Crescente;Céu Claro;Simples;Reta;Sim;3;0;2;1;0;0;3;2;-10,67605;-37,44328;SR-SE;DEL20/1;UOP02/SE
267843;07/02/2020;sexta-feira;18:40:00;MT;364;345;SANTO ANTONIO DO LEVERGER;Mal Súbito;Saída de leito carroçável;Com Vítimas Feridas;Anoitecer;Crescente;Nublado;Simples;Reta;Não;1;0;0;1;0;0;1;1;-15,79754;-55,5479;SR-MT;DEL2/1;UOP01/MT
267844;07/02/2020;sexta-feira;19:40:00;SC;101;214,5;PALHOCA;Falta de Atenção à Condução;Colisão lateral;Com Vítimas Feridas;Plena Noite;Decrescente;Chuva;Dupla;Reta;Sim;2;0;1;0;1;0;1;2;-27,64443;-48,67057;SR-SC;DEL8/1;UOP02/SC
267845;07/02/2020;sexta-feira;17:20:00;PI;230;294;FLORIANO;Velocidade Incompatível;Colisão frontal;Com Vítimas Feridas;Pleno dia;Decrescente;Céu Claro;Simples;Reta;Não;4;0;2;0;2;0;2;2;-6,845063;-42,89192;SR-PI;DEL17/3;UOP01/PI
267846;07/02/2020;sexta-feira;19:50:00;RN;110;45,9;MOSSORO;Ingestão de Álcool;Colisão frontal;Com Vítimas Feridas;Plena Noite;Crescente;Céu Claro;Simples;Reta;Sim;2;0;0;1;1;0;1;2;-5,19258;-37,31115;SR-RN;DEL15/4;UOP01/RN
267847;07/02/2020;sexta-feira;19:00:00;CE;222;123;ITAPAJE;Desobediência às normas de trânsito pelo condutor;Colisão transversal;Com Vítimas Feridas;Plena Noite;Crescente;Vento;Simples;Reta;Sim;3;0;2;0;1;0;2;2;-3,694553;-39,58168;SR-CE;DEL16/4;UOP03/CE
267848;07/02/2020;sexta-feira;18:30:00;PR;476;140;CURITIBA;Falta de Atenção à Condução;Colisão transversal;Com Vítimas Feridas;Anoitecer;Decrescente;Chuva;Múltipla;Reta;Sim;2;0;0;1;1;0;1;2;-25,52339;-49,29535;SR-PR;DEL7/1;UOP03/PR
267849;07/02/2020;sexta-feira;19:50:00;BA;101;222;CRUZ DAS ALMAS;Restrição de Visibilidade;Colisão traseira;Com Vítimas Feridas;Plena Noite;Decrescente;Céu Claro;Simples;Reta;Não;3;0;2;0;1;0;2;2;-12,6746;-39,13545;SR-BA;DEL10/1;UOP02/BA
267850;07/02/2020;sexta-feira;20:10:00;PE;101;65,8;RECIFE;Falta de Atenção à Condução;Tombamento;Com Vítimas Feridas;Plena Noite;Crescente;Céu Claro;Múltipla;Interseção de vias;Sim;2;0;1;0;1;0;1;2;-8,024786;-34,94277;SR-PE;DEL11/1;UOP01/PE
267852;07/02/2020;sexta-feira;17:30:00;RO;364;419;JARU;Ultrapassagem Indevida;Colisão transversal;Com Vítimas Feridas;Pleno dia;Crescente;Chuva;Simples;Reta;Não;3;0;0;2;1;0;2;2;-10,48263;-62,44173;SR-RO;UOP02;DEL03
267853;07/02/2020;sexta-feira;20:40:00;MG;50;78,7;UBERLANDIA;Defeito Mecânico no Veículo;Colisão traseira;Com Vítimas Fatais;Plena Noite;Crescente;Garoa/Chuvisco;Dupla;Reta;Não;6;1;2;1;2;0;3;4;-18,95077;-48,21769;SR-MG;DEL4/15;UOP01/MG
267854;07/02/2020;sexta-feira;20:55:00;PR;476;124;CURITIBA;Falta de Atenção à Condução;Colisão traseira;Sem Vítimas;Plena Noite;Crescente;Chuva;Múltipla;Reta;Sim;2;0;0;0;2;0;0;2;-25,39984;-49,21585;SR-PR;DEL7/1;UOP06/PR
267855;07/02/2020;sexta-feira;21:10:00;SC;282;175,6;BOCAINA DO SUL;Ingestão de Álcool;Colisão traseira;Com Vítimas Feridas;Plena Noite;Decrescente;Nublado;Simples;Reta;Não;5;0;1;3;1;0;4;3;-27,74057;-49,89843;SR-SC;DEL8/5;UOP01/SC
267856;07/02/2020;sexta-feira;21:10:00;RJ;116;113,1;MAGE;Condutor Dormindo;Saída de leito carroçável;Sem Vítimas;Plena Noite;Decrescente;Nublado;Dupla;Reta;Não;1;0;0;0;1;0;0;1;-22,57214;-43,00729;SR-RJ;DEL5/4;UOP02/RJ
267857;07/02/2020;sexta-feira;21:00:00;PI;316;307,5;PICOS;Falta de Atenção à Condução;Colisão transversal;Com Vítimas Feridas;Plena Noite;Crescente;Céu Claro;Simples;Reta;Não;3;0;0;2;1;0;2;2;-7,078273;-41,50175;SR-PI;DEL17/4;UOP01/PI
267858;07/02/2020;sexta-feira;21:00:00;SP;381;44;ATIBAIA;Desobediência às normas de trânsito pelo condutor;Colisão frontal;Com Vítimas Feridas;Plena Noite;Crescente;Chuva;Dupla;Curva;Não;3;0;1;0;1;1;1;2;-23,16459;-46,57419;SR-SP;DEL6/3;UOP02/SP
267859;07/02/2020;sexta-feira;19:20:00;RO;364;532;ALTO PARAISO;Ingestão de Álcool;Saída de leito carroçável;Com Vítimas Feridas;Plena Noite;Decrescente;Céu Claro;Simples;Reta;Não;1;0;1;0;0;0;1;1;-9,780549;-63,09049;SR-RO;DEL21/3;UOP01/RO
267861;07/02/2020;sexta-feira;20:20:00;ES;262;165,2;IBATIBA;Falta de Atenção do Pedestre;Atropelamento de Pedestre;Com Vítimas Fatais;Plena Noite;Crescente;Nublado;Simples;Curva;Não;3;1;0;2;0;0;2;1;-20,24911;-41,55151;SR-ES;DEL12/1;UOP02/ES
267862;07/02/2020;sexta-feira;20:50:00;PE;101;56,8;RECIFE;Falta de Atenção à Condução;Colisão traseira;Sem Vítimas;Plena Noite;Crescente;Céu Claro;Múltipla;Reta;Sim;4;0;0;0;4;0;0;2;-7,955451;-34,91141;SR-PE;DEL11/1;UOP02/PE
267863;07/02/2020;sexta-feira;21:10:00;MG;262;448,9;NOVA SERRANA;Ingestão de Álcool;Colisão frontal;Com Vítimas Feridas;Plena Noite;Decrescente;Chuva;Simples;Reta;Não;4;0;3;0;1;0;3;2;-19,87174;-44,96984;SR-MG;UOP03;DEL08
267864;28/01/2020;terça-feira;19:10:00;MS;158;92;PARANAIBA;Animais na Pista;Danos eventuais;Sem Vítimas;Anoitecer;Decrescente;Céu Claro;Dupla;Reta;Sim;4;0;0;0;3;1;0;1;-19,65815;-51,20417;SR-MS;DEL3/8;UOP01/MS
267865;07/02/2020;sexta-feira;20:47:00;MG;381;688;LAVRAS;Desobediência às normas de trânsito pelo condutor;Colisão traseira;Sem Vítimas;Plena Noite;Crescente;Nublado;Múltipla;Não Informado;Não;5;0;0;0;5;0;0;4;-21,20874;-45,12333;SR-MG;DEL4/4;UOP02/MG
267866;07/02/2020;sexta-feira;21:12:00;SC;101;118,9;ITAJAI;Falta de Atenção à Condução;Colisão traseira;Com Vítimas Feridas;Plena Noite;Crescente;Nublado;Dupla;Reta;Sim;3;0;3;0;0;0;3;2;-26,89586;-48,71903;SR-SC;DEL8/4;UOP04/SC
267867;07/02/2020;sexta-feira;09:20:00;SC;282;21,4;PALHOCA;Desobediência às normas de trânsito pelo condutor;Colisão transversal;Sem Vítimas;Plena Noite;Crescente;Chuva;Simples;Curva;Sim;2;0;0;0;2;0;0;2;-27,68907;-48,71754;SR-SC;DEL8/1;UOP02/SC
267868;07/02/2020;sexta-feira;21:10:00;ES;101;31,7;CONCEICAO DA BARRA;Desobediência às normas de trânsito pelo condutor;Colisão transversal;Com Vítimas Feridas;Plena Noite;Crescente;Céu Claro;Simples;Desvio Temporário;Não;2;0;0;2;0;0;2;2;-18,4255;-39,93487;SR-ES;DEL12/4;UOP02/ES
267869;07/02/2020;sexta-feira;18:30:00;SC;116;198;PONTE ALTA;Desobediência às normas de trânsito pelo condutor;Colisão traseira;Com Vítimas Feridas;Anoitecer;Crescente;Céu Claro;Dupla;Reta;Não;2;0;1;0;1;0;1;2;-27,41378;-50,4168;SR-SC;DEL8/5;UOP03/SC
267870;07/02/2020;sexta-feira;21:50:00;MG;40;475,7;SETE LAGOAS;Falta de Atenção à Condução;Colisão traseira;Com Vítimas Feridas;Plena Noite;Decrescente;Céu Claro;Dupla;Reta;Sim;2;0;1;0;1;0;1;2;-19,50552;-44,27423;SR-MG;DEL4/2;UOP01/MG
267871;07/02/2020;sexta-feira;17:50:00;SC;282;445,7;PONTE SERRADA;Velocidade Incompatível;Colisão lateral;Sem Vítimas;Pleno dia;Crescente;Nublado;Simples;Curva;Não;4;0;0;0;4;0;0;4;-26,91534;-51,90525;SR-SC;DEL7;UOP05/SC
267872;07/02/2020;sexta-feira;10:45:00;PR;369;143,4;LONDRINA;Falta de Atenção à Condução;Colisão lateral;Com Vítimas Feridas;Pleno dia;Decrescente;Céu Claro;Dupla;Reta;Sim;2;0;0;1;0;1;1;2;-23,29294;-51,09761;SR-PR;DEL7/7;UOP01/PR
267873;07/02/2020;sexta-feira;15:25:00;RO;364;107,4;CHUPINGUAIA;Falta de Atenção do Pedestre;Atropelamento de Pedestre;Com Vítimas Feridas;Pleno dia;Decrescente;Garoa/Chuvisco;Simples;Reta;Não;2;0;1;0;1;0;1;1;-12,22849;-60,6866;SR-RO;DEL21/4;UOP01/RO
267874;07/02/2020;sexta-feira;20:20:00;MA;230;402;BALSAS;Falta de Atenção do Pedestre;Atropelamento de Pedestre;Com Vítimas Fatais;Plena Noite;Crescente;Céu Claro;Simples;Reta;Não;2;1;0;0;1;0;0;1;-7,508571;-46,03159;SR-MA;DEL18/5;UOP01/MA
267875;07/02/2020;sexta-feira;20:40:00;PR;153;336,5;IRATI;Falta de Atenção à Condução;Colisão transversal;Com Vítimas Feridas;Plena Noite;Crescente;Nublado;Simples;Reta;Sim;4;0;2;1;1;0;3;2;-25,49754;-50,64816;SR-PR;DEL7/3;UOP04/PR
267876;07/02/2020;sexta-feira;20:40:00;MG;354;753,7;ITAMONTE;Falta de Atenção à Condução;Colisão lateral;Com Vítimas Feridas;Plena Noite;Crescente;Ignorado;Simples;Reta;Sim;2;0;0;1;1;0;1;2;-22,30074;-44,86209;SR-MG;DEL5;UOP03/MG
267877;07/02/2020;sexta-feira;22:10:00;RN;304;8,1;MOSSORO;Falta de Atenção à Condução;Tombamento;Com Vítimas Feridas;Plena Noite;Decrescente;Céu Claro;Simples;Reta;Sim;1;0;1;0;0;0;1;1;-4,941129;-37,40833;SR-RN;DEL15/4;UOP02/RN
267878;07/02/2020;sexta-feira;21:50:00;CE;222;3,8;CAUCAIA;Não guardar distância de segurança;Colisão traseira;Com Vítimas Feridas;Plena Noite;Decrescente;Céu Claro;Múltipla;Reta;Sim;2;0;2;0;0;0;2;2;-3,740377;-38,59569;SR-CE;DEL16/1;UOP01/CE
267879;02/01/2020;quinta-feira;20:00:00;PR;369;16;CAMBARA;Falta de Atenção à Condução;Colisão traseira;Com Vítimas Feridas;Plena Noite;Crescente;Céu Claro;Simples;Não Informado;Não;3;0;1;1;1;0;2;3;-23,02729;-50,04148;SR-PR;DEL7/7;UOP06/PR
267880;07/02/2020;sexta-feira;22:40:00;SC;101;129,1;BALNEARIO CAMBORIU;Falta de Atenção à Condução;Capotamento;Com Vítimas Feridas;Plena Noite;Decrescente;Garoa/Chuvisco;Dupla;Reta;Não;3;0;3;0;0;0;3;1;-26,98064;-48,67907;SR-SC;DEL8/4;UOP03/SC
267881;07/02/2020;sexta-feira;18:30:00;MA;316;608,3;TIMON;Avarias e/ou desgaste excessivo no pneu;Saída de leito carroçável;Com Vítimas Feridas;Anoitecer;Decrescente;Nublado;Simples;Não Informado;Não;1;0;0;1;0;0;1;1;-5,060935;-42,89229;SR-MA;DEL18/3;UOP02/MA
267882;07/02/2020;sexta-feira;20:05:00;RS;470;224;GARIBALDI;Não guardar distância de segurança;Colisão traseira;Com Vítimas Feridas;Plena Noite;Decrescente;Céu Claro;Simples;Reta;Não;8;0;5;0;3;0;5;3;-29,21556;-51,51744;SR-RS;DEL9/6;UOP01/RS
267883;07/02/2020;sexta-feira;22:45:00;SP;116;157,9;JACAREI;Defeito Mecânico no Veículo;Tombamento;Com Vítimas Feridas;Plena Noite;Decrescente;Nublado;Dupla;Reta;Não;1;0;1;0;0;0;1;1;-23,26072;-45,95179;SR-SP;DEL6/2;UOP01/SP
267884;07/02/2020;sexta-feira;22:40:00;SC;101;117;ITAJAI;Falta de Atenção à Condução;Colisão transversal;Com Vítimas Feridas;Plena Noite;Decrescente;Chuva;Simples;Interseção de vias;Não;3;0;1;0;2;0;1;2;-26,88747;-48,72253;SR-SC;DEL8/4;UOP04/SC
267885;07/02/2020;sexta-feira;23:10:00;PR;369;165;CAMBE;Falta de Atenção à Condução;Colisão traseira;Com Vítimas Feridas;Plena Noite;Crescente;Nublado;Dupla;Não Informado;Não;3;0;1;0;2;0;1;2;-23,29517;-51,30318;SR-PR;DEL7/7;UOP01/PR
267886;07/02/2020;sexta-feira;21:50:00;PB;104;106,6;SAO SEBASTIAO DE LAGOA DE  ROCA;Desobediência às normas de trânsito pelo condutor;Colisão transversal;Com Vítimas Feridas;Plena Noite;Crescente;Céu Claro;Simples;Não Informado;Sim;2;0;0;1;1;0;1;2;-7,095698;-35,86106;SR-PB;DEL14/2;UOP04/PB
267887;07/02/2020;sexta-feira;23:40:00;MG;365;377,5;PATOS DE MINAS;Velocidade Incompatível;Saída de leito carroçável;Sem Vítimas;Plena Noite;Decrescente;Chuva;Simples;Não Informado;Não;1;0;0;0;1;0;0;1;-18,54022;-46,20553;SR-MG;DEL4/10;UOP01/MG
267889;07/02/2020;sexta-feira;19:00:00;AL;101;149,2;JEQUIA DA PRAIA;Falta de Atenção à Condução;Colisão lateral;Sem Vítimas;Plena Noite;Crescente;Céu Claro;Dupla;Curva;Não;2;0;0;0;2;0;0;2;-9,894027;-36,1411;SR-AL;UOP02;DEL02
267890;07/02/2020;sexta-feira;20:10:00;RS;116;423,4;CRISTAL;Ultrapassagem Indevida;Colisão frontal;Com Vítimas Feridas;Plena Noite;Crescente;Céu Claro;Simples;Reta;Não;3;0;3;0;0;0;3;2;-30,97351;-52,00383;SR-RS;DEL9/2;UOP02/RS
267891;07/02/2020;sexta-feira;22:00:00;RO;364;344,5;JI-PARANA;Desobediência às normas de trânsito pelo condutor;Colisão transversal;Com Vítimas Feridas;Plena Noite;Crescente;Garoa/Chuvisco;Dupla;Interseção de vias;Não;2;0;1;0;1;0;1;2;-10,87025;-61,95774;SR-RO;DEL21/2;UOP01/RO
267892;07/02/2020;sexta-feira;22:30:00;PR;277;710,2;SANTA TEREZINHA DE ITAIPU;Falta de Atenção à Condução;Colisão traseira;Com Vítimas Feridas;Plena Noite;Crescente;Céu Claro;Dupla;Não Informado;Sim;3;0;0;2;0;1;2;2;-25,45043;-54,41349;SR-PR;DEL7/5;UOP01/PR
267893;08/02/2020;sábado;00:10:00;SP;116;555,2;BARRA DO TURVO;Pista Escorregadia;Colisão com objeto estático;Com Vítimas Feridas;Plena Noite;Crescente;Garoa/Chuvisco;Dupla;Curva;Não;2;0;2;0;0;0;2;1;-24,97552;-48,50554;SR-SP;DEL6/5;UOP03/SP
267894;07/02/2020;sexta-feira;23:30:00;SC;101;186;BIGUACU;Pista Escorregadia;Colisão com objeto estático;Com Vítimas Feridas;Plena Noite;Crescente;Chuva;Dupla;Curva;Não;1;0;1;0;0;0;1;1;-27,43411;-48,62567;SR-SC;DEL8/1;UOP01/SC
267895;07/02/2020;sexta-feira;22:35:00;PR;369;173,5;ROLANDIA;Desobediência às normas de trânsito pelo condutor;Colisão transversal;Com Vítimas Feridas;Plena Noite;Crescente;Nublado;Simples;Não Informado;Sim;3;0;2;0;0;1;2;2;-23,31293;-51,37283;SR-PR;DEL7/7;UOP01/PR
267896;07/02/2020;sexta-feira;22:35:00;SC;282;466;PONTE SERRADA;Ultrapassagem Indevida;Colisão frontal;Com Vítimas Feridas;Plena Noite;Crescente;Nublado;Simples;Curva;Não;3;0;2;0;1;0;2;3;-26,85458;-52,08676;SR-SC;DEL7;UOP05/SC
267897;08/02/2020;sábado;00:20:00;SC;282;24,7;SANTO AMARO DA IMPERATRIZ;Falta de Atenção à Condução;Colisão frontal;Com Vítimas Feridas;Plena Noite;Decrescente;Chuva;Simples;Interseção de vias;Sim;2;0;0;1;1;0;1;2;-27,68268;-48,74461;SR-SC;DEL8/1;UOP03/SC
267899;07/02/2020;sexta-feira;22:00:00;RO;364;432;JARU;Falta de Atenção à Condução;Tombamento;Com Vítimas Feridas;Plena Noite;Decrescente;Chuva;Simples;Desvio Temporário;Não;2;0;1;1;0;0;2;1;-10,39357;-62,53542;SR-RO;DEL21/3;UOP02/RO
267900;07/02/2020;sexta-feira;19:45:00;RO;319;58;PORTO VELHO;Desobediência às normas de trânsito pelo condutor;Colisão lateral;Com Vítimas Feridas;Plena Noite;Crescente;Nublado;Simples;Curva;Sim;3;0;0;1;1;1;1;2;-8,7375;-63,91748;SR-RO;DEL21/1;UOP01/RO
267901;08/02/2020;sábado;01:20:00;SC;282;0,2;FLORIANOPOLIS;Ingestão de Álcool;Saída de leito carroçável;Sem Vítimas;Plena Noite;Decrescente;Chuva;Múltipla;Curva;Não;1;0;0;0;1;0;0;1;-27,59845;-48,572;SR-SC;DEL8/1;UOP01/SC
267902;07/02/2020;sexta-feira;22:50:00;CE;116;236,9;ALTO SANTO;Animais na Pista;Atropelamento de Animal;Com Vítimas Feridas;Plena Noite;Crescente;Céu Claro;Simples;Reta;Não;1;0;1;0;0;0;1;1;-5,424283;-38,29657;SR-CE;DEL16/3;UOP01/CE
267903;08/02/2020;sábado;01:00:00;MG;381;500;BETIM;Falta de Atenção à Condução;Colisão traseira;Com Vítimas Feridas;Plena Noite;Crescente;Nublado;Dupla;Reta;Sim;3;0;2;0;1;0;2;2;-20,02513;-44,23113;SR-MG;DEL4/1;UOP03/MG
267904;08/02/2020;sábado;00:20:00;PR;116;125;FAZENDA RIO GRANDE;Pista Escorregadia;Saída de leito carroçável;Sem Vítimas;Plena Noite;Crescente;Garoa/Chuvisco;Dupla;Reta;Sim;1;0;0;0;1;0;0;1;-25,59505;-49,31631;SR-PR;DEL7/1;UOP03/PR
267905;08/02/2020;sábado;01:35:00;MG;50;84;UBERLANDIA;Falta de Atenção à Condução;Colisão com objeto em movimento;Sem Vítimas;Pleno dia;Decrescente;Céu Claro;Dupla;Reta;Não;1;0;0;0;1;0;0;1;-18,9959;-48,21049;SR-MG;UOP01;DEL15
267906;08/02/2020;sábado;00:10:00;SC;470;176,3;POUSO REDONDO;Falta de Atenção à Condução;Colisão lateral;Com Vítimas Feridas;Pleno dia;Decrescente;Chuva;Simples;Curva;Não;2;0;1;0;1;0;1;2;-27,25424;-49,94866;SR-SC;UOP02;DEL04
267907;07/02/2020;sexta-feira;21:55:00;RO;364;426,4;JARU;Falta de Atenção à Condução;Colisão com objeto estático;Com Vítimas Feridas;Plena Noite;Crescente;Garoa/Chuvisco;Simples;Interseção de vias;Sim;2;0;0;1;1;0;1;2;-10,43039;-62,48248;SR-RO;DEL21/3;UOP02/RO