id;data_inversa;dia_semana;horario;uf;br;km;municipio;causa_acidente;tipo_acidente;classificacao_acidente;fase_dia;sentido_via;condicao_metereologica;tipo_pista;tracado_via;uso_solo;pessoas;mortos;feridos_leves;feridos_graves;ilesos;ignorados;feridos;veiculos;latitude;longitude;regional;delegacia;uop
268109;08/02/2020;sábado;20:00:00;GO;153;451,1;ANAPOLIS;Ingestão de Álcool;Colisão com objeto estático;Sem Vítimas;Plena Noite;Crescente;Céu Claro;Dupla;Rotatória;Sim;1;0;0;0;1;0;0;1;-16,39513;-48,9615;SR-GO;DEL1/2;UOP01/GO
268110;08/02/2020;sábado;23:40:00;SE;101;105,2;SAO CRISTOVAO;Velocidade Incompatível;Capotamento;Sem Vítimas;Plena Noite;Decrescente;Céu Claro;Dupla;Reta;Não;1;0;0;0;0;1;0;1;-10,95818;-37,23595;SR-SE;DEL20/2;UOP01/SE
268111;08/02/2020;sábado;22:15:00;PR;153;22;CAMBARA;Falta de Atenção à Condução;Colisão traseira;Com Vítimas Feridas;Plena Noite;Decrescente;Nublado;Simples;Reta;Não;3;0;1;1;1;0;2;2;-23,04244;-50,10167;SR-PR;DEL7/7;UOP07/PR
268112;09/02/2020;domingo;00:05:00;PR;373;172,6;PONTA GROSSA;Ingestão de Álcool;Colisão traseira;Sem Vítimas;Plena Noite;Crescente;Nublado;Múltipla;Reta;Sim;2;0;0;0;1;1;0;2;-25,0814;-50,19201;SR-PR;DEL7/3;UOP01/PR
268114;08/02/2020;sábado;21:50:00;PE;423;100,9;GARANHUNS;Ingestão de Álcool;Colisão frontal;Com Vítimas Fatais;Plena Noite;Crescente;Céu Claro;Simples;Reta;Não;4;2;0;1;0;1;1;2;-8,874771;-36,52085;SR-PE;DEL11/3;UOP01/PE
268115;08/02/2020;sábado;23:50:00;PB;230;156,6;CAMPINA GRANDE;Animais na Pista;Atropelamento de Animal;Com Vítimas Feridas;Plena Noite;Crescente;Céu Claro;Simples;Reta;Sim;1;0;1;0;0;0;1;1;-7,2693;-35,9138;SR-PB;DEL14/2;UOP01/PB
268116;08/02/2020;sábado;23:00:00;SC;470;22,9;ILHOTA;Ingestão de Álcool;Colisão com objeto estático;Com Vítimas Fatais;Plena Noite;Decrescente;Nublado;Dupla;Reta;Não;4;1;2;1;0;0;3;1;-26,88007;-48,83622;SR-SC;DEL8/4;UOP04/SC
268117;08/02/2020;sábado;11:45:00;PR;116;163;QUITANDINHA;Condutor Dormindo;Colisão traseira;Com Vítimas Feridas;Plena Noite;Decrescente;Nublado;Simples;Reta;Não;4;0;2;0;2;0;2;2;-25,86442;-49,41795;SR-PR;DEL7/1;UOP03/PR
268118;09/02/2020;domingo;01:00:00;PR;376;175,5;MARINGA;Falta de Atenção à Condução;Colisão traseira;Com Vítimas Feridas;Plena Noite;Crescente;Céu Claro;Dupla;Não Informado;Sim;2;0;1;0;1;0;1;2;-23,41136;-51,94078;SR-PR;DEL7/7;UOP04/PR
268119;08/02/2020;sábado;21:45:00;RN;405;2,1;MOSSORO;Ingestão de Álcool;Colisão traseira;Com Vítimas Feridas;Plena Noite;Crescente;Céu Claro;Dupla;Não Informado;Sim;2;0;1;0;1;0;1;2;-5,192891;-37,3723;SR-RN;DEL15/4;UOP02/RN
268120;09/02/2020;domingo;01:50:00;SP;153;68,3;SAO JOSE DO RIO PRETO;Falta de Atenção à Condução;Tombamento;Com Vítimas Feridas;Plena Noite;Decrescente;Nublado;Dupla;Desvio Temporário;Não;1;0;1;0;0;0;1;1;-20,85058;-49,38379;SR-SP;DEL6/9;UOP01/SP
268121;09/02/2020;domingo;01:30:00;PB;230;28;JOAO PESSOA;Velocidade Incompatível;Saída de leito carroçável;Sem Vítimas;Plena Noite;Crescente;Nevoeiro/Neblina;Dupla;Curva;Sim;1;0;0;0;1;0;0;1;-7,1651;-34,8941;SR-PB;DEL14/1;UOP01/PB
268122;08/02/2020;sábado;23:32:00;PE;232;122,2;CARUARU;Animais na Pista;Atropelamento de Animal;Sem Vítimas;Plena Noite;Decrescente;Céu Claro;Dupla;Reta;Não;1;0;0;0;1;0;0;1;-8,302177;-35,91947;SR-PE;DEL11/2;UOP02/PE
268123;08/02/2020;sábado;19:30:00;MT;70;74;GENERAL CARNEIRO;Velocidade Incompatível;Saída de leito carroçável;Com Vítimas Fatais;Plena Noite;Crescente;Chuva;Simples;Não Informado;Não;2;1;1;0;0;0;1;1;-15,66552;-52,79926;SR-MT;DEL2/8;UOP01/MT
268124;09/02/2020;domingo;00:20:00;SC;480;127;CHAPECO;Falta de Atenção à Condução;Saída de leito carroçável;Sem Vítimas;Plena Noite;Crescente;Céu Claro;Simples;Não Informado;Sim;1;0;0;0;0;1;0;1;-27,02886;-52,6338;SR-SC;UOP01;DEL07
268125;08/02/2020;sábado;23:52:00;PE;232;120,9;CARUARU;Falta de Atenção à Condução;Colisão lateral;Sem Vítimas;Plena Noite;Decrescente;Céu Claro;Dupla;Reta;Não;2;0;0;0;1;1;0;2;-8,298267;-35,90192;SR-PE;UOP02;DEL02
268126;09/02/2020;domingo;01:20:00;AP;210;1,8;MACAPA;Velocidade Incompatível;Saída de leito carroçável;Sem Vítimas;Plena Noite;Crescente;Chuva;Múltipla;Reta;Sim;1;0;0;0;0;1;0;1;0,07816717;-51,06999;SR-AP;UOP01/AP;
268127;09/02/2020;domingo;00:40:00;PE;232;122,2;CARUARU;Ingestão de Álcool;Colisão lateral;Com Vítimas Feridas;Plena Noite;Crescente;Céu Claro;Dupla;Reta;Não;2;0;1;0;1;0;1;2;-8,302177;-35,91947;SR-PE;UOP02;DEL02
268128;09/02/2020;domingo;02:00:00;RS;386;355,5;ESTRELA;Falta de Atenção à Condução;Saída de leito carroçável;Com Vítimas Feridas;Plena Noite;Decrescente;Garoa/Chuvisco;Dupla;Curva;Não;1;0;1;0;0;0;1;1;-29,51507;-51,94008;SR-RS;DEL9/4;UOP02/RS
268129;09/02/2020;domingo;00:50:00;DF;20;22,3;BRASILIA;Falta de Atenção à Condução;Colisão lateral;Com Vítimas Feridas;Plena Noite;Decrescente;Chuva;Dupla;Não Informado;Sim;5;0;1;0;4;0;1;2;-15,5971;-47,67378;SR-DF;UOP01;DEL02
268130;09/02/2020;domingo;00:50:00;CE;222;88,9;UMIRIM;Animais na Pista;Atropelamento de Animal;Com Vítimas Fatais;Plena Noite;Crescente;Céu Claro;Simples;Reta;Sim;1;1;0;0;0;0;0;1;-3,672559;-39,32995;SR-CE;DEL16/4;UOP03/CE
268132;09/02/2020;domingo;01:00:00;RJ;116;132;MAGE;Falta de Atenção do Pedestre;Atropelamento de Pedestre;Com Vítimas Feridas;Plena Noite;Crescente;Nublado;Dupla;Reta;Não;2;0;0;1;0;1;1;1;-22,64887;-43,1797;SR-RJ;DEL5/4;UOP02/RJ
268133;09/02/2020;domingo;02:00:00;PR;376;182;MARINGA;Falta de Atenção à Condução;Colisão traseira;Com Vítimas Feridas;Plena Noite;Crescente;Céu Claro;Dupla;Rotatória;Sim;2;0;1;0;1;0;1;2;-23,43224;-51,88755;SR-PR;DEL7/7;UOP04/PR
268134;09/02/2020;domingo;02:00:00;GO;364;172;JATAI;Ingestão de Álcool;Saída de leito carroçável;Sem Vítimas;Plena Noite;Crescente;Nublado;Simples;Reta;Não;1;0;0;0;1;0;0;1;-18,01528;-51,55648;SR-GO;DEL1/5;UOP01/GO
268135;09/02/2020;domingo;02:10:00;PR;153;16;JACAREZINHO;Falta de Atenção à Condução;Capotamento;Com Vítimas Feridas;Plena Noite;Decrescente;Nublado;Simples;Reta;Não;2;0;2;0;0;0;2;1;-23,12749;-49,94481;SR-PR;DEL7/7;UOP07/PR
268136;09/02/2020;domingo;03:45:00;SP;116;279;EMBU DAS ARTES;Velocidade Incompatível;Colisão traseira;Com Vítimas Fatais;Plena Noite;Decrescente;Céu Claro;Dupla;Reta;Sim;8;1;0;4;0;3;4;2;-23,66234;-46,85293;SR-SP;UOP01;DEL04
268138;09/02/2020;domingo;02:40:00;MT;70;3,2;BARRA DO GARCAS;Ingestão de Álcool;Tombamento;Com Vítimas Feridas;Plena Noite;Decrescente;Garoa/Chuvisco;Dupla;Rotatória;Sim;1;0;1;0;0;0;1;1;-15,88253;-52,27574;SR-MT;DEL2/8;UOP01/MT
268139;09/02/2020;domingo;01:50:00;RJ;40;116;DUQUE DE CAXIAS;Velocidade Incompatível;Saída de leito carroçável;Sem Vítimas;Plena Noite;Crescente;Céu Claro;Simples;Reta;Sim;1;0;0;0;1;0;0;1;-22,7455;-43,28799;SR-RJ;DEL5/1;UOP01/RJ
268141;09/02/2020;domingo;04:15:00;TO;226;44,1;DARCINOPOLIS;Velocidade Incompatível;Colisão com objeto estático;Com Vítimas Feridas;Plena Noite;Decrescente;Chuva;Simples;Não Informado;Não;1;0;1;0;0;0;1;1;-6,741694;-47,77989;SR-TO;UOP05/TO;
268142;09/02/2020;domingo;03:45:00;MG;40;569;NOVA LIMA;Falta de Atenção do Pedestre;Atropelamento de Pedestre;Com Vítimas Feridas;Plena Noite;Crescente;Chuva;Simples;Reta;Sim;2;0;1;0;1;0;1;2;-20,20394;-43,97409;SR-MG;DEL4/1;UOP02/MG
268143;09/02/2020;domingo;03:15:00;CE;222;67,5;SAO GONCALO DO AMARANTE;Ingestão de Álcool;Colisão lateral;Sem Vítimas;Plena Noite;Crescente;Céu Claro;Simples;Reta;Não;2;0;0;0;2;0;0;2;-3,670898;-39,14305;SR-CE;DEL16/1;UOP03/CE
268144;09/02/2020;domingo;03:30:00;MG;40;510;RIBEIRAO DAS NEVES;Falta de Atenção à Condução;Saída de leito carroçável;Com Vítimas Feridas;Plena Noite;Decrescente;Nublado;Dupla;Reta;Sim;3;0;2;0;1;0;2;1;-19,77464;-44,12322;SR-MG;DEL4/1;UOP02/MG
268145;09/02/2020;domingo;04:00:00;PR;369;496;CORBELIA;Ingestão de Álcool;Colisão com objeto estático;Com Vítimas Feridas;Plena Noite;Crescente;Céu Claro;Simples;Reta;Não;2;0;2;0;0;0;2;1;-24,7531;-53,2823;SR-PR;DEL7/4;UOP04/PR
268146;09/02/2020;domingo;04:40:00;GO;50;119;CRISTALINA;Ingestão de Álcool;Queda de ocupante de veículo;Sem Vítimas;Plena Noite;Crescente;Céu Claro;Simples;Rotatória;Sim;1;0;0;0;1;0;0;1;-16,9309;-47,7117;SR-DF;UOP04;DEL01
268147;09/02/2020;domingo;04:40:00;RS;290;30,8;SANTO ANTONIO DA PATRULHA;Condutor Dormindo;Saída de leito carroçável;Com Vítimas Feridas;Plena Noite;Decrescente;Nublado;Múltipla;Reta;Não;3;0;2;0;1;0;2;1;-29,88398;-50,55957;SR-RS;DEL9/3;UOP01/RS
268148;09/02/2020;domingo;01:30:00;MG;116;89,5;MEDINA;Velocidade Incompatível;Capotamento;Com Vítimas Feridas;Plena Noite;Decrescente;Nublado;Simples;Curva;Não;2;0;2;0;0;0;2;1;-16,34248;-41,47615;SR-MG;DEL4/11;UOP02/MG
268149;08/02/2020;sábado;23:20:00;GO;60;163,5;GOIANIA;Ingestão de Álcool;Colisão com objeto estático;Sem Vítimas;Plena Noite;Crescente;Nublado;Dupla;Reta;Sim;1;0;0;0;1;0;0;1;-16,70084;-49,33462;SR-GO;DEL1/1;UOP02/GO
268150;09/02/2020;domingo;04:45:00;PR;277;82;CURITIBA;Falta de Atenção à Condução;Colisão lateral;Com Vítimas Feridas;Plena Noite;Decrescente;Céu Claro;Dupla;Reta;Sim;3;0;1;0;2;0;1;2;-25,45926;-49,22091;SR-PR;DEL7/1;UOP04/PR
268151;09/02/2020;domingo;05:15:00;RS;116;427,8;CRISTAL;Desobediência às normas de trânsito pelo condutor;Colisão frontal;Com Vítimas Feridas;Plena Noite;Crescente;Nublado;Simples;Não Informado;Sim;3;0;0;2;1;0;2;2;-31,00441;-52,05181;SR-RS;DEL9/2;UOP02/RS
268152;09/02/2020;domingo;05:40:00;RS;116;133;CAXIAS DO SUL;Defeito Mecânico no Veículo;Tombamento;Com Vítimas Feridas;Amanhecer;Decrescente;Garoa/Chuvisco;Simples;Curva;Não;5;0;1;0;2;2;1;1;-29,0559;-51,0969;SR-RS;DEL9/5;UOP01/RS
268153;09/02/2020;domingo;04:30:00;RJ;393;136,6;SAPUCAIA;Condutor Dormindo;Colisão com objeto estático;Com Vítimas Feridas;Plena Noite;Crescente;Céu Claro;Simples;Curva;Não;1;0;1;0;0;0;1;1;-22,00799;-42,94652;SR-RJ;DEL5/6;UOP02/RJ
268154;05/02/2020;quarta-feira;21:40:00;RJ;101;311;SAO GONCALO;Falta de Atenção à Condução;Engavetamento;Com Vítimas Feridas;Plena Noite;Crescente;Chuva;Dupla;Reta;Sim;6;0;1;0;4;1;1;6;-22,80062;-43,05319;SR-RJ;DEL5/2;UOP01/RJ
268155;09/02/2020;domingo;06:10:00;SP;116;4;GUARULHOS;Falta de Atenção à Condução;Saída de leito carroçável;Com Vítimas Feridas;Pleno dia;Crescente;Sol;Dupla;Reta;Sim;4;0;1;0;3;0;1;3;-23,42378;-46,48867;SR-SP;DEL6/1;UOP01/SP
268156;09/02/2020;domingo;05:35:00;SC;101;130,5;BALNEARIO CAMBORIU;Ingestão de Álcool;Colisão frontal;Sem Vítimas;Amanhecer;Decrescente;Nublado;Dupla;Reta;Não;1;0;0;0;1;0;0;1;-26,98408;-48,66977;SR-SC;DEL8/4;UOP03/SC
268157;09/02/2020;domingo;04:30:00;MG;116;459;ENGENHEIRO CALDAS;Condutor Dormindo;Saída de leito carroçável;Com Vítimas Fatais;Plena Noite;Crescente;Céu Claro;Simples;Curva;Não;2;2;0;0;0;0;0;1;-19,21718;-42,05777;SR-MG;DEL4/6;UOP02/MG
268158;08/02/2020;sábado;22:00:00;MA;230;0;BARAO DE GRAJAU;Desobediência às normas de trânsito pelo condutor;Queda de ocupante de veículo;Com Vítimas Feridas;Plena Noite;Crescente;Nublado;Simples;Viaduto;Sim;3;0;1;0;0;2;1;2;-6,760894;-43,01105;SR-PI;DEL17/3;UOP01/PI
268159;09/02/2020;domingo;06:30:00;BA;116;847,3;VITORIA DA CONQUISTA;Ultrapassagem Indevida;Saída de leito carroçável;Com Vítimas Feridas;Pleno dia;Decrescente;Céu Claro;Simples;Não Informado;Não;5;0;5;0;0;0;5;1;-14,96928;-40,91129;SR-BA;DEL10/8;UOP03/BA
268160;09/02/2020;domingo;04:40:00;MG;116;398,1;GOVERNADOR VALADARES;Condutor Dormindo;Saída de leito carroçável;Com Vítimas Feridas;Pleno dia;Decrescente;Céu Claro;Simples;Não Informado;Não;1;0;0;1;0;0;1;1;-18,76391;-41,98521;SR-MG;DEL4/6;UOP01/MG
268161;09/02/2020;domingo;06:40:00;SC;470;32;GASPAR;Ingestão de Álcool;Capotamento;Com Vítimas Feridas;Amanhecer;Crescente;Céu Claro;Dupla;Reta;Não;1;0;1;0;0;0;1;1;-26,90179;-48,93181;SR-SC;UOP01;DEL04
268162;09/02/2020;domingo;07:05:00;MG;381;526;BRUMADINHO;Velocidade Incompatível;Saída de leito carroçável;Com Vítimas Feridas;Pleno dia;Crescente;Chuva;Dupla;Curva;Não;2;0;1;0;1;0;1;1;-20,16175;-44,34145;SR-MG;DEL4/4;UOP03/MG
268163;09/02/2020;domingo;06:40:00;PR;116;114;CURITIBA;Velocidade Incompatível;Saída de leito carroçável;Com Vítimas Feridas;Amanhecer;Crescente;Nublado;Dupla;Reta;Não;1;0;1;0;0;0;1;1;-25,55953;-49,2656;SR-PR;DEL7/1;UOP04/PR
268164;09/02/2020;domingo;07:40:00;MG;40;532,9;BELO HORIZONTE;Falta de Atenção do Pedestre;Atropelamento de Pedestre;Com Vítimas Feridas;Pleno dia;Crescente;Nublado;Dupla;Reta;Sim;2;0;1;1;0;0;2;1;-19,92373;-44,01701;SR-MG;DEL4/1;UOP02/MG
268165;09/02/2020;domingo;05:40:00;SC;101;378,3;ICARA;Ingestão de Álcool;Colisão com objeto estático;Sem Vítimas;Amanhecer;Decrescente;Sol;Dupla;Reta;Sim;1;0;0;0;1;0;0;1;-28,75274;-49,27331;SR-SC;UOP01;DEL02
268166;09/02/2020;domingo;06:40:00;SC;101;138;BALNEARIO CAMBORIU;Falta de Atenção à Condução;Tombamento;Com Vítimas Feridas;Amanhecer;Crescente;Céu Claro;Simples;Curva;Não;1;0;0;1;0;0;1;1;-27,02397;-48,60762;SR-SC;DEL8/4;UOP03/SC
268168;22/01/2020;quarta-feira;08:25:00;RS;153;572;BAGE;Condutor Dormindo;Saída de leito carroçável;Com Vítimas Feridas;Pleno dia;Crescente;Céu Claro;Simples;Curva;Não;1;0;1;0;0;0;1;1;-31,00895;-53,65655;SR-RS;DEL9/11;UOP03/RS
268169;09/02/2020;domingo;08:00:00;SC;101;428,3;SOMBRIO;Defeito Mecânico no Veículo;Tombamento;Com Vítimas Feridas;Pleno dia;Crescente;Nublado;Múltipla;Reta;Não;2;0;2;0;0;0;2;1;-29,04023;-49,61224;SR-SC;DEL8/2;UOP02/SC
268170;09/02/2020;domingo;08:30:00;PI;343;11,2;PARNAIBA;Ingestão de Álcool;Colisão com objeto estático;Com Vítimas Feridas;Pleno dia;Crescente;Céu Claro;Dupla;Curva;Sim;1;0;1;0;0;0;1;1;-2,903314;-41,75066;SR-PI;UOP01;DEL05
268171;09/02/2020;domingo;05:00:00;PA;10;258,5;AURORA DO PARA;Falta de Atenção à Condução;Colisão traseira;Com Vítimas Feridas;Amanhecer;Decrescente;Céu Claro;Simples;Reta;Não;6;0;3;0;2;1;3;2;-2,17744;-47,56125;SR-PA;DEL19/2;UOP02/PA
268172;09/02/2020;domingo;07:55:00;MG;381;487,5;BETIM;Falta de Atenção à Condução;Colisão lateral;Com Vítimas Feridas;Pleno dia;Crescente;Nublado;Dupla;Curva;Sim;5;0;4;0;1;0;4;2;-19,95587;-44,1461;SR-MG;UOP03;DEL01
268173;09/02/2020;domingo;07:25:00;MG;381;274;JAGUARACU;Falta de Atenção à Condução;Saída de leito carroçável;Com Vítimas Feridas;Pleno dia;Crescente;Nublado;Simples;Curva;Não;1;0;1;0;0;0;1;1;-19,57461;-42,71802;SR-MG;DEL4/3;UOP02/MG
268174;09/02/2020;domingo;07:00:00;RS;290;107;ELDORADO DO SUL;Condutor Dormindo;Saída de leito carroçável;Sem Vítimas;Pleno dia;Decrescente;Nublado;Dupla;Reta;Não;1;0;0;0;0;1;0;1;-30,00185;-51,30426;SR-RS;DEL9/2;UOP01/RS
268175;09/02/2020;domingo;08:55:00;MG;50;66,3;UBERLANDIA;Defeito Mecânico no Veículo;Colisão com objeto em movimento;Com Vítimas Feridas;Pleno dia;Decrescente;Chuva;Dupla;Reta;Não;2;0;1;0;1;0;1;2;-18,8514;-48,25346;SR-MG;DEL4/15;UOP01/MG
268177;09/02/2020;domingo;09:30:00;RJ;116;258;PIRAI;Velocidade Incompatível;Colisão com objeto estático;Com Vítimas Feridas;Pleno dia;Crescente;Céu Claro;Simples;Curva;Não;2;0;2;0;0;0;2;1;-22,58139;-44,02161;SR-RJ;DEL5/7;UOP01/RJ
268178;09/02/2020;domingo;06:50:00;RS;287;453,2;SAO BORJA;Falta de Atenção do Pedestre;Atropelamento de Pedestre;Com Vítimas Feridas;Pleno dia;Decrescente;Céu Claro;Simples;Reta;Não;5;0;0;1;3;1;1;1;-28,99184;-55,30396;SR-RS;DEL9/12;UOP02/RS
268179;09/02/2020;domingo;07:10:00;SP;381;76,3;SAO PAULO;Desobediência às normas de trânsito pelo condutor;Colisão lateral;Com Vítimas Feridas;Pleno dia;Decrescente;Céu Claro;Dupla;Curva;Não;3;0;2;0;1;0;2;2;-23,38372;-46,56502;SR-SP;DEL6/3;UOP02/SP
268180;09/02/2020;domingo;09:35:00;CE;116;46,7;PACAJUS;Desobediência às normas de trânsito pelo condutor;Colisão transversal;Com Vítimas Feridas;Pleno dia;Decrescente;Céu Claro;Dupla;Reta;Não;1;0;1;0;0;0;1;1;-4,139241;-38,47995;SR-CE;UOP02;DEL01
268181;09/02/2020;domingo;09:20:00;SP;153;75,6;BADY BASSITT;Não guardar distância de segurança;Colisão lateral;Com Vítimas Feridas;Pleno dia;Crescente;Nublado;Dupla;Desvio Temporário;Sim;4;0;1;0;2;1;1;2;-20,89418;-49,43388;SR-SP;DEL6/9;UOP01/SP
268182;09/02/2020;domingo;06:20:00;RO;435;124;CEREJEIRAS;Desobediência às normas de trânsito pelo condutor;Colisão transversal;Com Vítimas Feridas;Pleno dia;Crescente;Céu Claro;Simples;Reta;Sim;2;0;1;0;0;1;1;2;-13,18888;-60,81729;SR-RO;DEL21/4;UOP02/RO
268183;09/02/2020;domingo;10:20:00;GO;60;378;RIO VERDE;Velocidade Incompatível;Saída de leito carroçável;Com Vítimas Feridas;Pleno dia;Crescente;Garoa/Chuvisco;Dupla;Reta;Sim;2;0;1;1;0;0;2;1;-17,7481;-50,8763;SR-GO;DEL1/4;UOP01/GO
268184;09/02/2020;domingo;07:50:00;MG;262;31,1;REDUTO;Ingestão de Álcool;Saída de leito carroçável;Com Vítimas Feridas;Pleno dia;Decrescente;Nublado;Simples;Não Informado;Não;1;0;0;1;0;0;1;1;-20,25327;-41,99263;SR-MG;DEL4/6;UOP04/MG
268185;09/02/2020;domingo;10:30:00;MG;381;876,8;ESTIVA;Velocidade Incompatível;Colisão com objeto estático;Com Vítimas Feridas;Pleno dia;Decrescente;Chuva;Dupla;Curva;Não;3;0;2;0;1;0;2;1;-22,50115;-46,0136;SR-MG;UOP01;DEL16
268186;09/02/2020;domingo;09:30:00;SC;101;191;BIGUACU;Ingestão de Álcool;Colisão com objeto estático;Com Vítimas Feridas;Pleno dia;Decrescente;Nublado;Dupla;Curva;Sim;2;0;1;0;1;0;1;1;-27,4773;-48,64127;SR-SC;DEL8/1;UOP01/SC
268187;09/02/2020;domingo;10:40:00;SC;280;42;GUARAMIRIM;Mal Súbito;Saída de leito carroçável;Com Vítimas Feridas;Pleno dia;Decrescente;Sol;Simples;Reta;Não;1;0;1;0;0;0;1;1;-26,45148;-48,88123;SR-SC;UOP03;DEL03
268188;09/02/2020;domingo;10:30:00;PI;316;315;PICOS;Falta de Atenção à Condução;Colisão lateral;Sem Vítimas;Pleno dia;Decrescente;Sol;Simples;Reta;Sim;1;0;0;0;1;0;0;1;-7,079513;-41,43236;SR-PI;DEL17/4;UOP01/PI
268189;09/02/2020;domingo;10:00:00;MT;364;606;DIAMANTINO;Ingestão de Álcool;Colisão lateral;Com Vítimas Feridas;Pleno dia;Decrescente;Nublado;Simples;Reta;Não;2;0;1;0;1;0;1;2;-14,46637;-56,24885;SR-MT;DEL2/4;UOP01/MT
268192;09/02/2020;domingo;10:00:00;PR;277;639;CEU AZUL;Ultrapassagem Indevida;Colisão lateral;Com Vítimas Feridas;Pleno dia;Decrescente;Céu Claro;Simples;Curva;Não;4;0;2;2;0;0;4;2;-25,16311;-53,85897;SR-PR;DEL7/5;UOP02/PR
268193;09/02/2020;domingo;10:50:00;PR;369;522;CASCAVEL;Desobediência às normas de trânsito pelo pedestre;Atropelamento de Pedestre;Com Vítimas Feridas;Pleno dia;Decrescente;Sol;Simples;Reta;Não;2;0;1;0;1;0;1;1;-24,9408;-53,3978;SR-PR;DEL7/4;UOP01/PR
268194;09/02/2020;domingo;11:10:00;SC;282;16;PALHOCA;Desobediência às normas de trânsito pelo condutor;Colisão lateral;Com Vítimas Feridas;Pleno dia;Crescente;Nublado;Simples;Reta;Não;3;0;1;0;1;1;1;2;-27,65861;-48,68185;SR-SC;DEL8/1;UOP02/SC
268195;09/02/2020;domingo;08:30:00;PI;343;270;CAMPO MAIOR;Avarias e/ou desgaste excessivo no pneu;Tombamento;Com Vítimas Feridas;Pleno dia;Decrescente;Nublado;Simples;Reta;Sim;2;0;2;0;0;0;2;1;-4,855873;-42,20013;SR-PI;DEL17/1;UOP03/PI
268197;09/02/2020;domingo;09:00:00;CE;222;148,3;IRAUCUBA;Falta de Atenção à Condução;Colisão com objeto estático;Sem Vítimas;Pleno dia;Crescente;Céu Claro;Simples;Reta;Sim;1;0;0;0;1;0;0;1;-3,750012;-39,77295;SR-CE;DEL16/4;UOP03/CE
268198;09/02/2020;domingo;11:10:00;RJ;40;24;TRES RIOS;Velocidade Incompatível;Tombamento;Com Vítimas Feridas;Pleno dia;Crescente;Céu Claro;Dupla;Curva;Não;1;0;1;0;0;0;1;1;-22,13813;-43,15928;SR-RJ;DEL5/6;UOP01/RJ
268200;09/02/2020;domingo;11:20:00;SC;101;213,7;PALHOCA;Falta de Atenção à Condução;Queda de ocupante de veículo;Com Vítimas Feridas;Pleno dia;Crescente;Nublado;Dupla;Reta;Não;2;0;1;0;1;0;1;1;-27,63697;-48,66514;SR-SC;DEL8/1;UOP02/SC
268202;09/02/2020;domingo;11:40:00;GO;153;496,4;GOIANIA;Defeito Mecânico no Veículo;Tombamento;Com Vítimas Feridas;Pleno dia;Decrescente;Chuva;Dupla;Reta;Sim;2;0;1;1;0;0;2;1;-16,6776;-49,2314;SR-GO;DEL1/1;UOP01/GO
268203;09/02/2020;domingo;11:40:00;RJ;116;175;RIO DE JANEIRO;Falta de Atenção à Condução;Colisão lateral;Com Vítimas Feridas;Pleno dia;Crescente;Sol;Dupla;Reta;Sim;5;0;2;0;3;0;2;2;-22,78924;-43,37275;SR-RJ;UOP02;DEL01
268204;09/02/2020;domingo;12:50:00;ES;101;288,4;CARIACICA;Falta de Atenção à Condução;Colisão traseira;Com Vítimas Feridas;Pleno dia;Crescente;Sol;Dupla;Curva;Não;3;0;1;0;2;0;1;2;-20,2716;-40,39092;SR-ES;UOP01;DEL01
268206;09/02/2020;domingo;09:30:00;RJ;101;322,6;NITEROI;Falta de Atenção à Condução;Colisão lateral;Com Vítimas Feridas;Pleno dia;Decrescente;Sol;Múltipla;Interseção de vias;Sim;2;0;1;0;1;0;1;2;-22,87892;-43,11068;SR-RJ;UOP01;DEL02
268207;09/02/2020;domingo;12:30:00;CE;222;7,2;CAUCAIA;Falta de Atenção à Condução;Colisão traseira;Sem Vítimas;Pleno dia;Crescente;Nublado;Simples;Reta;Sim;2;0;0;0;1;1;0;2;-3,73323;-38,70287;SR-CE;UOP01;DEL01
268208;09/02/2020;domingo;13:09:00;SC;280;67,7;JARAGUA DO SUL;Falta de Atenção do Pedestre;Atropelamento de Pedestre;Com Vítimas Feridas;Pleno dia;Crescente;Céu Claro;Simples;Reta;Sim;2;0;0;1;1;0;1;1;-26,47751;-49,10364;SR-SC;UOP03;DEL03
268209;09/02/2020;domingo;12:45:00;ES;101;147;LINHARES;Falta de Atenção à Condução;Colisão transversal;Com Vítimas Feridas;Pleno dia;Crescente;Céu Claro;Múltipla;Interseção de vias;Sim;2;0;0;1;1;0;1;2;-19,37887;-40,06658;SR-ES;DEL12/4;UOP01/ES
268210;09/02/2020;domingo;08:45:00;MT;70;311,8;DOM AQUINO;Falta de Atenção à Condução;Saída de leito carroçável;Com Vítimas Feridas;Pleno dia;Decrescente;Garoa/Chuvisco;Simples;Curva;Não;1;0;1;0;0;0;1;1;-15,55632;-54,60162;SR-MT;DEL2/5;UOP01/MT
268211;09/02/2020;domingo;06:30:00;MT;364;1188;CAMPOS DE JULIO;Falta de Atenção à Condução;Colisão lateral;Sem Vítimas;Amanhecer;Crescente;Garoa/Chuvisco;Simples;Reta;Não;2;0;0;0;1;1;0;2;-13,7286;-59,2641;SR-MT;DEL2/7;UOP01/MT
268212;09/02/2020;domingo;11:00:00;MG;381;922;CAMANDUCAIA;Velocidade Incompatível;Saída de leito carroçável;Com Vítimas Feridas;Pleno dia;Decrescente;Chuva;Dupla;Reta;Não;1;0;1;0;0;0;1;1;-22,76661;-46,17745;SR-MG;UOP03;DEL16
268213;09/02/2020;domingo;13:30:00;MG;381;541;ITATIAIUCU;Mal Súbito;Queda de ocupante de veículo;Com Vítimas Feridas;Pleno dia;Decrescente;Nublado;Dupla;Reta;Não;1;0;1;0;0;0;1;1;-20,25687;-44,41851;SR-MG;DEL4/4;UOP03/MG