id;data_inversa;dia_semana;horario;uf;br;km;municipio;causa_acidente;tipo_acidente;classificacao_acidente;fase_dia;sentido_via;condicao_metereologica;tipo_pista;tracado_via;uso_solo;pessoas;mortos;feridos_leves;feridos_graves;ilesos;ignorados;feridos;veiculos;latitude;longitude;regional;delegacia;uop
268214;09/02/2020;domingo;13:30:00;SP;101;49,8;UBATUBA;Ingestão de Álcool;Saída de leito carroçável;Sem Vítimas;Pleno dia;Decrescente;Sol;Simples;Reta;Sim;1;0;0;0;1;0;0;1;-23,45238;-45,07526;SR-SP;DEL6;UOP03/SP
268215;09/02/2020;domingo;12:40:00;SP;116;87,8;PINDAMONHANGABA;Defeito Mecânico no Veículo;Colisão com objeto em movimento;Com Vítimas Fatais;Pleno dia;Decrescente;Céu Claro;Dupla;Reta;Não;2;1;0;0;1;0;0;2;-22,93065;-45,36166;SR-SP;UOP01;DEL06
268216;09/02/2020;domingo;13:30:00;MG;365;656,7;MONTE ALEGRE DE MINAS;Defeito na Via;Saída de leito carroçável;Com Vítimas Feridas;Pleno dia;Crescente;Chuva;Dupla;Reta;Não;4;0;3;1;0;0;4;1;-18,88179;-48,60754;SR-MG;DEL4/15;UOP01/MG
268217;09/02/2020;domingo;14:15:00;MG;381;908,5;CAMANDUCAIA;Pista Escorregadia;Saída de leito carroçável;Com Vítimas Feridas;Pleno dia;Crescente;Chuva;Dupla;Curva;Não;4;0;4;0;0;0;4;1;-22,71744;-46,12652;SR-MG;DEL09;UOP03/MG
268219;09/02/2020;domingo;14:20:00;RJ;393;282;VOLTA REDONDA;Falta de Atenção à Condução;Engavetamento;Com Vítimas Feridas;Pleno dia;Crescente;Céu Claro;Simples;Reta;Não;6;0;2;0;4;0;2;4;-22,48083;-44,04047;SR-RJ;UOP02;DEL05
268220;09/02/2020;domingo;12:09:00;MG;153;24;CENTRALINA;Falta de Atenção à Condução;Saída de leito carroçável;Com Vítimas Feridas;Pleno dia;Crescente;Chuva;Dupla;Reta;Não;2;0;0;1;1;0;1;1;-18,63127;-49,18367;SR-MG;DEL4/15;UOP03/MG
268222;09/02/2020;domingo;13:15:00;RJ;101;560,4;PARATY;Ultrapassagem Indevida;Colisão frontal;Com Vítimas Feridas;Pleno dia;Crescente;Céu Claro;Simples;Reta;Não;2;0;0;2;0;0;2;2;-23,11295;-44,70861;SR-RJ;DEL5/3;UOP04/RJ
268223;09/02/2020;domingo;13:30:00;MA;135;21;SAO LUIS;Falta de Atenção à Condução;Colisão lateral;Com Vítimas Feridas;Pleno dia;Crescente;Nublado;Dupla;Reta;Sim;3;0;2;0;0;1;2;2;-2,53073;-44,3068;SR-MA;DEL18/1;UOP01/MA
268224;09/02/2020;domingo;10:50:00;AM;319;679,8;HUMAITA;Falta de Atenção à Condução;Saída de leito carroçável;Com Vítimas Feridas;Pleno dia;Decrescente;Nublado;Simples;Reta;Não;2;0;2;0;0;0;2;1;-7,560477;-63,07792;SR-RO;DEL21/01;UOP03/RO
268225;09/02/2020;domingo;14:00:00;RN;101;94;NATAL;Ingestão de Álcool;Colisão lateral;Com Vítimas Feridas;Pleno dia;Decrescente;Sol;Múltipla;Interseção de vias;Sim;3;0;0;1;1;1;1;3;-5,830027;-35,21119;SR-RN;DEL15/1;UOP01/RN
268226;09/02/2020;domingo;13:20:00;MT;163;11,5;ITIQUIRA;Defeito Mecânico no Veículo;Saída de leito carroçável;Com Vítimas Feridas;Pleno dia;Decrescente;Céu Claro;Dupla;Reta;Não;4;0;1;1;2;0;2;1;-17,41692;-54,75262;SR-MT;DEL2/2;UOP02/MT
268227;09/02/2020;domingo;14:45:00;SC;101;235;PALHOCA;Não guardar distância de segurança;Colisão traseira;Com Vítimas Feridas;Pleno dia;Decrescente;Garoa/Chuvisco;Dupla;Não Informado;Não;5;0;2;0;3;0;2;4;-27,81778;-48,6315;SR-SC;DEL8/1;UOP02/SC
268229;09/02/2020;domingo;15:05:00;SC;470;64;INDAIAL;Pista Escorregadia;Capotamento;Com Vítimas Feridas;Pleno dia;Crescente;Chuva;Simples;Reta;Sim;1;0;1;0;0;0;1;1;-26,86987;-49,20186;SR-SC;DEL8/4;UOP01/SC
268230;09/02/2020;domingo;14:30:00;SP;116;218,4;GUARULHOS;Velocidade Incompatível;Colisão com objeto estático;Com Vítimas Feridas;Pleno dia;Crescente;Céu Claro;Múltipla;Desvio Temporário;Sim;1;0;1;0;0;0;1;1;-23,45797;-46,47993;SR-SP;DEL6/1;UOP01/SP
268231;09/02/2020;domingo;15:25:00;RJ;393;194,9;PARAIBA DO SUL;Não guardar distância de segurança;Colisão traseira;Sem Vítimas;Pleno dia;Crescente;Céu Claro;Simples;Reta;Não;2;0;0;0;2;0;0;2;-22,19044;-43,34909;SR-RJ;DEL5/5;UOP01/RJ
268233;09/02/2020;domingo;16:00:00;PB;230;462;SOUSA;Ingestão de Álcool;Colisão traseira;Sem Vítimas;Pleno dia;Crescente;Nublado;Simples;Interseção de vias;Sim;2;0;0;0;2;0;0;2;-6,778532;-38,22917;SR-PB;UOP03;DEL03
268235;09/02/2020;domingo;15:00:00;SP;153;34,7;NOVA GRANADA;Desobediência às normas de trânsito pelo condutor;Colisão lateral;Sem Vítimas;Pleno dia;Crescente;Céu Claro;Simples;Reta;Não;6;0;0;0;5;1;0;3;-20,57169;-49,31774;SR-SP;DEL6/9;UOP01/SP
268236;09/02/2020;domingo;14:20:00;RJ;101;283;ITABORAI;Falta de Atenção à Condução;Saída de leito carroçável;Com Vítimas Feridas;Pleno dia;Decrescente;Céu Claro;Dupla;Curva;Não;2;0;0;1;1;0;1;1;-22,73591;-42,80593;SR-RJ;UOP03;DEL02
268237;09/02/2020;domingo;15:15:00;RN;304;180,3;ANGICOS;Falta de Atenção à Condução;Colisão lateral;Com Vítimas Feridas;Pleno dia;Crescente;Céu Claro;Simples;Reta;Não;2;0;1;1;0;0;2;1;-5,690835;-36,33816;SR-RN;DEL15/1;UOP03/RN
268238;09/02/2020;domingo;16:30:00;CE;116;18;ITAITINGA;Pista Escorregadia;Queda de ocupante de veículo;Com Vítimas Feridas;Pleno dia;Crescente;Nublado;Dupla;Interseção de vias;Sim;1;0;1;0;0;0;1;1;-3,907759;-38,50573;SR-CE;DEL16/1;UOP02/CE
268239;09/02/2020;domingo;16:30:00;PB;230;72,9;SOBRADO;Falta de Atenção à Condução;Tombamento;Com Vítimas Feridas;Pleno dia;Decrescente;Céu Claro;Dupla;Reta;Não;1;0;0;1;0;0;1;1;-7,1907;-35,2418;SR-PB;UOP02;DEL01
268240;09/02/2020;domingo;15:30:00;PR;277;633,6;CEU AZUL;Não guardar distância de segurança;Colisão traseira;Com Vítimas Feridas;Pleno dia;Decrescente;Chuva;Simples;Curva;Não;3;0;2;0;1;0;2;2;-25,12585;-53,81903;SR-PR;DEL7/5;UOP02/PR
268241;09/02/2020;domingo;15:50:00;MG;116;801;ALEM PARAIBA;Desobediência às normas de trânsito pelo condutor;Colisão transversal;Com Vítimas Feridas;Pleno dia;Crescente;Céu Claro;Simples;Reta;Não;3;0;1;1;0;1;2;2;-21,77056;-42,73103;SR-MG;UOP01;DEL07
268242;09/02/2020;domingo;16:30:00;GO;60;46,4;ALEXANIA;Ingestão de Álcool;Saída de leito carroçável;Com Vítimas Feridas;Pleno dia;Decrescente;Garoa/Chuvisco;Dupla;Não Informado;Não;5;0;4;1;0;0;5;1;-16,1417;-48,5988;SR-GO;UOP01;DEL02
268244;09/02/2020;domingo;15:40:00;PI;316;6,9;TERESINA;Desobediência às normas de trânsito pelo condutor;Colisão transversal;Sem Vítimas;Pleno dia;Decrescente;Nublado;Simples;Rotatória;Sim;2;0;0;0;2;0;0;2;-5,147021;-42,77439;SR-PI;DEL17/1;UOP02/PI
268246;09/02/2020;domingo;16:45:00;AP;210;2,9;MACAPA;Desobediência às normas de trânsito pelo condutor;Colisão transversal;Com Vítimas Feridas;Pleno dia;Crescente;Chuva;Simples;Reta;Sim;4;0;4;0;0;0;4;2;0,08282017;-51,07776;SR-AP;UOP01/AP;
268247;09/02/2020;domingo;16:55:00;SE;235;3,3;ARACAJU;Falta de Atenção do Pedestre;Atropelamento de Pedestre;Com Vítimas Fatais;Pleno dia;Crescente;Céu Claro;Múltipla;Não Informado;Sim;2;1;0;0;0;1;0;1;-10,9059;-37,111;SR-SE;UOP01;DEL01
268248;09/02/2020;domingo;17:10:00;RN;406;163,8;CEARA-MIRIM;Defeito na Via;Queda de ocupante de veículo;Com Vítimas Feridas;Pleno dia;Decrescente;Nublado;Simples;Curva;Não;1;0;1;0;0;0;1;1;-5,735272;-35,35544;SR-RN;DEL15/2;UOP01/RN
268249;09/02/2020;domingo;13:05:00;MT;70;522;VARZEA GRANDE;Falta de Atenção à Condução;Colisão transversal;Com Vítimas Feridas;Pleno dia;Decrescente;Nublado;Simples;Reta;Sim;3;0;2;0;1;0;2;2;-15,66215;-56,18585;SR-MT;DEL2/4;UOP02/MT
268250;09/02/2020;domingo;17:00:00;MG;50;11;UBERLANDIA;Pista Escorregadia;Colisão traseira;Com Vítimas Feridas;Pleno dia;Crescente;Chuva;Dupla;Desvio Temporário;Sim;2;0;1;0;1;0;1;2;-18,89431;-48,19367;SR-MG;DEL4/15;UOP02/MG
268251;09/02/2020;domingo;16:30:00;RJ;116;142,5;DUQUE DE CAXIAS;Ultrapassagem Indevida;Saída de leito carroçável;Com Vítimas Feridas;Pleno dia;Crescente;Nublado;Dupla;Reta;Sim;1;0;1;0;0;0;1;1;-22,64876;-43,23032;SR-RJ;UOP02;DEL04
268252;09/02/2020;domingo;17:45:00;MG;381;356;JOAO MONLEVADE;Ingestão de Álcool;Colisão traseira;Sem Vítimas;Pleno dia;Crescente;Nublado;Simples;Reta;Não;2;0;0;0;1;1;0;2;-19,84765;-43,20566;SR-MG;DEL4/3;UOP01/MG
268253;09/02/2020;domingo;17:10:00;PE;428;48,9;OROCO;Falta de Atenção à Condução;Colisão traseira;Sem Vítimas;Pleno dia;Decrescente;Céu Claro;Simples;Reta;Sim;3;0;0;0;2;1;0;3;-8,614877;-39,60413;SR-PE;DEL11/5;UOP03/PE
268254;09/02/2020;domingo;17:20:00;SP;153;34,7;NOVA GRANADA;Não guardar distância de segurança;Colisão traseira;Com Vítimas Feridas;Pleno dia;Decrescente;Céu Claro;Simples;Reta;Não;3;0;2;0;1;0;2;2;-20,57169;-49,31774;SR-SP;DEL6/9;UOP01/SP
268256;09/02/2020;domingo;15:40:00;SC;282;503,9;XANXERE;Velocidade Incompatível;Colisão com objeto estático;Com Vítimas Feridas;Pleno dia;Decrescente;Chuva;Dupla;Curva;Sim;3;0;2;0;1;0;2;1;-26,88227;-52,40496;SR-SC;DEL7;UOP01/SC
268257;09/02/2020;domingo;15:45:00;ES;262;27;VIANA;Desobediência às normas de trânsito pelo condutor;Colisão traseira;Com Vítimas Feridas;Pleno dia;Decrescente;Sol;Simples;Curva;Não;2;0;1;0;1;0;1;2;-20,38568;-40,55282;SR-ES;DEL12/1;UOP01/ES
268258;09/02/2020;domingo;17:40:00;SC;101;258,6;PAULO LOPES;Pista Escorregadia;Capotamento;Sem Vítimas;Anoitecer;Crescente;Garoa/Chuvisco;Dupla;Curva;Não;1;0;0;0;1;0;0;1;-28,00482;-48,6919;SR-SC;UOP03;DEL02
268259;09/02/2020;domingo;17:15:00;RS;290;262;CACHOEIRA DO SUL;Falta de Atenção à Condução;Colisão lateral;Sem Vítimas;Pleno dia;Crescente;Céu Claro;Simples;Não Informado;Não;2;0;0;0;2;0;0;2;-30,26366;-52,84525;SR-RS;DEL9/2;UOP03/RS
268260;09/02/2020;domingo;18:15:00;PR;376;178;MARINGA;Desobediência às normas de trânsito pelo condutor;Colisão lateral;Com Vítimas Feridas;Pleno dia;Crescente;Céu Claro;Dupla;Interseção de vias;Sim;2;0;0;1;1;0;1;2;-23,41921;-51,91294;SR-PR;DEL7/7;UOP04/PR
268261;09/02/2020;domingo;18:15:00;PE;232;59,1;POMBOS;Desobediência às normas de trânsito pelo pedestre;Atropelamento de Pedestre;Sem Vítimas;Plena Noite;Decrescente;Céu Claro;Dupla;Reta;Sim;2;0;0;0;1;1;0;1;-8,147105;-35,39594;SR-PE;DEL11/1;UOP04/PE
268262;09/02/2020;domingo;18:00:00;PB;230;62,1;CRUZ DO ESPIRITO SANTO;Desobediência às normas de trânsito pelo condutor;Tombamento;Com Vítimas Feridas;Anoitecer;Decrescente;Céu Claro;Dupla;Reta;Não;1;0;1;0;0;0;1;1;-7,202;-35,1574;SR-PB;UOP02;DEL01
268263;09/02/2020;domingo;16:50:00;BA;116;905;CANDIDO SALES;Ingestão de Álcool;Colisão traseira;Com Vítimas Feridas;Pleno dia;Decrescente;Céu Claro;Simples;Curva;Não;3;0;2;0;1;0;2;2;-15,47289;-41,24571;SR-BA;DEL10/8;UOP03/BA
268264;09/02/2020;domingo;13:50:00;BA;242;783;BARREIRAS;Falta de Atenção à Condução;Colisão traseira;Com Vítimas Fatais;Pleno dia;Decrescente;Céu Claro;Simples;Curva;Não;2;1;0;0;0;1;0;2;-12,14162;-44,73574;SR-BA;DEL10/10;UOP01/BA
268265;09/02/2020;domingo;17:00:00;SC;101;363;SANGAO;Pista Escorregadia;Saída de leito carroçável;Com Vítimas Feridas;Pleno dia;Crescente;Chuva;Dupla;Desvio Temporário;Não;1;0;1;0;0;0;1;1;-28,68005;-49,14209;SR-SC;DEL8/2;UOP01/SC
268266;09/02/2020;domingo;17:33:00;MS;163;267;DOURADOS;Ingestão de Álcool;Colisão traseira;Sem Vítimas;Pleno dia;Decrescente;Sol;Dupla;Reta;Não;4;0;0;0;4;0;0;2;-22,21242;-54,71537;SR-MS;UOP01;DEL04
268267;09/02/2020;domingo;17:15:00;RS;116;360,8;TAPES;Ultrapassagem Indevida;Colisão frontal;Com Vítimas Fatais;Pleno dia;Crescente;Nublado;Simples;Reta;Não;2;1;0;0;1;0;0;2;-30,62477;-51,54635;SR-RS;UOP02;DEL02
268268;09/02/2020;domingo;17:30:00;RS;116;95,4;SAO MARCOS;Desobediência às normas de trânsito pelo condutor;Colisão traseira;Sem Vítimas;Pleno dia;Crescente;Nublado;Simples;Não Informado;Não;2;0;0;0;1;1;0;2;-28,88035;-51,14595;SR-RS;DEL9/5;UOP03/RS
268269;09/02/2020;domingo;17:48:00;PE;423;99;GARANHUNS;Ingestão de Álcool;Colisão com objeto em movimento;Com Vítimas Feridas;Anoitecer;Crescente;Céu Claro;Simples;Reta;Não;2;0;0;1;0;1;1;2;-8,878082;-36,51252;SR-PE;DEL11/3;UOP01/PE
268270;09/02/2020;domingo;18:00:00;RO;364;249;CACOAL;Mal Súbito;Saída de leito carroçável;Com Vítimas Feridas;Anoitecer;Crescente;Nublado;Simples;Desvio Temporário;Não;1;0;1;0;0;0;1;1;-11,4382;-61,55261;SR-RO;DEL21/2;UOP02/RO
268271;09/02/2020;domingo;17:40:00;MG;116;716;MURIAE;Avarias e/ou desgaste excessivo no pneu;Colisão com objeto estático;Com Vítimas Feridas;Pleno dia;Decrescente;Chuva;Simples;Não Informado;Não;4;0;3;0;1;0;3;2;-21,19892;-42,38384;SR-MG;UOP02;DEL07
268272;09/02/2020;domingo;18:00:00;RO;364;241;CACOAL;Desobediência às normas de trânsito pelo condutor;Saída de leito carroçável;Com Vítimas Feridas;Anoitecer;Decrescente;Céu Claro;Simples;Curva;Sim;1;0;1;0;0;0;1;1;-11,4407;-61,47861;SR-RO;UOP02;DEL02
268273;09/02/2020;domingo;19:10:00;RN;101;83;NATAL;Não guardar distância de segurança;Colisão traseira;Sem Vítimas;Plena Noite;Decrescente;Garoa/Chuvisco;Dupla;Reta;Sim;2;0;0;0;2;0;0;2;-5,772409;-35,2624;SR-RN;DEL15/2;UOP01/RN
268274;09/02/2020;domingo;15:30:00;SC;282;55;AGUAS MORNAS;Velocidade Incompatível;Saída de leito carroçável;Com Vítimas Fatais;Pleno dia;Decrescente;Chuva;Simples;Curva;Não;4;1;3;0;0;0;3;1;-27,68951;-48,98238;SR-SC;DEL8/1;UOP03/SC
268275;09/02/2020;domingo;19:00:00;PR;376;652;TIJUCAS DO SUL;Velocidade Incompatível;Saída de leito carroçável;Com Vítimas Feridas;Plena Noite;Decrescente;Chuva;Múltipla;Curva;Não;2;0;1;0;1;0;1;1;-25,84616;-49,06888;SR-PR;DEL7/1;UOP08/PR
268276;09/02/2020;domingo;17:58:00;ES;262;2,2;CARIACICA;Falta de Atenção à Condução;Colisão traseira;Sem Vítimas;Anoitecer;Crescente;Céu Claro;Múltipla;Reta;Sim;3;0;0;0;3;0;0;2;-20,33176;-40,3627;SR-ES;UOP01;DEL01
268277;09/02/2020;domingo;19:15:00;SP;101;48,7;UBATUBA;Falta de Atenção do Pedestre;Atropelamento de Pedestre;Com Vítimas Feridas;Plena Noite;Decrescente;Nublado;Simples;Reta;Sim;3;0;0;1;1;1;1;1;-23,44611;-45,08175;SR-SP;UOP02;DEL06
268278;09/02/2020;domingo;18:30:00;SE;235;8,4;NOSSA SENHORA DO SOCORRO;Falta de Atenção à Condução;Colisão frontal;Com Vítimas Feridas;Plena Noite;Crescente;Céu Claro;Dupla;Viaduto;Não;8;0;4;0;2;2;4;2;-10,88691;-37,13286;SR-SE;DEL20/1;UOP01/SE
268279;09/02/2020;domingo;18:38:00;SP;116;221,4;GUARULHOS;Desobediência às normas de trânsito pelo condutor;Colisão lateral;Com Vítimas Feridas;Plena Noite;Crescente;Chuva;Múltipla;Reta;Sim;4;0;1;0;2;1;1;4;-23,46802;-46,50705;SR-SP;DEL6/1;UOP01/SP
268280;09/02/2020;domingo;19:25:00;MG;365;345,5;VARJAO DE MINAS;Falta de Atenção do Pedestre;Atropelamento de Pedestre;Com Vítimas Fatais;Plena Noite;Crescente;Céu Claro;Simples;Reta;Não;4;1;0;0;3;0;0;1;-18,31618;-45,98561;SR-MG;UOP01;DEL10
268281;09/02/2020;domingo;18:30:00;SC;101;238;PALHOCA;Falta de Atenção à Condução;Colisão lateral;Com Vítimas Feridas;Anoitecer;Decrescente;Nublado;Dupla;Reta;Não;2;0;1;0;1;0;1;2;-27,84294;-48,63472;SR-SC;DEL8/1;UOP02/SC
268282;09/02/2020;domingo;16:30:00;MG;267;124,7;JUIZ DE FORA;Falta de Atenção à Condução;Colisão traseira;Com Vítimas Feridas;Pleno dia;Decrescente;Céu Claro;Simples;Curva;Não;4;0;1;1;1;1;2;3;-21,70787;-43,51812;SR-MG;DEL5;UOP01/MG
268283;09/02/2020;domingo;14:20:00;MT;174;170,8;PORTO ESPERIDIAO;Condutor Dormindo;Saída de leito carroçável;Com Vítimas Feridas;Pleno dia;Decrescente;Nublado;Simples;Reta;Não;1;0;0;1;0;0;1;1;-15,85423;-58,47798;SR-MT;DEL2/3;UOP01/MT
268284;09/02/2020;domingo;15:30:00;SC;282;52;AGUAS MORNAS;Velocidade Incompatível;Saída de leito carroçável;Com Vítimas Feridas;Pleno dia;Decrescente;Chuva;Simples;Curva;Não;2;0;1;1;0;0;2;1;-27,69694;-48,96414;SR-SC;UOP03;DEL01
268285;09/02/2020;domingo;19:20:00;DF;20;4;BRASILIA;Condutor Dormindo;Colisão com objeto estático;Sem Vítimas;Plena Noite;Crescente;Nublado;Dupla;Curva;Sim;1;0;0;0;1;0;0;1;-15,67548;-47,82376;SR-DF;UOP01/DEL02/DF;
268286;09/02/2020;domingo;16:00:00;RS;392;64,5;PELOTAS;Avarias e/ou desgaste excessivo no pneu;Saída de leito carroçável;Com Vítimas Feridas;Pleno dia;Crescente;Céu Claro;Simples;Reta;Sim;2;0;2;0;0;0;2;1;-31,76662;-52,37161;SR-RS;DEL9/7;UOP01/RS
268287;09/02/2020;domingo;19:54:00;PR;153;338,2;IRATI;Ingestão de Álcool;Colisão traseira;Com Vítimas Feridas;Plena Noite;Crescente;Chuva;Simples;Não Informado;Sim;4;0;2;0;2;0;2;2;-25,51417;-50,65386;SR-PR;DEL7/3;UOP04/PR
268288;09/02/2020;domingo;15:15:00;MG;262;9,6;MARTINS SOARES;Velocidade Incompatível;Tombamento;Com Vítimas Feridas;Pleno dia;Decrescente;Sol;Simples;Curva;Não;1;0;1;0;0;0;1;1;-20,25055;-41,83494;SR-MG;DEL4/6;UOP04/MG
268289;09/02/2020;domingo;20:05:00;BA;116;764,2;POCOES;Falta de Atenção à Condução;Colisão frontal;Com Vítimas Fatais;Plena Noite;Crescente;Céu Claro;Simples;Reta;Não;2;1;1;0;0;0;1;2;-14,56871;-40,4209;SR-BA;DEL10/8;UOP02/BA
268290;09/02/2020;domingo;18:42:00;ES;101;355,3;ANCHIETA;Ingestão de Álcool;Colisão transversal;Sem Vítimas;Plena Noite;Crescente;Céu Claro;Simples;Reta;Não;2;0;0;0;1;1;0;2;-20,68854;-40,67979;SR-ES;DEL12/3;UOP01/ES
268291;09/02/2020;domingo;19:40:00;PR;369;72,8;SANTA MARIANA;Ingestão de Álcool;Atropelamento de Pedestre;Com Vítimas Feridas;Plena Noite;Crescente;Céu Claro;Simples;Não Informado;Sim;3;0;0;2;0;1;2;1;-23,15501;-50,51311;SR-PR;DEL7/7;UOP06/PR
268292;09/02/2020;domingo;20:30:00;PI;343;594;FLORIANO;Ingestão de Álcool;Colisão frontal;Com Vítimas Feridas;Plena Noite;Crescente;Céu Claro;Simples;Reta;Sim;2;0;0;1;1;0;1;2;-6,788374;-43,0444;SR-PI;DEL17/3;UOP01/PI
268293;09/02/2020;domingo;19:35:00;MT;163;917;ITAUBA;Falta de Atenção à Condução;Colisão traseira;Sem Vítimas;Plena Noite;Decrescente;Céu Claro;Simples;Reta;Não;2;0;0;0;2;0;0;2;-11,28615;-55,31763;SR-MT;DEL2/6;UOP02/MT
268294;09/02/2020;domingo;18:30:00;RS;392;637;GUARANI DAS MISSOES;Velocidade Incompatível;Saída de leito carroçável;Com Vítimas Feridas;Pleno dia;Decrescente;Sol;Simples;Reta;Não;2;0;0;2;0;0;2;1;-28,14309;-54,5085;SR-RS;DEL9/10;UOP01/RS
268295;09/02/2020;domingo;19:15:00;RS;470;202;BENTO GONCALVES;Ingestão de Álcool;Saída de leito carroçável;Com Vítimas Feridas;Plena Noite;Crescente;Nublado;Simples;Reta;Não;2;0;1;0;0;1;1;1;-29,07678;-51,58497;SR-RS;DEL9/6;UOP02/RS
268296;09/02/2020;domingo;19:20:00;PR;116;126;FAZENDA RIO GRANDE;Ingestão de Álcool;Colisão traseira;Com Vítimas Feridas;Plena Noite;Decrescente;Chuva;Dupla;Reta;Não;5;0;3;0;2;0;3;3;-25,6039;-49,31824;SR-PR;UOP03;DEL01
268298;09/02/2020;domingo;19:30:00;PB;412;74,1;SERRA BRANCA;Ingestão de Álcool;Colisão transversal;Sem Vítimas;Plena Noite;Crescente;Céu Claro;Simples;Interseção de vias;Não;2;0;0;0;2;0;0;2;-7,489012;-36,65064;SR-PB;DEL14/2;UOP02/PB
268299;09/02/2020;domingo;18:15:00;RJ;393;166;TRES RIOS;Ingestão de Álcool;Tombamento;Com Vítimas Feridas;Plena Noite;Decrescente;Nublado;Simples;Reta;Sim;1;0;1;0;0;0;1;1;-22,12049;-43,13334;SR-RJ;DEL5/6;UOP01/RJ
268300;09/02/2020;domingo;19:30:00;PR;272;412,3;JANIOPOLIS;Defeito Mecânico no Veículo;Incêndio;Sem Vítimas;Plena Noite;Decrescente;Céu Claro;Simples;Reta;Não;1;0;0;0;1;0;0;1;-24,1332;-52,79788;SR-PR;DEL7/4;UOP05/PR
268301;09/02/2020;domingo;20:55:00;CE;116;12;FORTALEZA;Ingestão de Álcool;Colisão lateral;Com Vítimas Feridas;Plena Noite;Crescente;Céu Claro;Simples;Reta;Sim;2;0;1;0;1;0;1;2;-3,850317;-38,49571;SR-CE;DEL16/1;UOP02/CE
268302;09/02/2020;domingo;18:50:00;PR;277;337,2;GUARAPUAVA;Falta de Atenção à Condução;Saída de leito carroçável;Sem Vítimas;Anoitecer;Decrescente;Chuva;Dupla;Não Informado;Não;1;0;0;0;0;1;0;1;-25,34003;-51,41898;SR-PR;DEL7/3;UOP02/PR
268303;09/02/2020;domingo;20:30:00;PR;277;130,5;BALSA NOVA;Velocidade Incompatível;Tombamento;Com Vítimas Feridas;Plena Noite;Decrescente;Chuva;Simples;Não Informado;Não;2;0;1;1;0;0;2;1;-25,47836;-49,64306;SR-PR;DEL7/1;UOP05/PR
268304;09/02/2020;domingo;20:40:00;PR;277;128;CAMPO LARGO;Velocidade Incompatível;Saída de leito carroçável;Com Vítimas Feridas;Plena Noite;Decrescente;Chuva;Dupla;Curva;Não;1;0;1;0;0;0;1;1;-25,44518;-49,49857;SR-PR;DEL7/1;UOP05/PR
268305;09/02/2020;domingo;19:25:00;MG;381;266;TIMOTEO;Falta de Atenção à Condução;Colisão traseira;Com Vítimas Feridas;Plena Noite;Crescente;Nublado;Simples;Reta;Não;3;0;1;1;1;0;2;2;-19,53296;-42,62331;SR-MG;DEL4/3;UOP02/MG
268306;09/02/2020;domingo;20:00:00;PB;230;319,1;SAO MAMEDE;Ingestão de Álcool;Colisão traseira;Com Vítimas Fatais;Plena Noite;Decrescente;Céu Claro;Simples;Reta;Não;3;1;2;0;0;0;2;2;-6,9632;-37,1402;SR-PB;DEL14/3;UOP01/PB
268307;09/02/2020;domingo;21:50:00;GO;40;9;LUZIANIA;Falta de Atenção à Condução;Colisão transversal;Com Vítimas Feridas;Plena Noite;Decrescente;Céu Claro;Dupla;Reta;Sim;2;0;0;1;1;0;1;2;-16,13116;-47,95774;SR-DF;UOP01/DF;
268308;09/02/2020;domingo;21:40:00;GO;414;395,5;CORUMBA DE GOIAS;Ingestão de Álcool;Tombamento;Com Vítimas Feridas;Plena Noite;Crescente;Garoa/Chuvisco;Simples;Curva;Não;1;0;0;1;0;0;1;1;-15,93714;-48,80506;SR-GO;DEL1/2;UOP01/GO
268309;09/02/2020;domingo;20:30:00;PE;232;124,1;CARUARU;Ingestão de Álcool;Queda de ocupante de veículo;Com Vítimas Feridas;Plena Noite;Decrescente;Céu Claro;Dupla;Curva;Não;1;0;0;1;0;0;1;1;-8,306104;-35,93702;SR-PE;UOP02;DEL02
268311;09/02/2020;domingo;17:00:00;MA;135;36;BACABEIRA;Pista Escorregadia;Saída de leito carroçável;Sem Vítimas;Pleno dia;Crescente;Chuva;Dupla;Reta;Não;1;0;0;0;1;0;0;1;-2,858091;-44,37474;SR-MA;DEL18/1;UOP01/MA
268313;09/02/2020;domingo;21:30:00;RN;405;1,9;MOSSORO;Ingestão de Álcool;Colisão com objeto estático;Sem Vítimas;Plena Noite;Crescente;Céu Claro;Dupla;Reta;Sim;1;0;0;0;1;0;0;1;-5,192546;-37,37052;SR-RN;UOP02;DEL04
268314;09/02/2020;domingo;22:53:00;GO;40;89,5;CRISTALINA;Falta de Atenção à Condução;Saída de leito carroçável;Com Vítimas Feridas;Plena Noite;Crescente;Chuva;Dupla;Reta;Não;1;0;1;0;0;0;1;1;-16,72048;-47,65206;SR-DF;UOP02/DF;
268315;09/02/2020;domingo;23:10:00;SC;470;71,8;INDAIAL;Ingestão de Álcool;Colisão traseira;Com Vítimas Feridas;Plena Noite;Crescente;Chuva;Simples;Reta;Sim;5;0;4;0;1;0;4;2;-26,89524;-49,2621;SR-SC;DEL8/4;UOP01/SC
268316;09/02/2020;domingo;21:30:00;TO;153;527,9;PUGMIL;Ingestão de Álcool;Saída de leito carroçável;Com Vítimas Fatais;Plena Noite;Crescente;Ignorado;Simples;Reta;Não;1;1;0;0;0;0;0;1;-10,44385;-48,90019;SR-TO;UOP02;DEL02
268319;09/02/2020;domingo;22:50:00;SP;116;65;GUARATINGUETA;Falta de Atenção à Condução;Colisão traseira;Sem Vítimas;Plena Noite;Crescente;Céu Claro;Dupla;Reta;Sim;2;0;0;0;2;0;0;2;-22,82294;-45,19272;SR-SP;DEL6/8;UOP02/SP