id;data_inversa;dia_semana;horario;uf;br;km;municipio;causa_acidente;tipo_acidente;classificacao_acidente;fase_dia;sentido_via;condicao_metereologica;tipo_pista;tracado_via;uso_solo;pessoas;mortos;feridos_leves;feridos_graves;ilesos;ignorados;feridos;veiculos;latitude;longitude;regional;delegacia;uop
268531;10/02/2020;segunda-feira;19:45:00;MA;135;63,1;BACABEIRA;Animais na Pista;Atropelamento de Animal;Com Vítimas Feridas;Plena Noite;Decrescente;Céu Claro;Dupla;Reta;Não;1;0;1;0;0;0;1;1;-2,99687;-44,31301;SR-MA;UOP02;DEL01
268532;11/02/2020;terça-feira;04:50:00;SC;470;40,8;GASPAR;Condutor Dormindo;Colisão frontal;Com Vítimas Feridas;Plena Noite;Crescente;Céu Claro;Simples;Reta;Sim;2;0;1;0;1;0;1;2;-26,88957;-48,99094;SR-SC;UOP01;DEL04
268533;11/02/2020;terça-feira;05:20:00;RS;116;256,4;ESTEIO;Falta de Atenção à Condução;Tombamento;Com Vítimas Feridas;Amanhecer;Crescente;Céu Claro;Múltipla;Reta;Sim;2;0;1;0;1;0;1;2;-29,84394;-51,17729;SR-RS;UOP02;DEL01
268534;11/02/2020;terça-feira;05:35:00;PB;230;28;JOAO PESSOA;Velocidade Incompatível;Tombamento;Com Vítimas Feridas;Pleno dia;Crescente;Nublado;Múltipla;Curva;Sim;3;0;1;1;0;1;2;1;-7,1663;-34,89944;SR-PB;UOP01;DEL01
268535;11/02/2020;terça-feira;06:20:00;SP;116;158;JACAREI;Defeito Mecânico no Veículo;Colisão com objeto estático;Com Vítimas Feridas;Pleno dia;Crescente;Chuva;Dupla;Retorno Regulamentado;Não;1;0;1;0;0;0;1;1;-23,26072;-45,95179;SR-SP;DEL6/2;UOP01/SP
268536;10/02/2020;segunda-feira;22:30:00;PE;232;110,1;BEZERROS;Condutor Dormindo;Capotamento;Com Vítimas Feridas;Plena Noite;Crescente;Vento;Dupla;Curva;Não;1;0;1;0;0;0;1;1;-8,286345;-35,81756;SR-PE;UOP02;DEL02
268537;11/02/2020;terça-feira;05:10:00;ES;482;129;DORES DO RIO PRETO;Falta de Atenção à Condução;Saída de leito carroçável;Com Vítimas Feridas;Amanhecer;Decrescente;Nublado;Simples;Desvio Temporário;Não;1;0;1;0;0;0;1;1;-20,74573;-41,82649;SR-ES;UOP02;DEL03
268538;10/02/2020;segunda-feira;21:20:00;RO;435;124;CEREJEIRAS;Falta de Atenção à Condução;Colisão traseira;Com Vítimas Feridas;Plena Noite;Crescente;Nublado;Dupla;Reta;Sim;2;0;1;0;1;0;1;2;-13,18888;-60,81729;SR-RO;UOP02;DEL04
268539;11/02/2020;terça-feira;06:40:00;PR;277;112;CAMPO LARGO;Falta de Atenção à Condução;Colisão lateral;Com Vítimas Feridas;Pleno dia;Crescente;Nublado;Dupla;Reta;Não;2;0;2;0;0;0;2;2;-25,43258;-49,36978;SR-PR;UOP03;DEL03
268540;11/02/2020;terça-feira;06:50:00;RN;304;295,9;MACAIBA;Falta de Atenção à Condução;Colisão transversal;Com Vítimas Feridas;Pleno dia;Decrescente;Sol;Simples;Reta;Sim;3;0;1;0;2;0;1;3;-5,866059;-35,35822;SR-RN;UOP02;DEL01
268541;11/02/2020;terça-feira;07:30:00;SC;282;16,6;PALHOCA;Desobediência às normas de trânsito pelo condutor;Atropelamento de Pedestre;Com Vítimas Feridas;Pleno dia;Decrescente;Céu Claro;Simples;Reta;Não;3;0;3;0;0;0;3;1;-27,65861;-48,68185;SR-SC;DEL8/1;UOP02/SC
268542;11/02/2020;terça-feira;07:00:00;CE;20;420;CAUCAIA;Falta de Atenção à Condução;Colisão com objeto estático;Sem Vítimas;Pleno dia;Crescente;Céu Claro;Dupla;Reta;Sim;1;0;0;0;1;0;0;1;-3,76999;-38,67006;SR-CE;DEL16/1;UOP02/CE
268543;11/02/2020;terça-feira;05:18:00;SC;280;88,1;CORUPA;Falta de Atenção à Condução;Colisão lateral;Com Vítimas Feridas;Amanhecer;Decrescente;Nevoeiro/Neblina;Simples;Reta;Não;2;0;0;1;1;0;1;2;-26,41552;-49,26718;SR-SC;UOP03;DEL06
268544;11/02/2020;terça-feira;07:20:00;PR;369;148;LONDRINA;Velocidade Incompatível;Queda de ocupante de veículo;Com Vítimas Feridas;Pleno dia;Crescente;Nublado;Dupla;Não Informado;Sim;3;0;0;1;1;1;1;2;-23,29293;-51,15225;SR-PR;DEL7/7;UOP01/PR
268545;11/02/2020;terça-feira;07:50:00;SC;280;67,9;JARAGUA DO SUL;Desobediência às normas de trânsito pelo condutor;Colisão traseira;Com Vítimas Feridas;Pleno dia;Decrescente;Nublado;Simples;Reta;Não;2;0;1;0;1;0;1;2;-26,47751;-49,10364;SR-SC;DEL8/3;UOP03/SC
268546;11/02/2020;terça-feira;07:45:00;SC;101;119;ITAJAI;Desobediência às normas de trânsito pelo condutor;Colisão lateral;Com Vítimas Feridas;Pleno dia;Crescente;Céu Claro;Dupla;Reta;Não;2;0;0;1;0;1;1;2;-26,90432;-48,71555;SR-SC;DEL8/4;UOP04/SC
268548;11/02/2020;terça-feira;07:55:00;RN;101;105;PARNAMIRIM;Falta de Atenção do Pedestre;Colisão com objeto estático;Com Vítimas Feridas;Pleno dia;Crescente;Céu Claro;Dupla;Reta;Sim;4;0;1;1;1;1;2;1;-5,901652;-35,25929;SR-RN;DEL15/1;UOP01/RN
268549;11/02/2020;terça-feira;07:30:00;PE;101;60,7;RECIFE;Falta de Atenção à Condução;Colisão traseira;Com Vítimas Feridas;Pleno dia;Decrescente;Sol;Múltipla;Reta;Sim;2;0;1;0;1;0;1;2;-7,983443;-34,93177;SR-PE;DEL11/1;UOP02/PE
268550;11/02/2020;terça-feira;07:20:00;RJ;101;464;ANGRA DOS REIS;Pista Escorregadia;Saída de leito carroçável;Sem Vítimas;Pleno dia;Crescente;Chuva;Simples;Curva;Não;1;0;0;0;1;0;0;1;-23,02483;-44,21971;SR-RJ;UOP02;DEL03
268552;11/02/2020;terça-feira;07:40:00;PE;408;101,3;RECIFE;Defeito Mecânico no Veículo;Colisão com objeto em movimento;Com Vítimas Feridas;Pleno dia;Crescente;Céu Claro;Dupla;Reta;Não;2;0;1;0;1;0;1;2;-8,047103;-35,00888;SR-PE;UOP01;DEL01
268553;10/02/2020;segunda-feira;22:50:00;RJ;101;327;NITEROI;Falta de Atenção à Condução;Tombamento;Com Vítimas Feridas;Plena Noite;Decrescente;Chuva;Dupla;Reta;Não;1;0;1;0;0;0;1;1;-22,87117;-43,15595;SR-RJ;UOP01;DEL02
268554;11/02/2020;terça-feira;07:30:00;RJ;101;523,7;ANGRA DOS REIS;Velocidade Incompatível;Colisão frontal;Com Vítimas Feridas;Pleno dia;Crescente;Chuva;Simples;Reta;Não;6;0;3;3;0;0;6;2;-23,00004;-44,47677;SR-RJ;UOP03;DEL03
268555;11/02/2020;terça-feira;04:50:00;RO;364;514;ARIQUEMES;Falta de Atenção à Condução;Colisão lateral;Com Vítimas Feridas;Amanhecer;Decrescente;Chuva;Simples;Reta;Sim;3;0;1;0;2;0;1;3;-9,933984;-63,05523;SR-RO;UOP01;DEL03
268556;11/02/2020;terça-feira;08:00:00;ES;101;439,8;MIMOSO DO SUL;Condutor Dormindo;Colisão frontal;Com Vítimas Feridas;Pleno dia;Decrescente;Chuva;Simples;Curva;Não;2;0;1;0;1;0;1;2;-21,07265;-41,22787;SR-ES;DEL12/3;UOP02/ES
268557;11/02/2020;terça-feira;08:15:00;PR;277;5,7;PARANAGUA;Defeito Mecânico no Veículo;Engavetamento;Com Vítimas Feridas;Pleno dia;Crescente;Garoa/Chuvisco;Dupla;Reta;Sim;3;0;0;1;2;0;1;3;-25,5472;-48,5457;SR-PR;DEL7/1;UOP07/PR
268558;11/02/2020;terça-feira;02:00:00;MG;381;581,3;CARMOPOLIS DE MINAS;Condutor Dormindo;Saída de leito carroçável;Com Vítimas Feridas;Plena Noite;Decrescente;Chuva;Dupla;Curva;Não;1;0;1;0;0;0;1;1;-20,49125;-44,60207;SR-MG;UOP01;DEL04
268559;11/02/2020;terça-feira;06:45:00;RS;392;26,7;RIO GRANDE;Falta de Atenção à Condução;Colisão lateral;Com Vítimas Feridas;Pleno dia;Crescente;Céu Claro;Dupla;Reta;Sim;3;0;1;0;2;0;1;2;-32,07835;-52,25665;SR-RS;UOP02;DEL07
268560;11/02/2020;terça-feira;08:15:00;PB;230;23;JOAO PESSOA;Falta de Atenção à Condução;Colisão traseira;Com Vítimas Feridas;Pleno dia;Decrescente;Céu Claro;Dupla;Não Informado;Sim;5;0;2;0;3;0;2;3;-7,1562;-34,8574;SR-PB;DEL14/1;UOP01/PB
268561;11/02/2020;terça-feira;04:40:00;MT;158;624,9;AGUA BOA;Animais na Pista;Atropelamento de Animal;Com Vítimas Feridas;Plena Noite;Crescente;Nublado;Simples;Reta;Não;1;0;1;0;0;0;1;1;-14,4847;-52,28141;SR-MT;UOP02;DEL07
268562;11/02/2020;terça-feira;08:40:00;RS;290;96,3;PORTO ALEGRE;Não guardar distância de segurança;Colisão lateral;Com Vítimas Feridas;Pleno dia;Crescente;Céu Claro;Dupla;Reta;Não;7;0;2;1;4;0;3;5;-29,99211;-51,20452;SR-RS;DEL9/1;UOP01/RS
268563;11/02/2020;terça-feira;06:40:00;RO;435;83;COLORADO DO OESTE;Defeito Mecânico no Veículo;Colisão lateral;Com Vítimas Feridas;Pleno dia;Decrescente;Céu Claro;Dupla;Não Informado;Sim;2;0;1;0;1;0;1;2;-13,11692;-60,51412;SR-RO;UOP02;DEL04
268564;11/02/2020;terça-feira;08:55:00;RN;304;300;MACAIBA;Falta de Atenção à Condução;Colisão traseira;Com Vítimas Feridas;Pleno dia;Decrescente;Céu Claro;Dupla;Reta;Não;2;0;0;1;1;0;1;2;-5,873767;-35,31504;SR-RN;DEL15/1;UOP02/RN
268565;11/02/2020;terça-feira;09:00:00;RJ;40;90;PETROPOLIS;Defeito Mecânico no Veículo;Saída de leito carroçável;Com Vítimas Feridas;Pleno dia;Crescente;Chuva;Simples;Curva;Não;1;0;1;0;0;0;1;1;-22,55074;-43,2364;SR-RJ;DEL5/6;UOP03/RJ
268566;11/02/2020;terça-feira;09:20:00;MG;365;469;PATROCINIO;Animais na Pista;Colisão traseira;Com Vítimas Feridas;Pleno dia;Decrescente;Céu Claro;Simples;Reta;Não;2;0;1;0;1;0;1;2;-18,9041;-46,9607;SR-MG;DEL4/10;UOP01/MG
268567;11/02/2020;terça-feira;03:40:00;MS;262;312,6;CAMPO GRANDE;Defeito Mecânico no Veículo;Incêndio;Sem Vítimas;Plena Noite;Crescente;Céu Claro;Simples;Reta;Não;1;0;0;0;1;0;0;1;-20,47293;-54,40556;SR-MS;UOP01;DEL01
268568;11/02/2020;terça-feira;06:40:00;MT;163;518,9;DIAMANTINO;Falta de Atenção à Condução;Colisão frontal;Com Vítimas Feridas;Pleno dia;Decrescente;Chuva;Simples;Reta;Não;3;0;1;0;2;0;1;3;-14,52716;-56,2253;SR-MT;UOP01;DEL01
268569;10/02/2020;segunda-feira;03:30:00;MT;364;1237;COMODORO;Falta de Atenção à Condução;Saída de leito carroçável;Com Vítimas Feridas;Plena Noite;Crescente;Nublado;Simples;Reta;Não;2;0;2;0;0;0;2;1;-13,72305;-59,71075;SR-MT;DEL2/7;UOP01/MT
268570;11/02/2020;terça-feira;10:00:00;PR;277;81;CURITIBA;Falta de Atenção à Condução;Queda de ocupante de veículo;Com Vítimas Feridas;Pleno dia;Decrescente;Nublado;Dupla;Reta;Sim;1;0;1;0;0;0;1;1;-25,56894;-49,18198;SR-PR;DEL7/1;UOP04/PR
268571;11/02/2020;terça-feira;10:10:00;SP;116;550;BARRA DO TURVO;Pista Escorregadia;Colisão com objeto estático;Com Vítimas Feridas;Pleno dia;Decrescente;Chuva;Dupla;Curva;Não;2;0;1;0;1;0;1;1;-24,9575;-48,46441;SR-SP;DEL6/5;UOP03/SP
268572;11/02/2020;terça-feira;08:45:00;SC;470;315;CAMPOS NOVOS;Falta de Atenção à Condução;Colisão transversal;Com Vítimas Feridas;Pleno dia;Decrescente;Céu Claro;Simples;Reta;Não;2;0;1;0;1;0;1;2;-27,39339;-51,19219;SR-SC;UOP08;DEL07
268573;11/02/2020;terça-feira;10:10:00;MG;40;734,9;SANTOS DUMONT;Pista Escorregadia;Saída de leito carroçável;Com Vítimas Feridas;Pleno dia;Decrescente;Chuva;Simples;Curva;Não;1;0;1;0;0;0;1;1;-21,36224;-43,57543;SR-MG;DEL5;UOP01/MG
268574;11/02/2020;terça-feira;10:15:00;SC;282;87;ALFREDO WAGNER;Defeito Mecânico no Veículo;Engavetamento;Sem Vítimas;Pleno dia;Crescente;Céu Claro;Simples;Curva;Não;5;0;0;0;4;1;0;3;-27,66477;-49,20578;SR-SC;DEL8/1;UOP03/SC
268575;11/02/2020;terça-feira;10:45:00;SC;101;195;BIGUACU;Falta de Atenção à Condução;Colisão lateral;Com Vítimas Feridas;Pleno dia;Decrescente;Céu Claro;Múltipla;Reta;Não;2;0;0;1;1;0;1;2;-27,50471;-48,65011;SR-SC;DEL8/1;UOP01/SC
268577;11/02/2020;terça-feira;11:00:00;MG;381;496;BETIM;Desobediência às normas de trânsito pelo condutor;Colisão lateral;Com Vítimas Feridas;Pleno dia;Decrescente;Nublado;Dupla;Reta;Sim;2;0;1;0;1;0;1;2;-19,99676;-44,20959;SR-MG;UOP03;DEL01
268578;11/02/2020;terça-feira;10:55:00;RJ;40;90;PETROPOLIS;Velocidade Incompatível;Saída de leito carroçável;Com Vítimas Feridas;Pleno dia;Crescente;Chuva;Simples;Curva;Não;2;0;1;0;1;0;1;1;-22,55074;-43,2364;SR-RJ;UOP03;DEL06
268579;11/02/2020;terça-feira;10:40:00;PR;116;64;CAMPINA GRANDE DO SUL;Avarias e/ou desgaste excessivo no pneu;Colisão lateral;Sem Vítimas;Pleno dia;Crescente;Chuva;Dupla;Reta;Não;2;0;0;0;2;0;0;2;-25,30617;-48,99337;SR-PR;DEL7/1;UOP02/PR
268580;11/02/2020;terça-feira;11:00:00;SC;101;91,5;BARRA VELHA;Falta de Atenção à Condução;Queda de ocupante de veículo;Com Vítimas Feridas;Pleno dia;Decrescente;Céu Claro;Dupla;Reta;Sim;2;0;1;0;1;0;1;2;-26,67121;-48,69012;SR-SC;DEL8/3;UOP02/SC
268581;11/02/2020;terça-feira;11:20:00;GO;40;14;LUZIANIA;Falta de Atenção do Pedestre;Atropelamento de Pedestre;Sem Vítimas;Pleno dia;Crescente;Céu Claro;Dupla;Reta;Sim;1;0;0;0;1;0;0;1;-16,15875;-47,93314;SR-DF;UOP01/DF;
268582;11/02/2020;terça-feira;11:00:00;RN;101;149,3;GOIANINHA;Falta de Atenção do Pedestre;Saída de leito carroçável;Com Vítimas Feridas;Pleno dia;Decrescente;Céu Claro;Dupla;Reta;Sim;1;0;1;0;0;0;1;1;-6,287087;-35,20055;SR-RN;UOP01;DEL01
268583;11/02/2020;terça-feira;09:00:00;MG;267;219,3;ARANTINA;Velocidade Incompatível;Colisão com objeto estático;Com Vítimas Feridas;Pleno dia;Crescente;Chuva;Simples;Curva;Não;1;0;1;0;0;0;1;1;-21,94965;-44,24923;SR-MG;DEL5;UOP03/MG
268584;11/02/2020;terça-feira;11:40:00;PR;476;139;CURITIBA;Falta de Atenção à Condução;Colisão traseira;Com Vítimas Feridas;Pleno dia;Crescente;Nublado;Múltipla;Reta;Sim;2;0;1;0;1;0;1;2;-25,49105;-49,27168;SR-PR;DEL7/1;UOP03/PR
268585;11/02/2020;terça-feira;10:45:00;MG;381;729,5;CARMO DA CACHOEIRA;Velocidade Incompatível;Colisão lateral;Sem Vítimas;Pleno dia;Decrescente;Chuva;Dupla;Curva;Não;2;0;0;0;2;0;0;2;-21,53065;-45,23082;SR-MG;DEL4/4;UOP02/MG
268586;11/02/2020;terça-feira;09:30:00;MT;158;583;AGUA BOA;Falta de Atenção à Condução;Colisão lateral;Com Vítimas Feridas;Pleno dia;Decrescente;Sol;Simples;Reta;Não;2;0;2;0;0;0;2;2;-14,17366;-52,19406;SR-MT;DEL2/8;UOP02/MT
268587;11/02/2020;terça-feira;05:35:00;PA;230;1131;ITAITUBA;Defeito Mecânico no Veículo;Colisão com objeto estático;Com Vítimas Fatais;Amanhecer;Decrescente;Garoa/Chuvisco;Simples;Não Informado;Não;5;1;3;0;1;0;3;3;-4,394899;-55,90376;SR-PA;UOP01;DEL05
268588;11/02/2020;terça-feira;11:55:00;PR;277;587;CASCAVEL;Falta de Atenção à Condução;Colisão traseira;Com Vítimas Feridas;Pleno dia;Crescente;Céu Claro;Simples;Reta;Sim;4;0;1;0;3;0;1;2;-24,96941;-53,4296;SR-PR;UOP01;DEL04
268589;11/02/2020;terça-feira;12:10:00;RS;116;40;VACARIA;Falta de Atenção à Condução;Colisão lateral;Com Vítimas Feridas;Pleno dia;Crescente;Céu Claro;Simples;Reta;Sim;2;0;1;0;1;0;1;2;-28,51839;-50,93942;SR-RS;DEL9/5;UOP03/RS
268590;11/02/2020;terça-feira;06:24:00;MG;381;371,1;SAO GONCALO DO RIO ABAIXO;Velocidade Incompatível;Tombamento;Com Vítimas Feridas;Amanhecer;Decrescente;Garoa/Chuvisco;Simples;Curva;Não;1;0;1;0;0;0;1;1;-19,84408;-43,30732;SR-MG;DEL4/1;UOP01/MG
268591;11/02/2020;terça-feira;12:05:00;BA;324;616;SALVADOR;Carga excessiva e/ou mal acondicionada;Colisão traseira;Com Vítimas Feridas;Pleno dia;Decrescente;Céu Claro;Dupla;Reta;Não;2;0;1;0;1;0;1;2;-12,87958;-38,43214;SR-BA;DEL10/1;UOP01/BA
268592;11/02/2020;terça-feira;11:00:00;RJ;40;67;PETROPOLIS;Pista Escorregadia;Saída de leito carroçável;Com Vítimas Feridas;Pleno dia;Decrescente;Chuva;Dupla;Curva;Sim;1;0;1;0;0;0;1;1;-22,43675;-43,17567;SR-RJ;DEL5/6;UOP03/RJ
268593;11/02/2020;terça-feira;11:15:00;ES;262;5,5;CARIACICA;Falta de Atenção à Condução;Colisão transversal;Com Vítimas Feridas;Pleno dia;Decrescente;Nublado;Múltipla;Interseção de vias;Sim;3;0;1;0;1;1;1;2;-20,33707;-40,3865;SR-ES;DEL12/1;UOP01/ES
268594;11/02/2020;terça-feira;09:18:00;RN;427;107,8;SAO FERNANDO;Ultrapassagem Indevida;Colisão frontal;Com Vítimas Feridas;Pleno dia;Crescente;Céu Claro;Simples;Não Informado;Não;4;0;0;1;1;2;1;2;-6,442823;-37,16705;SR-RN;DEL15/3;UOP01/RN
268596;11/02/2020;terça-feira;13:00:00;MG;262;369;JUATUBA;Velocidade Incompatível;Saída de leito carroçável;Com Vítimas Feridas;Pleno dia;Decrescente;Chuva;Dupla;Curva;Sim;2;0;1;0;1;0;1;1;-19,95674;-44,3443;SR-MG;DEL4/1;UOP03/MG
268597;11/02/2020;terça-feira;11:50:00;MG;40;432;PARAOPEBA;Pista Escorregadia;Saída de leito carroçável;Com Vítimas Feridas;Pleno dia;Crescente;Chuva;Dupla;Não Informado;Não;1;0;1;0;0;0;1;1;-19,20303;-44,47243;SR-MG;UOP01;DEL02
268598;11/02/2020;terça-feira;12:40:00;PR;369;178,2;ROLANDIA;Falta de Atenção do Pedestre;Colisão com objeto em movimento;Com Vítimas Feridas;Pleno dia;Decrescente;Céu Claro;Dupla;Reta;Não;2;0;1;0;1;0;1;2;-23,35694;-51,39473;SR-PR;DEL7/7;UOP01/PR
268599;11/02/2020;terça-feira;11:50:00;MT;364;271,2;JACIARA;Desobediência às normas de trânsito pelo condutor;Colisão transversal;Sem Vítimas;Pleno dia;Decrescente;Céu Claro;Dupla;Rotatória;Sim;2;0;0;0;2;0;0;2;-15,97033;-54,95784;SR-MT;DEL2/1;UOP02/MT
268600;11/02/2020;terça-feira;13:15:00;PA;230;121,6;MARABA;Falta de Atenção à Condução;Colisão traseira;Sem Vítimas;Pleno dia;Crescente;Sol;Dupla;Ponte;Sim;2;0;0;0;2;0;0;2;-5,357281;-49,12331;SR-PA;UOP01;DEL03
268601;11/02/2020;terça-feira;12:45:00;SP;116;269,3;TABOAO DA SERRA;Falta de Atenção à Condução;Colisão lateral;Com Vítimas Feridas;Pleno dia;Decrescente;Nublado;Dupla;Curva;Sim;2;0;1;0;1;0;1;2;-23,60867;-46,7549;SR-SP;DEL6/4;UOP01/SP
268602;11/02/2020;terça-feira;13:00:00;ES;262;3,8;CARIACICA;Falta de Atenção à Condução;Colisão lateral;Com Vítimas Feridas;Pleno dia;Crescente;Chuva;Múltipla;Retorno Regulamentado;Sim;2;0;1;0;1;0;1;2;-20,33374;-40,36911;SR-ES;DEL12/1;UOP01/ES
268603;11/02/2020;terça-feira;11:40:00;PR;277;597,2;CASCAVEL;Falta de Atenção à Condução;Colisão transversal;Com Vítimas Feridas;Pleno dia;Crescente;Céu Claro;Simples;Interseção de vias;Não;2;0;1;0;1;0;1;2;-24,99514;-53,51419;SR-PR;DEL7/4;UOP01/PR
268604;11/02/2020;terça-feira;13:30:00;MG;381;503,4;BETIM;Avarias e/ou desgaste excessivo no pneu;Colisão com objeto estático;Com Vítimas Feridas;Pleno dia;Decrescente;Chuva;Dupla;Curva;Sim;2;0;1;0;1;0;1;1;-20,03855;-44,25495;SR-MG;DEL4/1;UOP03/MG
268605;11/02/2020;terça-feira;13:20:00;GO;452;8;RIO VERDE;Falta de Atenção à Condução;Colisão traseira;Com Vítimas Feridas;Pleno dia;Crescente;Nublado;Simples;Não Informado;Não;2;0;1;0;1;0;1;2;-17,82422;-50,83685;SR-GO;UOP01;DEL04
268606;11/02/2020;terça-feira;10:00:00;MA;316;550,2;CAXIAS;Não guardar distância de segurança;Colisão traseira;Com Vítimas Feridas;Pleno dia;Decrescente;Sol;Simples;Reta;Sim;2;0;1;0;0;1;1;2;-4,886773;-43,36251;SR-MA;UOP02;DEL03
268607;11/02/2020;terça-feira;09:40:00;RS;158;534,2;SANTANA DO LIVRAMENTO;Defeito Mecânico no Veículo;Colisão traseira;Com Vítimas Feridas;Pleno dia;Crescente;Céu Claro;Simples;Reta;Não;3;0;1;0;2;0;1;2;-30,79258;-55,20905;SR-RS;DEL9/11;UOP01/RS
268608;11/02/2020;terça-feira;12:50:00;MG;381;359;JOAO MONLEVADE;Desobediência às normas de trânsito pelo condutor;Colisão traseira;Sem Vítimas;Pleno dia;Crescente;Nublado;Simples;Curva;Sim;2;0;0;0;2;0;0;2;-19,85515;-43,22402;SR-MG;DEL4/3;UOP01/MG
268610;11/02/2020;terça-feira;13:00:00;MG;459;52,7;SANTA RITA DE CALDAS;Fenômenos da Natureza;Saída de leito carroçável;Com Vítimas Feridas;Pleno dia;Crescente;Chuva;Simples;Reta;Não;1;0;1;0;0;0;1;1;-22,06538;-46,27326;SR-MG;DEL09;UOP04/MG
268611;11/02/2020;terça-feira;13:15:00;MG;40;468,8;SETE LAGOAS;Pista Escorregadia;Colisão com objeto estático;Sem Vítimas;Pleno dia;Decrescente;Chuva;Dupla;Reta;Não;1;0;0;0;1;0;0;1;-19,4563;-44,30942;SR-MG;DEL4/2;UOP01/MG
268612;11/02/2020;terça-feira;09:30:00;MT;364;350;SANTO ANTONIO DO LEVERGER;Velocidade Incompatível;Tombamento;Sem Vítimas;Pleno dia;Decrescente;Céu Claro;Dupla;Desvio Temporário;Não;1;0;0;0;1;0;0;1;-15,80518;-55,55687;SR-MT;DEL2/1;UOP01/MT
268613;11/02/2020;terça-feira;13:45:00;CE;402;276,1;ITAPIPOCA;Desobediência às normas de trânsito pelo condutor;Colisão frontal;Com Vítimas Fatais;Pleno dia;Decrescente;Nublado;Simples;Reta;Não;2;1;0;0;1;0;0;2;-3,521564;-39,49106;SR-CE;UOP03;DEL01
268614;11/02/2020;terça-feira;13:30:00;MG;381;713;CARMO DA CACHOEIRA;Pista Escorregadia;Saída de leito carroçável;Com Vítimas Feridas;Pleno dia;Crescente;Chuva;Dupla;Reta;Não;2;0;2;0;0;0;2;1;-21,40376;-45,2109;SR-MG;DEL4/4;UOP02/MG
268615;11/02/2020;terça-feira;14:20:00;PR;376;176;MARINGA;Falta de Atenção à Condução;Colisão traseira;Com Vítimas Feridas;Pleno dia;Decrescente;Céu Claro;Múltipla;Reta;Sim;3;0;2;0;1;0;2;2;-23,41269;-51,93158;SR-PR;UOP01;DEL09
268616;11/02/2020;terça-feira;14:25:00;SC;101;20,7;JOINVILLE;Falta de Atenção à Condução;Colisão traseira;Com Vítimas Feridas;Pleno dia;Crescente;Chuva;Dupla;Reta;Sim;2;0;1;0;1;0;1;2;-26,14068;-48,90299;SR-SC;DEL8/3;UOP01/SC
268617;11/02/2020;terça-feira;14:15:00;MG;381;502;BETIM;Ingestão de Álcool;Colisão frontal;Com Vítimas Feridas;Pleno dia;Crescente;Chuva;Múltipla;Reta;Sim;4;0;1;0;3;0;1;3;-20,02338;-44,22951;SR-MG;UOP03;DEL01
268618;11/02/2020;terça-feira;14:39:00;MG;50;70;UBERLANDIA;Falta de Atenção à Condução;Colisão traseira;Com Vítimas Feridas;Pleno dia;Crescente;Céu Claro;Dupla;Reta;Sim;2;0;1;0;1;0;1;2;-18,8514;-48,25346;SR-MG;DEL4/15;UOP01/MG
268619;11/02/2020;terça-feira;14:50:00;SC;280;4;SAO FRANCISCO DO SUL;Falta de Atenção à Condução;Colisão traseira;Com Vítimas Feridas;Pleno dia;Crescente;Chuva;Simples;Reta;Não;4;0;0;2;2;0;2;3;-26,2533;-48,61916;SR-SC;UOP03;DEL03
268620;11/02/2020;terça-feira;07:25:00;PR;116;209;RIO NEGRO;Desobediência às normas de trânsito pelo condutor;Colisão transversal;Com Vítimas Feridas;Pleno dia;Decrescente;Céu Claro;Simples;Interseção de vias;Sim;3;0;1;0;2;0;1;2;-26,07148;-49,76108;SR-SC;UOP01;DEL06
268621;11/02/2020;terça-feira;14:00:00;MS;158;297;TRES LAGOAS;Defeito Mecânico no Veículo;Colisão lateral;Sem Vítimas;Pleno dia;Crescente;Céu Claro;Simples;Não Informado;Não;2;0;0;0;2;0;0;2;-20,93468;-51,82783;SR-MS;UOP01;DEL07
268622;06/01/2020;segunda-feira;16:10:00;GO;251;11;CRISTALINA;Falta de Atenção à Condução;Colisão frontal;Com Vítimas Fatais;Pleno dia;Crescente;Céu Claro;Simples;Reta;Não;2;1;1;0;0;0;1;2;-16,20915;-47,42139;SR-DF;UOP01/DF;
268623;11/02/2020;terça-feira;13:59:00;MG;116;414;GOVERNADOR VALADARES;Desobediência às normas de trânsito pelo condutor;Colisão transversal;Com Vítimas Feridas;Pleno dia;Decrescente;Chuva;Simples;Reta;Sim;5;0;1;0;4;0;1;2;-18,88103;-41,95911;SR-MG;DEL4/6;UOP01/MG
268624;11/02/2020;terça-feira;12:20:00;RO;364;343;JI-PARANA;Desobediência às normas de trânsito pelo pedestre;Atropelamento de Pedestre;Com Vítimas Feridas;Pleno dia;Decrescente;Céu Claro;Múltipla;Reta;Sim;2;0;1;0;1;0;1;1;-10,87879;-61,94499;SR-RO;DEL21/2;UOP01/RO
268625;11/02/2020;terça-feira;11:45:00;AC;364;109;RIO BRANCO;Pista Escorregadia;Saída de leito carroçável;Com Vítimas Feridas;Pleno dia;Decrescente;Garoa/Chuvisco;Simples;Reta;Não;4;0;2;0;2;0;2;1;-10,01588;-67,65648;SR-AC;UOP01/AC;
268626;11/02/2020;terça-feira;13:50:00;MS;60;134;PARAISO DAS AGUAS;Defeito na Via;Capotamento;Com Vítimas Feridas;Pleno dia;Decrescente;Céu Claro;Simples;Reta;Não;1;0;1;0;0;0;1;1;-19,35302;-53,52518;SR-MS;UOP02;DEL06