id;data_inversa;dia_semana;horario;uf;br;km;municipio;causa_acidente;tipo_acidente;classificacao_acidente;fase_dia;sentido_via;condicao_metereologica;tipo_pista;tracado_via;uso_solo;pessoas;mortos;feridos_leves;feridos_graves;ilesos;ignorados;feridos;veiculos;latitude;longitude;regional;delegacia;uop
268627;11/02/2020;terça-feira;14:50:00;BA;116;889,8;CANDIDO SALES;Defeito Mecânico no Veículo;Incêndio;Sem Vítimas;Pleno dia;Crescente;Céu Claro;Simples;Reta;Não;1;0;0;0;1;0;0;1;-15,34946;-41,16756;SR-BA;DEL10/8;UOP03/BA
268628;11/02/2020;terça-feira;15:30:00;SC;470;69,7;INDAIAL;Falta de Atenção à Condução;Colisão transversal;Com Vítimas Feridas;Pleno dia;Crescente;Céu Claro;Simples;Reta;Não;2;0;1;0;1;0;1;2;-26,88375;-49,2467;SR-SC;DEL8/4;UOP01/SC
268630;11/02/2020;terça-feira;15:45:00;TO;153;385;RIO DOS BOIS;Defeito Mecânico no Veículo;Saída de leito carroçável;Com Vítimas Feridas;Pleno dia;Decrescente;Garoa/Chuvisco;Simples;Não Informado;Não;3;0;2;0;1;0;2;1;-9,287067;-48,55351;SR-TO;UOP03/TO;
268631;11/02/2020;terça-feira;14:20:00;RJ;101;333;RIO DE JANEIRO;Falta de Atenção à Condução;Colisão traseira;Com Vítimas Feridas;Pleno dia;Decrescente;Chuva;Dupla;Reta;Não;3;0;1;0;2;0;1;2;-22,87828;-43,21054;SR-RJ;UOP01;DEL02
268632;11/02/2020;terça-feira;15:50:00;MA;10;251,1;IMPERATRIZ;Desobediência às normas de trânsito pelo condutor;Colisão transversal;Com Vítimas Feridas;Pleno dia;Decrescente;Céu Claro;Simples;Reta;Sim;2;0;0;1;1;0;1;2;-5,543249;-47,46445;SR-MA;DEL18/4;UOP01/MA
268634;11/02/2020;terça-feira;09:30:00;MA;10;377;ITINGA DO MARANHAO;Falta de Atenção do Pedestre;Colisão lateral;Com Vítimas Feridas;Pleno dia;Decrescente;Céu Claro;Simples;Reta;Sim;3;0;1;0;1;1;1;2;-4,456727;-47,52631;SR-MA;DEL18/4;UOP03/MA
268636;11/02/2020;terça-feira;12:50:00;MT;174;3;PONTES E LACERDA;Falta de Atenção à Condução;Colisão transversal;Com Vítimas Feridas;Pleno dia;Crescente;Céu Claro;Simples;Reta;Sim;3;0;2;0;1;0;2;2;-15,23846;-59,33854;SR-MT;DEL2/7;UOP01/MT
268637;11/02/2020;terça-feira;15:40:00;PR;116;39;CAMPINA GRANDE DO SUL;Falta de Atenção à Condução;Saída de leito carroçável;Com Vítimas Feridas;Pleno dia;Crescente;Chuva;Dupla;Curva;Não;1;0;1;0;0;0;1;1;-25,15617;-48,86134;SR-PR;DEL7/1;UOP02/PR
268639;11/02/2020;terça-feira;15:55:00;SC;101;326,7;CAPIVARI DE BAIXO;Desobediência às normas de trânsito pelo condutor;Colisão transversal;Com Vítimas Feridas;Pleno dia;Decrescente;Céu Claro;Dupla;Não Informado;Sim;3;0;1;1;1;0;2;2;-28,42524;-48,94303;SR-SC;DEL8/2;UOP01/SC
268640;11/02/2020;terça-feira;16:50:00;BA;324;608;SIMOES FILHO;Falta de Atenção à Condução;Colisão traseira;Com Vítimas Feridas;Pleno dia;Crescente;Céu Claro;Dupla;Reta;Sim;2;0;2;0;0;0;2;1;-12,81183;-38,40479;SR-BA;DEL10/1;UOP01/BA
268641;11/02/2020;terça-feira;16:10:00;MT;163;970;TERRA NOVA DO NORTE;Pista Escorregadia;Saída de leito carroçável;Com Vítimas Feridas;Pleno dia;Crescente;Chuva;Dupla;Não Informado;Não;2;0;1;0;1;0;1;1;-10,65228;-55,13017;SR-MT;UOP02;DEL06
268643;11/02/2020;terça-feira;15:55:00;MG;381;536;ITATIAIUCU;Falta de Atenção à Condução;Tombamento;Com Vítimas Feridas;Pleno dia;Decrescente;Nublado;Simples;Curva;Não;2;0;2;0;0;0;2;1;-20,22443;-44,39531;SR-MG;DEL4/4;UOP03/MG
268644;11/02/2020;terça-feira;17:20:00;BA;324;512,9;FEIRA DE SANTANA;Falta de Atenção à Condução;Colisão traseira;Com Vítimas Feridas;Pleno dia;Crescente;Céu Claro;Dupla;Reta;Sim;3;0;3;0;0;0;3;2;-12,23062;-38,96162;SR-BA;DEL10/2;UOP01/BA
268645;11/02/2020;terça-feira;16:00:00;BA;101;251;CONCEICAO DO ALMEIDA;Desobediência às normas de trânsito pelo condutor;Colisão traseira;Com Vítimas Feridas;Pleno dia;Decrescente;Céu Claro;Simples;Reta;Sim;2;0;1;0;1;0;1;2;-12,99277;-39,28802;SR-BA;DEL10/1;UOP02/BA
268646;11/02/2020;terça-feira;17:00:00;PR;476;156,5;ARAUCARIA;Desobediência às normas de trânsito pelo condutor;Saída de leito carroçável;Com Vítimas Feridas;Pleno dia;Decrescente;Sol;Dupla;Reta;Não;1;0;1;0;0;0;1;1;-25,59916;-49,41774;SR-PR;DEL7/1;UOP04/PR
268647;11/02/2020;terça-feira;16:15:00;SP;116;280,9;EMBU DAS ARTES;Velocidade Incompatível;Colisão traseira;Com Vítimas Feridas;Pleno dia;Decrescente;Nublado;Dupla;Reta;Não;2;0;1;0;1;0;1;2;-23,66996;-46,85591;SR-SP;UOP01;DEL04
268648;11/02/2020;terça-feira;16:30:00;ES;262;163,8;IBATIBA;Não guardar distância de segurança;Colisão traseira;Com Vítimas Feridas;Pleno dia;Decrescente;Nublado;Simples;Não Informado;Não;3;0;1;0;2;0;1;3;-20,24682;-41,54873;SR-ES;DEL12/1;UOP02/ES
268649;11/02/2020;terça-feira;17:20:00;RJ;101;319;SAO GONCALO;Não guardar distância de segurança;Colisão lateral;Com Vítimas Feridas;Anoitecer;Decrescente;Chuva;Dupla;Reta;Sim;3;0;0;1;2;0;1;3;-22,85412;-43,1018;SR-RJ;UOP01;DEL02
268650;11/02/2020;terça-feira;17:15:00;ES;262;107,3;VENDA NOVA DO IMIGRANTE;Ingestão de Álcool;Colisão lateral;Com Vítimas Feridas;Pleno dia;Crescente;Chuva;Simples;Reta;Sim;2;0;1;0;1;0;1;2;-20,3308;-41,1557;SR-ES;UOP02;DEL01
268651;11/02/2020;terça-feira;17:14:00;GO;153;500,8;GOIANIA;Falta de Atenção à Condução;Colisão lateral;Com Vítimas Feridas;Pleno dia;Crescente;Céu Claro;Dupla;Curva;Não;2;0;1;0;1;0;1;2;-16,7118;-49,2324;SR-GO;DEL1/1;UOP01/GO
268652;11/02/2020;terça-feira;17:15:00;SC;280;126,1;RIO NEGRINHO;Não guardar distância de segurança;Colisão traseira;Com Vítimas Feridas;Pleno dia;Crescente;Nublado;Simples;Reta;Sim;2;0;1;0;1;0;1;2;-26,2378;-49,49427;SR-SC;DEL8/6;UOP03/SC
268653;11/02/2020;terça-feira;17:40:00;SP;116;148;SAO JOSE DOS CAMPOS;Falta de Atenção à Condução;Engavetamento;Com Vítimas Feridas;Pleno dia;Decrescente;Nublado;Dupla;Reta;Sim;3;0;1;0;2;0;1;3;-23,20067;-45,8795;SR-SP;UOP01;DEL02
268654;11/02/2020;terça-feira;17:40:00;SE;235;1;ARACAJU;Falta de Atenção à Condução;Colisão traseira;Com Vítimas Feridas;Pleno dia;Crescente;Céu Claro;Dupla;Reta;Sim;3;0;0;2;1;0;2;2;-10,9073;-37,0947;SR-SE;DEL20/1;UOP01/SE
268655;11/02/2020;terça-feira;17:45:00;MG;50;174,3;UBERABA;Falta de Atenção à Condução;Colisão traseira;Com Vítimas Feridas;Pleno dia;Decrescente;Céu Claro;Dupla;Reta;Sim;2;0;0;1;0;1;1;2;-19,77082;-47,97343;SR-MG;DEL13;UOP01/MG
268656;11/02/2020;terça-feira;13:30:00;RS;293;68,5;PIRATINI;Falta de Atenção à Condução;Colisão traseira;Sem Vítimas;Pleno dia;Decrescente;Sol;Simples;Não Informado;Não;2;0;0;0;2;0;0;2;-31,69509;-53,00571;SR-RS;DEL9/7;UOP01/RS
268658;11/02/2020;terça-feira;17:50:00;SC;101;129;BALNEARIO CAMBORIU;Avarias e/ou desgaste excessivo no pneu;Tombamento;Com Vítimas Feridas;Anoitecer;Crescente;Nublado;Dupla;Reta;Sim;2;0;2;0;0;0;2;2;-26,98064;-48,67907;SR-SC;UOP03;DEL04
268659;11/02/2020;terça-feira;17:15:00;PR;376;177,5;MARINGA;Falta de Atenção à Condução;Tombamento;Com Vítimas Feridas;Pleno dia;Decrescente;Sol;Dupla;Reta;Sim;1;0;0;1;0;0;1;1;-23,41505;-51,92542;SR-PR;DEL7/7;UOP04/PR
268660;11/02/2020;terça-feira;17:15:00;MT;163;112;RONDONOPOLIS;Avarias e/ou desgaste excessivo no pneu;Saída de leito carroçável;Sem Vítimas;Pleno dia;Crescente;Chuva;Dupla;Reta;Não;2;0;0;0;2;0;0;1;-16,56185;-54,67931;SR-MT;DEL2/2;UOP01/MT
268661;11/02/2020;terça-feira;16:40:00;RJ;116;293,7;PORTO REAL;Desobediência às normas de trânsito pelo condutor;Colisão lateral;Sem Vítimas;Pleno dia;Crescente;Chuva;Dupla;Reta;Sim;2;0;0;0;2;0;0;2;-22,4503;-44,33344;SR-RJ;DEL5/7;UOP02/RJ
268662;11/02/2020;terça-feira;17:40:00;MG;365;690;MONTE ALEGRE DE MINAS;Desobediência às normas de trânsito pelo condutor;Colisão transversal;Com Vítimas Feridas;Pleno dia;Crescente;Nublado;Dupla;Interseção de vias;Sim;2;0;0;1;1;0;1;2;-18,87624;-48,87959;SR-MG;DEL4/15;UOP03/MG
268663;11/02/2020;terça-feira;18:30:00;PR;376;180;MARINGA;Agressão Externa;Colisão com objeto estático;Com Vítimas Feridas;Pleno dia;Crescente;Céu Claro;Dupla;Viaduto;Sim;2;0;2;0;0;0;2;1;-23,42725;-51,89512;SR-PR;UOP01;DEL09
268664;11/02/2020;terça-feira;18:00:00;RJ;493;1;ITABORAI;Sinalização da via insuficiente ou inadequada;Atropelamento de Pedestre;Com Vítimas Feridas;Anoitecer;Decrescente;Chuva;Simples;Reta;Sim;2;0;1;0;1;0;1;1;-22,76399;-42,92732;SR-RJ;DEL5/2;UOP01/RJ
268666;11/02/2020;terça-feira;18:20:00;PR;163;35,3;SANTO ANTONIO DO SUDOESTE;Desobediência às normas de trânsito pelo condutor;Colisão frontal;Com Vítimas Feridas;Pleno dia;Crescente;Céu Claro;Simples;Reta;Sim;6;0;4;0;2;0;4;2;-26,10527;-53,7031;SR-PR;DEL7/2;UOP04/PR
268667;11/02/2020;terça-feira;18:30:00;PE;428;187,8;PETROLINA;Mal Súbito;Queda de ocupante de veículo;Com Vítimas Feridas;Plena Noite;Crescente;Céu Claro;Simples;Reta;Sim;1;0;1;0;0;0;1;1;-9,356043;-40,47854;SR-PE;DEL11/6;UOP01/PE
268669;11/02/2020;terça-feira;15:45:00;BA;101;690,6;EUNAPOLIS;Ultrapassagem Indevida;Colisão frontal;Com Vítimas Feridas;Pleno dia;Decrescente;Céu Claro;Simples;Curva;Não;3;0;0;2;1;0;2;2;-16,33256;-39,58174;SR-BA;DEL10/9;UOP01/BA
268670;11/02/2020;terça-feira;19:00:00;CE;116;14,1;FORTALEZA;Falta de Atenção do Pedestre;Atropelamento de Pedestre;Com Vítimas Feridas;Plena Noite;Decrescente;Nublado;Dupla;Reta;Não;2;0;1;0;1;0;1;1;-3,869734;-38,49827;SR-CE;DEL16/1;UOP02/CE
268671;05/01/2020;domingo;14:30:00;MG;40;459;CAETANOPOLIS;Falta de Atenção à Condução;Colisão traseira;Com Vítimas Feridas;Pleno dia;Crescente;Nublado;Dupla;Reta;Sim;3;0;1;1;1;0;2;2;-19,38892;-44,33546;SR-MG;DEL4/2;UOP01/MG
268672;11/02/2020;terça-feira;19:00:00;SP;116;230,2;SAO PAULO;Não guardar distância de segurança;Colisão traseira;Com Vítimas Feridas;Anoitecer;Crescente;Nublado;Múltipla;Reta;Não;3;0;1;0;1;1;1;3;-23,52252;-46,58557;SR-SP;DEL6/1;UOP01/SP
268673;11/02/2020;terça-feira;19:00:00;GO;158;272,3;JATAI;Falta de Atenção à Condução;Colisão frontal;Com Vítimas Feridas;Plena Noite;Crescente;Nublado;Simples;Interseção de vias;Sim;2;0;1;0;1;0;1;2;-17,88152;-51,73317;SR-GO;DEL1/5;UOP01/GO
268674;11/02/2020;terça-feira;12:30:00;SC;101;61;ARAQUARI;Velocidade Incompatível;Saída de leito carroçável;Com Vítimas Feridas;Pleno dia;Decrescente;Chuva;Dupla;Curva;Não;3;0;2;0;1;0;2;1;-26,45474;-48,77699;SR-SC;DEL8/3;UOP02/SC
268675;11/02/2020;terça-feira;17:10:00;MG;116;712;MURIAE;Defeito Mecânico no Veículo;Tombamento;Sem Vítimas;Pleno dia;Decrescente;Céu Claro;Simples;Curva;Não;1;0;0;0;1;0;0;1;-21,1905;-42,36842;SR-MG;UOP02;DEL07
268676;11/02/2020;terça-feira;18:00:00;RO;364;342,5;JI-PARANA;Falta de Atenção à Condução;Colisão transversal;Com Vítimas Feridas;Anoitecer;Crescente;Céu Claro;Simples;Reta;Sim;2;0;2;0;0;0;2;2;-10,88381;-61,93741;SR-RO;DEL21/2;UOP01/RO
268677;11/02/2020;terça-feira;18:25:00;MG;116;275,7;TEOFILO OTONI;Desobediência às normas de trânsito pelo condutor;Colisão traseira;Com Vítimas Feridas;Plena Noite;Decrescente;Céu Claro;Simples;Reta;Sim;2;0;2;0;0;0;2;2;-17,84235;-41,5141;SR-MG;DEL4/11;UOP01/MG
268678;11/02/2020;terça-feira;19:00:00;PA;230;122;MARABA;Desobediência às normas de trânsito pelo condutor;Colisão transversal;Com Vítimas Feridas;Anoitecer;Decrescente;Céu Claro;Dupla;Interseção de vias;Sim;2;0;1;0;1;0;1;2;-5,361375;-49,12376;SR-PA;DEL19/3;UOP01/PA
268679;11/02/2020;terça-feira;19:00:00;CE;116;1;FORTALEZA;Desobediência às normas de trânsito pelo condutor;Tombamento;Com Vítimas Feridas;Plena Noite;Decrescente;Céu Claro;Múltipla;Reta;Sim;1;0;0;1;0;0;1;1;-3,761599;-38,51901;SR-CE;DEL16/1;UOP02/CE
268681;11/02/2020;terça-feira;18:15:00;SC;470;134;RIO DO SUL;Falta de Atenção à Condução;Colisão transversal;Com Vítimas Feridas;Anoitecer;Decrescente;Nublado;Simples;Reta;Sim;2;0;1;0;1;0;1;2;-27,18185;-49,60013;SR-SC;UOP02;DEL04
268682;11/02/2020;terça-feira;19:45:00;PR;376;649;TIJUCAS DO SUL;Velocidade Incompatível;Colisão com objeto estático;Com Vítimas Feridas;Plena Noite;Crescente;Garoa/Chuvisco;Dupla;Curva;Não;1;0;1;0;0;0;1;1;-25,84592;-49,09776;SR-PR;UOP05;DEL01
268683;11/02/2020;terça-feira;18:30:00;SE;101;96;SAO CRISTOVAO;Desobediência às normas de trânsito pelo pedestre;Atropelamento de Pedestre;Com Vítimas Feridas;Plena Noite;Decrescente;Céu Claro;Dupla;Reta;Não;2;0;1;0;0;1;1;1;-10,91916;-37,16977;SR-SE;DEL20/2;UOP01/SE
268684;11/02/2020;terça-feira;19:10:00;PA;163;1002;SANTAREM;Falta de Atenção à Condução;Colisão transversal;Com Vítimas Feridas;Plena Noite;Crescente;Céu Claro;Simples;Rotatória;Sim;2;0;1;0;1;0;1;2;-2,45567;-54,72855;SR-PA;UOP01;DEL05
268685;11/02/2020;terça-feira;19:10:00;SP;116;282;ITAPECERICA DA SERRA;Falta de Atenção à Condução;Colisão lateral;Com Vítimas Feridas;Plena Noite;Crescente;Nublado;Dupla;Reta;Sim;3;0;1;0;2;0;1;3;-23,6857;-46,85971;SR-SP;UOP01;DEL04
268686;03/02/2020;segunda-feira;05:50:00;PB;101;84;BAYEUX;Não guardar distância de segurança;Colisão traseira;Sem Vítimas;Pleno dia;Crescente;Sol;Dupla;Reta;Sim;3;0;0;0;2;1;0;3;-7,139579;-34,92313;SR-PB;DEL14/1;UOP01/PB
268687;11/02/2020;terça-feira;19:55:00;MG;381;478;CONTAGEM;Velocidade Incompatível;Engavetamento;Com Vítimas Feridas;Plena Noite;Crescente;Chuva;Dupla;Reta;Sim;4;0;1;1;2;0;2;3;-19,96199;-44,03923;SR-MG;UOP03;DEL01
268688;11/02/2020;terça-feira;19:00:00;RJ;101;493;ANGRA DOS REIS;Desobediência às normas de trânsito pelo condutor;Colisão com objeto estático;Com Vítimas Feridas;Plena Noite;Crescente;Chuva;Simples;Curva;Não;1;0;1;0;0;0;1;1;-22,94375;-44,32522;SR-RJ;DEL5/3;UOP03/RJ
268689;11/02/2020;terça-feira;18:40:00;MA;316;550,8;CAXIAS;Desobediência às normas de trânsito pelo condutor;Colisão transversal;Com Vítimas Fatais;Plena Noite;Decrescente;Céu Claro;Simples;Reta;Sim;2;1;0;0;0;1;0;2;-4,887025;-43,36549;SR-MA;UOP02;DEL03
268690;11/02/2020;terça-feira;15:55:00;PR;153;496,5;GENERAL CARNEIRO;Velocidade Incompatível;Colisão traseira;Sem Vítimas;Pleno dia;Decrescente;Céu Claro;Simples;Reta;Não;2;0;0;0;2;0;0;2;-26,50875;-51,35293;SR-PR;DEL7/2;UOP02/PR
268693;11/02/2020;terça-feira;19:35:00;RJ;116;71;TERESOPOLIS;Falta de Atenção à Condução;Colisão lateral;Com Vítimas Feridas;Plena Noite;Decrescente;Chuva;Simples;Reta;Não;2;0;1;0;1;0;1;2;-22,32739;-42,93858;SR-RJ;UOP02;DEL06
268694;11/02/2020;terça-feira;19:55:00;ES;101;143,5;LINHARES;Restrição de Visibilidade;Saída de leito carroçável;Com Vítimas Feridas;Plena Noite;Decrescente;Chuva;Dupla;Reta;Sim;1;0;1;0;0;0;1;1;-19,34287;-40,06386;SR-ES;DEL12/4;UOP01/ES
268695;11/02/2020;terça-feira;20:21:00;PR;163;318;GUAIRA;Ultrapassagem Indevida;Colisão frontal;Com Vítimas Fatais;Plena Noite;Decrescente;Céu Claro;Simples;Reta;Não;3;1;0;1;1;0;1;2;-24,36133;-54,14619;SR-PR;UOP04;DEL06
268696;11/02/2020;terça-feira;20:50:00;PR;376;2,1;MANDAGUARI;Desobediência às normas de trânsito pelo condutor;Colisão transversal;Com Vítimas Feridas;Plena Noite;Decrescente;Céu Claro;Simples;Reta;Sim;3;0;1;1;1;0;2;2;-23,51418;-51,7;SR-PR;UOP01;DEL09
268698;11/02/2020;terça-feira;17:00:00;AM;319;40;CANUTAMA;Falta de Atenção à Condução;Colisão transversal;Com Vítimas Fatais;Pleno dia;Crescente;Céu Claro;Simples;Reta;Não;2;1;0;0;1;0;0;2;-8,639882;-63,99604;SR-AM;UOP04/AM;
268700;11/02/2020;terça-feira;20:20:00;ES;101;269,9;SERRA;Falta de Atenção à Condução;Colisão com objeto estático;Com Vítimas Feridas;Plena Noite;Crescente;Chuva;Múltipla;Reta;Sim;1;0;1;0;0;0;1;1;-20,2174;-40,26991;SR-ES;DEL12/2;UOP01/ES
268701;11/02/2020;terça-feira;20:05:00;RJ;116;177;NOVA IGUACU;Falta de Atenção à Condução;Colisão lateral;Sem Vítimas;Plena Noite;Crescente;Chuva;Múltipla;Reta;Sim;2;0;0;0;2;0;0;2;-22,78055;-43,39209;SR-RJ;DEL5/1;UOP02/RJ
268702;11/02/2020;terça-feira;20:40:00;SP;116;145,8;SAO JOSE DOS CAMPOS;Falta de Atenção à Condução;Colisão com objeto estático;Com Vítimas Feridas;Plena Noite;Decrescente;Nublado;Múltipla;Não Informado;Sim;3;0;0;1;2;0;1;3;-23,18698;-45,85481;SR-SP;UOP01;DEL02
268703;11/02/2020;terça-feira;20:40:00;PR;153;42;SANTO ANTONIO DA PLATINA;Desobediência às normas de trânsito pelo condutor;Colisão transversal;Com Vítimas Feridas;Plena Noite;Decrescente;Nublado;Simples;Interseção de vias;Sim;3;0;1;1;1;0;2;2;-23,29512;-50,06578;SR-PR;DEL7/7;UOP07/PR
268704;11/02/2020;terça-feira;18:20:00;SC;282;386;JOACABA;Falta de Atenção à Condução;Colisão lateral;Sem Vítimas;Pleno dia;Decrescente;Céu Claro;Simples;Não Informado;Não;2;0;0;0;2;0;0;2;-27,18914;-51,51777;SR-SC;DEL7;UOP07/SC
268705;11/02/2020;terça-feira;11:00:00;MG;116;468,1;TARUMIRIM;Avarias e/ou desgaste excessivo no pneu;Saída de leito carroçável;Com Vítimas Feridas;Pleno dia;Crescente;Nublado;Simples;Curva;Não;1;0;0;1;0;0;1;1;-19,30162;-42,07997;SR-MG;DEL4/6;UOP02/MG
268706;11/02/2020;terça-feira;19:50:00;SC;470;279;BRUNOPOLIS;Ingestão de Álcool;Tombamento;Com Vítimas Feridas;Plena Noite;Crescente;Céu Claro;Simples;Reta;Não;3;0;2;0;1;0;2;1;-27,33453;-50,85264;SR-SC;UOP08;DEL07
268707;11/02/2020;terça-feira;21:55:00;RS;116;257,8;ESTEIO;Falta de Atenção à Condução;Colisão transversal;Com Vítimas Feridas;Plena Noite;Crescente;Céu Claro;Dupla;Reta;Sim;2;0;1;0;1;0;1;2;-29,85555;-51,1808;SR-RS;DEL9/1;UOP02/RS
268708;11/02/2020;terça-feira;22:00:00;PA;230;114;MARABA;Não guardar distância de segurança;Colisão traseira;Sem Vítimas;Plena Noite;Crescente;Garoa/Chuvisco;Simples;Rotatória;Sim;2;0;0;0;2;0;0;2;-5,36179;-49,07869;SR-PA;DEL19/3;UOP01/PA
268709;11/02/2020;terça-feira;18:20:00;SC;470;129,9;LONTRAS;Falta de Atenção à Condução;Colisão transversal;Com Vítimas Feridas;Pleno dia;Decrescente;Nublado;Simples;Reta;Sim;2;0;0;1;1;0;1;2;-27,1604;-49,55649;SR-SC;UOP02;DEL04
268710;10/01/2020;sexta-feira;19:30:00;MG;381;155;GOVERNADOR VALADARES;Falta de Atenção à Condução;Atropelamento de Pedestre;Com Vítimas Feridas;Plena Noite;Crescente;Ignorado;Simples;Reta;Não;2;0;1;1;0;0;2;1;-18,85983;-41,98533;SR-MG;DEL4/6;UOP01/MG
268711;11/02/2020;terça-feira;22:10:00;MG;381;440,8;SABARA;Pista Escorregadia;Capotamento;Com Vítimas Feridas;Plena Noite;Crescente;Chuva;Simples;Não Informado;Não;2;0;2;0;0;0;2;1;-19,81604;-43,8039;SR-MG;UOP01;DEL01
268712;11/02/2020;terça-feira;21:30:00;SE;101;24;MALHADA DOS BOIS;Objeto estático sobre o leito carroçável;Colisão traseira;Com Vítimas Feridas;Plena Noite;Crescente;Céu Claro;Simples;Reta;Não;2;0;1;0;0;1;1;2;-10,39607;-36,91721;SR-SE;DEL20/2;UOP02/SE
268713;11/02/2020;terça-feira;17:10:00;SC;282;495,2;XANXERE;Falta de Atenção à Condução;Colisão transversal;Com Vítimas Feridas;Pleno dia;Crescente;Sol;Simples;Reta;Não;2;0;0;1;1;0;1;2;-26,87535;-52,32708;SR-SC;DEL7;UOP01/SC
268714;11/02/2020;terça-feira;19:50:00;PR;376;298;MAUA DA SERRA;Desobediência às normas de trânsito pelo condutor;Queda de ocupante de veículo;Com Vítimas Feridas;Plena Noite;Crescente;Céu Claro;Dupla;Reta;Não;1;0;1;0;0;0;1;1;-23,93672;-51,14431;SR-PR;UOP02;DEL07
268715;11/02/2020;terça-feira;23:25:00;MG;381;512,3;IGARAPE;Defeito Mecânico no Veículo;Colisão frontal;Com Vítimas Feridas;Plena Noite;Decrescente;Chuva;Múltipla;Não Informado;Sim;3;0;2;0;1;0;2;2;-20,07092;-44,29909;SR-MG;UOP03;DEL01
268716;11/02/2020;terça-feira;23:30:00;MG;381;509,9;IGARAPE;Desobediência às normas de trânsito pelo pedestre;Atropelamento de Pedestre;Com Vítimas Fatais;Plena Noite;Decrescente;Chuva;Múltipla;Reta;Sim;2;1;0;0;0;1;0;1;-20,05368;-44,28305;SR-MG;UOP03;DEL01
268717;12/02/2020;quarta-feira;00:05:00;SP;116;228;SAO PAULO;Falta de Atenção à Condução;Colisão lateral;Com Vítimas Feridas;Plena Noite;Decrescente;Nublado;Múltipla;Reta;Não;4;0;1;0;2;1;1;3;-23,50343;-46,56639;SR-SP;UOP01;DEL01
268718;11/02/2020;terça-feira;23:40:00;SC;470;1;NAVEGANTES;Não guardar distância de segurança;Colisão lateral;Com Vítimas Feridas;Plena Noite;Crescente;Nublado;Dupla;Curva;Sim;3;0;2;0;0;1;2;2;-26,87538;-48,66828;SR-SC;DEL8/4;UOP04/SC
268719;12/02/2020;quarta-feira;00:10:00;SP;116;212,3;GUARULHOS;Desobediência às normas de trânsito pelo condutor;Colisão traseira;Com Vítimas Feridas;Plena Noite;Crescente;Nublado;Múltipla;Reta;Sim;4;0;1;1;2;0;2;3;-23,43608;-46,42805;SR-SP;UOP01;DEL01
268720;11/02/2020;terça-feira;22:40:00;PE;423;143;IATI;Animais na Pista;Atropelamento de Animal;Com Vítimas Feridas;Plena Noite;Crescente;Céu Claro;Simples;Reta;Não;1;0;1;0;0;0;1;1;-8,999306;-36,85266;SR-PE;UOP01;DEL03
268721;11/02/2020;terça-feira;17:30:00;RO;435;122;CEREJEIRAS;Falta de Atenção à Condução;Colisão transversal;Com Vítimas Feridas;Anoitecer;Decrescente;Nublado;Dupla;Reta;Sim;3;0;1;0;1;1;1;2;-13,18776;-60,79987;SR-RO;DEL21/4;UOP02/RO
268722;11/02/2020;terça-feira;19:30:00;MA;135;20;SAO LUIS;Desobediência às normas de trânsito pelo condutor;Colisão com objeto estático;Com Vítimas Feridas;Plena Noite;Decrescente;Ignorado;Dupla;Reta;Sim;2;0;1;0;0;1;1;2;-2,565657;-44,32955;SR-MA;UOP01;DEL01
268723;11/02/2020;terça-feira;22:50:00;RJ;116;305;RESENDE;Desobediência às normas de trânsito pelo condutor;Colisão traseira;Sem Vítimas;Plena Noite;Decrescente;Garoa/Chuvisco;Dupla;Reta;Não;4;0;0;0;4;0;0;3;-22,45911;-44,43189;SR-RJ;UOP02;DEL07
268725;12/02/2020;quarta-feira;00:10:00;SC;101;394;MARACAJA;Ingestão de Álcool;Saída de leito carroçável;Com Vítimas Feridas;Plena Noite;Decrescente;Nublado;Dupla;Reta;Não;1;0;1;0;0;0;1;1;-28,81326;-49,38912;SR-SC;UOP02;DEL02
268726;12/02/2020;quarta-feira;02:00:00;PE;101;42;IGARASSU;Velocidade Incompatível;Saída de leito carroçável;Sem Vítimas;Plena Noite;Crescente;Nublado;Múltipla;Reta;Sim;1;0;0;0;1;0;0;1;-7,838874;-34,91197;SR-PE;UOP02;DEL01
268727;12/02/2020;quarta-feira;02:10:00;RS;470;220;BENTO GONCALVES;Ultrapassagem Indevida;Colisão lateral;Com Vítimas Feridas;Plena Noite;Decrescente;Céu Claro;Simples;Desvio Temporário;Sim;2;0;1;0;0;1;1;2;-29,19825;-51,51858;SR-RS;DEL9/6;UOP01/RS
268729;12/02/2020;quarta-feira;03:30:00;MT;158;627;AGUA BOA;Falta de Atenção à Condução;Saída de leito carroçável;Com Vítimas Feridas;Plena Noite;Crescente;Céu Claro;Simples;Curva;Não;3;0;1;0;2;0;1;1;-14,50888;-52,29429;SR-MT;UOP02;DEL07
268730;12/02/2020;quarta-feira;03:10:00;SC;101;142;ITAPEMA;Velocidade Incompatível;Colisão com objeto estático;Sem Vítimas;Plena Noite;Crescente;Nublado;Dupla;Curva;Não;1;0;0;0;0;1;0;1;-27,05609;-48,59945;SR-SC;DEL8/4;UOP03/SC
268731;12/02/2020;quarta-feira;02:50:00;SC;280;70,4;JARAGUA DO SUL;Falta de Atenção à Condução;Colisão lateral;Com Vítimas Feridas;Plena Noite;Decrescente;Nublado;Simples;Reta;Sim;2;0;0;1;1;0;1;2;-26,46522;-49,12676;SR-SC;UOP03;DEL03