id;data_inversa;dia_semana;horario;uf;br;km;municipio;causa_acidente;tipo_acidente;classificacao_acidente;fase_dia;sentido_via;condicao_metereologica;tipo_pista;tracado_via;uso_solo;pessoas;mortos;feridos_leves;feridos_graves;ilesos;ignorados;feridos;veiculos;latitude;longitude;regional;delegacia;uop
268732;12/02/2020;quarta-feira;04:10:00;SE;101;189,9;CRISTINAPOLIS;Condutor Dormindo;Tombamento;Com Vítimas Feridas;Plena Noite;Crescente;Céu Claro;Simples;Curva;Não;1;0;1;0;0;0;1;1;-11,42159;-37,70993;SR-SE;UOP03;DEL02
268733;12/02/2020;quarta-feira;03:00:00;RS;NA;NA;PELOTAS;Defeito na Via;Colisão com objeto estático;Sem Vítimas;Plena Noite;Não Informado;Chuva;Simples;Curva;Não;2;0;0;0;2;0;0;1;-31,46761;-52,30815;SR-RS;DEL9/7;
268734;12/02/2020;quarta-feira;03:30:00;PA;10;348;SANTA MARIA DO PARA;Defeito Mecânico no Veículo;Colisão com objeto estático;Com Vítimas Feridas;Plena Noite;Crescente;Céu Claro;Simples;Reta;Não;4;0;2;0;2;0;2;2;-1,398079;-47,55942;SR-PA;UOP02;DEL01
268736;12/02/2020;quarta-feira;04:25:00;MG;381;491,8;BETIM;Mal Súbito;Saída de leito carroçável;Com Vítimas Feridas;Amanhecer;Crescente;Chuva;Dupla;Reta;Sim;2;0;1;0;0;1;1;1;-19,97018;-44,1821;SR-MG;UOP03;DEL01
268737;12/02/2020;quarta-feira;05:30:00;AL;101;14,4;NOVO LINO;Falta de Atenção à Condução;Colisão com objeto estático;Com Vítimas Feridas;Amanhecer;Decrescente;Nublado;Dupla;Curva;Não;6;0;5;1;0;0;6;1;-8,981608;-35,67369;SR-AL;UOP02;DEL01
268738;12/02/2020;quarta-feira;05:30:00;SP;116;283;EMBU DAS ARTES;Defeito na Via;Tombamento;Com Vítimas Feridas;Amanhecer;Decrescente;Chuva;Dupla;Reta;Sim;2;0;0;1;1;0;1;1;-23,6704;-46,85598;SR-SP;UOP01;DEL04
268739;12/02/2020;quarta-feira;06:00:00;MG;381;421,2;NOVA UNIAO;Condutor Dormindo;Colisão com objeto estático;Com Vítimas Feridas;Amanhecer;Crescente;Chuva;Simples;Não Informado;Não;5;0;0;4;0;1;4;1;-19,74497;-43,61632;SR-MG;UOP01;DEL01
268741;12/02/2020;quarta-feira;03:30:00;MG;356;275,1;EUGENOPOLIS;Ingestão de Álcool;Colisão frontal;Com Vítimas Feridas;Plena Noite;Crescente;Chuva;Simples;Reta;Não;4;0;0;3;0;1;3;2;-21,12733;-42,28674;SR-MG;UOP02;DEL07
268742;11/02/2020;terça-feira;23:15:00;RS;470;187;VERANOPOLIS;Ingestão de Álcool;Saída de leito carroçável;Sem Vítimas;Plena Noite;Crescente;Céu Claro;Simples;Não Informado;Não;2;0;0;0;2;0;0;1;-29,00604;-51,55575;SR-RS;UOP02;DEL06
268743;12/02/2020;quarta-feira;06:00:00;SP;116;270;TABOAO DA SERRA;Falta de Atenção à Condução;Colisão lateral;Com Vítimas Feridas;Pleno dia;Decrescente;Garoa/Chuvisco;Dupla;Reta;Sim;2;0;1;0;1;0;1;2;-23,618;-46,79678;SR-SP;UOP01;DEL04
268744;12/02/2020;quarta-feira;06:30:00;GO;50;105;CRISTALINA;Condutor Dormindo;Saída de leito carroçável;Com Vítimas Feridas;Amanhecer;Decrescente;Nublado;Dupla;Reta;Não;2;0;1;0;1;0;1;1;-16,9309;-47,7117;SR-DF;UOP04;DEL01
268745;12/02/2020;quarta-feira;07:00:00;PR;376;600;CURITIBA;Falta de Atenção à Condução;Colisão traseira;Com Vítimas Feridas;Pleno dia;Crescente;Nublado;Múltipla;Reta;Sim;3;0;2;0;1;0;2;2;-25,53196;-49,32206;SR-PR;UOP04;DEL01
268746;12/02/2020;quarta-feira;07:00:00;DF;70;11,1;BRASILIA;Falta de Atenção à Condução;Colisão traseira;Com Vítimas Feridas;Pleno dia;Decrescente;Céu Claro;Dupla;Reta;Não;2;0;1;0;1;0;1;2;-15,78976;-48,14873;SR-DF;UOP03;DEL01
268747;11/02/2020;terça-feira;22:30:00;MG;262;445;NOVA SERRANA;Ingestão de Álcool;Colisão com objeto estático;Com Vítimas Feridas;Plena Noite;Decrescente;Chuva;Dupla;Reta;Sim;1;0;1;0;0;0;1;1;-19,878;-44,94086;SR-MG;UOP03;DEL08
268748;12/02/2020;quarta-feira;06:40:00;MG;262;44,1;MANHUACU;Pista Escorregadia;Colisão traseira;Com Vítimas Feridas;Pleno dia;Decrescente;Garoa/Chuvisco;Simples;Reta;Não;2;0;1;0;1;0;1;2;-20,26012;-42,08811;SR-MG;UOP04;DEL06
268749;12/02/2020;quarta-feira;07:40:00;DF;70;16;BRASILIA;Não guardar distância de segurança;Colisão traseira;Com Vítimas Feridas;Pleno dia;Decrescente;Céu Claro;Dupla;Reta;Não;2;0;1;0;1;0;1;2;-15,79614;-48,19423;SR-DF;UOP06/DF;
268750;12/02/2020;quarta-feira;07:55:00;RS;158;335;SANTA MARIA;Falta de Atenção à Condução;Colisão traseira;Com Vítimas Feridas;Pleno dia;Crescente;Céu Claro;Simples;Reta;Sim;2;0;1;0;1;0;1;2;-29,70852;-53,88442;SR-RS;DEL9/9;UOP01/RS
268751;12/02/2020;quarta-feira;05:50:00;SC;282;222,9;LAGES;Desobediência às normas de trânsito pelo condutor;Colisão frontal;Com Vítimas Fatais;Amanhecer;Crescente;Céu Claro;Simples;Não Informado;Não;2;1;0;0;0;1;0;2;-27,79843;-50,35862;SR-SC;UOP01;DEL05
268752;12/02/2020;quarta-feira;07:00:00;MA;135;6;SAO LUIS;Não guardar distância de segurança;Colisão lateral;Com Vítimas Feridas;Pleno dia;Decrescente;Nublado;Dupla;Reta;Sim;2;0;0;1;1;0;1;2;-2,62878;-44,26322;SR-MA;DEL18/1;UOP01/MA
268753;12/02/2020;quarta-feira;08:00:00;SC;282;17,4;PALHOCA;Falta de Atenção à Condução;Colisão transversal;Com Vítimas Feridas;Pleno dia;Crescente;Nublado;Simples;Interseção de vias;Sim;2;0;1;0;1;0;1;2;-27,66571;-48,68807;SR-SC;UOP02;DEL01
268754;12/02/2020;quarta-feira;08:30:00;SC;280;33,2;ARAQUARI;Desobediência às normas de trânsito pelo condutor;Colisão transversal;Com Vítimas Feridas;Pleno dia;Crescente;Sol;Simples;Reta;Sim;2;0;1;0;1;0;1;2;-26,42576;-48,78741;SR-SC;DEL8/3;UOP03/SC
268755;12/02/2020;quarta-feira;08:30:00;GO;153;502;GOIANIA;Defeito Mecânico no Veículo;Engavetamento;Com Vítimas Feridas;Pleno dia;Crescente;Céu Claro;Dupla;Reta;Sim;6;0;1;1;4;0;2;5;-16,7287;-49,2424;SR-GO;UOP01;DEL01
268756;12/02/2020;quarta-feira;08:00:00;RN;101;72,9;EXTREMOZ;Falta de Atenção à Condução;Colisão lateral;Com Vítimas Feridas;Pleno dia;Decrescente;Céu Claro;Simples;Interseção de vias;Não;2;0;0;1;1;0;1;2;-5,698662;-35,26317;SR-RN;DEL15/2;UOP01/RN
268757;12/02/2020;quarta-feira;08:00:00;CE;20;395;CAUCAIA;Ultrapassagem Indevida;Colisão traseira;Com Vítimas Feridas;Pleno dia;Crescente;Céu Claro;Simples;Reta;Não;5;0;3;0;2;0;3;2;-3,826455;-38,75115;SR-CE;UOP01;DEL01
268758;12/02/2020;quarta-feira;07:30:00;MG;50;71,5;UBERLANDIA;Falta de Atenção à Condução;Capotamento;Com Vítimas Feridas;Amanhecer;Crescente;Chuva;Dupla;Reta;Sim;3;0;2;0;1;0;2;2;-18,8514;-48,25346;SR-MG;DEL4/15;UOP01/MG
268759;12/02/2020;quarta-feira;08:30:00;MG;40;443,6;PARAOPEBA;Velocidade Incompatível;Colisão com objeto estático;Com Vítimas Feridas;Pleno dia;Crescente;Chuva;Dupla;Não Informado;Sim;1;0;1;0;0;0;1;1;-19,28815;-44,392;SR-MG;DEL4/2;UOP01/MG
268760;12/02/2020;quarta-feira;05:00:00;MS;60;515,6;NIOAQUE;Defeito Mecânico no Veículo;Colisão com objeto estático;Com Vítimas Feridas;Amanhecer;Crescente;Sol;Simples;Não Informado;Não;1;0;0;1;0;0;1;1;-21,17733;-55,62823;SR-MS;DEL3/5;UOP01/MS
268762;12/02/2020;quarta-feira;09:15:00;RS;386;333,4;MARQUES DE SOUZA;Não guardar distância de segurança;Colisão lateral;Com Vítimas Feridas;Pleno dia;Crescente;Céu Claro;Dupla;Reta;Não;2;0;1;0;1;0;1;2;-29,37128;-52,062;SR-RS;DEL9/4;UOP01/RS
268763;12/02/2020;quarta-feira;09:00:00;PE;101;18;GOIANA;Defeito na Via;Saída de leito carroçável;Com Vítimas Feridas;Pleno dia;Crescente;Chuva;Simples;Curva;Sim;2;0;2;0;0;0;2;1;-7,626211;-34,9667;SR-PE;DEL11/1;UOP02/PE
268764;12/02/2020;quarta-feira;09:05:00;SP;116;145,4;SAO JOSE DOS CAMPOS;Falta de Atenção à Condução;Colisão lateral;Com Vítimas Feridas;Pleno dia;Crescente;Nublado;Simples;Desvio Temporário;Sim;2;0;1;0;1;0;1;2;-23,18698;-45,85481;SR-SP;UOP01;DEL02
268765;12/02/2020;quarta-feira;09:10:00;DF;70;12;BRASILIA;Velocidade Incompatível;Colisão lateral;Com Vítimas Feridas;Pleno dia;Decrescente;Céu Claro;Dupla;Reta;Sim;2;0;1;0;1;0;1;2;-15,79224;-48,15854;SR-DF;UOP03;DEL01
268766;12/02/2020;quarta-feira;08:45:00;DF;70;19;BRASILIA;Falta de Atenção à Condução;Queda de ocupante de veículo;Com Vítimas Feridas;Pleno dia;Decrescente;Céu Claro;Dupla;Reta;Sim;1;0;1;0;0;0;1;1;-15,78887;-48,22024;SR-DF;UOP03;DEL01
268767;12/02/2020;quarta-feira;07:10:00;MG;40;257;SAO GONCALO DO ABAETE;Pista Escorregadia;Saída de leito carroçável;Com Vítimas Feridas;Pleno dia;Crescente;Chuva;Simples;Reta;Não;3;0;3;0;0;0;3;1;-18,13558;-45,38218;SR-MG;UOP02;DEL14
268769;12/02/2020;quarta-feira;09:20:00;RJ;40;91,7;PETROPOLIS;Velocidade Incompatível;Colisão com objeto estático;Com Vítimas Feridas;Pleno dia;Crescente;Chuva;Simples;Não Informado;Não;1;0;1;0;0;0;1;1;-22,54904;-43,2423;SR-RJ;DEL5/6;UOP03/RJ
268771;12/02/2020;quarta-feira;08:40:00;MA;135;7;SAO LUIS;Não guardar distância de segurança;Colisão traseira;Sem Vítimas;Pleno dia;Decrescente;Nublado;Dupla;Rotatória;Não;2;0;0;0;2;0;0;2;-2,636088;-44,26849;SR-MA;DEL18/1;UOP01/MA
268772;12/02/2020;quarta-feira;08:35:00;SC;470;36;GASPAR;Ingestão de álcool e/ou substâncias psicoativas pelo pedestre;Colisão com objeto estático;Com Vítimas Feridas;Pleno dia;Crescente;Céu Claro;Simples;Não Informado;Sim;1;0;1;0;0;0;1;1;-26,9142;-48,96895;SR-SC;DEL8/4;UOP01/SC
268773;12/02/2020;quarta-feira;09:10:00;RS;116;515,6;PELOTAS;Falta de Atenção à Condução;Saída de leito carroçável;Sem Vítimas;Pleno dia;Decrescente;Sol;Dupla;Reta;Sim;1;0;0;0;1;0;0;1;-31,66114;-52,33868;SR-RS;DEL9/7;UOP01/RS
268774;12/02/2020;quarta-feira;07:20:00;MT;70;280,8;PRIMAVERA DO LESTE;Falta de Atenção à Condução;Colisão lateral;Com Vítimas Feridas;Pleno dia;Decrescente;Céu Claro;Simples;Reta;Sim;2;0;1;0;1;0;1;2;-15,56643;-54,30399;SR-MT;UOP01;DEL05
268775;12/02/2020;quarta-feira;09:10:00;GO;60;89,1;ANAPOLIS;Mal Súbito;Saída de leito carroçável;Com Vítimas Feridas;Pleno dia;Decrescente;Céu Claro;Dupla;Reta;Sim;1;0;1;0;0;0;1;1;-16,33997;-48,89899;SR-GO;UOP01;DEL02
268776;12/02/2020;quarta-feira;09:00:00;DF;70;9,5;BRASILIA;Agressão Externa;Tombamento;Com Vítimas Feridas;Pleno dia;Crescente;Nublado;Dupla;Reta;Sim;1;0;1;0;0;0;1;1;-15,78462;-48,13202;SR-DF;UOP03;DEL01
268779;12/02/2020;quarta-feira;10:00:00;TO;153;639;ALIANCA DO TOCANTINS;Falta de Atenção à Condução;Saída de leito carroçável;Com Vítimas Feridas;Pleno dia;Decrescente;Chuva;Simples;Reta;Não;1;0;0;1;0;0;1;1;-11,43902;-48,98828;SR-TO;UOP01/TO;
268780;12/02/2020;quarta-feira;10:25:00;PE;101;71;RECIFE;Falta de Atenção à Condução;Colisão traseira;Sem Vítimas;Pleno dia;Crescente;Céu Claro;Dupla;Reta;Sim;5;0;0;0;5;0;0;5;-8,076631;-34,94278;SR-PE;UOP01;DEL01
268781;12/02/2020;quarta-feira;08:20:00;MG;116;413,5;GOVERNADOR VALADARES;Desobediência às normas de trânsito pelo condutor;Colisão transversal;Com Vítimas Feridas;Pleno dia;Decrescente;Nublado;Simples;Interseção de vias;Não;2;0;1;0;1;0;1;2;-18,87391;-41,96637;SR-MG;DEL4/6;UOP01/MG
268783;12/02/2020;quarta-feira;10:20:00;CE;116;7;FORTALEZA;Falta de Atenção à Condução;Colisão traseira;Com Vítimas Feridas;Pleno dia;Decrescente;Céu Claro;Múltipla;Curva;Sim;4;0;1;0;3;0;1;2;-3,810966;-38,50047;SR-CE;DEL16/1;UOP02/CE
268784;12/02/2020;quarta-feira;10:35:00;SC;470;126,1;LONTRAS;Desobediência às normas de trânsito pelo condutor;Colisão traseira;Com Vítimas Feridas;Pleno dia;Crescente;Sol;Simples;Curva;Não;2;0;1;0;1;0;1;2;-27,129;-49,53828;SR-SC;DEL8/4;UOP02/SC
268785;12/02/2020;quarta-feira;10:20:00;SC;101;117,5;ITAJAI;Falta de Atenção à Condução;Colisão traseira;Com Vítimas Feridas;Pleno dia;Decrescente;Nublado;Dupla;Reta;Sim;2;0;1;0;1;0;1;2;-26,88747;-48,72253;SR-SC;DEL8/4;UOP04/SC
268786;12/02/2020;quarta-feira;10:50:00;SC;470;54,6;BLUMENAU;Ultrapassagem Indevida;Atropelamento de Pedestre;Com Vítimas Feridas;Pleno dia;Crescente;Sol;Simples;Interseção de vias;Sim;2;0;1;0;1;0;1;1;-26,87107;-49,11037;SR-SC;UOP01;DEL04
268787;12/02/2020;quarta-feira;06:30:00;PB;104;77,9;REMIGIO;Falta de Atenção à Condução;Saída de leito carroçável;Com Vítimas Feridas;Pleno dia;Decrescente;Céu Claro;Simples;Desvio Temporário;Não;1;0;1;0;0;0;1;1;-6,910633;-35,86491;SR-PB;DEL14/2;UOP04/PB
268788;12/02/2020;quarta-feira;10:20:00;RS;386;348;LAJEADO;Falta de Atenção à Condução;Colisão traseira;Com Vítimas Feridas;Pleno dia;Decrescente;Sol;Dupla;Reta;Não;4;0;4;0;0;0;4;2;-29,45664;-51,95733;SR-RS;DEL9/4;UOP02/RS
268789;12/02/2020;quarta-feira;10:00:00;MT;163;540;DIAMANTINO;Falta de Atenção à Condução;Saída de leito carroçável;Com Vítimas Feridas;Pleno dia;Crescente;Garoa/Chuvisco;Simples;Reta;Não;1;0;1;0;0;0;1;1;-14,38413;-56,12219;SR-MT;DEL2/4;UOP01/MT
268791;12/02/2020;quarta-feira;10:30:00;PI;316;6,8;TERESINA;Desobediência às normas de trânsito pelo condutor;Colisão lateral;Com Vítimas Feridas;Pleno dia;Crescente;Sol;Simples;Reta;Não;2;0;0;1;1;0;1;2;-5,147021;-42,77439;SR-PI;UOP02;DEL01
268792;12/02/2020;quarta-feira;10:30:00;RJ;116;99;GUAPIMIRIM;Falta de Atenção à Condução;Saída de leito carroçável;Sem Vítimas;Pleno dia;Decrescente;Garoa/Chuvisco;Simples;Curva;Não;1;0;0;0;1;0;0;1;-22,48851;-42,99935;SR-RJ;UOP02;DEL04
268793;12/02/2020;quarta-feira;11:30:00;SE;101;131,2;ESTANCIA;Condutor Dormindo;Colisão com objeto estático;Com Vítimas Feridas;Pleno dia;Decrescente;Sol;Dupla;Não Informado;Não;2;0;1;0;1;0;1;1;-11,10656;-37,37309;SR-SE;DEL20/2;UOP01/SE
268795;12/02/2020;quarta-feira;11:15:00;PR;277;82;CURITIBA;Falta de Atenção à Condução;Colisão transversal;Com Vítimas Feridas;Pleno dia;Crescente;Nublado;Dupla;Reta;Sim;2;0;1;0;1;0;1;2;-25,45276;-49,22622;SR-PR;UOP04;DEL01
268796;12/02/2020;quarta-feira;11:40:00;SP;116;210,6;GUARULHOS;Não guardar distância de segurança;Colisão traseira;Com Vítimas Feridas;Pleno dia;Decrescente;Céu Claro;Simples;Reta;Não;2;0;1;0;1;0;1;2;-23,4287;-46,41086;SR-SP;UOP01;DEL01
268797;12/02/2020;quarta-feira;11:20:00;ES;101;257;SERRA;Desobediência às normas de trânsito pelo condutor;Colisão traseira;Com Vítimas Feridas;Pleno dia;Decrescente;Sol;Dupla;Reta;Sim;4;0;0;1;1;2;1;2;-20,12455;-40,30332;SR-ES;UOP01;DEL02
268798;12/02/2020;quarta-feira;09:45:00;PR;376;667,2;GUARATUBA;Velocidade Incompatível;Colisão traseira;Com Vítimas Fatais;Pleno dia;Crescente;Céu Claro;Simples;Não Informado;Não;2;1;0;0;1;0;0;2;-25,8665;-48,94667;SR-PR;UOP05;DEL01
268799;08/02/2020;sábado;09:30:00;PR;476;285,8;SAO MATEUS DO SUL;Falta de Atenção à Condução;Colisão transversal;Com Vítimas Feridas;Pleno dia;Crescente;Céu Claro;Simples;Reta;Não;2;0;1;0;1;0;1;2;-25,90735;-50,44406;SR-PR;DEL7/2;UOP03/PR
268800;12/02/2020;quarta-feira;12:00:00;SE;235;58,2;ITABAIANA;Desobediência às normas de trânsito pelo condutor;Colisão transversal;Com Vítimas Feridas;Pleno dia;Crescente;Céu Claro;Simples;Reta;Sim;2;0;0;1;1;0;1;2;-10,64137;-37,45405;SR-SE;DEL20/1;UOP02/SE
268801;12/02/2020;quarta-feira;12:20:00;CE;116;15;FORTALEZA;Defeito Mecânico no Veículo;Tombamento;Com Vítimas Feridas;Pleno dia;Crescente;Sol;Dupla;Reta;Sim;2;0;1;0;1;0;1;1;-3,878399;-38,50067;SR-CE;DEL16/1;UOP02/CE
268803;12/02/2020;quarta-feira;11:30:00;TO;153;559,8;FATIMA;Falta de Atenção à Condução;Colisão traseira;Com Vítimas Feridas;Pleno dia;Crescente;Céu Claro;Dupla;Reta;Sim;4;0;1;0;3;0;1;2;-10,75614;-48,90225;SR-TO;UOP02/TO;
268804;12/02/2020;quarta-feira;10:40:00;RJ;101;421;MANGARATIBA;Defeito Mecânico no Veículo;Colisão com objeto estático;Sem Vítimas;Pleno dia;Crescente;Chuva;Simples;Curva;Não;1;0;0;0;1;0;0;1;-22,91667;-43,93081;SR-RJ;DEL5/3;UOP01/RJ
268805;12/02/2020;quarta-feira;12:20:00;MG;365;17;MONTES CLAROS;Velocidade Incompatível;Colisão frontal;Com Vítimas Feridas;Pleno dia;Decrescente;Chuva;Simples;Reta;Não;4;0;2;0;2;0;2;2;-16,87724;-43,99338;SR-MG;UOP01;DEL12
268806;02/02/2020;domingo;19:25:00;MT;70;287;PRIMAVERA DO LESTE;Ultrapassagem Indevida;Colisão lateral;Sem Vítimas;Plena Noite;Decrescente;Céu Claro;Simples;Reta;Não;5;0;0;0;5;0;0;5;-15,5761;-54,35867;SR-MT;DEL2/5;UOP01/MT
268807;12/02/2020;quarta-feira;10:41:00;SC;101;210;SAO JOSE;Não guardar distância de segurança;Colisão lateral;Com Vítimas Feridas;Pleno dia;Decrescente;Sol;Múltipla;Reta;Não;6;0;0;2;1;3;2;4;-27,61673;-48,64573;SR-SC;DEL8/1;UOP01/SC
268808;12/02/2020;quarta-feira;12:10:00;PA;230;120,6;MARABA;Não guardar distância de segurança;Engavetamento;Com Vítimas Feridas;Pleno dia;Crescente;Céu Claro;Dupla;Reta;Sim;4;0;2;0;2;0;2;4;-5,363648;-49,12473;SR-PA;UOP01;DEL03
268809;12/02/2020;quarta-feira;12:20:00;RS;290;96,8;PORTO ALEGRE;Desobediência às normas de trânsito pelo condutor;Colisão lateral;Com Vítimas Feridas;Pleno dia;Decrescente;Sol;Simples;Não Informado;Sim;6;0;5;0;1;0;5;2;-29,99211;-51,20452;SR-RS;DEL9/1;UOP01/RS
268810;12/02/2020;quarta-feira;10:15:00;MG;365;608;UBERLANDIA;Pista Escorregadia;Tombamento;Com Vítimas Feridas;Pleno dia;Decrescente;Nublado;Dupla;Viaduto;Sim;2;0;1;0;1;0;1;1;-18,92794;-48,19198;SR-MG;DEL4/15;UOP01/MG
268813;12/02/2020;quarta-feira;13:00:00;BA;101;878;TEIXEIRA DE FREITAS;Falta de Atenção à Condução;Tombamento;Com Vítimas Feridas;Pleno dia;Crescente;Sol;Simples;Reta;Sim;3;0;0;1;1;1;1;2;-17,55019;-39,72106;SR-BA;DEL10/9;UOP03/BA
268814;12/02/2020;quarta-feira;11:00:00;SC;470;92;APIUNA;Falta de Atenção à Condução;Colisão traseira;Com Vítimas Feridas;Pleno dia;Decrescente;Céu Claro;Simples;Reta;Não;2;0;0;1;1;0;1;2;-26,98592;-49,37305;SR-SC;DEL8/4;UOP01/SC
268815;12/02/2020;quarta-feira;13:00:00;SC;101;365,9;SANGAO;Ingestão de Substâncias Psicoativas;Colisão lateral;Com Vítimas Feridas;Pleno dia;Crescente;Céu Claro;Dupla;Reta;Não;3;0;1;0;1;1;1;2;-28,68765;-49,15824;SR-SC;DEL8/2;UOP01/SC
268816;02/02/2020;domingo;09:30:00;AM;174;900;MANAUS;Desobediência às normas de trânsito pelo condutor;Colisão com objeto estático;Com Vítimas Feridas;Pleno dia;Crescente;Céu Claro;Simples;Reta;Não;2;0;1;0;1;0;1;2;-2,834866;-60,03363;SR-AM;UOP01/AM;
268817;12/02/2020;quarta-feira;07:20:00;PA;163;902;BELTERRA;Condutor Dormindo;Saída de leito carroçável;Com Vítimas Feridas;Pleno dia;Crescente;Chuva;Simples;Desvio Temporário;Não;2;0;1;1;0;0;2;1;-3,219516;-54,95107;SR-PA;DEL19/5;UOP01/PA
268818;12/02/2020;quarta-feira;05:20:00;MG;116;767,6;LEOPOLDINA;Restrição de Visibilidade;Tombamento;Com Vítimas Feridas;Plena Noite;Decrescente;Chuva;Simples;Reta;Sim;1;0;1;0;0;0;1;1;-21,53566;-42,65611;SR-MG;UOP01;DEL07
268819;12/02/2020;quarta-feira;14:25:00;PE;101;68,2;RECIFE;Velocidade Incompatível;Colisão traseira;Sem Vítimas;Pleno dia;Decrescente;Céu Claro;Dupla;Não Informado;Sim;5;0;0;0;5;0;0;2;-8,050743;-34,94581;SR-PE;DEL11/1;UOP01/PE
268820;12/02/2020;quarta-feira;14:00:00;AP;210;104;PORTO GRANDE;Falta de Atenção à Condução;Tombamento;Com Vítimas Feridas;Pleno dia;Crescente;Céu Claro;Simples;Reta;Sim;1;0;1;0;0;0;1;1;0,6985633;-51,39692;SR-AP;UOP01/AP;
268821;12/02/2020;quarta-feira;14:20:00;RJ;101;281;ITABORAI;Falta de Atenção à Condução;Capotamento;Com Vítimas Feridas;Pleno dia;Crescente;Chuva;Dupla;Reta;Sim;2;0;2;0;0;0;2;1;-22,73786;-42,78693;SR-RJ;DEL5/2;UOP02/RJ
268822;12/02/2020;quarta-feira;14:30:00;RJ;116;235,1;PIRAI;Pista Escorregadia;Colisão traseira;Com Vítimas Feridas;Pleno dia;Crescente;Chuva;Dupla;Reta;Não;2;0;1;0;1;0;1;2;-22,66935;-43,85529;SR-RJ;UOP01;DEL07
268823;12/02/2020;quarta-feira;12:30:00;MT;163;539;DIAMANTINO;Falta de Atenção à Condução;Saída de leito carroçável;Com Vítimas Feridas;Pleno dia;Crescente;Garoa/Chuvisco;Simples;Reta;Não;1;0;1;0;0;0;1;1;-14,39101;-56,11636;SR-MT;DEL2/4;UOP01/MT
268824;12/02/2020;quarta-feira;12:00:00;RN;405;99,2;ITAU;Defeito na Via;Saída de leito carroçável;Sem Vítimas;Pleno dia;Decrescente;Sol;Simples;Desvio Temporário;Não;1;0;0;0;1;0;0;1;-5,79;-37,918;SR-RN;UOP02;DEL04
268835;12/02/2020;quarta-feira;12:00:00;RS;392;241;CACAPAVA DO SUL;Velocidade Incompatível;Tombamento;Com Vítimas Feridas;Pleno dia;Decrescente;Céu Claro;Simples;Curva;Não;1;0;1;0;0;0;1;1;-30,60476;-53,36822;SR-RS;DEL9/9;UOP02/RS
268836;12/02/2020;quarta-feira;14:00:00;RO;319;62;PORTO VELHO;Desobediência às normas de trânsito pelo condutor;Colisão transversal;Com Vítimas Feridas;Pleno dia;Decrescente;Nublado;Múltipla;Interseção de vias;Sim;2;0;1;0;1;0;1;2;-8,766685;-63,88405;SR-RO;DEL21/1;UOP01/RO
268837;12/02/2020;quarta-feira;14:55:00;MG;381;924,6;CAMANDUCAIA;Avarias e/ou desgaste excessivo no pneu;Colisão com objeto estático;Com Vítimas Feridas;Pleno dia;Crescente;Chuva;Dupla;Curva;Não;1;0;1;0;0;0;1;1;-22,76995;-46,19406;SR-MG;UOP03;DEL16
268838;07/02/2020;sexta-feira;06:30:00;SC;282;37,5;AGUAS MORNAS;Velocidade Incompatível;Saída de leito carroçável;Sem Vítimas;Pleno dia;Crescente;Chuva;Simples;Reta;Não;1;0;0;0;1;0;0;1;-27,70846;-48,84753;SR-SC;DEL8/1;UOP03/SC
268839;12/02/2020;quarta-feira;15:30:00;DF;80;20,1;BRASILIA;Falta de Atenção à Condução;Colisão traseira;Com Vítimas Feridas;Pleno dia;Decrescente;Nublado;Dupla;Reta;Sim;3;0;1;0;2;0;1;2;-15,66404;-48,20372;SR-DF;UOP03;DEL01
268840;12/02/2020;quarta-feira;11:40:00;MG;116;135;PONTO DOS VOLANTES;Falta de Atenção à Condução;Colisão transversal;Com Vítimas Feridas;Pleno dia;Decrescente;Céu Claro;Simples;Reta;Não;2;0;0;1;1;0;1;2;-16,73163;-41,50644;SR-MG;UOP02;DEL11
268841;12/02/2020;quarta-feira;15:00:00;SC;282;44,9;AGUAS MORNAS;Não guardar distância de segurança;Colisão traseira;Sem Vítimas;Pleno dia;Crescente;Nublado;Simples;Curva;Não;2;0;0;0;2;0;0;2;-27,72214;-48,90694;SR-SC;DEL8/1;UOP03/SC
268842;12/02/2020;quarta-feira;13:15:00;MS;267;124,6;NOVA ANDRADINA;Mal Súbito;Saída de leito carroçável;Com Vítimas Feridas;Pleno dia;Crescente;Céu Claro;Simples;Curva;Sim;1;0;1;0;0;0;1;1;-21,75808;-53,25297;SR-MS;DEL2;UOP03/MS
268844;12/02/2020;quarta-feira;12:50:00;MG;262;759,9;SACRAMENTO;Condutor Dormindo;Saída de leito carroçável;Com Vítimas Feridas;Pleno dia;Decrescente;Nublado;Simples;Reta;Não;2;0;2;0;0;0;2;1;-19,66389;-47,59211;SR-MG;DEL13;UOP01/MG
268845;12/02/2020;quarta-feira;13:50:00;MG;40;96;LAGOA GRANDE;Velocidade Incompatível;Saída de leito carroçável;Com Vítimas Feridas;Pleno dia;Crescente;Céu Claro;Simples;Reta;Não;2;0;2;0;0;0;2;1;-17,53681;-46,53518;SR-MG;DEL4/14;UOP01/MG
268846;12/02/2020;quarta-feira;16:25:00;CE;116;23;AQUIRAZ;Falta de Atenção à Condução;Colisão transversal;Com Vítimas Feridas;Pleno dia;Decrescente;Céu Claro;Dupla;Não Informado;Não;5;0;3;0;2;0;3;2;-3,954326;-38,51239;SR-CE;UOP02;DEL01
268849;12/02/2020;quarta-feira;15:41:00;MS;262;354;CAMPO GRANDE;Falta de Atenção à Condução;Colisão frontal;Com Vítimas Fatais;Pleno dia;Crescente;Céu Claro;Simples;Reta;Não;2;1;0;0;1;0;0;2;-20,5566;-54,66452;SR-MS;UOP03;DEL01