id;data_inversa;dia_semana;horario;uf;br;km;municipio;causa_acidente;tipo_acidente;classificacao_acidente;fase_dia;sentido_via;condicao_metereologica;tipo_pista;tracado_via;uso_solo;pessoas;mortos;feridos_leves;feridos_graves;ilesos;ignorados;feridos;veiculos;latitude;longitude;regional;delegacia;uop
268850;12/02/2020;quarta-feira;15:30:00;RJ;40;87;PETROPOLIS;Pista Escorregadia;Colisão com objeto estático;Sem Vítimas;Pleno dia;Decrescente;Chuva;Simples;Curva;Não;1;0;0;0;1;0;0;1;-22,54414;-43,23288;SR-RJ;DEL5/6;UOP03/RJ
268851;11/02/2020;terça-feira;14:00:00;MG;267;191,1;BOM JARDIM DE MINAS;Falta de Atenção à Condução;Saída de leito carroçável;Sem Vítimas;Pleno dia;Decrescente;Chuva;Simples;Reta;Não;1;0;0;0;1;0;0;1;-21,92184;-44,02808;SR-MG;DEL5;UOP01/MG
268852;12/02/2020;quarta-feira;16:00:00;MG;381;367;JOAO MONLEVADE;Pista Escorregadia;Colisão com objeto estático;Com Vítimas Feridas;Pleno dia;Decrescente;Garoa/Chuvisco;Simples;Curva;Não;2;0;2;0;0;0;2;1;-19,85013;-43,15078;SR-MG;DEL4/3;UOP01/MG
268853;12/02/2020;quarta-feira;16:30:00;MG;40;632,1;CONSELHEIRO LAFAIETE;Velocidade Incompatível;Queda de ocupante de veículo;Com Vítimas Feridas;Pleno dia;Decrescente;Chuva;Dupla;Reta;Não;1;0;1;0;0;0;1;1;-20,67349;-43,7969;SR-MG;DEL5;UOP02/MG
268854;12/02/2020;quarta-feira;16:20:00;MG;381;643;SANTO ANTONIO DO AMPARO;Condutor Dormindo;Colisão traseira;Com Vítimas Feridas;Pleno dia;Crescente;Nublado;Dupla;Curva;Não;2;0;1;0;1;0;1;2;-20,94414;-44,88059;SR-MG;DEL4/4;UOP01/MG
268855;12/02/2020;quarta-feira;15:45:00;MG;116;526,6;CARATINGA;Desobediência às normas de trânsito pelo condutor;Colisão transversal;Com Vítimas Feridas;Pleno dia;Crescente;Nublado;Simples;Curva;Sim;2;0;1;0;1;0;1;2;-19,77654;-42,13328;SR-MG;UOP02;DEL06
268856;12/02/2020;quarta-feira;16:00:00;RO;364;710;PORTO VELHO;Falta de Atenção à Condução;Colisão traseira;Com Vítimas Feridas;Pleno dia;Crescente;Nublado;Dupla;Reta;Sim;2;0;1;0;0;1;1;2;-8,786216;-63,85713;SR-RO;DEL21/1;UOP01/RO
268857;12/02/2020;quarta-feira;17:23:00;PR;277;585,8;CASCAVEL;Desobediência às normas de trânsito pelo condutor;Colisão transversal;Com Vítimas Feridas;Pleno dia;Crescente;Chuva;Simples;Não Informado;Sim;2;0;1;0;1;0;1;2;-24,96401;-53,41227;SR-PR;DEL7/4;UOP01/PR
268858;11/01/2020;sábado;07:20:00;GO;153;495,8;GOIANIA;Fenômenos da Natureza;Colisão com objeto estático;Sem Vítimas;Pleno dia;Decrescente;Chuva;Dupla;Desvio Temporário;Sim;1;0;0;0;1;0;0;1;-16,67929;-49,23221;SR-GO;DEL1/1;UOP01/GO
268859;12/02/2020;quarta-feira;17:35:00;RS;116;239,8;NOVO HAMBURGO;Velocidade Incompatível;Engavetamento;Com Vítimas Feridas;Pleno dia;Decrescente;Céu Claro;Múltipla;Não Informado;Sim;6;0;2;0;4;0;2;5;-29,69615;-51,14456;SR-RS;DEL9/1;UOP02/RS
268860;12/02/2020;quarta-feira;17:17:00;MG;50;180;UBERABA;Desobediência às normas de trânsito pelo condutor;Colisão transversal;Com Vítimas Feridas;Pleno dia;Decrescente;Nublado;Dupla;Curva;Sim;2;0;1;0;1;0;1;2;-19,77848;-47,92195;SR-MG;UOP01;DEL13
268861;11/02/2020;terça-feira;22:00:00;PA;155;268;ELDORADO DO CARAJAS;Defeito na Via;Tombamento;Com Vítimas Fatais;Plena Noite;Crescente;Garoa/Chuvisco;Simples;Reta;Não;2;1;1;0;0;0;1;1;-5,994301;-49,24531;SR-PA;UOP01;DEL03
268863;12/02/2020;quarta-feira;13:00:00;AL;101;181;TEOTONIO VILELA;Pista Escorregadia;Colisão com objeto estático;Sem Vítimas;Pleno dia;Decrescente;Chuva;Dupla;Curva;Não;1;0;0;0;1;0;0;1;-9,895355;-36,41226;SR-AL;DEL13/2;UOP02/AL
268864;12/02/2020;quarta-feira;17:30:00;PR;467;105;CASCAVEL;Fenômenos da Natureza;Saída de leito carroçável;Com Vítimas Feridas;Pleno dia;Crescente;Chuva;Dupla;Reta;Não;4;0;1;0;2;1;1;1;-24,9142;-53,492;SR-PR;DEL7/4;UOP01/PR
268865;12/02/2020;quarta-feira;17:20:00;ES;101;269,9;SERRA;Não guardar distância de segurança;Colisão traseira;Com Vítimas Feridas;Pleno dia;Decrescente;Sol;Dupla;Reta;Sim;2;0;1;0;1;0;1;2;-20,2174;-40,26991;SR-ES;DEL12/2;UOP01/ES
268866;12/02/2020;quarta-feira;17:00:00;MS;359;200;COXIM;Pista Escorregadia;Colisão com objeto estático;Com Vítimas Feridas;Anoitecer;Decrescente;Garoa/Chuvisco;Simples;Desvio Temporário;Não;3;0;3;0;0;0;3;1;-18,44176;-54,47931;SR-MS;DEL3/6;UOP01/MS
268867;12/02/2020;quarta-feira;15:10:00;PR;272;377,8;CAMPO MOURAO;Ultrapassagem Indevida;Colisão lateral;Com Vítimas Fatais;Pleno dia;Decrescente;Sol;Simples;Não Informado;Não;3;1;0;0;2;0;0;3;-24,06075;-52,49291;SR-PR;UOP03;DEL09
268868;12/02/2020;quarta-feira;16:00:00;RN;405;160;RAFAEL FERNANDES;Desobediência às normas de trânsito pelo condutor;Colisão traseira;Com Vítimas Feridas;Pleno dia;Crescente;Céu Claro;Simples;Desvio Temporário;Sim;2;0;0;1;1;0;1;2;-6,19;-38,2245;SR-RN;UOP02;DEL04
268870;12/02/2020;quarta-feira;17:30:00;CE;116;23,9;AQUIRAZ;Desobediência às normas de trânsito pelo condutor;Colisão traseira;Com Vítimas Feridas;Pleno dia;Decrescente;Céu Claro;Dupla;Curva;Não;2;0;1;0;1;0;1;2;-3,957722;-38,5128;SR-CE;UOP02;DEL01
268871;12/02/2020;quarta-feira;18:30:00;MG;50;73;UBERLANDIA;Falta de Atenção à Condução;Engavetamento;Com Vítimas Feridas;Anoitecer;Decrescente;Chuva;Dupla;Reta;Sim;7;0;2;0;5;0;2;5;-18,90599;-48,23147;SR-MG;DEL4/15;UOP01/MG
268872;12/02/2020;quarta-feira;17:00:00;PR;277;660;MATELANDIA;Pista Escorregadia;Tombamento;Com Vítimas Feridas;Pleno dia;Decrescente;Chuva;Dupla;Não Informado;Não;2;0;2;0;0;0;2;1;-25,25136;-53,99028;SR-PR;UOP05;DEL04
268873;12/02/2020;quarta-feira;15:30:00;SC;153;58,7;IRANI;Desobediência às normas de trânsito pelo condutor;Colisão transversal;Com Vítimas Feridas;Pleno dia;Crescente;Céu Claro;Simples;Curva;Não;4;0;1;0;3;0;1;2;-26,96981;-51,85461;SR-SC;UOP05;DEL07
268874;12/02/2020;quarta-feira;17:20:00;RS;290;174,9;BUTIA;Falta de Atenção à Condução;Colisão transversal;Com Vítimas Feridas;Pleno dia;Crescente;Céu Claro;Múltipla;Interseção de vias;Sim;2;0;1;0;1;0;1;2;-30,12804;-51,95159;SR-RS;DEL9/2;UOP03/RS
268875;12/02/2020;quarta-feira;19:00:00;PE;232;7,8;RECIFE;Defeito Mecânico no Veículo;Saída de leito carroçável;Sem Vítimas;Plena Noite;Decrescente;Nublado;Dupla;Reta;Sim;1;0;0;0;0;1;0;1;-8,073507;-34,96116;SR-PE;UOP01;DEL01
268876;12/02/2020;quarta-feira;19:00:00;SE;101;87;NOSSA SENHORA DO SOCORRO;Falta de Atenção à Condução;Saída de leito carroçável;Com Vítimas Feridas;Plena Noite;Crescente;Nublado;Dupla;Reta;Sim;3;0;1;0;1;1;1;2;-10,86174;-37,13527;SR-SE;UOP01;DEL01
268878;12/02/2020;quarta-feira;17:45:00;BA;101;258;SANTO ANTONIO DE JESUS;Desobediência às normas de trânsito pelo condutor;Colisão transversal;Com Vítimas Feridas;Anoitecer;Crescente;Céu Claro;Dupla;Reta;Não;2;0;0;1;1;0;1;2;-13,04899;-39,28533;SR-BA;UOP02;DEL01
268879;12/02/2020;quarta-feira;18:20:00;SE;101;56,5;ROSARIO DO CATETE;Falta de Atenção à Condução;Colisão frontal;Com Vítimas Feridas;Plena Noite;Crescente;Nublado;Simples;Desvio Temporário;Não;4;0;2;0;2;0;2;2;-10,63931;-37,0107;SR-SE;UOP02;DEL02
268880;12/02/2020;quarta-feira;16:45:00;AC;317;280;EPITACIOLANDIA;Falta de Atenção à Condução;Saída de leito carroçável;Com Vítimas Feridas;Anoitecer;Crescente;Nublado;Simples;Não Informado;Não;1;0;1;0;0;0;1;1;-10,99543;-68,64268;SR-AC;UOP02;DEL01
268881;12/02/2020;quarta-feira;19:00:00;RN;110;47,5;MOSSORO;Desobediência às normas de trânsito pelo condutor;Colisão lateral;Sem Vítimas;Plena Noite;Decrescente;Ignorado;Simples;Reta;Sim;2;0;0;0;1;1;0;2;-5,203384;-37,32563;SR-RN;DEL15/4;UOP01/RN
268882;12/02/2020;quarta-feira;19:15:00;MG;40;497,7;ESMERALDAS;Falta de Atenção do Pedestre;Atropelamento de Pedestre;Com Vítimas Fatais;Plena Noite;Crescente;Chuva;Dupla;Reta;Não;6;1;0;0;4;1;0;1;-19,6825;-44,1842;SR-MG;UOP01;DEL02
268883;12/02/2020;quarta-feira;19:10:00;PE;232;488;VERDEJANTE;Animais na Pista;Atropelamento de Animal;Sem Vítimas;Plena Noite;Crescente;Céu Claro;Simples;Reta;Não;1;0;0;0;1;0;0;1;-8,010347;-38,9565;SR-PE;UOP01;DEL05
268884;12/02/2020;quarta-feira;17:27:00;RO;364;715;PORTO VELHO;Desobediência às normas de trânsito pelo condutor;Colisão transversal;Sem Vítimas;Pleno dia;Crescente;Sol;Simples;Reta;Sim;2;0;0;0;2;0;0;2;-8,779573;-63,89174;SR-RO;DEL21/1;UOP01/RO
268885;12/02/2020;quarta-feira;18:20:00;BA;116;215;EUCLIDES DA CUNHA;Ingestão de Álcool;Colisão frontal;Com Vítimas Feridas;Plena Noite;Decrescente;Céu Claro;Simples;Reta;Não;2;0;0;1;1;0;1;2;-10,54478;-38,99605;SR-BA;UOP02;DEL07
268886;12/02/2020;quarta-feira;19:50:00;ES;101;25;PEDRO CANARIO;Falta de Atenção à Condução;Colisão transversal;Com Vítimas Feridas;Plena Noite;Decrescente;Céu Claro;Simples;Reta;Não;2;0;1;0;1;0;1;2;-18,34736;-39,95831;SR-ES;UOP02;DEL04
268887;12/02/2020;quarta-feira;20:20:00;SC;280;52;GUARAMIRIM;Restrição de Visibilidade;Saída de leito carroçável;Com Vítimas Feridas;Plena Noite;Crescente;Garoa/Chuvisco;Simples;Curva;Não;1;0;0;1;0;0;1;1;-26,4689;-48,96492;SR-SC;UOP03;DEL03
268888;12/02/2020;quarta-feira;20:25:00;PR;373;199,7;IPIRANGA;Velocidade Incompatível;Saída de leito carroçável;Com Vítimas Feridas;Plena Noite;Crescente;Céu Claro;Simples;Interseção de vias;Não;2;0;0;1;1;0;1;2;-25,08427;-50,4085;SR-PR;UOP01;DEL03
268889;12/02/2020;quarta-feira;17:50:00;MT;163;749;SORRISO;Não guardar distância de segurança;Colisão traseira;Com Vítimas Feridas;Anoitecer;Decrescente;Céu Claro;Dupla;Reta;Sim;3;0;1;0;2;0;1;3;-12,68057;-55,79602;SR-MT;DEL2/6;UOP01/MT
268890;12/02/2020;quarta-feira;10:45:00;BA;116;420;FEIRA DE SANTANA;Falta de Atenção à Condução;Colisão lateral;Sem Vítimas;Pleno dia;Decrescente;Céu Claro;Dupla;Reta;Sim;1;0;0;0;1;0;0;1;-12,21174;-38,9655;SR-BA;DEL10/2;UOP01/BA
268891;12/02/2020;quarta-feira;20:10:00;RJ;116;164,3;RIO DE JANEIRO;Condutor Dormindo;Colisão traseira;Com Vítimas Feridas;Plena Noite;Crescente;Garoa/Chuvisco;Dupla;Reta;Sim;2;0;1;0;1;0;1;2;-22,81074;-43,28844;SR-RJ;DEL5/1;UOP02/RJ
268893;12/02/2020;quarta-feira;20:10:00;MG;262;363;JUATUBA;Falta de Atenção à Condução;Colisão traseira;Com Vítimas Feridas;Plena Noite;Crescente;Chuva;Dupla;Reta;Não;2;0;1;0;1;0;1;2;-19,98333;-44,23572;SR-MG;DEL4/1;UOP03/MG
268895;12/02/2020;quarta-feira;12:10:00;PR;277;270;PRUDENTOPOLIS;Ultrapassagem Indevida;Saída de leito carroçável;Com Vítimas Feridas;Pleno dia;Decrescente;Céu Claro;Simples;Reta;Não;5;0;3;2;0;0;5;1;-25,38828;-50,82724;SR-PR;DEL7/3;UOP04/PR
268896;12/02/2020;quarta-feira;19:50:00;RS;386;276,6;SAO JOSE DO HERVAL;Falta de Atenção à Condução;Colisão traseira;Com Vítimas Feridas;Plena Noite;Crescente;Céu Claro;Simples;Curva;Não;13;0;8;2;3;0;10;3;-29,00722;-52,33866;SR-RS;UOP03;DEL04
268897;12/02/2020;quarta-feira;22:10:00;SP;116;271;TABOAO DA SERRA;Não guardar distância de segurança;Tombamento;Com Vítimas Feridas;Plena Noite;Crescente;Nublado;Dupla;Reta;Sim;1;0;1;0;0;0;1;1;-23,61809;-46,80556;SR-SP;DEL6/4;UOP01/SP
268898;12/02/2020;quarta-feira;21:50:00;RS;290;86,3;PORTO ALEGRE;Desobediência às normas de trânsito pelo condutor;Colisão traseira;Com Vítimas Feridas;Plena Noite;Crescente;Céu Claro;Dupla;Interseção de vias;Não;2;0;1;0;1;0;1;2;-29,96802;-51,11965;SR-RS;DEL9/1;UOP01/RS
268899;12/02/2020;quarta-feira;22:30:00;PI;343;12,4;PARNAIBA;Falta de Atenção à Condução;Colisão traseira;Com Vítimas Feridas;Plena Noite;Crescente;Céu Claro;Dupla;Reta;Sim;2;0;1;0;1;0;1;2;-2,910035;-41,75366;SR-PI;UOP01;DEL05
268900;12/02/2020;quarta-feira;07:50:00;MG;116;410;GOVERNADOR VALADARES;Falta de Atenção à Condução;Colisão transversal;Com Vítimas Feridas;Pleno dia;Decrescente;Céu Claro;Dupla;Reta;Não;2;0;1;0;1;0;1;2;-18,85562;-41,97562;SR-MG;DEL4/6;UOP01/MG
268901;12/02/2020;quarta-feira;23:00:00;SC;470;2;NAVEGANTES;Ingestão de Álcool;Colisão transversal;Com Vítimas Feridas;Plena Noite;Crescente;Nublado;Simples;Reta;Sim;2;0;0;1;0;1;1;2;-26,86855;-48,67483;SR-SC;UOP04;DEL04
268902;12/02/2020;quarta-feira;21:10:00;RJ;116;175,9;NOVA IGUACU;Falta de Atenção do Pedestre;Atropelamento de Pedestre;Com Vítimas Feridas;Plena Noite;Decrescente;Chuva;Múltipla;Reta;Sim;2;0;0;1;0;1;1;1;-22,78924;-43,37275;SR-RJ;UOP02;DEL01
268903;12/02/2020;quarta-feira;22:30:00;SC;470;62,5;INDAIAL;Falta de Atenção à Condução;Saída de leito carroçável;Com Vítimas Feridas;Plena Noite;Decrescente;Nublado;Simples;Reta;Não;1;0;1;0;0;0;1;1;-26,87452;-49,18294;SR-SC;UOP01;DEL04
268904;12/02/2020;quarta-feira;23:00:00;RJ;40;123;RIO DE JANEIRO;Pista Escorregadia;Tombamento;Com Vítimas Feridas;Plena Noite;Crescente;Chuva;Dupla;Curva;Sim;2;0;2;0;0;0;2;1;-22,79908;-43,29016;SR-RJ;DEL5/1;UOP01/RJ
268905;12/02/2020;quarta-feira;21:30:00;RN;427;93,9;CAICO;Condutor Dormindo;Colisão com objeto estático;Sem Vítimas;Plena Noite;Crescente;Nublado;Simples;Rotatória;Sim;1;0;0;0;1;0;0;1;-6,483329;-37,05411;SR-RN;DEL15/3;UOP01/RN
268906;12/02/2020;quarta-feira;23:10:00;RJ;465;16;NOVA IGUACU;Defeito Mecânico no Veículo;Colisão traseira;Com Vítimas Feridas;Plena Noite;Decrescente;Garoa/Chuvisco;Dupla;Reta;Sim;4;0;1;0;3;0;1;2;-22,81554;-43,62456;SR-RJ;UOP03;DEL01
268907;12/02/2020;quarta-feira;21:41:00;MG;153;58,2;MONTE ALEGRE DE MINAS;Defeito Mecânico no Veículo;Tombamento;Sem Vítimas;Plena Noite;Crescente;Chuva;Dupla;Rotatória;Sim;1;0;0;0;1;0;0;1;-18,87839;-49,05664;SR-MG;UOP03;DEL15
268909;13/02/2020;quinta-feira;00:45:00;PB;101;85,6;BAYEUX;Falta de Atenção à Condução;Colisão traseira;Sem Vítimas;Plena Noite;Crescente;Céu Claro;Múltipla;Não Informado;Sim;2;0;0;0;1;1;0;2;-7,148874;-34,91275;SR-PB;DEL14/1;UOP01/PB
268910;13/02/2020;quinta-feira;00:05:00;CE;222;5,8;CAUCAIA;Ingestão de Álcool;Tombamento;Com Vítimas Feridas;Plena Noite;Decrescente;Nublado;Dupla;Curva;Sim;1;0;1;0;0;0;1;1;-3,742969;-38,61331;SR-CE;DEL16/1;UOP01/CE
268911;11/01/2020;sábado;17:20:00;MG;365;741,8;ITUIUTABA;Não guardar distância de segurança;Colisão traseira;Com Vítimas Feridas;Pleno dia;Decrescente;Céu Claro;Simples;Reta;Não;3;0;1;0;2;0;1;2;-18,91363;-49,38246;SR-MG;DEL4/15;UOP03/MG
268912;01/02/2020;sábado;10:50:00;AL;423;15,6;CANAPI;Falta de Atenção à Condução;Colisão transversal;Com Vítimas Feridas;Pleno dia;Crescente;Céu Claro;Simples;Reta;Não;2;0;0;1;1;0;1;2;-9,164319;-37,42516;SR-AL;DEL13/3;UOP02/AL
268913;13/02/2020;quinta-feira;00:20:00;RJ;116;167;SAO JOAO DE MERITI;Defeito Mecânico no Veículo;Colisão com objeto estático;Com Vítimas Feridas;Plena Noite;Crescente;Chuva;Múltipla;Reta;Sim;4;0;1;0;3;0;1;4;-22,80055;-43,35281;SR-RJ;DEL5/1;UOP02/RJ
268914;12/02/2020;quarta-feira;23:30:00;SC;101;332,5;TUBARAO;Falta de Atenção à Condução;Colisão com objeto estático;Com Vítimas Feridas;Plena Noite;Crescente;Nublado;Dupla;Curva;Sim;3;0;0;1;0;2;1;1;-28,46748;-49,0004;SR-SC;DEL8/2;UOP01/SC
268915;13/02/2020;quinta-feira;00:30:00;TO;153;472,4;BARROLANDIA;Ingestão de Álcool;Colisão lateral;Com Vítimas Feridas;Plena Noite;Decrescente;Nublado;Simples;Reta;Não;2;0;1;0;1;0;1;2;-10,01369;-48,77147;SR-TO;UOP02;DEL02
268916;13/02/2020;quinta-feira;02:03:00;SP;116;79,2;ROSEIRA;Defeito Mecânico no Veículo;Tombamento;Com Vítimas Feridas;Plena Noite;Decrescente;Garoa/Chuvisco;Dupla;Reta;Não;2;0;1;0;1;0;1;1;-22,89421;-45,29471;SR-SP;UOP01;DEL06
268918;13/02/2020;quinta-feira;02:00:00;SC;101;146;ITAPEMA;Falta de Atenção à Condução;Colisão com objeto estático;Sem Vítimas;Plena Noite;Decrescente;Garoa/Chuvisco;Dupla;Reta;Sim;1;0;0;0;1;0;0;1;-27,08667;-48,60956;SR-SC;DEL8/4;UOP03/SC
268919;13/02/2020;quinta-feira;02:30:00;MG;40;668,2;CARANDAI;Fenômenos da Natureza;Saída de leito carroçável;Com Vítimas Feridas;Plena Noite;Decrescente;Chuva;Simples;Reta;Não;2;0;2;0;0;0;2;1;-20,95233;-43,79297;SR-MG;UOP02;DEL05
268920;13/02/2020;quinta-feira;02:15:00;MT;163;939;ITAUBA;Condutor Dormindo;Saída de leito carroçável;Sem Vítimas;Plena Noite;Decrescente;Nublado;Simples;Desvio Temporário;Não;1;0;0;0;1;0;0;1;-11,09628;-55,29549;SR-MT;UOP02;DEL06
268921;13/02/2020;quinta-feira;04:00:00;SC;101;199,1;SAO JOSE;Condutor Dormindo;Colisão traseira;Com Vítimas Feridas;Pleno dia;Decrescente;Céu Claro;Múltipla;Reta;Sim;2;0;1;0;1;0;1;2;-27,53414;-48,63003;SR-SC;UOP01;DEL01
268922;13/02/2020;quinta-feira;02:50:00;PR;476;312,8;SAO MATEUS DO SUL;Ingestão de Álcool;Capotamento;Com Vítimas Feridas;Plena Noite;Decrescente;Céu Claro;Simples;Curva;Não;1;0;0;1;0;0;1;1;-26,02461;-50,67159;SR-PR;UOP05;DEL03
268923;13/02/2020;quinta-feira;04:20:00;SC;101;328,9;TUBARAO;Condutor Dormindo;Saída de leito carroçável;Com Vítimas Feridas;Plena Noite;Decrescente;Céu Claro;Dupla;Ponte;Sim;1;0;1;0;0;0;1;1;-28,43648;-48,95989;SR-SC;UOP01;DEL02
268924;13/02/2020;quinta-feira;05:00:00;SP;381;75,7;SAO PAULO;Defeito Mecânico no Veículo;Incêndio;Sem Vítimas;Amanhecer;Decrescente;Nublado;Dupla;Curva;Não;1;0;0;0;1;0;0;1;-23,3766;-46,5641;SR-SP;UOP01;DEL03
268925;13/02/2020;quinta-feira;05:40:00;SC;101;200,6;SAO JOSE;Falta de Atenção à Condução;Colisão traseira;Com Vítimas Feridas;Amanhecer;Decrescente;Nublado;Dupla;Reta;Sim;2;0;0;1;0;1;1;2;-27,54019;-48,62288;SR-SC;UOP01;DEL01
268926;13/02/2020;quinta-feira;05:45:00;GO;60;137,5;GOIANIA;Animais na Pista;Atropelamento de Animal;Com Vítimas Feridas;Amanhecer;Crescente;Nublado;Dupla;Reta;Sim;3;0;2;0;0;1;2;1;-16,603;-49,2023;SR-GO;UOP01;DEL01
268927;13/02/2020;quinta-feira;04:10:00;MS;163;52;ELDORADO;Ingestão de Álcool;Saída de leito carroçável;Sem Vítimas;Amanhecer;Crescente;Céu Claro;Simples;Reta;Não;1;0;0;0;1;0;0;1;-23,68712;-54,26664;SR-MS;DEL3/09;UOP02/MS
268928;13/02/2020;quinta-feira;04:50:00;PE;101;55;PAULISTA;Falta de Atenção à Condução;Colisão com objeto estático;Com Vítimas Feridas;Amanhecer;Decrescente;Chuva;Dupla;Curva;Não;1;0;1;0;0;0;1;1;-7,948066;-34,90621;SR-PE;UOP02;DEL01
268929;13/02/2020;quinta-feira;06:20:00;SC;101;111;NAVEGANTES;Falta de Atenção à Condução;Colisão lateral;Com Vítimas Feridas;Pleno dia;Crescente;Céu Claro;Dupla;Reta;Não;2;0;0;1;0;1;1;2;-26,83956;-48,71418;SR-SC;DEL8/4;UOP04/SC
268930;13/02/2020;quinta-feira;06:00:00;CE;222;4,8;CAUCAIA;Falta de Atenção do Pedestre;Atropelamento de Pedestre;Com Vítimas Feridas;Pleno dia;Crescente;Chuva;Múltipla;Não Informado;Sim;2;0;0;1;1;0;1;1;-3,742714;-38,61325;SR-CE;UOP01;DEL01
268931;13/02/2020;quinta-feira;06:50:00;DF;20;8,4;BRASILIA;Desobediência às normas de trânsito pelo pedestre;Atropelamento de Pedestre;Com Vítimas Feridas;Pleno dia;Decrescente;Céu Claro;Dupla;Reta;Sim;4;0;1;2;0;1;3;1;-15,65839;-47,79153;SR-DF;UOP01;DEL02
268932;13/02/2020;quinta-feira;05:45:00;MG;40;282,9;TRES MARIAS;Falta de Atenção à Condução;Colisão transversal;Com Vítimas Feridas;Pleno dia;Crescente;Céu Claro;Simples;Curva;Sim;3;0;1;0;2;0;1;2;-18,24924;-45,20221;SR-MG;DEL4/14;UOP02/MG
268933;13/02/2020;quinta-feira;06:15:00;SC;282;165;BOCAINA DO SUL;Velocidade Incompatível;Saída de leito carroçável;Com Vítimas Feridas;Amanhecer;Decrescente;Céu Claro;Simples;Reta;Não;2;0;1;1;0;0;2;1;-27,73837;-49,80121;SR-SC;UOP01;DEL05
268934;13/02/2020;quinta-feira;07:45:00;SC;470;50;BLUMENAU;Desobediência às normas de trânsito pelo condutor;Colisão transversal;Com Vítimas Feridas;Pleno dia;Crescente;Céu Claro;Simples;Reta;Sim;2;0;0;1;1;0;1;2;-26,85977;-49,07449;SR-SC;UOP01;DEL04
268935;13/02/2020;quinta-feira;07:50:00;PR;277;82;CURITIBA;Não guardar distância de segurança;Colisão lateral;Com Vítimas Feridas;Pleno dia;Crescente;Nublado;Dupla;Reta;Sim;3;0;1;0;0;2;1;2;-25,45815;-49,22184;SR-PR;UOP04;DEL01
268936;13/02/2020;quinta-feira;07:00:00;RJ;493;17;GUAPIMIRIM;Defeito na Via;Saída de leito carroçável;Sem Vítimas;Pleno dia;Decrescente;Céu Claro;Simples;Reta;Não;1;0;0;0;1;0;0;1;-22,66791;-43,00903;SR-RJ;UOP02;DEL04
268937;13/02/2020;quinta-feira;05:00:00;MG;153;216,8;FRUTAL;Carga excessiva e/ou mal acondicionada;Saída de leito carroçável;Com Vítimas Feridas;Amanhecer;Crescente;Garoa/Chuvisco;Simples;Reta;Não;2;0;2;0;0;0;2;1;-20,11996;-49,10215;SR-MG;UOP02;DEL13
268938;13/02/2020;quinta-feira;08:00:00;GO;153;494;GOIANIA;Não guardar distância de segurança;Colisão traseira;Com Vítimas Feridas;Pleno dia;Decrescente;Sol;Dupla;Reta;Sim;3;0;1;0;1;1;1;2;-16,6614;-49,2218;SR-GO;UOP01;DEL01
268939;13/02/2020;quinta-feira;07:20:00;PR;376;183;SARANDI;Falta de Atenção à Condução;Colisão traseira;Com Vítimas Feridas;Pleno dia;Crescente;Céu Claro;Dupla;Reta;Sim;3;0;1;0;0;2;1;2;-23,44159;-51,87067;SR-PR;DEL7/7;UOP04/PR
268940;13/02/2020;quinta-feira;08:30:00;PE;428;184,9;PETROLINA;Falta de Atenção à Condução;Colisão transversal;Com Vítimas Feridas;Pleno dia;Crescente;Céu Claro;Simples;Reta;Sim;3;0;2;0;1;0;2;2;-9,352487;-40,47667;SR-PE;UOP01;DEL06
268941;13/02/2020;quinta-feira;06:30:00;RO;364;613;ITAPUA DO OESTE;Defeito Mecânico no Veículo;Incêndio;Sem Vítimas;Pleno dia;Crescente;Chuva;Simples;Reta;Não;3;0;0;0;3;0;0;1;-9,128943;-63,25161;SR-RO;UOP03;DEL03
268942;12/02/2020;quarta-feira;20:40:00;MG;153;234;FRONTEIRA;Defeito Mecânico no Veículo;Tombamento;Com Vítimas Feridas;Plena Noite;Crescente;Chuva;Simples;Reta;Não;2;0;2;0;0;0;2;1;-20,26155;-49,1785;SR-MG;UOP02;DEL13
268943;13/02/2020;quinta-feira;08:20:00;DF;40;3,4;BRASILIA;Falta de Atenção à Condução;Colisão traseira;Sem Vítimas;Pleno dia;Decrescente;Céu Claro;Dupla;Reta;Sim;2;0;0;0;2;0;0;2;-16,00314;-47,98394;SR-DF;UOP01;DEL01
268944;13/02/2020;quinta-feira;08:45:00;PR;116;116;CURITIBA;Falta de Atenção à Condução;Colisão lateral;Com Vítimas Feridas;Pleno dia;Decrescente;Céu Claro;Dupla;Reta;Sim;2;0;1;0;1;0;1;2;-25,55468;-49,27402;SR-PR;UOP03;DEL01
268945;13/02/2020;quinta-feira;08:45:00;PR;116;95;SAO JOSE DOS PINHAIS;Falta de Atenção à Condução;Queda de ocupante de veículo;Com Vítimas Feridas;Pleno dia;Decrescente;Céu Claro;Dupla;Reta;Sim;1;0;1;0;0;0;1;1;-25,4972;-49,11762;SR-PR;UOP01;DEL01
268946;13/02/2020;quinta-feira;08:35:00;PB;101;58,3;SANTA RITA;Avarias e/ou desgaste excessivo no pneu;Saída de leito carroçável;Com Vítimas Feridas;Pleno dia;Crescente;Chuva;Dupla;Reta;Não;1;0;1;0;0;0;1;1;-6,98565;-35,07335;SR-PB;UOP03;DEL01