id;data_inversa;dia_semana;horario;uf;br;km;municipio;causa_acidente;tipo_acidente;classificacao_acidente;fase_dia;sentido_via;condicao_metereologica;tipo_pista;tracado_via;uso_solo;pessoas;mortos;feridos_leves;feridos_graves;ilesos;ignorados;feridos;veiculos;latitude;longitude;regional;delegacia;uop
269659;16/02/2020;domingo;17:45:00;RS;290;98,6;PORTO ALEGRE;Não guardar distância de segurança;Colisão traseira;Sem Vítimas;Pleno dia;Crescente;Céu Claro;Dupla;Reta;Sim;2;0;0;0;2;0;0;2;-29,99482;-51,2174;SR-RS;UOP01;DEL01
269661;16/02/2020;domingo;18:00:00;MG;262;801,9;UBERABA;Falta de Atenção à Condução;Tombamento;Com Vítimas Feridas;Pleno dia;Decrescente;Nublado;Dupla;Reta;Sim;1;0;1;0;0;0;1;1;-19,7792;-47,95532;SR-MG;UOP01;DEL13
269662;16/02/2020;domingo;16:45:00;BA;324;534;FEIRA DE SANTANA;Falta de Atenção à Condução;Colisão traseira;Com Vítimas Feridas;Pleno dia;Decrescente;Céu Claro;Dupla;Reta;Não;2;0;1;0;0;1;1;2;-12,36017;-38,82527;SR-BA;UOP01;DEL01
269663;16/02/2020;domingo;14:40:00;GO;20;14;FORMOSA;Não guardar distância de segurança;Queda de ocupante de veículo;Com Vítimas Feridas;Pleno dia;Decrescente;Céu Claro;Dupla;Reta;Não;1;0;1;0;0;0;1;1;-15,56757;-47,23154;SR-DF;UOP01;DEL02
269664;16/02/2020;domingo;17:20:00;PR;153;473;PORTO VITORIA;Falta de Atenção à Condução;Colisão transversal;Com Vítimas Feridas;Pleno dia;Decrescente;Nublado;Simples;Reta;Não;3;0;2;0;1;0;2;2;-26,31332;-51,21861;SR-PR;UOP03;DEL08
269665;16/02/2020;domingo;18:00:00;PR;376;446;TIBAGI;Animais na Pista;Saída de leito carroçável;Com Vítimas Feridas;Pleno dia;Decrescente;Sol;Dupla;Curva;Não;2;0;2;0;0;0;2;1;-24,8494;-50,4644;SR-PR;UOP04;DEL03
269666;16/02/2020;domingo;14:30:00;GO;20;74,5;FORMOSA;Falta de Atenção à Condução;Saída de leito carroçável;Com Vítimas Feridas;Pleno dia;Crescente;Nublado;Simples;Reta;Não;3;0;0;1;2;0;1;1;-15,13662;-47,13024;SR-DF;UOP01;DEL02
269667;16/02/2020;domingo;17:10:00;SC;101;146,8;ITAPEMA;Velocidade Incompatível;Colisão traseira;Com Vítimas Feridas;Pleno dia;Decrescente;Céu Claro;Dupla;Reta;Sim;2;0;1;0;1;0;1;2;-27,08667;-48,60956;SR-SC;UOP03;DEL04
269668;16/02/2020;domingo;15:30:00;SC;280;232;CANOINHAS;Falta de Atenção à Condução;Capotamento;Sem Vítimas;Pleno dia;Decrescente;Céu Claro;Simples;Reta;Sim;1;0;0;0;0;1;0;1;-26,19015;-50,38187;SR-SC;UOP04;DEL06
269669;16/02/2020;domingo;15:40:00;AC;364;151;RIO BRANCO;Defeito na Via;Colisão traseira;Com Vítimas Feridas;Pleno dia;Decrescente;Sol;Simples;Reta;Não;2;0;1;0;1;0;1;2;-9,864355;-67,91499;SR-AC;UOP01;DEL01
269670;16/02/2020;domingo;17:20:00;PR;476;142;CURITIBA;Avarias e/ou desgaste excessivo no pneu;Saída de leito carroçável;Com Vítimas Fatais;Anoitecer;Decrescente;Céu Claro;Dupla;Reta;Sim;3;1;0;2;0;0;2;1;-25,53716;-49,30163;SR-PR;UOP03;DEL01
269671;16/02/2020;domingo;14:10:00;BA;110;132;CICERO DANTAS;Ingestão de Álcool;Colisão lateral;Com Vítimas Feridas;Pleno dia;Decrescente;Céu Claro;Simples;Reta;Não;3;0;0;1;1;1;1;2;-10,55659;-38,37483;SR-BA;UOP02;DEL07
269672;16/02/2020;domingo;18:29:00;SP;116;209,8;GUARULHOS;Falta de Atenção à Condução;Colisão lateral;Sem Vítimas;Anoitecer;Crescente;Céu Claro;Dupla;Reta;Sim;3;0;0;0;3;0;0;2;-23,42512;-46,40221;SR-SP;UOP01;DEL01
269673;16/02/2020;domingo;16:00:00;SP;381;72,9;SAO PAULO;Falta de Atenção à Condução;Tombamento;Com Vítimas Feridas;Pleno dia;Crescente;Céu Claro;Dupla;Curva;Não;3;0;2;0;0;1;2;1;-23,35762;-46,5497;SR-SP;UOP01;DEL03
269674;16/02/2020;domingo;18:00:00;PR;376;218,5;JANDAIA DO SUL;Desobediência às normas de trânsito pelo condutor;Colisão transversal;Com Vítimas Feridas;Anoitecer;Decrescente;Céu Claro;Simples;Interseção de vias;Não;7;0;2;0;4;1;2;2;-23,5986;-51,62781;SR-PR;UOP03;DEL07
269675;16/02/2020;domingo;18:28:00;PR;153;485;GENERAL CARNEIRO;Desobediência às normas de trânsito pelo condutor;Capotamento;Com Vítimas Feridas;Pleno dia;Crescente;Céu Claro;Simples;Curva;Não;2;0;1;0;1;0;1;1;-26,39495;-51,2792;SR-PR;UOP03;DEL08
269676;16/02/2020;domingo;17:14:00;MG;40;515;RIBEIRAO DAS NEVES;Falta de Atenção à Condução;Colisão traseira;Sem Vítimas;Pleno dia;Crescente;Nublado;Dupla;Reta;Sim;3;0;0;0;3;0;0;3;-19,80901;-44,09493;SR-MG;UOP02;DEL01
269678;16/02/2020;domingo;18:50:00;SE;235;49;ITABAIANA;Falta de Atenção à Condução;Colisão frontal;Com Vítimas Feridas;Plena Noite;Crescente;Céu Claro;Simples;Reta;Sim;3;0;0;2;0;1;2;2;-10,71622;-37,42167;SR-SE;UOP02;DEL01
269681;16/02/2020;domingo;19:00:00;AL;416;40,2;IBATEGUARA;Ingestão de Álcool;Colisão frontal;Com Vítimas Feridas;Plena Noite;Crescente;Céu Claro;Simples;Reta;Não;4;0;1;3;0;0;4;2;-8,95432;-35,87403;SR-AL;UOP02;DEL01
269682;16/02/2020;domingo;17:00:00;CE;222;6;CAUCAIA;Desobediência às normas de trânsito pelo condutor;Colisão transversal;Com Vítimas Feridas;Anoitecer;Decrescente;Nublado;Simples;Reta;Sim;3;0;1;1;0;1;2;2;-3,736507;-38,65337;SR-CE;UOP01;DEL01
269684;16/02/2020;domingo;16:25:00;SC;158;116,7;CUNHA PORA;Falta de Atenção à Condução;Colisão transversal;Com Vítimas Feridas;Pleno dia;Crescente;Nublado;Simples;Curva;Não;4;0;1;3;0;0;4;3;-26,94123;-53,20492;SR-SC;UOP02;DEL07
269685;16/02/2020;domingo;07:30:00;MA;402;127;PRIMEIRA CRUZ;Animais na Pista;Saída de leito carroçável;Com Vítimas Fatais;Pleno dia;Crescente;Nublado;Simples;Reta;Não;5;1;0;4;0;0;4;1;-2,740591;-43,36111;SR-MA;UOP01;DEL01
269686;16/02/2020;domingo;19:15:00;SP;116;140,9;SAO JOSE DOS CAMPOS;Desobediência às normas de trânsito pelo pedestre;Atropelamento de Pedestre;Com Vítimas Feridas;Plena Noite;Decrescente;Céu Claro;Dupla;Reta;Sim;6;0;0;1;1;4;1;1;-23,16578;-45,81246;SR-SP;UOP01;DEL06
269687;16/02/2020;domingo;19:20:00;SC;101;199,8;SAO JOSE;Não guardar distância de segurança;Engavetamento;Com Vítimas Feridas;Plena Noite;Crescente;Céu Claro;Múltipla;Não Informado;Sim;5;0;1;0;4;0;1;4;-27,53715;-48,62626;SR-SC;UOP01;DEL01
269688;16/02/2020;domingo;19:20:00;RJ;101;407,8;ITAGUAI;Desobediência às normas de trânsito pelo condutor;Colisão com objeto estático;Com Vítimas Feridas;Plena Noite;Decrescente;Chuva;Dupla;Reta;Não;4;0;0;3;0;1;3;1;-22,87672;-43,81632;SR-RJ;UOP01;DEL03
269689;16/02/2020;domingo;19:10:00;BA;324;517;FEIRA DE SANTANA;Ingestão de Álcool;Colisão traseira;Com Vítimas Feridas;Plena Noite;Decrescente;Céu Claro;Múltipla;Reta;Sim;3;0;2;0;1;0;2;2;-12,24953;-38,93363;SR-BA;UOP01;DEL02
269690;16/02/2020;domingo;19:30:00;RS;392;76;PELOTAS;Falta de Atenção à Condução;Colisão transversal;Com Vítimas Feridas;Anoitecer;Decrescente;Céu Claro;Simples;Reta;Não;3;0;1;0;2;0;1;2;-31,69748;-52,42086;SR-RS;UOP01;DEL07
269691;16/02/2020;domingo;09:30:00;BA;101;422;IBIRAPITANGA;Falta de Atenção à Condução;Saída de leito carroçável;Sem Vítimas;Pleno dia;Decrescente;Sol;Simples;Curva;Não;1;0;0;0;1;0;0;1;-14,13957;-39,35165;SR-BA;UOP03;DEL05
269692;16/02/2020;domingo;16:55:00;SC;101;79;ARAQUARI;Falta de Atenção à Condução;Queda de ocupante de veículo;Com Vítimas Feridas;Pleno dia;Decrescente;Sol;Múltipla;Reta;Sim;2;0;2;0;0;0;2;1;-26,5856;-48,72192;SR-SC;UOP02;DEL03
269693;16/02/2020;domingo;19:38:00;SP;116;111,1;TAUBATE;Falta de Atenção à Condução;Colisão frontal;Com Vítimas Feridas;Plena Noite;Crescente;Nublado;Dupla;Reta;Sim;2;0;1;1;0;0;2;2;-23,03887;-45,56097;SR-SP;UOP01;DEL06
269694;16/02/2020;domingo;15:20:00;SC;282;519,2;XAXIM;Ingestão de Álcool;Colisão frontal;Com Vítimas Feridas;Pleno dia;Crescente;Chuva;Simples;Reta;Sim;6;0;2;2;1;1;4;3;-26,94753;-52,51754;SR-SC;UOP01;DEL07
269695;16/02/2020;domingo;19:10:00;PR;277;116;CAMPO LARGO;Ingestão de Álcool;Colisão lateral;Sem Vítimas;Plena Noite;Crescente;Nublado;Dupla;Reta;Sim;2;0;0;0;2;0;0;2;-25,43531;-49,51733;SR-PR;UOP03;DEL03
269696;16/02/2020;domingo;20:12:00;RN;101;78;NATAL;Animais na Pista;Atropelamento de Animal;Com Vítimas Feridas;Plena Noite;Decrescente;Céu Claro;Dupla;Reta;Sim;1;0;1;0;0;0;1;1;-5,740719;-35,29021;SR-RN;UOP01;DEL02
269697;16/02/2020;domingo;18:00:00;MS;163;484,4;CAMPO GRANDE;Falta de Atenção à Condução;Colisão transversal;Sem Vítimas;Plena Noite;Decrescente;Nublado;Simples;Reta;Não;3;0;0;0;3;0;0;2;-20,45105;-54,54033;SR-MS;UOP02;DEL01
269698;16/02/2020;domingo;20:15:00;MG;116;682;MIRADOURO;Restrição de Visibilidade;Tombamento;Com Vítimas Feridas;Plena Noite;Crescente;Céu Claro;Simples;Reta;Não;2;0;2;0;0;0;2;1;-20,95667;-42,34993;SR-MG;UOP02;DEL07
269699;16/02/2020;domingo;20:00:00;PR;376;384,9;IMBAU;Falta de Atenção do Pedestre;Atropelamento de Pedestre;Com Vítimas Feridas;Plena Noite;Decrescente;Nublado;Dupla;Desvio Temporário;Sim;2;0;0;1;1;0;1;1;-24,4376;-50,76325;SR-PR;UOP04;DEL03
269700;16/02/2020;domingo;20:25:00;SC;470;6;NAVEGANTES;Velocidade Incompatível;Colisão traseira;Com Vítimas Feridas;Plena Noite;Crescente;Nublado;Simples;Reta;Sim;10;0;1;0;9;0;1;2;-26,85224;-48,70954;SR-SC;UOP04;DEL04
269701;16/02/2020;domingo;15:30:00;SC;282;556,8;NOVA ITABERABA;Velocidade Incompatível;Saída de leito carroçável;Com Vítimas Feridas;Pleno dia;Crescente;Nublado;Simples;Curva;Não;2;0;1;0;1;0;1;1;-26,93096;-52,8192;SR-SC;UOP01;DEL07
269702;16/02/2020;domingo;20:35:00;RS;287;249;SANTA MARIA;Não guardar distância de segurança;Colisão traseira;Com Vítimas Feridas;Plena Noite;Decrescente;Céu Claro;Simples;Reta;Sim;4;0;2;0;0;2;2;2;-29,69401;-53,861;SR-RS;UOP01;DEL09
269703;16/02/2020;domingo;15:30:00;BA;116;740,3;BOA NOVA;Falta de Atenção do Pedestre;Atropelamento de Pedestre;Com Vítimas Feridas;Pleno dia;Decrescente;Céu Claro;Simples;Desvio Temporário;Não;2;0;0;1;1;0;1;1;-14,39579;-40,35312;SR-BA;UOP02;DEL08
269704;16/02/2020;domingo;19:40:00;MT;70;506;CUIABA;Desobediência às normas de trânsito pelo condutor;Colisão lateral;Com Vítimas Feridas;Plena Noite;Crescente;Céu Claro;Simples;Reta;Sim;4;0;1;2;1;0;3;3;-15,66089;-55,97312;SR-MT;UOP02;DEL01
269705;16/02/2020;domingo;19:30:00;RJ;116;104;GUAPIMIRIM;Velocidade Incompatível;Colisão com objeto estático;Com Vítimas Feridas;Plena Noite;Decrescente;Chuva;Dupla;Curva;Não;2;0;1;0;1;0;1;1;-22,50842;-42,99821;SR-RJ;UOP02;DEL04
269706;16/02/2020;domingo;18:40:00;SC;101;168,1;TIJUCAS;Defeito Mecânico no Veículo;Saída de leito carroçável;Com Vítimas Feridas;Anoitecer;Crescente;Céu Claro;Dupla;Rotatória;Não;1;0;0;1;0;0;1;1;-27,27911;-48,63155;SR-SC;UOP03;DEL04
269707;16/02/2020;domingo;13:00:00;MS;359;17,2;COSTA RICA;Falta de Atenção à Condução;Tombamento;Sem Vítimas;Pleno dia;Crescente;Céu Claro;Simples;Rotatória;Não;2;0;0;0;1;1;0;1;-18,19981;-53,12385;SR-MS;UOP01;DEL06
269708;16/02/2020;domingo;19:40:00;MS;60;388,2;SIDROLANDIA;Falta de Atenção à Condução;Colisão lateral;Com Vítimas Feridas;Plena Noite;Decrescente;Nublado;Simples;Curva;Não;4;0;1;0;3;0;1;2;-20,69472;-54,76838;SR-MS;UOP04;DEL01
269709;16/02/2020;domingo;20:45:00;SP;116;321;JUQUITIBA;Desobediência às normas de trânsito pelo pedestre;Atropelamento de Pedestre;Com Vítimas Fatais;Plena Noite;Crescente;Nublado;Dupla;Reta;Não;2;1;0;0;0;1;0;1;-23,93461;-47,01729;SR-SP;UOP01;DEL04
269710;16/02/2020;domingo;18:00:00;RJ;116;178,3;NOVA IGUACU;Falta de Atenção à Condução;Engavetamento;Sem Vítimas;Anoitecer;Decrescente;Chuva;Dupla;Reta;Sim;4;0;0;0;4;0;0;4;-22,74695;-43,44557;SR-RJ;UOP02;DEL01
269711;16/02/2020;domingo;20:15:00;DF;20;10,2;BRASILIA;Desobediência às normas de trânsito pelo condutor;Colisão traseira;Com Vítimas Feridas;Plena Noite;Crescente;Nublado;Dupla;Não Informado;Sim;5;0;1;3;1;0;4;2;-15,64973;-47,77274;SR-DF;UOP01;DEL02
269712;16/02/2020;domingo;18:00:00;MA;10;129;ESTREITO;Ingestão de Álcool;Tombamento;Com Vítimas Feridas;Anoitecer;Decrescente;Céu Claro;Simples;Rotatória;Sim;1;0;1;0;0;0;1;1;-6,557551;-47,44879;SR-MA;UOP02;DEL04
269713;16/02/2020;domingo;21:20:00;RJ;116;328,1;RESENDE;Fenômenos da Natureza;Colisão com objeto estático;Com Vítimas Feridas;Plena Noite;Crescente;Chuva;Dupla;Reta;Não;1;0;1;0;0;0;1;1;-22,5048;-44,59685;SR-RJ;UOP02;DEL07
269714;16/02/2020;domingo;20:30:00;SP;116;42,9;CANAS;Desobediência às normas de trânsito pelo condutor;Colisão traseira;Sem Vítimas;Plena Noite;Crescente;Chuva;Dupla;Reta;Não;2;0;0;0;1;1;0;1;-22,69182;-45,0224;SR-SP;UOP01;DEL08
269716;16/02/2020;domingo;20:45:00;RJ;40;118;DUQUE DE CAXIAS;Ingestão de Álcool;Colisão traseira;Com Vítimas Feridas;Plena Noite;Crescente;Garoa/Chuvisco;Múltipla;Reta;Sim;3;0;1;0;2;0;1;2;-22,75471;-43,28738;SR-RJ;UOP01;DEL01
269717;16/02/2020;domingo;18:00:00;SC;282;212,4;LAGES;Ingestão de Álcool;Saída de leito carroçável;Sem Vítimas;Pleno dia;Crescente;Chuva;Simples;Reta;Não;1;0;0;0;1;0;0;1;-27,78226;-50,25138;SR-SC;UOP01;DEL05
269719;16/02/2020;domingo;19:30:00;RJ;101;242;SILVA JARDIM;Falta de Atenção à Condução;Colisão traseira;Com Vítimas Feridas;Plena Noite;Decrescente;Chuva;Dupla;Reta;Não;4;0;1;0;3;0;1;2;-22,63576;-42,45483;SR-RJ;UOP03;DEL02
269720;16/02/2020;domingo;18:10:00;SC;282;445,8;PONTE SERRADA;Velocidade Incompatível;Saída de leito carroçável;Com Vítimas Feridas;Anoitecer;Crescente;Chuva;Simples;Curva;Não;3;0;2;0;1;0;2;1;-26,90855;-51,90579;SR-SC;UOP05;DEL07
269721;16/02/2020;domingo;21:00:00;PR;369;130,1;JATAIZINHO;Ingestão de Álcool;Colisão lateral;Com Vítimas Feridas;Plena Noite;Crescente;Céu Claro;Dupla;Curva;Sim;4;0;0;1;3;0;1;2;-23,25752;-50,98517;SR-PR;UOP01;DEL07
269722;16/02/2020;domingo;21:10:00;SP;116;219;GUARULHOS;Não guardar distância de segurança;Colisão traseira;Com Vítimas Feridas;Plena Noite;Crescente;Céu Claro;Múltipla;Reta;Sim;4;0;1;0;2;1;1;3;-23,46144;-46,48885;SR-SP;UOP01;DEL01
269723;16/02/2020;domingo;18:00:00;SC;282;447;PONTE SERRADA;Velocidade Incompatível;Saída de leito carroçável;Com Vítimas Feridas;Anoitecer;Crescente;Chuva;Simples;Curva;Não;4;0;1;0;2;1;1;1;-26,90697;-51,91029;SR-SC;UOP05;DEL07
269724;16/02/2020;domingo;21:15:00;PR;376;192,6;MARIALVA;Defeito Mecânico no Veículo;Saída de leito carroçável;Com Vítimas Feridas;Plena Noite;Decrescente;Céu Claro;Dupla;Não Informado;Não;1;0;1;0;0;0;1;1;-23,48573;-51,79744;SR-PR;UOP01;DEL09
269725;16/02/2020;domingo;20:00:00;MG;381;446;SABARA;Falta de Atenção do Pedestre;Colisão lateral;Com Vítimas Feridas;Plena Noite;Decrescente;Nublado;Simples;Reta;Não;2;0;1;0;1;0;1;2;-19,8295;-43,84256;SR-MG;UOP01;DEL01
269727;16/02/2020;domingo;21:20:00;MG;381;480;CONTAGEM;Ingestão de Álcool;Colisão transversal;Com Vítimas Feridas;Plena Noite;Decrescente;Céu Claro;Múltipla;Não Informado;Sim;4;0;0;2;1;1;2;2;-19,9575;-44,079;SR-MG;UOP03;DEL01
269728;16/02/2020;domingo;18:30:00;PI;316;18,1;TERESINA;Falta de Atenção à Condução;Saída de leito carroçável;Com Vítimas Feridas;Plena Noite;Crescente;Céu Claro;Simples;Reta;Não;1;0;1;0;0;0;1;1;-5,244772;-42,73465;SR-PI;UOP02;DEL01
269729;16/02/2020;domingo;22:20:00;RS;116;245;SAO LEOPOLDO;Defeito Mecânico no Veículo;Saída de leito carroçável;Com Vítimas Feridas;Plena Noite;Decrescente;Ignorado;Simples;Reta;Sim;3;0;1;0;2;0;1;1;-29,74981;-51,15125;SR-RS;UOP02;DEL01
269730;16/02/2020;domingo;21:00:00;MT;364;549,9;ROSARIO OESTE;Falta de Atenção à Condução;Tombamento;Com Vítimas Feridas;Plena Noite;Crescente;Ignorado;Dupla;Reta;Não;2;0;1;1;0;0;2;1;-14,85417;-56,45151;SR-MT;UOP01;DEL01
269731;16/02/2020;domingo;22:30:00;PE;232;16,9;JABOATAO DOS GUARARAPES;Não guardar distância de segurança;Colisão traseira;Sem Vítimas;Plena Noite;Decrescente;Céu Claro;Dupla;Reta;Não;5;0;0;0;5;0;0;2;-8,094142;-35,03717;SR-PE;UOP01;DEL01
269732;16/02/2020;domingo;21:00:00;PR;277;140;BALSA NOVA;Falta de Atenção à Condução;Saída de leito carroçável;Sem Vítimas;Plena Noite;Crescente;Céu Claro;Simples;Reta;Não;1;0;0;0;1;0;0;1;-25,46472;-49,73513;SR-PR;UOP03;DEL03
269733;16/02/2020;domingo;22:35:00;PB;104;118,1;LAGOA SECA;Desobediência às normas de trânsito pelo pedestre;Atropelamento de Pedestre;Com Vítimas Feridas;Plena Noite;Decrescente;Céu Claro;Simples;Reta;Sim;2;0;1;0;1;0;1;1;-7,196378;-35,87571;SR-PB;UOP04;DEL02
269734;16/02/2020;domingo;19:50:00;MA;135;35;BACABEIRA;Condutor Dormindo;Saída de leito carroçável;Com Vítimas Feridas;Plena Noite;Decrescente;Garoa/Chuvisco;Dupla;Reta;Não;1;0;0;1;0;0;1;1;-2,849089;-44,37467;SR-MA;UOP01;DEL01
269736;16/02/2020;domingo;21:30:00;SP;381;62,4;MAIRIPORA;Ingestão de Álcool;Colisão traseira;Com Vítimas Feridas;Plena Noite;Crescente;Céu Claro;Dupla;Reta;Sim;3;0;2;0;1;0;2;2;-23,29438;-46,57255;SR-SP;UOP01;DEL03
269737;16/02/2020;domingo;19:30:00;CE;230;55;LAVRAS DA MANGABEIRA;Desobediência às normas de trânsito pelo condutor;Colisão traseira;Com Vítimas Fatais;Plena Noite;Crescente;Céu Claro;Simples;Não Informado;Não;2;2;0;0;0;0;0;2;-6,768368;-39,09128;SR-CE;UOP01;DEL05
269738;16/02/2020;domingo;21:00:00;RS;468;0,7;PALMEIRA DAS MISSOES;Falta de Atenção à Condução;Colisão frontal;Com Vítimas Feridas;Plena Noite;Crescente;Céu Claro;Simples;Reta;Não;2;0;0;1;1;0;1;2;-27,88278;-53,30404;SR-RS;UOP01;DEL08
269739;16/02/2020;domingo;16:40:00;MA;10;251,3;IMPERATRIZ;Defeito Mecânico no Veículo;Colisão transversal;Sem Vítimas;Pleno dia;Crescente;Céu Claro;Simples;Interseção de vias;Não;4;0;0;0;4;0;0;2;-5,543249;-47,46445;SR-MA;UOP01;DEL04
269740;16/02/2020;domingo;18:20:00;PI;402;1;BURITI DOS LOPES;Ingestão de Álcool;Saída de leito carroçável;Sem Vítimas;Plena Noite;Crescente;Chuva;Simples;Reta;Não;1;0;0;0;0;1;0;1;-3,09823;-41,89327;SR-PI;UOP01;DEL05
269741;16/02/2020;domingo;23:10:00;GO;60;43,1;ALEXANIA;Ingestão de Álcool;Saída de leito carroçável;Com Vítimas Feridas;Plena Noite;Decrescente;Céu Claro;Dupla;Reta;Não;2;0;1;0;1;0;1;1;-16,1164;-48,5892;SR-GO;UOP01;DEL02
269742;16/02/2020;domingo;20:30:00;MS;158;317,8;TRES LAGOAS;Condutor Dormindo;Saída de leito carroçável;Com Vítimas Feridas;Plena Noite;Crescente;Céu Claro;Simples;Reta;Não;1;0;1;0;0;0;1;1;-21,07685;-51,93414;SR-MS;UOP01;DEL07
269744;16/02/2020;domingo;22:45:00;RS;116;302;GUAIBA;Ingestão de Álcool;Colisão com objeto estático;Sem Vítimas;Plena Noite;Decrescente;Nublado;Simples;Túnel;Não;1;0;0;0;1;0;0;1;-30,14266;-51,36136;SR-RS;UOP01;DEL02
269745;16/02/2020;domingo;22:30:00;PR;158;539;PATO BRANCO;Pista Escorregadia;Saída de leito carroçável;Com Vítimas Feridas;Plena Noite;Decrescente;Céu Claro;Simples;Curva;Não;1;0;1;0;0;0;1;1;-26,26491;-52,70754;SR-PR;UOP01;DEL02
269746;16/02/2020;domingo;23:30:00;TO;153;140;ARAGUAINA;Ingestão de Álcool;Saída de leito carroçável;Sem Vítimas;Plena Noite;Decrescente;Ignorado;Dupla;Reta;Sim;2;0;0;0;1;1;0;1;-7,169616;-48,21328;SR-TO;UOP04;DEL02
269747;16/02/2020;domingo;21:20:00;SC;101;450;SANTA ROSA DO SUL;Falta de Atenção à Condução;Colisão traseira;Com Vítimas Feridas;Plena Noite;Decrescente;Nublado;Dupla;Curva;Não;1;0;1;0;0;0;1;1;-29,17229;-49,74905;SR-SC;UOP02;DEL02
269748;16/02/2020;domingo;21:30:00;BA;410;31;TUCANO;Ingestão de Álcool;Colisão traseira;Sem Vítimas;Plena Noite;Decrescente;Céu Claro;Simples;Reta;Não;3;0;0;0;3;0;0;2;-10,97016;-38,76327;SR-BA;UOP02;DEL07
269750;16/02/2020;domingo;20:00:00;PR;369;420,5;JURANDA;Ultrapassagem Indevida;Colisão frontal;Com Vítimas Fatais;Plena Noite;Decrescente;Céu Claro;Simples;Reta;Não;4;1;1;2;0;0;3;2;-24,39126;-52,79845;SR-PR;UOP04;DEL04
269751;16/02/2020;domingo;22:15:00;SC;282;252;SAO JOSE DO CERRITO;Velocidade Incompatível;Colisão lateral;Com Vítimas Feridas;Plena Noite;Decrescente;Céu Claro;Simples;Curva;Não;3;0;1;1;1;0;2;2;-27,69127;-50,56148;SR-SC;UOP02;DEL05
269752;16/02/2020;domingo;22:45:00;PR;277;127;BALSA NOVA;Falta de Atenção à Condução;Colisão com objeto estático;Com Vítimas Feridas;Plena Noite;Decrescente;Céu Claro;Simples;Não Informado;Não;1;0;0;1;0;0;1;1;-25,47161;-49,6237;SR-PR;UOP03;DEL03
269753;16/02/2020;domingo;17:35:00;RS;386;393;TRIUNFO;Ingestão de Álcool;Saída de leito carroçável;Com Vítimas Feridas;Pleno dia;Crescente;Céu Claro;Simples;Reta;Não;2;0;2;0;0;0;2;1;-29,71176;-51,64938;SR-RS;UOP02;DEL04
269754;16/02/2020;domingo;20:15:00;RS;386;406;TRIUNFO;Pista Escorregadia;Saída de leito carroçável;Com Vítimas Feridas;Anoitecer;Crescente;Chuva;Dupla;Curva;Não;3;0;3;0;0;0;3;1;-29,78076;-51,55139;SR-RS;UOP02;DEL04
269755;17/02/2020;segunda-feira;00:25:00;SP;116;48,8;CANAS;Falta de Atenção à Condução;Colisão com objeto estático;Com Vítimas Feridas;Plena Noite;Crescente;Nublado;Dupla;Reta;Não;1;0;1;0;0;0;1;1;-22,72499;-45,06884;SR-SP;UOP02;DEL08
269756;17/02/2020;segunda-feira;00:30:00;SE;235;32,5;AREIA BRANCA;Velocidade Incompatível;Tombamento;Sem Vítimas;Plena Noite;Crescente;Céu Claro;Simples;Não Informado;Sim;1;0;0;0;0;1;0;1;-10,76264;-37,30447;SR-SE;UOP02;DEL01
269757;17/02/2020;segunda-feira;00:02:00;MG;356;264,6;MURIAE;Falta de Atenção à Condução;Danos eventuais;Sem Vítimas;Plena Noite;Decrescente;Nublado;Simples;Interseção de vias;Sim;2;0;0;0;1;1;0;1;-21,12482;-42,3807;SR-MG;UOP02;DEL07
269758;17/02/2020;segunda-feira;01:09:00;SP;381;21;BRAGANCA PAULISTA;Velocidade Incompatível;Colisão traseira;Com Vítimas Feridas;Plena Noite;Crescente;Céu Claro;Dupla;Não Informado;Não;4;0;0;1;3;0;1;4;-22,9914;-46,50878;SR-SP;UOP01;DEL03
269759;17/02/2020;segunda-feira;02:00:00;SP;116;57,7;GUARATINGUETA;Velocidade Incompatível;Saída de leito carroçável;Sem Vítimas;Plena Noite;Decrescente;Céu Claro;Dupla;Reta;Não;1;0;0;0;0;1;0;1;-22,77455;-45,13807;SR-SP;UOP02;DEL08
269760;17/02/2020;segunda-feira;02:30:00;PE;101;107;CABO DE SANTO AGOSTINHO;Falta de Atenção à Condução;Colisão com objeto estático;Com Vítimas Feridas;Plena Noite;Decrescente;Céu Claro;Dupla;Curva;Não;1;0;0;1;0;0;1;1;-8,309768;-35,0844;SR-PE;UOP03;DEL01
269761;17/02/2020;segunda-feira;02:00:00;PR;116;48;CAMPINA GRANDE DO SUL;Falta de Atenção à Condução;Saída de leito carroçável;Com Vítimas Feridas;Plena Noite;Decrescente;Céu Claro;Dupla;Reta;Sim;4;0;1;0;3;0;1;2;-25,21709;-48,90395;SR-PR;UOP02;DEL01
269762;17/02/2020;segunda-feira;02:10:00;PE;423;86,1;SAO JOAO;Ingestão de Álcool;Colisão lateral;Com Vítimas Feridas;Plena Noite;Crescente;Céu Claro;Simples;Reta;Não;3;0;0;2;1;0;2;2;-8,814827;-36,44571;SR-PE;UOP01;DEL03
269763;17/02/2020;segunda-feira;02:30:00;MG;40;436;PARAOPEBA;Não guardar distância de segurança;Colisão lateral;Com Vítimas Feridas;Plena Noite;Crescente;Nublado;Dupla;Reta;Não;9;0;7;0;2;0;7;2;-19,2269;-44,44139;SR-MG;UOP01;DEL02