id;data_inversa;dia_semana;horario;uf;br;km;municipio;causa_acidente;tipo_acidente;classificacao_acidente;fase_dia;sentido_via;condicao_metereologica;tipo_pista;tracado_via;uso_solo;pessoas;mortos;feridos_leves;feridos_graves;ilesos;ignorados;feridos;veiculos;latitude;longitude;regional;delegacia;uop
269865;17/02/2020;segunda-feira;12:40:00;TO;153;138;ARAGUAINA;Desobediência às normas de trânsito pelo condutor;Colisão transversal;Com Vítimas Feridas;Pleno dia;Crescente;Nublado;Dupla;Rotatória;Sim;2;0;1;0;1;0;1;2;-7,1551;-48,20416;SR-TO;UOP04;DEL02
269866;17/02/2020;segunda-feira;13:00:00;GO;153;442,3;ANAPOLIS;Velocidade Incompatível;Colisão traseira;Com Vítimas Feridas;Pleno dia;Decrescente;Chuva;Dupla;Reta;Sim;2;0;0;1;1;0;1;2;-16,32527;-48,92202;SR-GO;UOP01;DEL02
269867;17/02/2020;segunda-feira;13:10:00;ES;101;269,8;SERRA;Falta de Atenção do Pedestre;Atropelamento de Pedestre;Com Vítimas Feridas;Pleno dia;Crescente;Céu Claro;Múltipla;Reta;Não;2;0;0;1;1;0;1;1;-20,2174;-40,26991;SR-ES;UOP01;DEL02
269869;17/02/2020;segunda-feira;11:40:00;MT;70;298,4;POXOREO;Falta de Atenção à Condução;Colisão traseira;Com Vítimas Feridas;Pleno dia;Crescente;Céu Claro;Simples;Não Informado;Não;2;0;0;1;1;0;1;2;-15,5808;-54,45501;SR-MT;UOP01;DEL05
269872;17/02/2020;segunda-feira;13:00:00;SE;235;54,9;ITABAIANA;Não guardar distância de segurança;Colisão traseira;Com Vítimas Feridas;Pleno dia;Crescente;Céu Claro;Simples;Reta;Sim;3;0;2;1;0;0;3;2;-10,67605;-37,44328;SR-SE;UOP02;DEL01
269873;17/02/2020;segunda-feira;13:05:00;GO;40;1,4;VALPARAISO DE GOIAS;Falta de Atenção do Pedestre;Atropelamento de Pedestre;Com Vítimas Feridas;Pleno dia;Crescente;Céu Claro;Dupla;Reta;Sim;2;0;1;0;1;0;1;1;-16,05824;-47,98282;SR-DF;UOP01;DEL01
269874;17/02/2020;segunda-feira;13:30:00;PI;343;2,5;TERESINA;Não guardar distância de segurança;Engavetamento;Com Vítimas Feridas;Pleno dia;Decrescente;Sol;Múltipla;Reta;Sim;3;0;0;1;2;0;1;3;-5,089569;-42,80229;SR-PI;UOP01;DEL01
269875;20/01/2020;segunda-feira;18:15:00;SC;101;135;BALNEARIO CAMBORIU;Falta de Atenção à Condução;Tombamento;Com Vítimas Feridas;Pleno dia;Decrescente;Céu Claro;Simples;Reta;Sim;2;0;1;0;1;0;1;2;-27,00501;-48,62677;SR-SC;UOP03;DEL04
269876;17/02/2020;segunda-feira;13:20:00;PB;230;61;CRUZ DO ESPIRITO SANTO;Condutor Dormindo;Saída de leito carroçável;Com Vítimas Feridas;Pleno dia;Crescente;Sol;Dupla;Curva;Não;1;0;1;0;0;0;1;1;-7,205482;-35,14799;SR-PB;UOP02;DEL01
269877;17/02/2020;segunda-feira;11:10:00;PR;277;7,5;PARANAGUA;Avarias e/ou desgaste excessivo no pneu;Queda de ocupante de veículo;Com Vítimas Feridas;Pleno dia;Crescente;Sol;Dupla;Reta;Sim;2;0;2;0;0;0;2;1;-25,5682;-48,61529;SR-PR;UOP07;DEL01
269879;17/02/2020;segunda-feira;11:45:00;GO;60;84,9;ANAPOLIS;Avarias e/ou desgaste excessivo no pneu;Saída de leito carroçável;Com Vítimas Feridas;Pleno dia;Crescente;Chuva;Dupla;Curva;Não;3;0;2;0;1;0;2;1;-16,3179;-48,8643;SR-GO;UOP01;DEL02
269880;17/02/2020;segunda-feira;13:35:00;MG;381;406;BOM JESUS DO AMPARO;Pista Escorregadia;Colisão frontal;Com Vítimas Fatais;Pleno dia;Decrescente;Céu Claro;Simples;Curva;Não;2;1;0;0;1;0;0;2;-19,73751;-43,55759;SR-MG;UOP01;DEL01
269881;17/02/2020;segunda-feira;14:30:00;RS;471;642,1;SANTA VITORIA DO PALMAR;Defeito Mecânico no Veículo;Saída de leito carroçável;Com Vítimas Feridas;Pleno dia;Crescente;Céu Claro;Simples;Reta;Não;4;0;3;0;1;0;3;1;-33,42409;-53,24238;SR-RS;UOP04;DEL07
269882;17/02/2020;segunda-feira;14:40:00;BA;324;580;CANDEIAS;Falta de Atenção à Condução;Colisão traseira;Sem Vítimas;Pleno dia;Decrescente;Céu Claro;Dupla;Reta;Sim;2;0;0;0;2;0;0;2;-12,59914;-38,50896;SR-BA;UOP01;DEL01
269883;17/02/2020;segunda-feira;14:50:00;MG;40;695,2;ALFREDO VASCONCELOS;Velocidade Incompatível;Colisão traseira;Com Vítimas Feridas;Pleno dia;Decrescente;Céu Claro;Simples;Não Informado;Não;2;0;1;0;1;0;1;2;-21,1392;-43,76577;SR-MG;UOP02;DEL05
269884;17/02/2020;segunda-feira;11:40:00;GO;60;429,2;RIO VERDE;Falta de Atenção à Condução;Saída de leito carroçável;Com Vítimas Feridas;Pleno dia;Crescente;Céu Claro;Dupla;Reta;Não;1;0;0;1;0;0;1;1;-17,8248;-51,319;SR-GO;UOP01;DEL04
269885;17/02/2020;segunda-feira;14:00:00;RS;290;507,9;ROSARIO DO SUL;Falta de Atenção à Condução;Saída de leito carroçável;Com Vítimas Feridas;Pleno dia;Crescente;Nublado;Simples;Curva;Não;1;0;1;0;0;0;1;1;-30,15614;-55,16766;SR-RS;UOP02;DEL11
269886;17/02/2020;segunda-feira;14:25:00;MG;50;93;UBERLANDIA;Pista Escorregadia;Queda de ocupante de veículo;Com Vítimas Feridas;Pleno dia;Crescente;Chuva;Dupla;Reta;Não;1;0;1;0;0;0;1;1;-19,07493;-48,18892;SR-MG;UOP01;DEL15
269888;17/02/2020;segunda-feira;14:00:00;SP;116;489;CAJATI;Falta de Atenção à Condução;Colisão lateral;Com Vítimas Feridas;Pleno dia;Decrescente;Sol;Dupla;Interseção de vias;Sim;2;0;1;0;1;0;1;2;-24,73034;-48,10761;SR-SP;UOP02;DEL05
269889;10/02/2020;segunda-feira;04:15:00;PB;230;99,9;GURINHEM;Não guardar distância de segurança;Colisão traseira;Com Vítimas Feridas;Plena Noite;Decrescente;Céu Claro;Dupla;Desvio Temporário;Não;5;0;1;3;1;0;4;2;-7,1911;-35,4716;SR-PB;UOP02;DEL01
269890;17/02/2020;segunda-feira;15:10:00;SC;101;213,3;PALHOCA;Não guardar distância de segurança;Colisão lateral;Com Vítimas Feridas;Pleno dia;Decrescente;Céu Claro;Múltipla;Viaduto;Sim;2;0;1;0;1;0;1;2;-27,63697;-48,66514;SR-SC;UOP02;DEL01
269891;17/02/2020;segunda-feira;13:40:00;GO;60;126;GOIANAPOLIS;Falta de Atenção à Condução;Capotamento;Com Vítimas Feridas;Pleno dia;Crescente;Chuva;Dupla;Não Informado;Não;5;0;3;0;2;0;3;1;-16,5324;-49,1473;SR-GO;UOP01;DEL01
269892;17/02/2020;segunda-feira;06:20:00;MA;135;89;ITAPECURU MIRIM;Falta de Atenção à Condução;Colisão traseira;Com Vítimas Fatais;Pleno dia;Crescente;Céu Claro;Simples;Reta;Sim;3;1;1;0;1;0;1;2;-3,284317;-44,41158;SR-MA;UOP02;DEL01
269893;17/02/2020;segunda-feira;13:00:00;RO;364;199,8;PIMENTA BUENO;Falta de Atenção à Condução;Colisão traseira;Com Vítimas Feridas;Pleno dia;Crescente;Céu Claro;Simples;Reta;Não;3;0;2;0;1;0;2;2;-11,66162;-61,19105;SR-RO;UOP02;DEL02
269894;17/02/2020;segunda-feira;15:35:00;SC;470;51,1;BLUMENAU;Desobediência às normas de trânsito pelo condutor;Colisão transversal;Com Vítimas Feridas;Pleno dia;Crescente;Sol;Simples;Interseção de vias;Sim;2;0;0;1;1;0;1;2;-26,86286;-49,08539;SR-SC;UOP01;DEL04
269895;17/02/2020;segunda-feira;12:30:00;GO;153;599;MORRINHOS;Defeito na Via;Capotamento;Com Vítimas Feridas;Pleno dia;Decrescente;Sol;Dupla;Desvio Temporário;Não;1;0;1;0;0;0;1;1;-17,5439;-49,2093;SR-GO;UOP01;DEL03
269897;17/02/2020;segunda-feira;15:50:00;CE;222;312,9;TIANGUA;Não guardar distância de segurança;Colisão traseira;Com Vítimas Feridas;Pleno dia;Decrescente;Céu Claro;Simples;Reta;Sim;2;0;1;0;1;0;1;2;-3,716993;-40,99142;SR-CE;UOP02;DEL04
269899;17/02/2020;segunda-feira;13:30:00;SC;470;291;CAMPOS NOVOS;Desobediência às normas de trânsito pelo condutor;Colisão traseira;Com Vítimas Feridas;Pleno dia;Crescente;Céu Claro;Simples;Reta;Não;2;0;0;1;1;0;1;2;-27,3376;-50,97187;SR-SC;UOP08;DEL07
269900;17/02/2020;segunda-feira;15:45:00;SP;101;51,1;UBATUBA;Falta de Atenção à Condução;Colisão lateral;Com Vítimas Feridas;Pleno dia;Crescente;Céu Claro;Simples;Reta;Sim;2;0;1;0;1;0;1;2;-23,45628;-45,07112;SR-SP;UOP02;DEL06
269901;17/02/2020;segunda-feira;15:35:00;RN;101;58;CEARA-MIRIM;Falta de Atenção à Condução;Colisão transversal;Com Vítimas Feridas;Pleno dia;Decrescente;Céu Claro;Simples;Reta;Sim;2;0;0;1;1;0;1;2;-5,587614;-35,27668;SR-RN;UOP01;DEL02
269904;17/02/2020;segunda-feira;14:50:00;RO;364;708;PORTO VELHO;Animais na Pista;Colisão traseira;Sem Vítimas;Pleno dia;Decrescente;Nublado;Dupla;Reta;Sim;3;0;0;0;3;0;0;2;-8,795541;-63,84072;SR-RO;UOP01;DEL01
269905;17/02/2020;segunda-feira;16:20:00;MG;381;736,8;TRES CORACOES;Velocidade Incompatível;Saída de leito carroçável;Sem Vítimas;Pleno dia;Crescente;Chuva;Dupla;Curva;Não;1;0;0;0;1;0;0;1;-21,58859;-45,23763;SR-MG;UOP02;DEL16
269906;17/02/2020;segunda-feira;15:15:00;SP;116;195;ARUJA;Falta de Atenção à Condução;Colisão traseira;Com Vítimas Feridas;Pleno dia;Crescente;Chuva;Dupla;Reta;Sim;2;0;1;0;1;0;1;2;-23,38881;-46,27566;SR-SP;UOP01;DEL01
269907;17/02/2020;segunda-feira;16:10:00;MG;262;443,7;NOVA SERRANA;Falta de Atenção à Condução;Colisão traseira;Com Vítimas Feridas;Pleno dia;Crescente;Nublado;Dupla;Não Informado;Sim;3;0;1;0;2;0;1;2;-19,88065;-44,92197;SR-MG;UOP03;DEL08
269908;17/02/2020;segunda-feira;16:30:00;PE;407;63,1;PETROLINA;Defeito Mecânico no Veículo;Capotamento;Com Vítimas Fatais;Pleno dia;Decrescente;Céu Claro;Simples;Ponte;Não;2;1;1;0;0;0;1;2;-8,8737;-40,76218;SR-PE;UOP02;DEL06
269909;16/02/2020;domingo;19:00:00;PI;20;34;SAO RAIMUNDO NONATO;Falta de Atenção à Condução;Colisão traseira;Com Vítimas Fatais;Plena Noite;Crescente;Ignorado;Simples;Reta;Não;2;1;0;0;0;1;0;2;-9,018392;-42,67363;SR-PI;UOP01;DEL03
269910;17/02/2020;segunda-feira;16:50:00;SC;280;52,5;GUARAMIRIM;Falta de Atenção à Condução;Colisão transversal;Com Vítimas Feridas;Pleno dia;Crescente;Céu Claro;Simples;Reta;Não;2;0;0;1;1;0;1;2;-26,4689;-48,96492;SR-SC;UOP03;DEL03
269911;17/02/2020;segunda-feira;17:00:00;CE;222;2;FORTALEZA;Falta de Atenção do Pedestre;Atropelamento de Pedestre;Com Vítimas Feridas;Pleno dia;Crescente;Céu Claro;Múltipla;Reta;Sim;2;0;1;1;0;0;2;1;-3,738538;-38,58368;SR-CE;UOP01;DEL01
269912;17/02/2020;segunda-feira;16:35:00;MG;40;681,9;RESSAQUINHA;Falta de Atenção à Condução;Atropelamento de Pedestre;Com Vítimas Feridas;Pleno dia;Crescente;Ignorado;Simples;Reta;Sim;2;0;0;1;1;0;1;1;-21,06079;-43,76232;SR-MG;UOP02;DEL05
269913;17/02/2020;segunda-feira;17:00:00;BA;324;623;SALVADOR;Não guardar distância de segurança;Colisão traseira;Sem Vítimas;Pleno dia;Decrescente;Garoa/Chuvisco;Múltipla;Reta;Não;2;0;0;0;2;0;0;2;-12,92629;-38,46839;SR-BA;UOP01;DEL01
269914;17/02/2020;segunda-feira;11:55:00;PR;373;181;PONTA GROSSA;Defeito na Via;Danos eventuais;Sem Vítimas;Pleno dia;Decrescente;Sol;Simples;Reta;Sim;1;0;0;0;1;0;0;1;-25,04266;-50,25791;SR-PR;UOP01;DEL03
269915;17/02/2020;segunda-feira;16:40:00;ES;262;166;IBATIBA;Velocidade Incompatível;Tombamento;Com Vítimas Feridas;Pleno dia;Crescente;Céu Claro;Simples;Não Informado;Não;2;0;2;0;0;0;2;1;-20,24684;-41,56028;SR-ES;UOP02;DEL01
269916;17/02/2020;segunda-feira;17:00:00;ES;262;32,1;DOMINGOS MARTINS;Mal Súbito;Colisão frontal;Com Vítimas Feridas;Pleno dia;Crescente;Nublado;Simples;Curva;Não;3;0;1;2;0;0;3;2;-20,3788;-40,56788;SR-ES;UOP01;DEL01
269917;17/02/2020;segunda-feira;17:30:00;CE;116;13,9;FORTALEZA;Falta de Atenção do Pedestre;Atropelamento de Pedestre;Com Vítimas Feridas;Anoitecer;Decrescente;Nublado;Múltipla;Reta;Sim;2;0;0;1;1;0;1;2;-3,860885;-38,49715;SR-CE;UOP02;DEL01
269918;17/02/2020;segunda-feira;16:30:00;SC;101;275;IMBITUBA;Defeito Mecânico no Veículo;Saída de leito carroçável;Com Vítimas Feridas;Pleno dia;Decrescente;Céu Claro;Dupla;Reta;Não;2;0;2;0;0;0;2;1;-28,13809;-48,69218;SR-SC;UOP03;DEL02
269919;17/02/2020;segunda-feira;17:35:00;ES;101;270;SERRA;Não guardar distância de segurança;Colisão traseira;Com Vítimas Feridas;Anoitecer;Decrescente;Céu Claro;Dupla;Reta;Sim;2;0;1;0;1;0;1;2;-20,22662;-40,27075;SR-ES;UOP01;DEL02
269920;17/02/2020;segunda-feira;14:45:00;SC;470;114,8;IBIRAMA;Carga excessiva e/ou mal acondicionada;Tombamento;Sem Vítimas;Pleno dia;Decrescente;Sol;Simples;Curva;Não;1;0;0;0;1;0;0;1;-27,088;-49,47257;SR-SC;UOP02;DEL04
269922;17/02/2020;segunda-feira;16:30:00;BA;101;423;IBIRAPITANGA;Velocidade Incompatível;Tombamento;Com Vítimas Feridas;Pleno dia;Decrescente;Chuva;Simples;Curva;Não;1;0;1;0;0;0;1;1;-14,13824;-39,35474;SR-BA;UOP03;DEL05
269923;17/02/2020;segunda-feira;16:00:00;SC;101;95;BARRA VELHA;Defeito Mecânico no Veículo;Tombamento;Com Vítimas Feridas;Pleno dia;Crescente;Nublado;Múltipla;Curva;Não;3;0;2;0;1;0;2;1;-26,70876;-48,70221;SR-SC;UOP02;DEL03
269924;17/02/2020;segunda-feira;17:45:00;RS;116;114,4;SAO MARCOS;Falta de Atenção à Condução;Colisão transversal;Com Vítimas Feridas;Pleno dia;Decrescente;Chuva;Simples;Curva;Sim;3;0;2;0;1;0;2;2;-28,96397;-51,07534;SR-RS;UOP01;DEL05
269925;17/02/2020;segunda-feira;17:40:00;MG;50;69;UBERLANDIA;Objeto estático sobre o leito carroçável;Colisão traseira;Com Vítimas Feridas;Anoitecer;Crescente;Nublado;Dupla;Reta;Sim;4;0;2;0;2;0;2;4;-18,8514;-48,25346;SR-MG;UOP01;DEL15
269927;17/02/2020;segunda-feira;17:30:00;GO;40;5,5;VALPARAISO DE GOIAS;Não guardar distância de segurança;Colisão traseira;Sem Vítimas;Pleno dia;Crescente;Céu Claro;Dupla;Reta;Sim;2;0;0;0;0;2;0;2;-16,09313;-47,98224;SR-DF;UOP01;DEL01
269928;17/02/2020;segunda-feira;17:40:00;RS;116;38,2;VACARIA;Falta de Atenção à Condução;Colisão transversal;Com Vítimas Feridas;Pleno dia;Decrescente;Chuva;Simples;Retorno Regulamentado;Sim;2;0;1;0;1;0;1;2;-28,50548;-50,92516;SR-RS;UOP03;DEL05
269929;17/02/2020;segunda-feira;13:30:00;MG;381;481;CONTAGEM;Falta de Atenção do Pedestre;Queda de ocupante de veículo;Sem Vítimas;Pleno dia;Crescente;Nublado;Dupla;Reta;Sim;2;0;0;0;1;1;0;1;-19,95932;-44,08826;SR-MG;UOP03;DEL01
269930;17/02/2020;segunda-feira;18:30:00;SE;101;97,5;SAO CRISTOVAO;Ingestão de Álcool;Colisão com objeto estático;Com Vítimas Feridas;Plena Noite;Decrescente;Céu Claro;Dupla;Curva;Não;2;0;0;1;0;1;1;1;-10,92592;-37,17893;SR-SE;UOP01;DEL02
269931;17/02/2020;segunda-feira;17:20:00;GO;60;96;ANAPOLIS;Desobediência às normas de trânsito pelo condutor;Colisão lateral;Com Vítimas Feridas;Pleno dia;Crescente;Céu Claro;Dupla;Reta;Sim;3;0;2;0;1;0;2;2;-16,37586;-48,9472;SR-GO;UOP01;DEL02
269932;17/02/2020;segunda-feira;18:20:00;PR;476;135;CURITIBA;Falta de Atenção à Condução;Colisão traseira;Com Vítimas Feridas;Anoitecer;Crescente;Céu Claro;Múltipla;Reta;Sim;3;0;1;0;1;1;1;2;-25,48379;-49,26581;SR-PR;UOP03;DEL01
269933;17/02/2020;segunda-feira;14:00:00;BA;101;896;CARAVELAS;Falta de Atenção à Condução;Colisão lateral;Sem Vítimas;Pleno dia;Decrescente;Céu Claro;Simples;Desvio Temporário;Não;2;0;0;0;2;0;0;2;-17,69244;-39,77463;SR-BA;UOP02;DEL09
269934;17/02/2020;segunda-feira;18:00:00;RS;116;117;SAO MARCOS;Pista Escorregadia;Saída de leito carroçável;Sem Vítimas;Anoitecer;Crescente;Chuva;Simples;Curva;Sim;1;0;0;0;1;0;0;1;-28,9831;-51,06761;SR-RS;UOP01;DEL05
269935;17/02/2020;segunda-feira;17:20:00;RJ;393;268;BARRA DO PIRAI;Velocidade Incompatível;Colisão transversal;Sem Vítimas;Pleno dia;Crescente;Céu Claro;Simples;Interseção de vias;Não;3;0;0;0;3;0;0;2;-22,4878;-43,90933;SR-RJ;UOP02;DEL05
269936;17/02/2020;segunda-feira;17:40:00;RJ;101;313,2;SAO GONCALO;Condutor Dormindo;Engavetamento;Com Vítimas Feridas;Anoitecer;Decrescente;Céu Claro;Múltipla;Reta;Não;3;0;3;0;0;0;3;2;-22,81049;-43,06983;SR-RJ;UOP01;DEL02
269937;17/02/2020;segunda-feira;18:35:00;MG;381;527;BRUMADINHO;Falta de Atenção à Condução;Capotamento;Com Vítimas Feridas;Plena Noite;Crescente;Chuva;Dupla;Curva;Não;1;0;1;0;0;0;1;1;-20,16283;-44,35073;SR-MG;UOP03;DEL04
269938;17/02/2020;segunda-feira;18:45:00;RS;290;99;PORTO ALEGRE;Falta de Atenção à Condução;Colisão traseira;Com Vítimas Feridas;Pleno dia;Crescente;Céu Claro;Dupla;Reta;Não;3;0;2;0;1;0;2;2;-29,99176;-51,22699;SR-RS;UOP01;DEL01
269939;17/02/2020;segunda-feira;19:00:00;DF;20;10,1;BRASILIA;Falta de Atenção à Condução;Colisão transversal;Com Vítimas Feridas;Plena Noite;Crescente;Céu Claro;Dupla;Reta;Sim;2;0;0;1;1;0;1;2;-15,65024;-47,77387;SR-DF;UOP01;DEL02
269940;17/02/2020;segunda-feira;17:00:00;ES;262;186;IUNA;Desobediência às normas de trânsito pelo condutor;Colisão traseira;Com Vítimas Feridas;Plena Noite;Crescente;Nublado;Simples;Curva;Não;2;0;1;0;1;0;1;2;-20,30876;-41,71255;SR-ES;UOP02;DEL01
269941;17/02/2020;segunda-feira;19:30:00;PE;101;86;CABO DE SANTO AGOSTINHO;Defeito Mecânico no Veículo;Saída de leito carroçável;Com Vítimas Feridas;Pleno dia;Crescente;Céu Claro;Dupla;Reta;Não;1;0;1;0;0;0;1;1;-8,1847;-34,96817;SR-PE;UOP03;DEL01
269942;17/02/2020;segunda-feira;18:40:00;RS;285;430,9;PANAMBI;Falta de Atenção à Condução;Saída de leito carroçável;Com Vítimas Feridas;Pleno dia;Decrescente;Céu Claro;Simples;Ponte;Não;1;0;1;0;0;0;1;1;-28,32738;-53,65565;SR-RS;UOP01;DEL10
269943;17/02/2020;segunda-feira;18:50:00;ES;262;139;MUNIZ FREIRE;Fenômenos da Natureza;Danos eventuais;Com Vítimas Feridas;Plena Noite;Crescente;Nublado;Simples;Reta;Não;1;0;0;1;0;0;1;1;-20,23135;-41,36099;SR-ES;UOP02;DEL01
269944;17/02/2020;segunda-feira;16:10:00;MS;267;465,2;GUIA LOPES DA LAGUNA;Condutor Dormindo;Saída de leito carroçável;Com Vítimas Feridas;Pleno dia;Crescente;Céu Claro;Simples;Reta;Não;1;0;1;0;0;0;1;1;-21,4099;-56,00852;SR-MS;UOP01;DEL05
269945;17/02/2020;segunda-feira;17:30:00;MT;364;348;SANTO ANTONIO DO LEVERGER;Defeito Mecânico no Veículo;Colisão traseira;Com Vítimas Feridas;Pleno dia;Crescente;Céu Claro;Simples;Curva;Não;1;0;1;0;0;0;1;1;-15,80417;-55,5543;SR-MT;UOP02;DEL01
269946;17/02/2020;segunda-feira;17:00:00;SC;101;412,6;ARARANGUA;Falta de Atenção à Condução;Colisão transversal;Com Vítimas Feridas;Pleno dia;Decrescente;Nublado;Simples;Reta;Sim;2;0;1;0;1;0;1;2;-28,94245;-49,50037;SR-SC;UOP02;DEL02
269947;17/02/2020;segunda-feira;18:00:00;PR;476;173;CONTENDA;Velocidade Incompatível;Saída de leito carroçável;Sem Vítimas;Anoitecer;Decrescente;Céu Claro;Simples;Curva;Não;1;0;0;0;1;0;0;1;-25,68136;-49,52554;SR-PR;UOP04;DEL01
269948;17/02/2020;segunda-feira;19:00:00;SP;153;116,1;UBARANA;Defeito Mecânico no Veículo;Tombamento;Com Vítimas Feridas;Plena Noite;Crescente;Garoa/Chuvisco;Simples;Reta;Não;2;0;2;0;0;0;2;1;-21,13754;-49,69895;SR-SP;UOP01;DEL09
269949;17/02/2020;segunda-feira;20:00:00;SC;470;66;INDAIAL;Falta de Atenção à Condução;Saída de leito carroçável;Com Vítimas Feridas;Plena Noite;Decrescente;Céu Claro;Simples;Retorno Regulamentado;Sim;1;0;1;0;0;0;1;1;-26,87041;-49,22184;SR-SC;UOP01;DEL04
269950;17/02/2020;segunda-feira;20:00:00;SP;153;31,3;NOVA GRANADA;Pista Escorregadia;Saída de leito carroçável;Com Vítimas Feridas;Plena Noite;Crescente;Chuva;Simples;Curva;Não;3;0;2;0;1;0;2;2;-20,55033;-49,3284;SR-SP;UOP01;DEL09
269951;13/02/2020;quinta-feira;07:48:00;AC;317;151;CAPIXABA;Falta de Atenção à Condução;Saída de leito carroçável;Sem Vítimas;Pleno dia;Decrescente;Sol;Simples;Curva;Não;1;0;0;0;0;1;0;1;-10,59713;-67,71312;SR-AC;UOP02;DEL01
269952;17/02/2020;segunda-feira;20:20:00;MG;262;836,3;UBERABA;Falta de Atenção à Condução;Colisão traseira;Com Vítimas Feridas;Plena Noite;Decrescente;Chuva;Simples;Reta;Não;2;0;1;0;1;0;1;2;-19,75218;-48,23839;SR-MG;UOP01;DEL13
269953;17/02/2020;segunda-feira;20:00:00;PA;163;987;SANTAREM;Falta de Atenção à Condução;Colisão transversal;Com Vítimas Feridas;Plena Noite;Crescente;Céu Claro;Simples;Reta;Sim;2;0;0;1;1;0;1;2;-2,583771;-54,7204;SR-PA;UOP01;DEL05
269954;17/02/2020;segunda-feira;17:15:00;MG;356;277,1;EUGENOPOLIS;Velocidade Incompatível;Capotamento;Com Vítimas Feridas;Pleno dia;Decrescente;Chuva;Simples;Curva;Não;1;0;1;0;0;0;1;1;-21,1278;-42,27558;SR-MG;UOP02;DEL07
269955;17/02/2020;segunda-feira;19:45:00;MS;163;519,6;JARAGUARI;Falta de Atenção à Condução;Colisão traseira;Com Vítimas Feridas;Plena Noite;Crescente;Céu Claro;Dupla;Não Informado;Não;6;0;5;0;1;0;5;2;-20,16994;-54,44906;SR-MS;UOP02;DEL01
269956;02/02/2020;domingo;20:40:00;PE;232;101,2;BEZERROS;Falta de Atenção do Pedestre;Atropelamento de Pedestre;Com Vítimas Feridas;Plena Noite;Decrescente;Céu Claro;Dupla;Reta;Sim;2;0;0;1;0;1;1;1;-8,241947;-35,75097;SR-PE;DEL11/1;UOP04/PE
269957;17/02/2020;segunda-feira;20:00:00;SC;101;109;PENHA;Ingestão de Álcool;Colisão lateral;Sem Vítimas;Plena Noite;Decrescente;Céu Claro;Dupla;Curva;Não;2;0;0;0;2;0;0;2;-26,83352;-48,69607;SR-SC;UOP02;DEL03
269958;17/02/2020;segunda-feira;19:40:00;RJ;116;305;RESENDE;Sinalização da via insuficiente ou inadequada;Colisão traseira;Com Vítimas Feridas;Plena Noite;Crescente;Chuva;Dupla;Reta;Sim;2;0;0;1;1;0;1;2;-22,45574;-44,39455;SR-RJ;UOP02;DEL07
269959;17/02/2020;segunda-feira;21:00:00;ES;262;140,3;IBATIBA;Desobediência às normas de trânsito pelo condutor;Colisão frontal;Com Vítimas Fatais;Plena Noite;Crescente;Nublado;Simples;Reta;Não;2;1;0;0;1;0;0;2;-20,2281;-41,36895;SR-ES;UOP02;DEL01
269961;17/02/2020;segunda-feira;20:45:00;PE;232;70,5;GRAVATA;Desobediência às normas de trânsito pelo condutor;Atropelamento de Pedestre;Com Vítimas Feridas;Plena Noite;Decrescente;Céu Claro;Dupla;Reta;Sim;3;0;2;0;0;1;2;1;-8,182808;-35,49105;SR-PE;UOP04;DEL01
269963;17/02/2020;segunda-feira;21:15:00;RS;290;79;GRAVATAI;Falta de Atenção à Condução;Capotamento;Com Vítimas Feridas;Plena Noite;Decrescente;Céu Claro;Dupla;Reta;Não;4;0;4;0;0;0;4;1;-29,95291;-51,04805;SR-RS;UOP01;DEL01
269964;17/02/2020;segunda-feira;21:30:00;SC;101;442,9;SANTA ROSA DO SUL;Falta de Atenção à Condução;Colisão traseira;Sem Vítimas;Plena Noite;Crescente;Céu Claro;Dupla;Reta;Sim;2;0;0;0;2;0;0;2;-29,12959;-49,68678;SR-SC;UOP02;DEL02
269965;17/02/2020;segunda-feira;11:00:00;RS;392;13;RIO GRANDE;Falta de Atenção à Condução;Tombamento;Com Vítimas Feridas;Pleno dia;Crescente;Nublado;Dupla;Curva;Não;1;0;1;0;0;0;1;1;-32,12632;-52,14931;SR-RS;UOP02;DEL07
269966;17/02/2020;segunda-feira;22:05:00;PE;101;42,9;IGARASSU;Falta de Atenção à Condução;Colisão traseira;Com Vítimas Feridas;Plena Noite;Crescente;Nublado;Múltipla;Reta;Sim;2;0;1;0;1;0;1;2;-7,838874;-34,91197;SR-PE;UOP02;DEL01
269967;17/02/2020;segunda-feira;22:00:00;SC;101;214,7;PALHOCA;Desobediência às normas de trânsito pelo pedestre;Atropelamento de Pedestre;Com Vítimas Feridas;Plena Noite;Decrescente;Céu Claro;Dupla;Reta;Sim;2;0;0;1;1;0;1;1;-27,64443;-48,67057;SR-SC;UOP02;DEL01
269969;17/02/2020;segunda-feira;22:00:00;PE;101;60,8;RECIFE;Falta de Atenção à Condução;Tombamento;Sem Vítimas;Plena Noite;Crescente;Nublado;Dupla;Curva;Sim;1;0;0;0;0;1;0;1;-7,983443;-34,93177;SR-PE;UOP02;DEL01