id;data_inversa;dia_semana;horario;uf;br;km;municipio;causa_acidente;tipo_acidente;classificacao_acidente;fase_dia;sentido_via;condicao_metereologica;tipo_pista;tracado_via;uso_solo;pessoas;mortos;feridos_leves;feridos_graves;ilesos;ignorados;feridos;veiculos;latitude;longitude;regional;delegacia;uop
270379;20/02/2020;quinta-feira;07:30:00;RS;116;236;NOVO HAMBURGO;Falta de Atenção à Condução;Colisão traseira;Com Vítimas Feridas;Pleno dia;Decrescente;Céu Claro;Múltipla;Reta;Sim;2;0;1;0;1;0;1;2;-29,66939;-51,14305;SR-RS;UOP02;DEL01
270380;20/02/2020;quinta-feira;07:30:00;RN;110;45,6;MOSSORO;Desobediência às normas de trânsito pelo condutor;Tombamento;Com Vítimas Feridas;Pleno dia;Decrescente;Nublado;Simples;Reta;Sim;3;0;1;0;2;0;1;2;-5,19258;-37,31115;SR-RN;UOP01;DEL04
270382;19/02/2020;quarta-feira;16:10:00;RO;435;35,5;VILHENA;Velocidade Incompatível;Saída de leito carroçável;Com Vítimas Feridas;Pleno dia;Crescente;Céu Claro;Simples;Curva;Não;1;0;1;0;0;0;1;1;-12,84737;-60,37897;SR-RO;UOP02;DEL04
270383;20/02/2020;quinta-feira;07:05:00;PR;116;93;SAO JOSE DOS PINHAIS;Não guardar distância de segurança;Queda de ocupante de veículo;Com Vítimas Feridas;Pleno dia;Decrescente;Céu Claro;Dupla;Não Informado;Não;1;0;1;0;0;0;1;1;-25,48228;-49,10589;SR-PR;UOP01;DEL01
270384;19/02/2020;quarta-feira;22:15:00;MT;364;482;JANGADA;Falta de Atenção à Condução;Saída de leito carroçável;Sem Vítimas;Plena Noite;Crescente;Céu Claro;Simples;Reta;Não;1;0;0;0;1;0;0;1;-15,3881;-56,39288;SR-MT;DEL2/4;UOP02/MT
270386;19/02/2020;quarta-feira;15:00:00;MG;365;262;JOAO PINHEIRO;Velocidade Incompatível;Colisão com objeto estático;Sem Vítimas;Pleno dia;Decrescente;Céu Claro;Simples;Reta;Não;1;0;0;0;1;0;0;1;-17,88006;-45,53451;SR-MG;UOP02;DEL14
270387;20/02/2020;quinta-feira;07:55:00;PR;476;154,4;ARAUCARIA;Falta de Atenção à Condução;Colisão traseira;Com Vítimas Feridas;Pleno dia;Decrescente;Céu Claro;Dupla;Reta;Sim;3;0;2;0;1;0;2;2;-25,58422;-49,40138;SR-PR;UOP04;DEL01
270389;20/02/2020;quinta-feira;07:45:00;MG;40;506,4;RIBEIRAO DAS NEVES;Desobediência às normas de trânsito pelo condutor;Colisão lateral;Sem Vítimas;Pleno dia;Crescente;Sol;Dupla;Reta;Sim;2;0;0;0;1;1;0;2;-19,75004;-44,14549;SR-MG;UOP01;DEL02
270390;20/02/2020;quinta-feira;08:30:00;MG;365;805;GURINHATA;Condutor Dormindo;Saída de leito carroçável;Com Vítimas Feridas;Pleno dia;Crescente;Céu Claro;Simples;Reta;Não;1;0;1;0;0;0;1;1;-18,89711;-49,95448;SR-MG;UOP03;DEL15
270391;20/02/2020;quinta-feira;08:20:00;SE;101;152,8;ESTANCIA;Falta de Atenção à Condução;Saída de leito carroçável;Sem Vítimas;Pleno dia;Decrescente;Céu Claro;Dupla;Curva;Não;4;0;0;0;4;0;0;1;-11,27701;-37,44948;SR-SE;UOP01;DEL02
270392;20/02/2020;quinta-feira;06:40:00;PR;476;142;CURITIBA;Falta de Atenção à Condução;Atropelamento de Pedestre;Com Vítimas Feridas;Pleno dia;Decrescente;Sol;Dupla;Reta;Sim;3;0;0;2;1;0;2;1;-25,53716;-49,30163;SR-PR;UOP03;DEL01
270393;20/02/2020;quinta-feira;07:55:00;RJ;116;79,7;TERESOPOLIS;Desobediência às normas de trânsito pelo condutor;Colisão lateral;Com Vítimas Feridas;Pleno dia;Crescente;Céu Claro;Simples;Reta;Sim;2;0;1;0;1;0;1;2;-22,37257;-43,01565;SR-RJ;UOP02;DEL06
270394;20/02/2020;quinta-feira;06:10:00;PR;376;676;GUARATUBA;Velocidade Incompatível;Tombamento;Com Vítimas Feridas;Amanhecer;Decrescente;Nublado;Dupla;Não Informado;Não;1;0;1;0;0;0;1;1;-25,93869;-48,90849;SR-PR;UOP05;DEL01
270395;20/02/2020;quinta-feira;08:55:00;SP;381;56,8;MAIRIPORA;Não guardar distância de segurança;Colisão traseira;Com Vítimas Feridas;Pleno dia;Decrescente;Céu Claro;Dupla;Reta;Sim;2;0;1;0;1;0;1;2;-23,25907;-46,58983;SR-SP;UOP01;DEL03
270396;20/02/2020;quinta-feira;08:40:00;GO;70;13,9;AGUAS LINDAS DE GOIAS;Falta de Atenção do Pedestre;Colisão com objeto em movimento;Com Vítimas Feridas;Pleno dia;Crescente;Sol;Dupla;Reta;Não;2;0;1;0;1;0;1;2;-15,75118;-48,32515;SR-DF;UOP03;DEL01
270399;20/02/2020;quinta-feira;08:00:00;RJ;101;262;RIO BONITO;Falta de Atenção à Condução;Queda de ocupante de veículo;Com Vítimas Feridas;Pleno dia;Decrescente;Céu Claro;Dupla;Curva;Sim;1;0;1;0;0;0;1;1;-22,71368;-42,62053;SR-RJ;UOP03;DEL02
270401;20/02/2020;quinta-feira;08:00:00;SP;381;54,1;MAIRIPORA;Falta de Atenção à Condução;Colisão lateral;Com Vítimas Feridas;Pleno dia;Decrescente;Céu Claro;Dupla;Reta;Não;3;0;1;0;1;1;1;2;-23,24491;-46,59562;SR-SP;UOP01;DEL03
270402;20/02/2020;quinta-feira;09:15:00;BA;324;617,9;SALVADOR;Desobediência às normas de trânsito pelo condutor;Colisão transversal;Sem Vítimas;Pleno dia;Crescente;Céu Claro;Dupla;Reta;Sim;2;0;0;0;2;0;0;2;-12,88603;-38,43806;SR-BA;UOP01;DEL01
270403;20/02/2020;quinta-feira;08:20:00;SP;116;287,7;ITAPECERICA DA SERRA;Não guardar distância de segurança;Colisão traseira;Com Vítimas Feridas;Pleno dia;Decrescente;Céu Claro;Dupla;Reta;Não;2;0;1;0;1;0;1;2;-23,71442;-46,8793;SR-SP;UOP01;DEL04
270405;20/02/2020;quinta-feira;09:00:00;SC;101;112;NAVEGANTES;Falta de Atenção à Condução;Colisão lateral;Com Vítimas Feridas;Pleno dia;Decrescente;Céu Claro;Dupla;Ponte;Não;2;0;0;1;1;0;1;2;-26,84589;-48,72131;SR-SC;UOP04;DEL04
270406;20/02/2020;quinta-feira;09:00:00;RN;405;94,6;ITAU;Defeito Mecânico no Veículo;Incêndio;Sem Vítimas;Pleno dia;Crescente;Sol;Simples;Não Informado;Não;1;0;0;0;1;0;0;1;-5,755971;-37,88562;SR-RN;UOP02;DEL04
270410;20/02/2020;quinta-feira;09:50:00;SC;116;6;MAFRA;Falta de Atenção à Condução;Colisão traseira;Com Vítimas Feridas;Pleno dia;Crescente;Nublado;Simples;Reta;Não;2;0;1;0;1;0;1;2;-26,14645;-49,82306;SR-SC;UOP01;DEL06
270411;20/02/2020;quinta-feira;10:00:00;MG;381;454;SABARA;Não guardar distância de segurança;Colisão traseira;Sem Vítimas;Pleno dia;Crescente;Céu Claro;Simples;Reta;Sim;2;0;0;0;2;0;0;1;-19,84171;-43,86783;SR-MG;UOP01;DEL01
270412;20/02/2020;quinta-feira;10:00:00;PE;101;207;XEXEU;Pista Escorregadia;Saída de leito carroçável;Com Vítimas Feridas;Pleno dia;Crescente;Chuva;Dupla;Curva;Não;1;0;0;1;0;0;1;1;-8,825454;-35,64543;SR-PE;UOP03;DEL01
270413;19/02/2020;quarta-feira;21:30:00;MT;163;870;SINOP;Ultrapassagem Indevida;Saída de leito carroçável;Sem Vítimas;Plena Noite;Decrescente;Chuva;Simples;Reta;Não;1;0;0;0;1;0;0;1;-11,68154;-55,44847;SR-MT;UOP02;DEL06
270422;20/02/2020;quinta-feira;09:00:00;PR;272;545;TERRA ROXA;Velocidade Incompatível;Colisão com objeto estático;Sem Vítimas;Pleno dia;Decrescente;Céu Claro;Simples;Curva;Não;3;0;0;0;3;0;0;2;-24,07584;-54,01374;SR-PR;UOP02;DEL06
270423;08/02/2020;sábado;13:30:00;MT;70;282;PRIMAVERA DO LESTE;Falta de Atenção à Condução;Colisão transversal;Com Vítimas Feridas;Pleno dia;Decrescente;Céu Claro;Simples;Reta;Sim;2;0;1;0;0;1;1;2;-15,57444;-54,3333;SR-MT;UOP01;DEL05
270424;20/02/2020;quinta-feira;09:30:00;MT;364;459;VARZEA GRANDE;Defeito Mecânico no Veículo;Saída de leito carroçável;Sem Vítimas;Pleno dia;Decrescente;Céu Claro;Simples;Reta;Não;1;0;0;0;1;0;0;1;-15,53594;-56,27612;SR-MT;DEL2/4;UOP02/MT
270425;20/02/2020;quinta-feira;10:50:00;SC;282;17;PALHOCA;Desobediência às normas de trânsito pelo condutor;Colisão transversal;Com Vítimas Feridas;Pleno dia;Crescente;Céu Claro;Simples;Reta;Sim;3;0;0;2;1;0;2;2;-27,66571;-48,68807;SR-SC;UOP02;DEL01
270426;19/01/2020;domingo;13:15:00;MG;40;118,9;LAGOA GRANDE;Falta de Atenção à Condução;Colisão transversal;Com Vítimas Fatais;Pleno dia;Crescente;Céu Claro;Simples;Não Informado;Não;3;1;1;1;0;0;2;2;-17,6587;-46,3834;SR-MG;DEL4/14;UOP01/MG
270427;20/02/2020;quinta-feira;10:30:00;BA;135;192,7;BARREIRAS;Falta de Atenção à Condução;Colisão transversal;Com Vítimas Fatais;Pleno dia;Crescente;Sol;Simples;Interseção de vias;Não;2;1;0;0;1;0;0;2;-12,25539;-45,02299;SR-BA;UOP01;DEL10
270428;20/02/2020;quinta-feira;10:20:00;MA;10;128;ESTREITO;Pista Escorregadia;Colisão lateral;Com Vítimas Feridas;Pleno dia;Decrescente;Chuva;Simples;Reta;Sim;2;0;2;0;0;0;2;2;-6,564439;-47,44772;SR-MA;UOP02;DEL04
270429;20/02/2020;quinta-feira;11:13:00;PE;428;183,9;PETROLINA;Desobediência às normas de trânsito pelo condutor;Colisão traseira;Com Vítimas Feridas;Pleno dia;Decrescente;Sol;Simples;Reta;Sim;2;0;1;0;1;0;1;2;-9,344293;-40,47241;SR-PE;UOP01;DEL06
270430;20/02/2020;quinta-feira;11:20:00;ES;101;290;CARIACICA;Defeito Mecânico no Veículo;Incêndio;Sem Vítimas;Pleno dia;Crescente;Céu Claro;Dupla;Reta;Não;1;0;0;0;1;0;0;1;-20,28928;-40,39182;SR-ES;UOP01;DEL01
270431;12/02/2020;quarta-feira;08:40:00;MS;163;487;CAMPO GRANDE;Falta de Atenção à Condução;Tombamento;Com Vítimas Feridas;Pleno dia;Crescente;Nublado;Simples;Reta;Sim;2;0;2;0;0;0;2;1;-20,42493;-54,54551;SR-MS;UOP02;DEL01
270432;20/02/2020;quinta-feira;10:55:00;GO;153;496,1;GOIANIA;Ingestão de Álcool;Atropelamento de Pedestre;Com Vítimas Feridas;Pleno dia;Crescente;Céu Claro;Dupla;Reta;Sim;3;0;2;1;0;0;3;1;-16,67182;-49,22804;SR-GO;UOP01;DEL01
270433;20/02/2020;quinta-feira;11:15:00;DF;20;10,2;BRASILIA;Falta de Atenção à Condução;Colisão lateral;Com Vítimas Feridas;Pleno dia;Crescente;Céu Claro;Dupla;Reta;Sim;2;0;0;1;1;0;1;2;-15,65024;-47,77387;SR-DF;UOP01;DEL02
270434;20/02/2020;quinta-feira;11:00:00;PB;230;406,8;POMBAL;Falta de Atenção à Condução;Colisão lateral;Com Vítimas Feridas;Pleno dia;Crescente;Céu Claro;Simples;Reta;Sim;2;0;0;1;1;0;1;2;-6,7842;-37,7987;SR-PB;UOP02;DEL03
270435;04/02/2020;terça-feira;15:30:00;MA;226;597,7;ESTREITO;Desobediência às normas de trânsito pelo condutor;Colisão transversal;Com Vítimas Feridas;Pleno dia;Crescente;Nublado;Simples;Interseção de vias;Sim;2;0;1;0;1;0;1;2;-6,55327;-47,4399;SR-MA;UOP02;DEL04
270436;20/02/2020;quinta-feira;11:00:00;RN;101;102;PARNAMIRIM;Desobediência às normas de trânsito pelo condutor;Colisão lateral;Com Vítimas Feridas;Pleno dia;Decrescente;Chuva;Simples;Retorno Regulamentado;Sim;2;0;2;0;0;0;2;2;-5,888582;-35,24019;SR-RN;UOP01;DEL01
270438;20/02/2020;quinta-feira;10:50:00;PE;101;74,1;RECIFE;Desobediência às normas de trânsito pelo condutor;Colisão lateral;Com Vítimas Feridas;Pleno dia;Crescente;Sol;Dupla;Reta;Sim;3;0;2;0;0;1;2;2;-8,101465;-34,94902;SR-PE;UOP01;DEL01
270439;20/02/2020;quinta-feira;10:00:00;GO;153;696;ITUMBIARA;Carga excessiva e/ou mal acondicionada;Saída de leito carroçável;Sem Vítimas;Pleno dia;Decrescente;Céu Claro;Dupla;Reta;Não;1;0;0;0;1;0;0;1;-18,3604;-49,2161;SR-GO;UOP02;DEL03
270440;20/02/2020;quinta-feira;11:20:00;RS;386;33,9;FREDERICO WESTPHALEN;Falta de Atenção à Condução;Colisão traseira;Com Vítimas Feridas;Pleno dia;Crescente;Céu Claro;Simples;Reta;Sim;2;0;1;1;0;0;2;2;-27,36003;-53,38894;SR-RS;UOP02;DEL08
270441;20/02/2020;quinta-feira;11:15:00;PR;376;671,5;GUARATUBA;Desobediência às normas de trânsito pelo condutor;Colisão com objeto estático;Com Vítimas Feridas;Pleno dia;Decrescente;Sol;Dupla;Não Informado;Não;2;0;0;1;1;0;1;2;-25,88532;-48,93515;SR-PR;UOP05;DEL01
270442;20/02/2020;quinta-feira;10:40:00;MT;364;475;JANGADA;Falta de Atenção à Condução;Tombamento;Sem Vítimas;Pleno dia;Crescente;Garoa/Chuvisco;Simples;Curva;Não;1;0;0;0;1;0;0;1;-15,42483;-56,34375;SR-MT;DEL2/4;UOP02/MT
270443;20/02/2020;quinta-feira;12:00:00;SC;470;139,6;RIO DO SUL;Velocidade Incompatível;Colisão traseira;Com Vítimas Feridas;Pleno dia;Crescente;Sol;Simples;Reta;Não;2;0;1;0;1;0;1;2;-27,21756;-49,65461;SR-SC;UOP02;DEL04
270444;20/02/2020;quinta-feira;11:30:00;AL;101;59;MESSIAS;Falta de Atenção à Condução;Tombamento;Com Vítimas Feridas;Pleno dia;Crescente;Chuva;Dupla;Não Informado;Não;1;0;1;0;0;0;1;1;-9,285991;-35,80321;SR-AL;UOP02;DEL01
270445;20/02/2020;quinta-feira;12:00:00;SP;116;283;EMBU DAS ARTES;Não guardar distância de segurança;Tombamento;Com Vítimas Feridas;Pleno dia;Decrescente;Céu Claro;Dupla;Reta;Sim;1;0;0;1;0;0;1;1;-23,69297;-46,86353;SR-SP;UOP01;DEL04
270446;20/02/2020;quinta-feira;12:15:00;DF;80;20;BRASILIA;Falta de Atenção à Condução;Colisão com objeto estático;Sem Vítimas;Pleno dia;Decrescente;Céu Claro;Simples;Reta;Sim;1;0;0;0;1;0;0;1;-15,62214;-48,19898;SR-DF;UOP03;DEL01
270447;20/02/2020;quinta-feira;12:10:00;GO;60;381;RIO VERDE;Falta de Atenção à Condução;Atropelamento de Pedestre;Com Vítimas Feridas;Pleno dia;Crescente;Céu Claro;Dupla;Reta;Sim;2;0;2;0;0;0;2;1;-17,7727;-50,8862;SR-GO;UOP01;DEL04
270449;20/02/2020;quinta-feira;12:30:00;PR;373;172,1;PONTA GROSSA;Falta de Atenção à Condução;Atropelamento de Pedestre;Com Vítimas Feridas;Pleno dia;Crescente;Céu Claro;Múltipla;Reta;Sim;5;0;4;1;0;0;5;1;-25,0814;-50,19201;SR-PR;UOP01;DEL03
270450;20/02/2020;quinta-feira;12:00:00;RS;116;561;PEDRO OSORIO;Falta de Atenção à Condução;Tombamento;Com Vítimas Feridas;Pleno dia;Crescente;Céu Claro;Simples;Reta;Não;1;0;1;0;0;0;1;1;-31,91776;-52,69733;SR-RS;UOP03;DEL07
270451;20/02/2020;quinta-feira;11:30:00;RJ;101;324;NITEROI;Falta de Atenção à Condução;Colisão lateral;Com Vítimas Feridas;Pleno dia;Decrescente;Céu Claro;Dupla;Reta;Não;2;0;1;0;0;1;1;2;-22,87381;-43,12641;SR-RJ;UOP01;DEL02
270453;20/02/2020;quinta-feira;07:10:00;RJ;101;319;SAO GONCALO;Falta de Atenção à Condução;Colisão lateral;Com Vítimas Feridas;Pleno dia;Crescente;Sol;Dupla;Reta;Sim;2;0;1;0;1;0;1;2;-22,85412;-43,1018;SR-RJ;UOP01;DEL02
270454;20/02/2020;quinta-feira;08:45:00;SP;116;473,1;REGISTRO;Falta de Atenção à Condução;Colisão lateral;Com Vítimas Feridas;Pleno dia;Crescente;Sol;Dupla;Reta;Sim;3;0;1;0;1;1;1;2;-24,67228;-47,9788;SR-SP;UOP01;DEL05
270455;20/02/2020;quinta-feira;12:40:00;SP;116;224,5;GUARULHOS;Pista Escorregadia;Queda de ocupante de veículo;Com Vítimas Feridas;Pleno dia;Decrescente;Chuva;Simples;Reta;Não;2;0;1;0;1;0;1;2;-23,48072;-46,53272;SR-SP;UOP01;DEL01
270456;20/02/2020;quinta-feira;12:30:00;RN;304;261,9;SAO PEDRO;Defeito Mecânico no Veículo;Derramamento de carga;Sem Vítimas;Pleno dia;Crescente;Chuva;Simples;Reta;Não;1;0;0;0;1;0;0;1;-5,85031;-35,65639;SR-RN;UOP02;DEL01
270457;20/02/2020;quinta-feira;10:00:00;SC;282;599;CUNHA PORA;Falta de Atenção à Condução;Colisão transversal;Com Vítimas Feridas;Pleno dia;Crescente;Céu Claro;Simples;Curva;Não;2;0;1;0;1;0;1;2;-26,82021;-53,15505;SR-SC;UOP02;DEL07
270458;20/02/2020;quinta-feira;13:30:00;PE;101;4,5;GOIANA;Defeito Mecânico no Veículo;Colisão com objeto estático;Com Vítimas Feridas;Pleno dia;Decrescente;Chuva;Dupla;Reta;Não;1;0;0;1;0;0;1;1;-7,532645;-34,99146;SR-PE;UOP02;DEL01
270459;20/02/2020;quinta-feira;12:45:00;RJ;101;295,7;ITABORAI;Falta de Atenção à Condução;Tombamento;Com Vítimas Feridas;Pleno dia;Decrescente;Céu Claro;Dupla;Curva;Sim;1;0;1;0;0;0;1;1;-22,76365;-42,90224;SR-RJ;UOP03;DEL02
270460;20/02/2020;quinta-feira;13:35:00;MG;40;463;SETE LAGOAS;Não guardar distância de segurança;Saída de leito carroçável;Com Vítimas Feridas;Pleno dia;Crescente;Céu Claro;Dupla;Não Informado;Não;1;0;1;0;0;0;1;1;-19,42225;-44,3387;SR-MG;UOP01;DEL02
270462;20/02/2020;quinta-feira;12:30:00;SC;101;98,1;BALNEARIO PICARRAS;Defeito Mecânico no Veículo;Saída de leito carroçável;Com Vítimas Feridas;Pleno dia;Decrescente;Céu Claro;Dupla;Reta;Sim;1;0;1;0;0;0;1;1;-26,73761;-48,69919;SR-SC;UOP02;DEL03
270463;20/02/2020;quinta-feira;14:00:00;GO;40;54;LUZIANIA;Desobediência às normas de trânsito pelo condutor;Colisão traseira;Com Vítimas Feridas;Pleno dia;Crescente;Céu Claro;Dupla;Reta;Não;3;0;1;0;2;0;1;3;-16,47645;-47,81116;SR-DF;UOP04;DEL01
270464;20/02/2020;quinta-feira;12:40:00;SC;101;102,5;BALNEARIO PICARRAS;Falta de Atenção à Condução;Colisão lateral;Com Vítimas Feridas;Pleno dia;Crescente;Céu Claro;Dupla;Reta;Não;1;0;1;0;0;0;1;1;-26,77383;-48,68594;SR-SC;UOP02;DEL03
270465;20/02/2020;quinta-feira;13:55:00;SC;101;210;SAO JOSE;Não guardar distância de segurança;Colisão traseira;Com Vítimas Feridas;Pleno dia;Decrescente;Sol;Múltipla;Reta;Sim;2;0;1;0;1;0;1;2;-27,61355;-48,64243;SR-SC;UOP01;DEL01
270466;20/02/2020;quinta-feira;13:20:00;MG;262;441;NOVA SERRANA;Falta de Atenção à Condução;Saída de leito carroçável;Com Vítimas Feridas;Pleno dia;Decrescente;Céu Claro;Dupla;Desvio Temporário;Sim;1;0;1;0;0;0;1;1;-19,88296;-44,90293;SR-MG;UOP03;DEL08
270467;20/02/2020;quinta-feira;14:10:00;SP;116;291;ITAPECERICA DA SERRA;Não guardar distância de segurança;Colisão traseira;Com Vítimas Feridas;Pleno dia;Decrescente;Chuva;Dupla;Curva;Sim;2;0;0;1;1;0;1;2;-23,73827;-46,89673;SR-SP;UOP01;DEL04
270468;20/02/2020;quinta-feira;11:40:00;PR;376;671,1;GUARATUBA;Velocidade Incompatível;Colisão traseira;Com Vítimas Feridas;Pleno dia;Crescente;Nublado;Dupla;Reta;Não;2;0;0;1;1;0;1;2;-25,88532;-48,93515;SR-PR;UOP05;DEL01
270469;20/02/2020;quinta-feira;13:45:00;MS;262;486,2;ANASTACIO;Condutor Dormindo;Colisão com objeto estático;Com Vítimas Feridas;Pleno dia;Crescente;Nublado;Simples;Reta;Não;1;0;1;0;0;0;1;1;-20,50016;-55,77789;SR-MS;UOP01;DEL03
270470;20/02/2020;quinta-feira;12:20:00;PR;376;281,2;MARILANDIA DO SUL;Velocidade Incompatível;Colisão traseira;Sem Vítimas;Pleno dia;Decrescente;Sol;Simples;Não Informado;Não;2;0;0;0;2;0;0;2;-23,85909;-51,25983;SR-PR;UOP02;DEL07
270471;20/02/2020;quinta-feira;13:35:00;RJ;101;301;SAO GONCALO;Falta de Atenção à Condução;Engavetamento;Com Vítimas Feridas;Pleno dia;Decrescente;Sol;Dupla;Reta;Sim;5;0;3;0;2;0;3;3;-22,77857;-42,95745;SR-RJ;UOP01;DEL02
270472;20/02/2020;quinta-feira;12:55:00;MS;262;348,8;CAMPO GRANDE;Falta de Atenção à Condução;Colisão lateral;Com Vítimas Feridas;Pleno dia;Crescente;Nublado;Simples;Reta;Não;2;0;1;0;1;0;1;2;-20,56324;-54,61259;SR-MS;UOP03;DEL01
270473;20/02/2020;quinta-feira;11:45:00;MA;10;248;IMPERATRIZ;Desobediência às normas de trânsito pelo condutor;Colisão lateral;Com Vítimas Feridas;Pleno dia;Decrescente;Céu Claro;Simples;Reta;Sim;2;0;0;1;1;0;1;2;-5,566143;-47,44903;SR-MA;UOP01;DEL04
270474;17/01/2020;sexta-feira;20:20:00;PR;376;650;TIJUCAS DO SUL;Defeito Mecânico no Veículo;Colisão com objeto estático;Com Vítimas Feridas;Plena Noite;Decrescente;Nublado;Dupla;Curva;Não;4;0;1;2;1;0;3;3;-25,84565;-49,08816;SR-PR;DEL7/1;UOP08/PR
270475;20/02/2020;quinta-feira;14:50:00;PA;163;998;SANTAREM;Não guardar distância de segurança;Engavetamento;Com Vítimas Feridas;Pleno dia;Decrescente;Nublado;Simples;Reta;Não;4;0;1;0;3;0;1;3;-2,49064;-54,73373;SR-PA;UOP01;DEL05
270476;20/02/2020;quinta-feira;15:05:00;SC;101;205;SAO JOSE;Não guardar distância de segurança;Colisão traseira;Com Vítimas Feridas;Pleno dia;Decrescente;Nublado;Dupla;Reta;Sim;3;0;1;0;1;1;1;2;-27,58313;-48,61533;SR-SC;UOP01;DEL01
270477;20/02/2020;quinta-feira;14:48:00;SC;116;218,5;CORREIA PINTO;Desobediência às normas de trânsito pelo condutor;Colisão transversal;Com Vítimas Feridas;Pleno dia;Decrescente;Céu Claro;Simples;Reta;Não;3;0;2;0;1;0;2;2;-27,57163;-50,37287;SR-SC;UOP03;DEL05
270478;20/02/2020;quinta-feira;14:00:00;PR;277;60;SAO JOSE DOS PINHAIS;Falta de Atenção à Condução;Atropelamento de Pedestre;Com Vítimas Feridas;Pleno dia;Decrescente;Céu Claro;Múltipla;Reta;Não;3;0;1;0;2;0;1;1;-25,5729;-48,99038;SR-PR;UOP06;DEL01
270479;20/02/2020;quinta-feira;08:25:00;PA;10;313;IRITUIA;Defeito Mecânico no Veículo;Tombamento;Sem Vítimas;Pleno dia;Decrescente;Chuva;Simples;Desvio Temporário;Não;1;0;0;0;1;0;0;1;-1,693098;-47,50216;SR-PA;UOP02;DEL01
270480;20/02/2020;quinta-feira;15:00:00;MT;364;441;VARZEA GRANDE;Pista Escorregadia;Saída de leito carroçável;Sem Vítimas;Pleno dia;Decrescente;Chuva;Simples;Curva;Não;1;0;0;0;1;0;0;1;-15,6056;-56,20282;SR-MT;DEL2/4;UOP02/MT
270481;20/02/2020;quinta-feira;16:20:00;SE;235;1;ARACAJU;Falta de Atenção à Condução;Colisão traseira;Sem Vítimas;Pleno dia;Crescente;Céu Claro;Dupla;Reta;Sim;2;0;0;0;2;0;0;2;-10,9073;-37,0947;SR-SE;UOP01;DEL01
270482;20/02/2020;quinta-feira;15:50:00;AL;101;143,6;SAO MIGUEL DOS CAMPOS;Avarias e/ou desgaste excessivo no pneu;Saída de leito carroçável;Com Vítimas Feridas;Pleno dia;Crescente;Chuva;Dupla;Curva;Não;5;0;1;0;4;0;1;1;-9,848821;-36,14035;SR-AL;UOP01;DEL02
270483;20/02/2020;quinta-feira;15:15:00;BA;116;777,9;PLANALTO;Defeito Mecânico no Veículo;Atropelamento de Pedestre;Com Vítimas Feridas;Pleno dia;Decrescente;Céu Claro;Simples;Reta;Sim;2;0;0;1;1;0;1;1;-14,67538;-40,49788;SR-BA;UOP02;DEL08
270484;20/02/2020;quinta-feira;15:40:00;RS;116;268;CANOAS;Desobediência às normas de trânsito pelo condutor;Colisão frontal;Com Vítimas Feridas;Pleno dia;Decrescente;Sol;Múltipla;Reta;Sim;2;0;1;0;1;0;1;2;-29,95043;-51,17653;SR-RS;UOP01;DEL01
270488;20/02/2020;quinta-feira;16:00:00;PE;101;60,5;RECIFE;Falta de Atenção à Condução;Colisão traseira;Com Vítimas Feridas;Pleno dia;Decrescente;Nublado;Dupla;Reta;Sim;3;0;1;0;1;1;1;3;-7,983443;-34,93177;SR-PE;UOP02;DEL01
270489;20/02/2020;quinta-feira;15:20:00;MT;163;1039,7;MATUPA;Desobediência às normas de trânsito pelo condutor;Colisão transversal;Com Vítimas Feridas;Pleno dia;Crescente;Chuva;Simples;Não Informado;Sim;3;0;2;0;1;0;2;2;-10,17254;-54,93974;SR-MT;UOP02;DEL06
270490;20/02/2020;quinta-feira;17:15:00;SP;153;62,2;SAO JOSE DO RIO PRETO;Falta de Atenção à Condução;Colisão traseira;Sem Vítimas;Pleno dia;Crescente;Nublado;Dupla;Não Informado;Sim;2;0;0;0;2;0;0;2;-20,81325;-49,35676;SR-SP;UOP01;DEL09
270491;20/02/2020;quinta-feira;17:15:00;RS;293;13,7;CAPAO DO LEAO;Falta de Atenção à Condução;Colisão transversal;Com Vítimas Feridas;Pleno dia;Crescente;Céu Claro;Simples;Interseção de vias;Não;3;0;2;0;1;0;2;2;-31,75435;-52,45089;SR-RS;UOP01;DEL07
270492;20/02/2020;quinta-feira;11:00:00;BA;242;329;LENCOIS;Velocidade Incompatível;Tombamento;Com Vítimas Fatais;Pleno dia;Crescente;Sol;Simples;Não Informado;Não;2;1;1;0;0;0;1;1;-12,4854;-41,14102;SR-BA;UOP01;DEL06
270493;20/02/2020;quinta-feira;17:05:00;SC;282;2,9;FLORIANOPOLIS;Falta de Atenção à Condução;Engavetamento;Com Vítimas Feridas;Pleno dia;Crescente;Céu Claro;Múltipla;Reta;Sim;3;0;1;0;2;0;1;3;-27,60329;-48,59042;SR-SC;UOP01;DEL01
270494;25/01/2020;sábado;21:30:00;RN;101;97;NATAL;Agressão Externa;Queda de ocupante de veículo;Com Vítimas Feridas;Plena Noite;Decrescente;Ignorado;Dupla;Reta;Sim;1;0;1;0;0;0;1;1;-5,857589;-35,21271;SR-RN;UOP01;DEL01