id;data_inversa;dia_semana;horario;uf;br;km;municipio;causa_acidente;tipo_acidente;classificacao_acidente;fase_dia;sentido_via;condicao_metereologica;tipo_pista;tracado_via;uso_solo;pessoas;mortos;feridos_leves;feridos_graves;ilesos;ignorados;feridos;veiculos;latitude;longitude;regional;delegacia;uop
270495;20/02/2020;quinta-feira;16:10:00;CE;20;391,1;CAUCAIA;Desobediência às normas de trânsito pelo condutor;Colisão transversal;Com Vítimas Feridas;Pleno dia;Decrescente;Nublado;Simples;Não Informado;Não;8;0;4;0;4;0;4;2;-3,849055;-38,77922;SR-CE;UOP01;DEL01
270496;20/02/2020;quinta-feira;17:10:00;PR;277;655;MATELANDIA;Defeito Mecânico no Veículo;Saída de leito carroçável;Sem Vítimas;Pleno dia;Decrescente;Céu Claro;Simples;Não Informado;Não;1;0;0;0;1;0;0;1;-25,23079;-53,95279;SR-PR;UOP05;DEL04
270497;20/02/2020;quinta-feira;17:25:00;RS;290;91,3;PORTO ALEGRE;Desobediência às normas de trânsito pelo condutor;Colisão lateral;Com Vítimas Feridas;Pleno dia;Decrescente;Céu Claro;Dupla;Reta;Sim;2;0;0;1;0;1;1;2;-29,96906;-51,16744;SR-RS;UOP01;DEL01
270498;20/02/2020;quinta-feira;14:15:00;SC;116;218;CORREIA PINTO;Não guardar distância de segurança;Colisão traseira;Com Vítimas Feridas;Pleno dia;Crescente;Sol;Simples;Reta;Sim;2;0;1;0;1;0;1;2;-27,56248;-50,37617;SR-SC;UOP03;DEL05
270500;20/02/2020;quinta-feira;15:00:00;BA;324;473;TANQUINHO;Condutor Dormindo;Colisão lateral;Com Vítimas Feridas;Pleno dia;Crescente;Céu Claro;Simples;Reta;Não;4;0;3;0;1;0;3;2;-11,97628;-39,11947;SR-BA;UOP01;DEL02
270501;20/02/2020;quinta-feira;10:50:00;ES;101;85,1;SAO MATEUS;Falta de Atenção à Condução;Colisão transversal;Com Vítimas Feridas;Pleno dia;Crescente;Céu Claro;Simples;Reta;Não;2;0;0;2;0;0;2;2;-18,8582;-39,93425;SR-ES;UOP02;DEL04
270502;20/02/2020;quinta-feira;16:15:00;PR;272;528;FRANCISCO ALVES;Velocidade Incompatível;Saída de leito carroçável;Com Vítimas Feridas;Pleno dia;Crescente;Chuva;Simples;Reta;Não;1;0;1;0;0;0;1;1;-24,06469;-53,85683;SR-PR;UOP02;DEL06
270503;20/02/2020;quinta-feira;16:00:00;SC;282;443,2;PONTE SERRADA;Ultrapassagem Indevida;Colisão lateral;Com Vítimas Feridas;Pleno dia;Crescente;Céu Claro;Simples;Reta;Não;4;0;1;1;2;0;2;2;-26,91758;-51,891;SR-SC;UOP05;DEL07
270504;20/02/2020;quinta-feira;16:00:00;SC;116;219,9;CORREIA PINTO;Falta de Atenção à Condução;Colisão lateral;Com Vítimas Feridas;Pleno dia;Crescente;Sol;Simples;Reta;Sim;2;0;0;1;1;0;1;2;-27,57013;-50,37319;SR-SC;UOP03;DEL05
270505;20/02/2020;quinta-feira;17:45:00;SP;116;157,5;SAO JOSE DOS CAMPOS;Falta de Atenção à Condução;Colisão traseira;Com Vítimas Feridas;Pleno dia;Crescente;Nublado;Dupla;Reta;Não;2;0;1;0;1;0;1;2;-23,25558;-45,94378;SR-SP;UOP01;DEL02
270506;20/02/2020;quinta-feira;16:20:00;SC;101;128,5;BALNEARIO CAMBORIU;Falta de Atenção à Condução;Colisão lateral;Com Vítimas Feridas;Pleno dia;Decrescente;Céu Claro;Dupla;Reta;Sim;3;0;1;0;2;0;1;2;-26,97284;-48,68299;SR-SC;UOP03;DEL04
270507;20/02/2020;quinta-feira;17:10:00;CE;20;412;MARACANAU;Não guardar distância de segurança;Colisão traseira;Com Vítimas Feridas;Pleno dia;Crescente;Céu Claro;Dupla;Reta;Sim;2;0;0;1;1;0;1;2;-3,807337;-38,63871;SR-CE;UOP01;DEL01
270509;20/02/2020;quinta-feira;16:50:00;RO;364;714;PORTO VELHO;Não guardar distância de segurança;Colisão traseira;Com Vítimas Feridas;Pleno dia;Decrescente;Céu Claro;Dupla;Viaduto;Sim;3;0;1;0;2;0;1;2;-8,773237;-63,88521;SR-RO;UOP01;DEL01
270510;20/02/2020;quinta-feira;17:15:00;RO;174;9,6;VILHENA;Desobediência às normas de trânsito pelo condutor;Tombamento;Com Vítimas Feridas;Pleno dia;Crescente;Garoa/Chuvisco;Dupla;Reta;Sim;2;0;1;0;1;0;1;2;-12,75499;-60,1035;SR-RO;UOP01;DEL04
270511;20/02/2020;quinta-feira;17:45:00;SC;470;69,9;INDAIAL;Falta de Atenção do Pedestre;Colisão transversal;Com Vítimas Feridas;Anoitecer;Crescente;Nublado;Simples;Reta;Sim;2;0;0;2;0;0;2;2;-26,88375;-49,2467;SR-SC;UOP01;DEL04
270512;20/02/2020;quinta-feira;17:45:00;RS;116;47,4;VACARIA;Falta de Atenção à Condução;Capotamento;Com Vítimas Feridas;Pleno dia;Crescente;Céu Claro;Simples;Reta;Não;2;0;1;0;1;0;1;2;-28,55967;-50,98829;SR-RS;UOP03;DEL05
270513;20/02/2020;quinta-feira;13:40:00;MT;174;251,8;JAURU;Pista Escorregadia;Saída de leito carroçável;Com Vítimas Feridas;Pleno dia;Decrescente;Chuva;Simples;Não Informado;Não;6;0;5;1;0;0;6;1;-15,48352;-59,07537;SR-MT;UOP01;DEL04
270514;20/02/2020;quinta-feira;17:45:00;SC;282;28,2;SANTO AMARO DA IMPERATRIZ;Falta de Atenção à Condução;Colisão traseira;Com Vítimas Feridas;Pleno dia;Crescente;Nublado;Simples;Reta;Não;2;0;1;0;1;0;1;2;-27,67478;-48,7789;SR-SC;UOP03;DEL01
270515;20/02/2020;quinta-feira;18:20:00;PR;376;191,2;MARIALVA;Falta de Atenção à Condução;Tombamento;Com Vítimas Feridas;Anoitecer;Crescente;Chuva;Dupla;Curva;Não;1;0;1;0;0;0;1;1;-23,48118;-51,82257;SR-PR;UOP01;DEL09
270516;12/02/2020;quarta-feira;08:45:00;SP;116;274;TABOAO DA SERRA;Falta de Atenção à Condução;Colisão lateral;Com Vítimas Feridas;Pleno dia;Decrescente;Nublado;Dupla;Reta;Sim;3;0;1;1;1;0;2;2;-23,63445;-46,82419;SR-SP;DEL6/4;UOP01/SP
270517;20/02/2020;quinta-feira;16:40:00;ES;101;294;CARIACICA;Defeito Mecânico no Veículo;Colisão lateral;Com Vítimas Feridas;Pleno dia;Decrescente;Céu Claro;Dupla;Não Informado;Sim;4;0;1;0;3;0;1;4;-20,32509;-40,39587;SR-ES;UOP01;DEL01
270518;20/02/2020;quinta-feira;18:20:00;SC;116;246,1;LAGES;Falta de Atenção à Condução;Colisão transversal;Com Vítimas Feridas;Anoitecer;Decrescente;Céu Claro;Simples;Reta;Sim;2;0;1;0;1;0;1;2;-27,8042;-50,36509;SR-SC;UOP02;DEL05
270520;20/02/2020;quinta-feira;18:10:00;MG;40;581;ITABIRITO;Falta de Atenção à Condução;Saída de leito carroçável;Com Vítimas Feridas;Anoitecer;Decrescente;Chuva;Dupla;Reta;Não;2;0;1;0;0;1;1;1;-20,30234;-43,93887;SR-MG;UOP02;DEL01
270521;20/02/2020;quinta-feira;18:55:00;AL;101;141;SAO MIGUEL DOS CAMPOS;Não guardar distância de segurança;Colisão traseira;Com Vítimas Feridas;Plena Noite;Crescente;Chuva;Dupla;Não Informado;Não;2;0;0;1;0;1;1;2;-9,833217;-36,13098;SR-AL;UOP01;DEL02
270522;20/02/2020;quinta-feira;18:20:00;AL;316;270;SATUBA;Pista Escorregadia;Colisão com objeto estático;Sem Vítimas;Anoitecer;Crescente;Chuva;Simples;Reta;Não;1;0;0;0;1;0;0;1;-9,571656;-35,82411;SR-AL;UOP01;DEL02
270523;20/02/2020;quinta-feira;18:40:00;MG;40;495;ESMERALDAS;Desobediência às normas de trânsito pelo condutor;Colisão lateral;Sem Vítimas;Plena Noite;Crescente;Céu Claro;Dupla;Reta;Não;2;0;0;0;1;1;0;2;-19,66272;-44,19692;SR-MG;UOP01;DEL02
270525;20/02/2020;quinta-feira;16:10:00;SP;116;228,7;SAO PAULO;Falta de Atenção à Condução;Colisão lateral;Com Vítimas Feridas;Pleno dia;Crescente;Nublado;Múltipla;Reta;Sim;4;0;1;0;2;1;1;3;-23,50343;-46,56639;SR-SP;UOP01;DEL01
270527;20/02/2020;quinta-feira;18:00:00;PB;230;498,1;CAJAZEIRAS;Pista Escorregadia;Saída de leito carroçável;Com Vítimas Feridas;Plena Noite;Decrescente;Chuva;Simples;Reta;Não;2;0;2;0;0;0;2;1;-6,900493;-38,50384;SR-PB;UOP03;DEL03
270528;20/02/2020;quinta-feira;19:20:00;RJ;116;228,9;PIRAI;Sinalização da via insuficiente ou inadequada;Colisão traseira;Com Vítimas Feridas;Plena Noite;Decrescente;Céu Claro;Dupla;Reta;Não;7;0;3;0;4;0;3;5;-22,66724;-43,85193;SR-RJ;UOP01;DEL07
270529;20/02/2020;quinta-feira;19:40:00;MG;381;485;BETIM;Objeto estático sobre o leito carroçável;Tombamento;Com Vítimas Feridas;Plena Noite;Decrescente;Chuva;Dupla;Reta;Sim;1;0;1;0;0;0;1;1;-19,95659;-44,12623;SR-MG;UOP03;DEL01
270530;20/02/2020;quinta-feira;19:20:00;PE;101;58,2;PAULISTA;Falta de Atenção à Condução;Colisão com objeto estático;Com Vítimas Feridas;Plena Noite;Crescente;Chuva;Dupla;Reta;Não;1;0;1;0;0;0;1;1;-7,939611;-34,90357;SR-PE;UOP02;DEL01
270531;31/01/2020;sexta-feira;16:00:00;PR;487;159;ARARUNA;Não guardar distância de segurança;Colisão traseira;Com Vítimas Feridas;Pleno dia;Decrescente;Céu Claro;Simples;Reta;Sim;2;0;1;0;1;0;1;2;-23,96965;-52,56497;SR-PR;UOP03;DEL09
270532;20/02/2020;quinta-feira;20:00:00;SC;101;213,8;PALHOCA;Desobediência às normas de trânsito pelo condutor;Colisão lateral;Com Vítimas Feridas;Plena Noite;Crescente;Céu Claro;Dupla;Reta;Sim;2;0;1;0;1;0;1;2;-27,63697;-48,66514;SR-SC;UOP02;DEL01
270533;20/02/2020;quinta-feira;19:50:00;PR;277;8,6;PARANAGUA;Falta de Atenção à Condução;Capotamento;Com Vítimas Feridas;Plena Noite;Decrescente;Nublado;Dupla;Reta;Não;1;0;1;0;0;0;1;1;-25,5682;-48,61529;SR-PR;UOP07;DEL01
270534;20/02/2020;quinta-feira;18:20:00;MS;262;462,8;DOIS IRMAOS DO BURITI;Pista Escorregadia;Saída de leito carroçável;Com Vítimas Feridas;Anoitecer;Crescente;Chuva;Simples;Reta;Não;1;0;0;1;0;0;1;1;-20,54141;-55,55579;SR-MS;UOP01;DEL03
270535;20/02/2020;quinta-feira;20:20:00;SC;101;206,4;SAO JOSE;Falta de Atenção à Condução;Colisão traseira;Com Vítimas Feridas;Plena Noite;Decrescente;Nublado;Múltipla;Reta;Não;2;0;0;1;1;0;1;2;-27,59194;-48,61825;SR-SC;UOP01;DEL01
270536;20/02/2020;quinta-feira;19:00:00;CE;116;14,8;FORTALEZA;Pista Escorregadia;Queda de ocupante de veículo;Com Vítimas Feridas;Plena Noite;Decrescente;Chuva;Dupla;Reta;Sim;2;0;2;0;0;0;2;1;-3,877357;-38,50021;SR-CE;UOP02;DEL01
270537;11/02/2020;terça-feira;19:20:00;MS;267;24;BATAGUASSU;Animais na Pista;Atropelamento de Animal;Com Vítimas Feridas;Anoitecer;Decrescente;Nublado;Simples;Reta;Não;1;0;1;0;0;0;1;1;-21,72586;-52,37459;SR-MS;DEL2;UOP04/MS
270539;20/02/2020;quinta-feira;20:20:00;MG;40;516,7;RIBEIRAO DAS NEVES;Falta de Atenção do Pedestre;Atropelamento de Pedestre;Com Vítimas Feridas;Plena Noite;Decrescente;Céu Claro;Dupla;Não Informado;Sim;2;0;0;1;1;0;1;1;-19,82021;-44,08607;SR-MG;UOP02;DEL01
270541;20/02/2020;quinta-feira;20:40:00;PB;101;83;BAYEUX;Defeito Mecânico no Veículo;Colisão com objeto em movimento;Com Vítimas Feridas;Plena Noite;Decrescente;Garoa/Chuvisco;Dupla;Reta;Sim;2;0;1;0;0;1;1;2;-7,13377;-34,92964;SR-PB;UOP01;DEL01
270542;20/02/2020;quinta-feira;20:40:00;PA;230;108;MARABA;Animais na Pista;Atropelamento de Animal;Com Vítimas Feridas;Plena Noite;Decrescente;Nublado;Simples;Reta;Não;3;0;1;0;1;1;1;1;-5,377334;-49,01367;SR-PA;UOP01;DEL03
270543;20/02/2020;quinta-feira;21:40:00;ES;101;146,6;LINHARES;Desobediência às normas de trânsito pelo condutor;Colisão transversal;Com Vítimas Feridas;Plena Noite;Crescente;Nublado;Dupla;Interseção de vias;Sim;2;0;1;0;1;0;1;2;-19,36991;-40,06561;SR-ES;UOP01;DEL04
270544;20/02/2020;quinta-feira;17:35:00;RJ;393;241,1;VASSOURAS;Avarias e/ou desgaste excessivo no pneu;Colisão frontal;Com Vítimas Feridas;Pleno dia;Decrescente;Chuva;Simples;Curva;Não;3;0;0;2;1;0;2;2;-22,41972;-43,68447;SR-RJ;UOP01;DEL05
270545;20/02/2020;quinta-feira;21:30:00;ES;101;0,5;SERRA;Falta de Atenção à Condução;Colisão traseira;Com Vítimas Feridas;Plena Noite;Crescente;Céu Claro;Múltipla;Interseção de vias;Sim;2;0;1;0;1;0;1;2;-20,12909;-40,30812;SR-ES;UOP01;DEL02
270546;20/02/2020;quinta-feira;20:30:00;MT;163;853;SINOP;Ingestão de Álcool;Colisão transversal;Com Vítimas Feridas;Plena Noite;Crescente;Céu Claro;Simples;Não Informado;Sim;2;0;1;0;1;0;1;2;-11,6969;-55,45248;SR-MT;UOP02;DEL06
270547;20/02/2020;quinta-feira;17:40:00;ES;262;111,2;VENDA NOVA DO IMIGRANTE;Desobediência às normas de trânsito pelo condutor;Colisão transversal;Com Vítimas Feridas;Anoitecer;Crescente;Nublado;Dupla;Reta;Não;2;0;0;1;0;1;1;2;-20,33711;-41,19043;SR-ES;UOP02;DEL01
270548;20/02/2020;quinta-feira;20:30:00;MA;10;326,4;ACAILANDIA;Condutor Dormindo;Saída de leito carroçável;Com Vítimas Feridas;Plena Noite;Decrescente;Nublado;Simples;Reta;Não;1;0;0;1;0;0;1;1;-4,864507;-47,51534;SR-MA;UOP03;DEL04
270549;20/02/2020;quinta-feira;21:20:00;RS;386;288,9;SAO JOSE DO HERVAL;Falta de Atenção à Condução;Colisão lateral;Com Vítimas Feridas;Plena Noite;Crescente;Ignorado;Simples;Reta;Não;5;0;2;0;3;0;2;2;-29,08072;-52,27039;SR-RS;UOP01;DEL04
270550;20/02/2020;quinta-feira;20:45:00;SC;280;53,7;GUARAMIRIM;Falta de Atenção à Condução;Colisão transversal;Com Vítimas Feridas;Plena Noite;Decrescente;Nublado;Simples;Reta;Sim;3;0;1;0;2;0;1;2;-26,47237;-48,97427;SR-SC;UOP03;DEL03
270551;20/02/2020;quinta-feira;21:30:00;PR;158;538;PATO BRANCO;Falta de Atenção à Condução;Tombamento;Com Vítimas Feridas;Plena Noite;Decrescente;Céu Claro;Simples;Interseção de vias;Sim;1;0;1;0;0;0;1;1;-26,25314;-52,70783;SR-PR;UOP01;DEL02
270552;20/02/2020;quinta-feira;20:30:00;MG;40;608,1;CONGONHAS;Desobediência às normas de trânsito pelo condutor;Colisão transversal;Com Vítimas Fatais;Plena Noite;Crescente;Nublado;Simples;Reta;Não;3;1;0;0;1;1;0;2;-20,48427;-43,83896;SR-MG;UOP02;DEL05
270553;20/02/2020;quinta-feira;22:00:00;RJ;116;80;TERESOPOLIS;Falta de Atenção à Condução;Queda de ocupante de veículo;Com Vítimas Feridas;Plena Noite;Crescente;Chuva;Simples;Reta;Sim;2;0;1;0;0;1;1;1;-22,39007;-42,95336;SR-RJ;UOP02;DEL06
270554;20/02/2020;quinta-feira;20:40:00;MT;163;513,1;NOBRES;Desobediência às normas de trânsito pelo condutor;Saída de leito carroçável;Sem Vítimas;Plena Noite;Decrescente;Nublado;Dupla;Reta;Não;1;0;0;0;1;0;0;1;-14,56568;-56,21973;SR-MT;UOP01;DEL01
270555;20/02/2020;quinta-feira;21:40:00;SP;116;189,7;SANTA ISABEL;Falta de Atenção à Condução;Colisão traseira;Com Vítimas Feridas;Plena Noite;Decrescente;Céu Claro;Dupla;Reta;Não;2;0;1;0;1;0;1;2;-23,36693;-46,23081;SR-SP;UOP01;DEL02
270556;20/02/2020;quinta-feira;21:50:00;PR;116;97;SAO JOSE DOS PINHAIS;Desobediência às normas de trânsito pelo condutor;Colisão com objeto estático;Com Vítimas Feridas;Plena Noite;Crescente;Céu Claro;Dupla;Não Informado;Não;2;0;2;0;0;0;2;1;-25,54356;-49,15094;SR-PR;UOP01;DEL01
270558;20/02/2020;quinta-feira;22:45:00;RO;364;235,9;CACOAL;Desobediência às normas de trânsito pelo condutor;Colisão transversal;Com Vítimas Feridas;Plena Noite;Crescente;Garoa/Chuvisco;Simples;Não Informado;Sim;2;0;1;0;1;0;1;2;-11,44626;-61,43621;SR-RO;UOP02;DEL02
270559;20/02/2020;quinta-feira;21:50:00;TO;153;334;GUARAI;Desobediência às normas de trânsito pelo condutor;Colisão lateral;Com Vítimas Feridas;Plena Noite;Crescente;Céu Claro;Múltipla;Interseção de vias;Sim;3;0;1;0;2;0;1;2;-8,835718;-48,51212;SR-TO;UOP03;DEL02
270560;20/02/2020;quinta-feira;22:15:00;MT;158;711;BARRA DO GARCAS;Falta de Atenção à Condução;Colisão traseira;Sem Vítimas;Plena Noite;Decrescente;Céu Claro;Simples;Reta;Não;4;0;0;0;4;0;0;2;-15,15038;-52,19817;SR-MT;UOP01;DEL07
270561;20/02/2020;quinta-feira;23:20:00;SC;101;154,1;PORTO BELO;Falta de Atenção à Condução;Colisão traseira;Com Vítimas Feridas;Plena Noite;Decrescente;Nublado;Dupla;Reta;Não;2;0;1;0;1;0;1;1;-27,16181;-48,61073;SR-SC;UOP03;DEL04
270562;20/02/2020;quinta-feira;20:30:00;MS;60;623,8;JARDIM;Animais na Pista;Atropelamento de Animal;Com Vítimas Feridas;Plena Noite;Crescente;Nevoeiro/Neblina;Simples;Reta;Não;1;0;1;0;0;0;1;1;-21,70496;-56,27475;SR-MS;UOP01;DEL05
270563;20/02/2020;quinta-feira;23:30:00;SC;116;3,7;MAFRA;Mal Súbito;Colisão com objeto estático;Com Vítimas Feridas;Plena Noite;Decrescente;Céu Claro;Simples;Reta;Não;1;0;1;0;0;0;1;1;-26,13073;-49,79922;SR-SC;UOP01;DEL06
270564;21/02/2020;sexta-feira;00:30:00;PR;376;175,7;MARINGA;Condutor Dormindo;Colisão com objeto estático;Com Vítimas Feridas;Plena Noite;Decrescente;Céu Claro;Dupla;Reta;Sim;2;0;1;0;0;1;1;1;-23,41219;-51,94305;SR-PR;UOP01;DEL09
270566;20/02/2020;quinta-feira;10:25:00;SC;470;15;NAVEGANTES;Velocidade Incompatível;Colisão frontal;Com Vítimas Feridas;Plena Noite;Crescente;Nublado;Simples;Curva;Não;2;0;2;0;0;0;2;2;-26,83978;-48,78553;SR-SC;UOP04;DEL04
270567;21/02/2020;sexta-feira;00:12:00;TO;153;335;GUARAI;Ingestão de Álcool;Colisão traseira;Com Vítimas Feridas;Plena Noite;Decrescente;Céu Claro;Múltipla;Reta;Sim;2;0;1;0;1;0;1;2;-8,844816;-48,51073;SR-TO;UOP03;DEL02
270568;20/02/2020;quinta-feira;23:30:00;MS;163;461,1;CAMPO GRANDE;Animais na Pista;Atropelamento de Animal;Sem Vítimas;Plena Noite;Decrescente;Garoa/Chuvisco;Simples;Reta;Não;1;0;0;0;1;0;0;1;-20,62949;-54,57205;SR-MS;UOP01;DEL01
270569;21/02/2020;sexta-feira;00:15:00;MG;381;683;PERDOES;Ingestão de Álcool;Colisão com objeto estático;Sem Vítimas;Plena Noite;Decrescente;Chuva;Dupla;Reta;Não;2;0;0;0;1;1;0;1;-21,17656;-45,12506;SR-MG;UOP02;DEL04
270570;21/02/2020;sexta-feira;00:55:00;CE;304;49,5;ARACATI;Animais na Pista;Atropelamento de Animal;Com Vítimas Feridas;Plena Noite;Decrescente;Ignorado;Simples;Reta;Não;2;0;2;0;0;0;2;1;-4,579004;-37,77071;SR-CE;UOP03;DEL03
270571;21/02/2020;sexta-feira;00:10:00;SC;282;517,6;XAXIM;Desobediência às normas de trânsito pelo pedestre;Atropelamento de Pedestre;Com Vítimas Fatais;Plena Noite;Crescente;Céu Claro;Simples;Reta;Não;4;1;0;0;2;1;0;1;-26,93937;-52,50006;SR-SC;UOP01;DEL07
270572;20/02/2020;quinta-feira;23:00:00;PR;163;158,9;LINDOESTE;Não guardar distância de segurança;Colisão transversal;Com Vítimas Feridas;Plena Noite;Crescente;Céu Claro;Simples;Reta;Não;2;0;1;0;1;0;1;2;-25,34571;-53,58654;SR-PR;UOP06;DEL04
270574;20/02/2020;quinta-feira;20:00:00;MT;163;746;SORRISO;Restrição de Visibilidade;Saída de leito carroçável;Sem Vítimas;Plena Noite;Crescente;Nublado;Simples;Rotatória;Sim;1;0;0;0;1;0;0;1;-12,70074;-55,81389;SR-MT;UOP01;DEL06
270575;21/02/2020;sexta-feira;01:30:00;PR;277;3;FOZ DO IGUACU;Falta de Atenção à Condução;Queda de ocupante de veículo;Com Vítimas Feridas;Plena Noite;Decrescente;Céu Claro;Dupla;Reta;Sim;1;0;1;0;0;0;1;1;-25,5469;-54,5882;SR-PR;UOP02;DEL05
270576;20/02/2020;quinta-feira;21:30:00;MA;135;23;SAO LUIS;Falta de Atenção do Pedestre;Atropelamento de Pedestre;Com Vítimas Feridas;Plena Noite;Decrescente;Chuva;Simples;Reta;Sim;2;0;0;1;1;0;1;1;-2,752656;-44,34833;SR-MA;UOP01;DEL01
270577;21/02/2020;sexta-feira;02:50:00;SC;101;158,8;PORTO BELO;Ingestão de Álcool;Saída de leito carroçável;Sem Vítimas;Plena Noite;Decrescente;Céu Claro;Dupla;Reta;Sim;1;0;0;0;1;0;0;1;-27,19096;-48,61259;SR-SC;UOP03;DEL04
270578;21/02/2020;sexta-feira;03:00:00;RJ;493;113;ITAGUAI;Condutor Dormindo;Saída de leito carroçável;Com Vítimas Feridas;Plena Noite;Crescente;Nublado;Dupla;Reta;Não;3;0;3;0;0;0;3;1;-22,81986;-43,80421;SR-RJ;UOP01;DEL03
270579;21/02/2020;sexta-feira;04:30:00;SC;470;193,4;POUSO REDONDO;Velocidade Incompatível;Capotamento;Com Vítimas Feridas;Plena Noite;Decrescente;Nublado;Simples;Curva;Não;1;0;1;0;0;0;1;1;-27,30057;-50,07545;SR-SC;UOP02;DEL04
270580;21/02/2020;sexta-feira;04:45:00;RS;290;29,3;SANTO ANTONIO DA PATRULHA;Condutor Dormindo;Saída de leito carroçável;Sem Vítimas;Plena Noite;Crescente;Nublado;Dupla;Reta;Não;1;0;0;0;1;0;0;1;-29,88308;-50,53781;SR-RS;UOP01;DEL03
270581;21/02/2020;sexta-feira;03:30:00;MS;262;774;CORUMBA;Condutor Dormindo;Saída de leito carroçável;Com Vítimas Feridas;Plena Noite;Decrescente;Céu Claro;Simples;Reta;Sim;1;0;0;1;0;0;1;1;-19,08286;-57,62168;SR-MS;UOP03;DEL03
270582;21/02/2020;sexta-feira;05:00:00;RJ;101;483;ANGRA DOS REIS;Ingestão de Álcool;Colisão frontal;Com Vítimas Feridas;Amanhecer;Decrescente;Céu Claro;Simples;Curva;Não;4;0;1;3;0;0;4;2;-22,99719;-44,30136;SR-RJ;UOP02;DEL03
270583;21/02/2020;sexta-feira;04:25:00;MS;163;40,4;ELDORADO;Falta de Atenção à Condução;Tombamento;Com Vítimas Feridas;Amanhecer;Crescente;Céu Claro;Simples;Rotatória;Sim;1;0;1;0;0;0;1;1;-23,7888;-54,27962;SR-MS;UOP02;DEL09
270584;21/02/2020;sexta-feira;04:55:00;PR;277;716,8;SANTA TEREZINHA DE ITAIPU;Condutor Dormindo;Saída de leito carroçável;Com Vítimas Feridas;Amanhecer;Crescente;Céu Claro;Dupla;Reta;Não;1;0;1;0;0;0;1;1;-25,47252;-54,46707;SR-PR;UOP01;DEL05
270585;21/02/2020;sexta-feira;06:15:00;PR;373;175,6;PONTA GROSSA;Falta de Atenção à Condução;Colisão traseira;Sem Vítimas;Amanhecer;Decrescente;Céu Claro;Múltipla;Reta;Sim;2;0;0;0;2;0;0;2;-25,08057;-50,20176;SR-PR;UOP01;DEL03
270586;21/02/2020;sexta-feira;06:00:00;MG;381;775,7;CAMPANHA;Falta de Atenção à Condução;Saída de leito carroçável;Com Vítimas Feridas;Amanhecer;Decrescente;Chuva;Dupla;Reta;Não;2;0;2;0;0;0;2;1;-21,81667;-45,49331;SR-MG;UOP02;DEL16
270587;21/02/2020;sexta-feira;04:00:00;RR;174;501;BOA VISTA;Falta de Atenção à Condução;Colisão com objeto estático;Com Vítimas Feridas;Plena Noite;Decrescente;Céu Claro;Dupla;Reta;Sim;1;0;0;1;0;0;1;1;2,781689;-60,70383;SR-RR;UOP01;DEL01
270588;16/02/2020;domingo;19:25:00;BA;367;30,1;PORTO SEGURO;Ingestão de Álcool;Tombamento;Com Vítimas Feridas;Plena Noite;Decrescente;Céu Claro;Simples;Reta;Sim;1;0;0;1;0;0;1;1;-16,42156;-39,14653;SR-BA;UOP01;DEL09
270589;21/02/2020;sexta-feira;06:00:00;TO;153;246;COLINAS DO TOCANTINS;Falta de Atenção à Condução;Colisão frontal;Com Vítimas Feridas;Amanhecer;Decrescente;Nublado;Dupla;Não Informado;Sim;1;0;1;0;0;0;1;1;-8,046382;-48,46624;SR-TO;UOP04;DEL02
270590;21/02/2020;sexta-feira;05:45:00;BA;324;626;SALVADOR;Falta de Atenção do Pedestre;Atropelamento de Pedestre;Com Vítimas Feridas;Amanhecer;Decrescente;Céu Claro;Múltipla;Curva;Sim;2;0;0;1;1;0;1;1;-12,95021;-38,47073;SR-BA;UOP01;DEL01
270591;25/01/2020;sábado;09:30:00;PB;230;27;JOAO PESSOA;Ingestão de Álcool;Colisão traseira;Sem Vítimas;Pleno dia;Crescente;Céu Claro;Dupla;Reta;Não;2;0;0;0;1;1;0;2;-7,1647;-34,89994;SR-PB;UOP01;DEL01
270592;21/02/2020;sexta-feira;06:15:00;RS;116;246,6;SAO LEOPOLDO;Desobediência às normas de trânsito pelo condutor;Colisão traseira;Sem Vítimas;Amanhecer;Decrescente;Céu Claro;Dupla;Reta;Sim;2;0;0;0;2;0;0;2;-29,76332;-51,15298;SR-RS;UOP02;DEL01
270593;20/02/2020;quinta-feira;22:10:00;AL;316;86;SANTANA DO IPANEMA;Ingestão de álcool e/ou substâncias psicoativas pelo pedestre;Colisão com objeto em movimento;Com Vítimas Feridas;Plena Noite;Crescente;Céu Claro;Simples;Não Informado;Sim;3;0;0;1;1;1;1;2;-9,373238;-37,23533;SR-AL;UOP02;DEL03
270594;21/02/2020;sexta-feira;00:20:00;RS;116;190;NOVA PETROPOLIS;Ingestão de Álcool;Tombamento;Com Vítimas Feridas;Plena Noite;Crescente;Nublado;Simples;Curva;Não;2;0;0;2;0;0;2;1;-29,42457;-51,13475;SR-RS;UOP02;DEL05
270595;21/02/2020;sexta-feira;06:15:00;SE;235;41,2;ITABAIANA;Falta de Atenção à Condução;Colisão traseira;Com Vítimas Feridas;Pleno dia;Decrescente;Céu Claro;Simples;Reta;Não;5;0;2;0;3;0;2;2;-10,76986;-37,37313;SR-SE;UOP02;DEL01