id;data_inversa;dia_semana;horario;uf;br;km;municipio;causa_acidente;tipo_acidente;classificacao_acidente;fase_dia;sentido_via;condicao_metereologica;tipo_pista;tracado_via;uso_solo;pessoas;mortos;feridos_leves;feridos_graves;ilesos;ignorados;feridos;veiculos;latitude;longitude;regional;delegacia;uop
270596;21/02/2020;sexta-feira;05:30:00;MS;163;506,9;JARAGUARI;Falta de Atenção à Condução;Saída de leito carroçável;Com Vítimas Feridas;Amanhecer;Crescente;Nublado;Dupla;Reta;Não;1;0;0;1;0;0;1;1;-20,27898;-54,49191;SR-MS;UOP02;DEL01
270597;21/02/2020;sexta-feira;06:40:00;RJ;356;26,1;ITAPERUNA;Falta de Atenção à Condução;Colisão lateral;Com Vítimas Feridas;Pleno dia;Decrescente;Céu Claro;Simples;Interseção de vias;Não;2;0;1;0;1;0;1;2;-21,17939;-41,95449;SR-RJ;UOP03;DEL08
270600;21/02/2020;sexta-feira;06:50:00;BA;116;423;FEIRA DE SANTANA;Falta de Atenção à Condução;Colisão frontal;Com Vítimas Feridas;Pleno dia;Decrescente;Sol;Simples;Reta;Sim;2;0;1;0;1;0;1;2;-12,2293;-38,96453;SR-BA;UOP01;DEL02
270601;21/02/2020;sexta-feira;05:30:00;SC;470;48,7;BLUMENAU;Condutor Dormindo;Colisão lateral;Com Vítimas Feridas;Amanhecer;Decrescente;Nublado;Simples;Curva;Não;3;0;0;1;2;0;1;3;-26,85953;-49,06099;SR-SC;UOP01;DEL04
270603;21/02/2020;sexta-feira;06:45:00;GO;153;444;ANAPOLIS;Desobediência às normas de trânsito pelo condutor;Colisão traseira;Com Vítimas Feridas;Amanhecer;Crescente;Céu Claro;Simples;Rotatória;Sim;3;0;2;0;1;0;2;2;-16,35458;-48,92912;SR-GO;UOP01;DEL02
270604;21/02/2020;sexta-feira;06:30:00;SP;153;200;GETULINA;Avarias e/ou desgaste excessivo no pneu;Saída de leito carroçável;Com Vítimas Feridas;Pleno dia;Decrescente;Chuva;Simples;Reta;Não;1;0;1;0;0;0;1;1;-21,81986;-49,90225;SR-SP;UOP01;DEL07
270605;21/02/2020;sexta-feira;04:10:00;PR;277;32;MORRETES;Condutor Dormindo;Saída de leito carroçável;Com Vítimas Feridas;Plena Noite;Crescente;Vento;Dupla;Desvio Temporário;Não;3;0;3;0;0;0;3;1;-25,54737;-48,79056;SR-PR;UOP07;DEL01
270606;21/02/2020;sexta-feira;06:30:00;PR;376;494,7;PONTA GROSSA;Falta de Atenção à Condução;Colisão traseira;Com Vítimas Feridas;Pleno dia;Crescente;Céu Claro;Dupla;Não Informado;Sim;5;0;1;0;4;0;1;2;-25,16567;-50,11641;SR-PR;UOP02;DEL03
270607;20/02/2020;quinta-feira;23:30:00;BA;116;636,8;JAGUAQUARA;Falta de Atenção do Pedestre;Atropelamento de Pedestre;Com Vítimas Feridas;Plena Noite;Decrescente;Céu Claro;Simples;Reta;Não;2;0;0;1;1;0;1;1;-13,55234;-40,07327;SR-BA;UOP01;DEL03
270608;21/02/2020;sexta-feira;07:30:00;DF;70;10,3;BRASILIA;Falta de Atenção à Condução;Colisão transversal;Com Vítimas Feridas;Pleno dia;Decrescente;Garoa/Chuvisco;Dupla;Reta;Sim;3;0;1;0;2;0;1;2;-15,78707;-48,14071;SR-DF;UOP03;DEL01
270609;21/02/2020;sexta-feira;07:25:00;RS;386;437,5;NOVA SANTA RITA;Desobediência às normas de trânsito pelo condutor;Colisão transversal;Com Vítimas Feridas;Pleno dia;Crescente;Céu Claro;Simples;Reta;Não;2;0;0;1;1;0;1;2;-29,85803;-51,26123;SR-RS;UOP02;DEL04
270610;21/02/2020;sexta-feira;07:45:00;PB;230;22,2;JOAO PESSOA;Não guardar distância de segurança;Colisão traseira;Com Vítimas Feridas;Pleno dia;Decrescente;Sol;Dupla;Reta;Sim;3;0;2;0;1;0;2;2;-7,1495;-34,8517;SR-PB;UOP01;DEL01
270611;21/02/2020;sexta-feira;07:30:00;SP;153;54,3;SAO JOSE DO RIO PRETO;Avarias e/ou desgaste excessivo no pneu;Tombamento;Com Vítimas Feridas;Pleno dia;Crescente;Garoa/Chuvisco;Dupla;Desvio Temporário;Não;4;0;2;0;1;1;2;2;-20,74489;-49,33895;SR-SP;UOP01;DEL09
270612;21/02/2020;sexta-feira;04:15:00;MG;381;623;OLIVEIRA;Falta de Atenção à Condução;Colisão com objeto estático;Com Vítimas Feridas;Plena Noite;Decrescente;Garoa/Chuvisco;Dupla;Reta;Não;1;0;1;0;0;0;1;1;-20,77947;-44,78328;SR-MG;UOP01;DEL04
270613;21/02/2020;sexta-feira;08:00:00;DF;70;9;BRASILIA;Falta de Atenção à Condução;Colisão lateral;Com Vítimas Feridas;Pleno dia;Decrescente;Garoa/Chuvisco;Dupla;Reta;Sim;1;0;0;1;0;0;1;1;-15,78466;-48,13088;SR-DF;UOP03;DEL01
270614;21/02/2020;sexta-feira;07:50:00;RS;392;351,9;SANTA MARIA;Falta de Atenção à Condução;Colisão transversal;Sem Vítimas;Pleno dia;Crescente;Céu Claro;Simples;Reta;Não;3;0;0;0;3;0;0;2;-29,72843;-53,80324;SR-RS;UOP01;DEL09
270615;21/02/2020;sexta-feira;08:05:00;PR;376;171,3;MARINGA;Falta de Atenção à Condução;Colisão traseira;Com Vítimas Feridas;Pleno dia;Crescente;Céu Claro;Dupla;Curva;Sim;3;0;1;0;2;0;1;2;-23,41823;-51,97501;SR-PR;UOP01;DEL09
270616;20/02/2020;quinta-feira;23:30:00;PR;373;174,9;PONTA GROSSA;Falta de Atenção à Condução;Colisão com objeto estático;Sem Vítimas;Plena Noite;Crescente;Céu Claro;Dupla;Reta;Sim;1;0;0;0;1;0;0;1;-25,07595;-50,20996;SR-PR;UOP01;DEL03
270617;21/02/2020;sexta-feira;07:50:00;PR;376;4;SAO JOSE DOS PINHAIS;Falta de Atenção do Pedestre;Atropelamento de Pedestre;Sem Vítimas;Pleno dia;Crescente;Céu Claro;Dupla;Reta;Não;2;0;0;0;1;1;0;1;-25,5307;-49,1958;SR-PR;UOP01;DEL01
270618;21/02/2020;sexta-feira;07:30:00;GO;60;94,8;ANAPOLIS;Avarias e/ou desgaste excessivo no pneu;Tombamento;Com Vítimas Feridas;Pleno dia;Decrescente;Céu Claro;Dupla;Reta;Sim;2;0;1;0;1;0;1;1;-16,3611;-48,9328;SR-GO;UOP01;DEL02
270619;21/02/2020;sexta-feira;06:10:00;GO;40;24,1;LUZIANIA;Desobediência às normas de trânsito pelo condutor;Colisão traseira;Com Vítimas Feridas;Amanhecer;Decrescente;Garoa/Chuvisco;Dupla;Reta;Sim;4;0;2;0;2;0;2;2;-16,25274;-47,90044;SR-DF;UOP01;DEL01
270621;21/02/2020;sexta-feira;08:15:00;SC;101;208;SAO JOSE;Desobediência às normas de trânsito pelo condutor;Colisão traseira;Sem Vítimas;Pleno dia;Decrescente;Céu Claro;Dupla;Reta;Sim;2;0;0;0;2;0;0;2;-27,60328;-48,63202;SR-SC;UOP01;DEL01
270622;21/02/2020;sexta-feira;07:50:00;BA;116;827,3;VITORIA DA CONQUISTA;Avarias e/ou desgaste excessivo no pneu;Colisão com objeto estático;Com Vítimas Feridas;Pleno dia;Crescente;Céu Claro;Simples;Reta;Sim;3;0;2;0;1;0;2;2;-14,88806;-40,86073;SR-BA;UOP01;DEL08
270623;21/02/2020;sexta-feira;07:50:00;SP;116;227,3;GUARULHOS;Falta de Atenção à Condução;Colisão traseira;Com Vítimas Feridas;Pleno dia;Crescente;Chuva;Múltipla;Reta;Sim;2;0;1;0;1;0;1;2;-23,49908;-46,56096;SR-SP;UOP01;DEL01
270624;12/01/2020;domingo;15:55:00;GO;70;317;JUSSARA;Falta de Atenção à Condução;Saída de leito carroçável;Com Vítimas Feridas;Pleno dia;Crescente;Ignorado;Simples;Retorno Regulamentado;Não;2;0;2;0;0;0;2;1;-15,87558;-50,86829;SR-GO;DEL1/4;UOP01/GO
270625;07/02/2020;sexta-feira;14:00:00;MG;116;700;MURIAE;Animais na Pista;Atropelamento de Animal;Com Vítimas Feridas;Pleno dia;Decrescente;Sol;Simples;Reta;Não;2;0;1;0;0;1;1;1;-21,08685;-42,37478;SR-MG;UOP02;DEL07
270627;21/02/2020;sexta-feira;09:00:00;SP;116;279,3;EMBU DAS ARTES;Desobediência às normas de trânsito pelo condutor;Colisão traseira;Com Vítimas Feridas;Pleno dia;Decrescente;Nublado;Dupla;Reta;Sim;3;0;2;0;1;0;2;2;-23,66234;-46,85293;SR-SP;UOP01;DEL04
270628;21/02/2020;sexta-feira;09:10:00;MG;146;559;CABO VERDE;Ultrapassagem Indevida;Colisão frontal;Com Vítimas Fatais;Pleno dia;Crescente;Nublado;Simples;Curva;Não;4;1;0;1;0;2;1;2;-21,46229;-46,40538;SR-MG;UOP01;DEL09
270629;21/02/2020;sexta-feira;04:30:00;PI;316;7;TERESINA;Ingestão de Álcool;Colisão frontal;Sem Vítimas;Plena Noite;Crescente;Chuva;Simples;Reta;Sim;2;0;0;0;2;0;0;2;-5,155846;-42,77173;SR-PI;UOP02;DEL01
270631;21/02/2020;sexta-feira;09:40:00;PA;10;46,5;ULIANOPOLIS;Falta de Atenção do Pedestre;Atropelamento de Pedestre;Com Vítimas Feridas;Pleno dia;Decrescente;Céu Claro;Simples;Reta;Não;2;0;0;1;1;0;1;1;-4,041606;-47,54474;SR-PA;UOP02;DEL02
270632;21/02/2020;sexta-feira;08:00:00;BA;101;261;SANTO ANTONIO DE JESUS;Desobediência às normas de trânsito pelo condutor;Colisão frontal;Com Vítimas Feridas;Pleno dia;Crescente;Nublado;Dupla;Reta;Sim;2;0;0;1;0;1;1;2;-13,07287;-39,27407;SR-BA;UOP02;DEL01
270633;21/02/2020;sexta-feira;08:10:00;RS;101;49;TERRA DE AREIA;Falta de Atenção à Condução;Colisão lateral;Com Vítimas Feridas;Pleno dia;Decrescente;Céu Claro;Dupla;Reta;Não;8;0;6;0;2;0;6;3;-29,59966;-50,08022;SR-RS;UOP02;DEL03
270634;21/02/2020;sexta-feira;08:45:00;MG;381;704,5;LAVRAS;Pista Escorregadia;Saída de leito carroçável;Com Vítimas Feridas;Pleno dia;Decrescente;Garoa/Chuvisco;Dupla;Curva;Não;2;0;1;0;1;0;1;1;-21,31185;-45,16538;SR-MG;UOP02;DEL04
270635;21/02/2020;sexta-feira;09:30:00;RN;226;117,8;SANTA CRUZ;Falta de Atenção à Condução;Tombamento;Com Vítimas Feridas;Pleno dia;Decrescente;Céu Claro;Simples;Curva;Não;1;0;1;0;0;0;1;1;-6,194071;-36,05036;SR-RN;UOP02;DEL03
270637;21/02/2020;sexta-feira;09:45:00;BA;101;48;ESPLANADA;Condutor Dormindo;Colisão frontal;Com Vítimas Fatais;Pleno dia;Crescente;Céu Claro;Simples;Curva;Não;5;2;0;2;1;0;2;2;-11,872;-37,99125;SR-SE;UOP03;DEL02
270638;21/02/2020;sexta-feira;09:30:00;MG;381;745,9;TRES CORACOES;Velocidade Incompatível;Saída de leito carroçável;Com Vítimas Feridas;Pleno dia;Decrescente;Chuva;Dupla;Não Informado;Não;4;0;1;0;3;0;1;1;-21,63725;-45,28388;SR-MG;UOP02;DEL16
270639;21/02/2020;sexta-feira;09:15:00;MG;381;814;CAREACU;Condutor Dormindo;Saída de leito carroçável;Com Vítimas Feridas;Pleno dia;Decrescente;Chuva;Dupla;Não Informado;Não;3;0;1;0;2;0;1;1;-22,08083;-45,70132;SR-MG;UOP02;DEL16
270640;21/02/2020;sexta-feira;07:00:00;PI;343;470,8;ANGICAL DO PIAUI;Falta de Atenção à Condução;Colisão traseira;Com Vítimas Feridas;Pleno dia;Crescente;Chuva;Simples;Reta;Não;5;0;3;0;2;0;3;2;-6,093415;-42,725;SR-PI;UOP02;DEL01
270641;21/02/2020;sexta-feira;08:45:00;MT;364;219,5;RONDONOPOLIS;Falta de Atenção à Condução;Saída de leito carroçável;Com Vítimas Feridas;Pleno dia;Decrescente;Céu Claro;Dupla;Reta;Não;1;0;1;0;0;0;1;1;-16,35492;-54,7339;SR-MT;UOP01;DEL02
270642;21/02/2020;sexta-feira;10:30:00;MG;381;909,1;CAMANDUCAIA;Velocidade Incompatível;Saída de leito carroçável;Sem Vítimas;Pleno dia;Decrescente;Chuva;Dupla;Reta;Não;1;0;0;0;1;0;0;1;-22,687;-46,10476;SR-MG;UOP03;DEL16
270643;21/02/2020;sexta-feira;10:20:00;RJ;101;59,9;CAMPOS DOS GOYTACAZES;Falta de Atenção à Condução;Colisão transversal;Com Vítimas Feridas;Pleno dia;Decrescente;Céu Claro;Simples;Reta;Sim;2;0;1;0;1;0;1;2;-21,71366;-41,30862;SR-RJ;UOP01;DEL08
270644;21/02/2020;sexta-feira;10:20:00;ES;101;269,8;SERRA;Não guardar distância de segurança;Colisão lateral;Com Vítimas Feridas;Pleno dia;Crescente;Céu Claro;Múltipla;Reta;Sim;3;0;1;0;2;0;1;2;-20,2174;-40,26991;SR-ES;UOP01;DEL02
270645;21/02/2020;sexta-feira;09:30:00;PE;232;35,6;MORENO;Ingestão de Álcool;Colisão lateral;Sem Vítimas;Pleno dia;Decrescente;Céu Claro;Dupla;Reta;Sim;5;0;0;0;4;1;0;2;-8,109073;-35,19257;SR-PE;UOP04;DEL01
270646;21/02/2020;sexta-feira;07:30:00;PE;232;495,6;VERDEJANTE;Ingestão de Álcool;Saída de leito carroçável;Com Vítimas Feridas;Pleno dia;Crescente;Nublado;Simples;Desvio Temporário;Não;2;0;2;0;0;0;2;1;-8,013399;-39,01637;SR-PE;UOP01;DEL05
270647;21/02/2020;sexta-feira;10:30:00;PE;423;96,4;GARANHUNS;Mal Súbito;Colisão traseira;Com Vítimas Fatais;Pleno dia;Crescente;Céu Claro;Simples;Não Informado;Sim;2;1;0;0;1;0;0;2;-8,882044;-36,49;SR-PE;UOP01;DEL03
270648;21/02/2020;sexta-feira;09:30:00;MG;365;700;MONTE ALEGRE DE MINAS;Defeito na Via;Colisão traseira;Com Vítimas Feridas;Pleno dia;Decrescente;Nublado;Dupla;Reta;Não;3;0;1;0;2;0;1;2;-18,88014;-48,99816;SR-MG;UOP03;DEL15
270649;17/01/2020;sexta-feira;17:30:00;AM;174;1015;PRESIDENTE FIGUEIREDO;Carga excessiva e/ou mal acondicionada;Colisão traseira;Com Vítimas Feridas;Anoitecer;Crescente;Céu Claro;Simples;Não Informado;Não;6;0;3;1;2;0;4;3;-1,854599;-60,0984;SR-AM;UOP02/AM;
270650;21/02/2020;sexta-feira;10:55:00;CE;116;7,8;FORTALEZA;Falta de Atenção à Condução;Colisão traseira;Com Vítimas Feridas;Pleno dia;Crescente;Céu Claro;Dupla;Reta;Sim;2;0;1;0;1;0;1;2;-3,810731;-38,50075;SR-CE;UOP02;DEL01
270651;21/02/2020;sexta-feira;09:30:00;MG;365;700;MONTE ALEGRE DE MINAS;Defeito na Via;Colisão traseira;Sem Vítimas;Pleno dia;Decrescente;Nublado;Dupla;Reta;Não;5;0;0;0;5;0;0;2;-18,88014;-48,99816;SR-MG;UOP03;DEL15
270652;21/02/2020;sexta-feira;08:50:00;MS;158;337;BRASILANDIA;Pista Escorregadia;Saída de leito carroçável;Com Vítimas Feridas;Pleno dia;Crescente;Chuva;Simples;Reta;Sim;3;0;3;0;0;0;3;1;-21,23086;-52,02209;SR-MS;UOP01;DEL07
270653;21/02/2020;sexta-feira;11:00:00;MA;135;1,4;SAO LUIS;Falta de Atenção à Condução;Colisão traseira;Com Vítimas Feridas;Pleno dia;Decrescente;Nublado;Dupla;Reta;Sim;2;0;1;0;1;0;1;2;-2,589179;-44,24424;SR-MA;UOP01;DEL01
270654;21/02/2020;sexta-feira;09:30:00;SP;116;316,6;SAO LOURENCO DA SERRA;Velocidade Incompatível;Saída de leito carroçável;Com Vítimas Feridas;Amanhecer;Decrescente;Garoa/Chuvisco;Dupla;Curva;Não;1;0;1;0;0;0;1;1;-23,91055;-46,99149;SR-SP;UOP01;DEL04
270655;21/02/2020;sexta-feira;09:45:00;RR;174;503;BOA VISTA;Falta de Atenção à Condução;Colisão traseira;Com Vítimas Feridas;Pleno dia;Decrescente;Sol;Dupla;Rotatória;Sim;5;0;1;0;4;0;1;2;2,794901;-60,69844;SR-RR;UOP01;DEL01
270656;15/01/2020;quarta-feira;14:00:00;RJ;493;74,3;NOVA IGUACU;Falta de Atenção à Condução;Colisão com objeto estático;Com Vítimas Feridas;Pleno dia;Crescente;Céu Claro;Dupla;Reta;Não;3;0;0;1;2;0;1;2;-22,68395;-43,52225;SR-RJ;DEL5/1;UOP03/RJ
270657;21/02/2020;sexta-feira;09:30:00;RS;290;482,5;ROSARIO DO SUL;Pista Escorregadia;Tombamento;Com Vítimas Feridas;Pleno dia;Decrescente;Céu Claro;Simples;Curva;Sim;2;0;2;0;0;0;2;1;-30,2418;-54,94049;SR-RS;UOP02;DEL11
270658;21/02/2020;sexta-feira;11:50:00;GO;20;181,4;SIMOLANDIA;Não guardar distância de segurança;Colisão traseira;Sem Vítimas;Pleno dia;Crescente;Céu Claro;Simples;Reta;Sim;2;0;0;0;2;0;0;2;-14,4708;-46,48618;SR-DF;UOP02;DEL02
270659;21/02/2020;sexta-feira;11:30:00;PR;376;184;ARAPONGAS;Desobediência às normas de trânsito pelo condutor;Tombamento;Com Vítimas Feridas;Pleno dia;Crescente;Céu Claro;Simples;Reta;Sim;2;0;2;0;0;0;2;1;-23,40079;-51,4272;SR-PR;UOP01;DEL09
270660;21/02/2020;sexta-feira;11:30:00;PE;101;84;JABOATAO DOS GUARARAPES;Carga excessiva e/ou mal acondicionada;Queda de ocupante de veículo;Com Vítimas Feridas;Pleno dia;Decrescente;Céu Claro;Dupla;Curva;Sim;2;0;0;1;0;1;1;2;-8,177786;-34,95087;SR-PE;UOP03;DEL01
270661;21/02/2020;sexta-feira;10:30:00;RJ;101;273;RIO BONITO;Falta de Atenção à Condução;Colisão lateral;Com Vítimas Feridas;Pleno dia;Decrescente;Nublado;Dupla;Reta;Não;3;0;1;0;2;0;1;3;-22,72063;-42,69087;SR-RJ;UOP03;DEL02
270663;21/02/2020;sexta-feira;09:40:00;BA;116;817;VITORIA DA CONQUISTA;Velocidade Incompatível;Tombamento;Com Vítimas Feridas;Pleno dia;Decrescente;Céu Claro;Simples;Rotatória;Sim;1;0;1;0;0;0;1;1;-14,82538;-40,82217;SR-BA;UOP01;DEL08
270664;21/02/2020;sexta-feira;09:40:00;PI;343;602,7;FLORIANO;Falta de Atenção à Condução;Saída de leito carroçável;Com Vítimas Feridas;Pleno dia;Decrescente;Nublado;Simples;Curva;Não;4;0;4;0;0;0;4;1;-6,839867;-43,08748;SR-PI;UOP01;DEL03
270665;21/02/2020;sexta-feira;11:30:00;RS;287;393;SANTIAGO;Falta de Atenção à Condução;Colisão traseira;Sem Vítimas;Pleno dia;Decrescente;Céu Claro;Simples;Retorno Regulamentado;Sim;3;0;0;0;3;0;0;2;-29,21638;-54,84358;SR-RS;UOP02;DEL12
270666;21/02/2020;sexta-feira;11:40:00;PR;116;150;MANDIRITUBA;Falta de Atenção à Condução;Colisão traseira;Sem Vítimas;Pleno dia;Crescente;Nublado;Simples;Reta;Sim;2;0;0;0;2;0;0;2;-25,81557;-49,33089;SR-PR;UOP03;DEL01
270667;21/02/2020;sexta-feira;12:20:00;PR;376;176;MARINGA;Falta de Atenção à Condução;Tombamento;Com Vítimas Feridas;Pleno dia;Decrescente;Céu Claro;Dupla;Reta;Sim;1;0;1;0;0;0;1;1;-23,41269;-51,93158;SR-PR;UOP01;DEL09
270668;21/02/2020;sexta-feira;12:00:00;SC;101;81;BARRA VELHA;Não guardar distância de segurança;Colisão traseira;Sem Vítimas;Pleno dia;Crescente;Nublado;Múltipla;Reta;Não;2;0;0;0;2;0;0;2;-26,60256;-48,72554;SR-SC;UOP02;DEL03
270670;21/02/2020;sexta-feira;12:10:00;PI;316;5,2;TERESINA;Desobediência às normas de trânsito pelo condutor;Colisão lateral;Com Vítimas Feridas;Pleno dia;Decrescente;Céu Claro;Múltipla;Reta;Sim;2;0;0;1;1;0;1;2;-5,141699;-42,78157;SR-PI;UOP02;DEL01
270672;21/02/2020;sexta-feira;12:45:00;PI;343;341,7;TERESINA;Falta de Atenção à Condução;Colisão transversal;Com Vítimas Feridas;Pleno dia;Decrescente;Céu Claro;Dupla;Rotatória;Sim;2;0;1;0;1;0;1;2;-5,077812;-42,74426;SR-PI;UOP01;DEL01
270673;21/02/2020;sexta-feira;12:00:00;MG;381;4,9;BETIM;Falta de Atenção à Condução;Colisão traseira;Com Vítimas Feridas;Pleno dia;Crescente;Nublado;Dupla;Não Informado;Não;2;0;1;0;1;0;1;2;-19,98816;-44,18668;SR-MG;UOP03;DEL01
270674;21/02/2020;sexta-feira;10:00:00;MG;50;185,6;UBERABA;Defeito Mecânico no Veículo;Tombamento;Com Vítimas Feridas;Pleno dia;Crescente;Nublado;Dupla;Reta;Não;2;0;2;0;0;0;2;1;-19,81728;-47,89559;SR-MG;UOP01;DEL13
270675;21/02/2020;sexta-feira;06:40:00;MG;50;180;UBERABA;Falta de Atenção à Condução;Colisão traseira;Sem Vítimas;Pleno dia;Crescente;Chuva;Dupla;Retorno Regulamentado;Sim;2;0;0;0;1;1;0;2;-19,77848;-47,92195;SR-MG;UOP01;DEL13
270676;21/02/2020;sexta-feira;12:50:00;PE;232;5,3;RECIFE;Falta de Atenção à Condução;Colisão lateral;Sem Vítimas;Pleno dia;Decrescente;Nublado;Dupla;Reta;Sim;2;0;0;0;2;0;0;2;-8,067958;-34,94535;SR-PE;UOP01;DEL01
270677;21/02/2020;sexta-feira;12:30:00;GO;60;95,4;ANAPOLIS;Falta de Atenção à Condução;Colisão transversal;Com Vítimas Feridas;Pleno dia;Decrescente;Céu Claro;Dupla;Reta;Não;2;0;1;0;1;0;1;2;-16,3679;-48,939;SR-GO;UOP01;DEL02
270678;21/02/2020;sexta-feira;12:30:00;MG;459;104,1;POUSO ALEGRE;Falta de Atenção à Condução;Colisão lateral;Com Vítimas Feridas;Pleno dia;Crescente;Nublado;Dupla;Reta;Sim;2;0;1;0;1;0;1;2;-22,2352;-45,89687;SR-MG;UOP01;DEL16
270679;21/02/2020;sexta-feira;13:45:00;MG;40;679,7;RESSAQUINHA;Pista Escorregadia;Saída de leito carroçável;Com Vítimas Feridas;Pleno dia;Decrescente;Chuva;Dupla;Curva;Não;3;0;3;0;0;0;3;1;-21,03304;-43,7767;SR-MG;UOP02;DEL05
270680;21/02/2020;sexta-feira;13:50:00;PR;376;159,6;MARINGA;Falta de Atenção à Condução;Colisão traseira;Com Vítimas Feridas;Pleno dia;Crescente;Céu Claro;Dupla;Não Informado;Sim;3;0;2;0;1;0;2;2;-23,36498;-52,07632;SR-PR;UOP01;DEL09
270681;21/02/2020;sexta-feira;13:00:00;RJ;101;415;MANGARATIBA;Avarias e/ou desgaste excessivo no pneu;Colisão com objeto estático;Com Vítimas Feridas;Pleno dia;Crescente;Chuva;Dupla;Curva;Sim;1;0;0;1;0;0;1;1;-22,91191;-43,89896;SR-RJ;UOP01;DEL03
270682;21/02/2020;sexta-feira;09:05:00;MG;116;415,6;GOVERNADOR VALADARES;Falta de Atenção à Condução;Colisão transversal;Com Vítimas Feridas;Pleno dia;Decrescente;Céu Claro;Múltipla;Interseção de vias;Sim;2;0;1;0;1;0;1;2;-18,88401;-41,94924;SR-MG;UOP01;DEL06
270683;21/02/2020;sexta-feira;13:30:00;RJ;40;94;DUQUE DE CAXIAS;Defeito Mecânico no Veículo;Tombamento;Com Vítimas Feridas;Pleno dia;Crescente;Nublado;Simples;Curva;Sim;1;0;0;1;0;0;1;1;-22,55763;-43,26574;SR-RJ;UOP01;DEL01
270684;21/02/2020;sexta-feira;09:40:00;GO;364;155;JATAI;Condutor Dormindo;Saída de leito carroçável;Com Vítimas Feridas;Pleno dia;Crescente;Céu Claro;Simples;Reta;Não;4;0;1;1;2;0;2;1;-18,13147;-51,46077;SR-GO;UOP01;DEL05
270685;21/02/2020;sexta-feira;11:00:00;RJ;465;22;RIO DE JANEIRO;Desobediência às normas de trânsito pelo condutor;Colisão transversal;Com Vítimas Feridas;Pleno dia;Crescente;Garoa/Chuvisco;Simples;Curva;Não;2;0;1;0;1;0;1;2;-22,86358;-43,60148;SR-RJ;UOP03;DEL01
270686;21/02/2020;sexta-feira;14:10:00;SC;101;173;TIJUCAS;Falta de Atenção à Condução;Colisão traseira;Com Vítimas Feridas;Pleno dia;Decrescente;Céu Claro;Dupla;Reta;Sim;2;0;1;0;1;0;1;2;-27,32203;-48,62758;SR-SC;UOP03;DEL04
270687;18/02/2020;terça-feira;11:30:00;MS;163;840;SONORA;Pista Escorregadia;Colisão lateral;Com Vítimas Feridas;Pleno dia;Decrescente;Nublado;Simples;Reta;Não;5;0;1;0;4;0;1;2;-17,52246;-54,73977;SR-MS;UOP01;DEL06
270688;21/02/2020;sexta-feira;14:00:00;RJ;101;414;ITAGUAI;Falta de Atenção à Condução;Colisão traseira;Sem Vítimas;Pleno dia;Crescente;Chuva;Dupla;Reta;Não;2;0;0;0;2;0;0;2;-22,9039;-43,87258;SR-RJ;UOP01;DEL03
270689;21/02/2020;sexta-feira;13:45:00;PR;476;242,5;LAPA;Falta de Atenção à Condução;Tombamento;Com Vítimas Feridas;Pleno dia;Crescente;Céu Claro;Simples;Curva;Não;1;0;1;0;0;0;1;1;-25,85877;-50,08609;SR-PR;UOP05;DEL03
270690;21/02/2020;sexta-feira;12:30:00;MT;163;605;NOVA MUTUM;Falta de Atenção à Condução;Saída de leito carroçável;Com Vítimas Feridas;Pleno dia;Decrescente;Nublado;Simples;Reta;Não;1;0;1;0;0;0;1;1;-13,87237;-56,08739;SR-MT;UOP01;DEL01
270691;21/02/2020;sexta-feira;14:22:00;SC;101;200;SAO JOSE;Desobediência às normas de trânsito pelo condutor;Colisão traseira;Sem Vítimas;Pleno dia;Decrescente;Nublado;Dupla;Reta;Sim;1;0;0;0;0;1;0;1;-27,54389;-48,62103;SR-SC;UOP01;DEL01
270692;21/02/2020;sexta-feira;13:50:00;SP;116;144;SAO JOSE DOS CAMPOS;Não guardar distância de segurança;Colisão traseira;Com Vítimas Feridas;Pleno dia;Decrescente;Chuva;Dupla;Reta;Sim;4;0;1;0;3;0;1;3;-23,18274;-45,84634;SR-SP;UOP01;DEL02
270693;14/02/2020;sexta-feira;17:15:00;MA;135;3,5;SAO LUIS;Desobediência às normas de trânsito pelo condutor;Colisão transversal;Com Vítimas Feridas;Pleno dia;Crescente;Céu Claro;Dupla;Reta;Sim;6;0;1;0;5;0;1;5;-2,606802;-44,24751;SR-MA;UOP01;DEL01
270694;21/02/2020;sexta-feira;14:10:00;PE;101;73,9;RECIFE;Falta de Atenção à Condução;Queda de ocupante de veículo;Com Vítimas Feridas;Pleno dia;Decrescente;Nublado;Dupla;Curva;Não;2;0;1;1;0;0;2;1;-8,093369;-34,94746;SR-PE;UOP01;DEL01
270695;21/02/2020;sexta-feira;14:40:00;CE;222;1,8;FORTALEZA;Animais na Pista;Atropelamento de Animal;Com Vítimas Feridas;Pleno dia;Decrescente;Céu Claro;Múltipla;Reta;Sim;3;0;2;0;1;0;2;2;-3,738993;-38,58589;SR-CE;UOP01;DEL01
270696;21/02/2020;sexta-feira;14:00:00;SC;101;209;SAO JOSE;Desobediência às normas de trânsito pelo condutor;Colisão lateral;Com Vítimas Feridas;Pleno dia;Decrescente;Céu Claro;Dupla;Reta;Não;2;0;1;0;1;0;1;2;-27,61001;-48,63895;SR-SC;UOP01;DEL01
270698;21/02/2020;sexta-feira;10:45:00;PR;153;59,5;GUAPIRAMA;Desobediência às normas de trânsito pelo condutor;Colisão transversal;Com Vítimas Feridas;Pleno dia;Decrescente;Céu Claro;Simples;Reta;Não;2;0;1;0;1;0;1;2;-23,43571;-50,08375;SR-PR;UOP05;DEL07