id;data_inversa;dia_semana;horario;uf;br;km;municipio;causa_acidente;tipo_acidente;classificacao_acidente;fase_dia;sentido_via;condicao_metereologica;tipo_pista;tracado_via;uso_solo;pessoas;mortos;feridos_leves;feridos_graves;ilesos;ignorados;feridos;veiculos;latitude;longitude;regional;delegacia;uop
270801;21/02/2020;sexta-feira;20:10:00;MG;40;517,6;RIBEIRAO DAS NEVES;Falta de Atenção à Condução;Colisão transversal;Com Vítimas Feridas;Plena Noite;Crescente;Céu Claro;Dupla;Reta;Sim;2;0;1;0;1;0;1;2;-19,82351;-44,08439;SR-MG;UOP02;DEL01
270803;21/02/2020;sexta-feira;19:40:00;PB;230;3;CABEDELO;Velocidade Incompatível;Atropelamento de Animal;Com Vítimas Feridas;Plena Noite;Crescente;Céu Claro;Dupla;Reta;Não;4;0;0;1;1;2;1;2;-6,9915;-34,8287;SR-PB;UOP01;DEL01
270804;21/02/2020;sexta-feira;20:00:00;PR;467;81,3;CASCAVEL;Velocidade Incompatível;Saída de leito carroçável;Com Vítimas Feridas;Plena Noite;Decrescente;Céu Claro;Dupla;Reta;Não;2;0;1;0;1;0;1;1;-24,7961;-53,6747;SR-PR;UOP01;DEL04
270805;21/02/2020;sexta-feira;22:00:00;SP;381;41;ATIBAIA;Falta de Atenção à Condução;Colisão traseira;Com Vítimas Feridas;Plena Noite;Decrescente;Céu Claro;Dupla;Reta;Sim;2;0;1;0;1;0;1;2;-23,13864;-46,57584;SR-SP;UOP01;DEL03
270806;21/02/2020;sexta-feira;20:50:00;RJ;101;293;ITABORAI;Pista Escorregadia;Queda de ocupante de veículo;Com Vítimas Feridas;Plena Noite;Crescente;Chuva;Dupla;Curva;Não;2;0;0;2;0;0;2;1;-22,7562;-42,88724;SR-RJ;UOP03;DEL02
270808;21/02/2020;sexta-feira;21:10:00;GO;40;18;LUZIANIA;Falta de Atenção à Condução;Colisão traseira;Com Vítimas Feridas;Plena Noite;Crescente;Ignorado;Simples;Reta;Não;2;0;1;0;1;0;1;2;-16,19349;-47,92558;SR-DF;UOP01;DEL01
270809;21/02/2020;sexta-feira;20:15:00;MG;381;857,8;POUSO ALEGRE;Condutor Dormindo;Colisão lateral;Com Vítimas Feridas;Plena Noite;Crescente;Chuva;Dupla;Reta;Não;4;0;3;0;1;0;3;3;-22,31226;-45,90351;SR-MG;UOP01;DEL16
270810;21/02/2020;sexta-feira;19:45:00;RO;364;343;JI-PARANA;Falta de Atenção à Condução;Colisão traseira;Com Vítimas Feridas;Plena Noite;Crescente;Chuva;Dupla;Reta;Sim;2;0;1;0;1;0;1;2;-10,87879;-61,94499;SR-RO;UOP01;DEL02
270811;21/02/2020;sexta-feira;21:10:00;MS;262;45,5;TRES LAGOAS;Falta de Atenção à Condução;Capotamento;Com Vítimas Feridas;Plena Noite;Crescente;Garoa/Chuvisco;Simples;Desvio Temporário;Não;2;0;1;1;0;0;2;1;-20,76374;-52,01456;SR-MS;UOP01;DEL07
270812;21/02/2020;sexta-feira;17:30:00;MG;262;518,8;LUZ;Velocidade Incompatível;Saída de leito carroçável;Com Vítimas Feridas;Pleno dia;Decrescente;Chuva;Simples;Não Informado;Não;1;0;1;0;0;0;1;1;-19,79126;-45,60084;SR-MG;UOP03;DEL08
270813;21/02/2020;sexta-feira;18:40:00;MG;365;418,5;PATOS DE MINAS;Pista Escorregadia;Colisão lateral;Com Vítimas Feridas;Plena Noite;Decrescente;Chuva;Simples;Curva;Não;4;0;2;0;2;0;2;3;-18,69067;-46,58674;SR-MG;UOP01;DEL10
270814;20/01/2020;segunda-feira;16:20:00;AP;156;742;OIAPOQUE;Pista Escorregadia;Capotamento;Com Vítimas Feridas;Pleno dia;Decrescente;Nublado;Simples;Desvio Temporário;Não;4;0;2;0;2;0;2;1;3,264119;-51,59225;SR-AP;UOP03/AP;
270815;21/02/2020;sexta-feira;20:00:00;MG;365;534;MONTE CARMELO;Ultrapassagem Indevida;Colisão frontal;Com Vítimas Feridas;Plena Noite;Crescente;Nublado;Simples;Curva;Não;5;0;4;0;1;0;4;2;-18,92854;-47,53489;SR-MG;UOP01;DEL10
270816;21/02/2020;sexta-feira;20:44:00;SC;101;131,8;BALNEARIO CAMBORIU;Falta de Atenção à Condução;Colisão traseira;Com Vítimas Fatais;Plena Noite;Crescente;Céu Claro;Dupla;Reta;Sim;4;2;0;0;2;0;0;3;-26,99064;-48,66311;SR-SC;UOP03;DEL04
270817;21/02/2020;sexta-feira;20:20:00;MS;163;776;COXIM;Avarias e/ou desgaste excessivo no pneu;Saída de leito carroçável;Com Vítimas Feridas;Plena Noite;Decrescente;Céu Claro;Dupla;Reta;Não;2;0;1;0;1;0;1;1;-18,13078;-54,69813;SR-MS;UOP01;DEL06
270818;21/02/2020;sexta-feira;21:30:00;PR;373;179;PONTA GROSSA;Falta de Atenção à Condução;Colisão transversal;Com Vítimas Feridas;Plena Noite;Crescente;Céu Claro;Simples;Reta;Sim;5;0;2;0;2;1;2;2;-25,04281;-50,2395;SR-PR;UOP01;DEL03
270819;21/02/2020;sexta-feira;20:50:00;PB;101;81;BAYEUX;Falta de Atenção à Condução;Colisão traseira;Com Vítimas Feridas;Plena Noite;Crescente;Céu Claro;Dupla;Rotatória;Sim;4;0;1;0;3;0;1;2;-7,126811;-34,94179;SR-PB;UOP01;DEL01
270820;21/02/2020;sexta-feira;20:00:00;RO;364;528;ARIQUEMES;Pista Escorregadia;Queda de ocupante de veículo;Com Vítimas Feridas;Plena Noite;Crescente;Chuva;Simples;Reta;Não;1;0;1;0;0;0;1;1;-9,811128;-63,07481;SR-RO;UOP01;DEL03
270821;21/02/2020;sexta-feira;20:00:00;PR;476;116;COLOMBO;Falta de Atenção à Condução;Colisão lateral;Com Vítimas Feridas;Plena Noite;Decrescente;Chuva;Múltipla;Curva;Sim;2;0;1;0;1;0;1;2;-25,34996;-49,16642;SR-PR;UOP06;DEL01
270822;21/02/2020;sexta-feira;19:55:00;BA;415;34,8;ILHEUS;Velocidade Incompatível;Colisão lateral;Com Vítimas Feridas;Plena Noite;Decrescente;Céu Claro;Simples;Curva;Não;3;0;1;0;2;0;1;2;-14,78661;-39,22673;SR-BA;UOP01;DEL05
270823;21/02/2020;sexta-feira;20:15:00;SC;282;502,6;XANXERE;Ingestão de Álcool;Capotamento;Com Vítimas Feridas;Plena Noite;Crescente;Céu Claro;Dupla;Não Informado;Sim;1;0;1;0;0;0;1;1;-26,88541;-52,39483;SR-SC;UOP01;DEL07
270824;21/02/2020;sexta-feira;23:30:00;PR;116;104;SAO JOSE DOS PINHAIS;Desobediência às normas de trânsito pelo condutor;Colisão lateral;Com Vítimas Feridas;Plena Noite;Decrescente;Céu Claro;Dupla;Reta;Não;5;0;2;0;2;1;2;3;-25,56473;-49,1586;SR-PR;UOP01;DEL01
270825;21/02/2020;sexta-feira;22:50:00;SP;116;219,8;GUARULHOS;Falta de Atenção à Condução;Colisão traseira;Com Vítimas Feridas;Plena Noite;Decrescente;Nublado;Múltipla;Reta;Sim;2;0;1;0;1;0;1;2;-23,46486;-46,49811;SR-SP;UOP01;DEL01
270826;21/02/2020;sexta-feira;17:40:00;SC;470;175,1;POUSO REDONDO;Falta de Atenção à Condução;Colisão transversal;Com Vítimas Feridas;Pleno dia;Crescente;Céu Claro;Simples;Não Informado;Não;2;0;1;0;1;0;1;2;-27,25617;-49,93897;SR-SC;UOP02;DEL04
270827;22/02/2020;sábado;00:05:00;ES;101;125;SOORETAMA;Desobediência às normas de trânsito pelo condutor;Colisão frontal;Com Vítimas Feridas;Plena Noite;Decrescente;Céu Claro;Simples;Reta;Sim;2;0;0;1;1;0;1;2;-19,18496;-40,0943;SR-ES;UOP01;DEL04
270828;22/02/2020;sábado;00:40:00;TO;153;310;GUARAI;Condutor Dormindo;Saída de leito carroçável;Com Vítimas Fatais;Plena Noite;Decrescente;Nublado;Simples;Ponte;Não;3;1;0;2;0;0;2;1;-8,622957;-48,48496;SR-TO;UOP03;DEL02
270829;21/02/2020;sexta-feira;20:10:00;RJ;40;118;DUQUE DE CAXIAS;Falta de Atenção do Pedestre;Atropelamento de Pedestre;Com Vítimas Fatais;Plena Noite;Decrescente;Garoa/Chuvisco;Múltipla;Reta;Sim;4;1;0;0;1;2;0;1;-22,75471;-43,28738;SR-RJ;UOP01;DEL01
270830;22/02/2020;sábado;00:30:00;RJ;116;166,9;SAO JOAO DE MERITI;Ingestão de Álcool;Colisão lateral;Sem Vítimas;Plena Noite;Crescente;Chuva;Múltipla;Reta;Não;2;0;0;0;2;0;0;2;-22,80073;-43,35216;SR-RJ;UOP02;DEL01
270831;21/02/2020;sexta-feira;22:30:00;RJ;40;93;DUQUE DE CAXIAS;Defeito na Via;Queda de ocupante de veículo;Com Vítimas Feridas;Plena Noite;Crescente;Chuva;Simples;Desvio Temporário;Não;1;0;1;0;0;0;1;1;-22,55543;-43,2583;SR-RJ;UOP01;DEL01
270832;21/02/2020;sexta-feira;21:20:00;PR;153;328;IRATI;Falta de Atenção à Condução;Colisão transversal;Sem Vítimas;Plena Noite;Crescente;Nublado;Simples;Interseção de vias;Sim;2;0;0;0;2;0;0;2;-25,42921;-50,6101;SR-PR;UOP02;DEL08
270833;22/02/2020;sábado;00:10:00;MG;381;345;BELA VISTA DE MINAS;Defeito Mecânico no Veículo;Saída de leito carroçável;Com Vítimas Feridas;Plena Noite;Decrescente;Chuva;Simples;Curva;Não;2;0;1;0;1;0;1;1;-19,86363;-43,12254;SR-MG;UOP01;DEL03
270834;22/02/2020;sábado;00:15:00;PB;230;213,7;SOLEDADE;Condutor Dormindo;Colisão com objeto estático;Sem Vítimas;Plena Noite;Crescente;Céu Claro;Simples;Reta;Não;1;0;0;0;1;0;0;1;-7,0705;-36,348;SR-PB;UOP02;DEL02
270835;21/02/2020;sexta-feira;23:50:00;SC;480;129;CHAPECO;Velocidade Incompatível;Saída de leito carroçável;Com Vítimas Feridas;Plena Noite;Crescente;Céu Claro;Dupla;Reta;Sim;2;0;0;2;0;0;2;1;-27,04657;-52,63577;SR-SC;UOP01;DEL07
270836;22/02/2020;sábado;00:29:00;PE;101;76,5;RECIFE;Agressão Externa;Colisão com objeto estático;Com Vítimas Feridas;Plena Noite;Crescente;Céu Claro;Dupla;Reta;Sim;1;0;1;0;0;0;1;1;-8,118138;-34,94329;SR-PE;UOP01;DEL01
270837;22/02/2020;sábado;00:45:00;MT;163;538,8;DIAMANTINO;Velocidade Incompatível;Saída de leito carroçável;Com Vítimas Feridas;Plena Noite;Decrescente;Chuva;Simples;Curva;Não;1;0;0;1;0;0;1;1;-14,3979;-56,11055;SR-MT;UOP01;DEL01
270838;22/02/2020;sábado;01:30:00;PR;476;130,9;CURITIBA;Ingestão de Álcool;Colisão com objeto estático;Sem Vítimas;Plena Noite;Crescente;Nublado;Múltipla;Reta;Sim;3;0;0;0;3;0;0;1;-25,44956;-49,23643;SR-PR;UOP06;DEL01
270839;22/02/2020;sábado;00:20:00;SC;282;171,1;BOCAINA DO SUL;Animais na Pista;Atropelamento de Animal;Sem Vítimas;Plena Noite;Crescente;Céu Claro;Simples;Reta;Não;1;0;0;0;1;0;0;1;-27,74233;-49,86278;SR-SC;UOP01;DEL05
270840;22/02/2020;sábado;01:20:00;PE;104;66,5;CARUARU;Ingestão de Álcool;Colisão lateral;Sem Vítimas;Plena Noite;Decrescente;Chuva;Simples;Reta;Sim;2;0;0;0;2;0;0;2;-8,2937;-35,9864;SR-PE;UOP01;DEL02
270841;22/02/2020;sábado;01:30:00;CE;20;92,9;TAUA;Animais na Pista;Atropelamento de Animal;Com Vítimas Feridas;Plena Noite;Decrescente;Céu Claro;Simples;Reta;Não;3;0;2;0;1;0;2;1;-5,943988;-40,23716;SR-CE;UOP02;DEL02
270842;22/02/2020;sábado;01:10:00;BA;116;23,9;VITORIA DA CONQUISTA;Ingestão de Álcool;Colisão transversal;Com Vítimas Feridas;Plena Noite;Crescente;Nublado;Simples;Reta;Não;2;0;1;0;1;0;1;2;-14,86624;-40,79976;SR-BA;UOP01;DEL08
270843;22/02/2020;sábado;02:30:00;GO;60;389;RIO VERDE;Ingestão de Álcool;Colisão transversal;Com Vítimas Feridas;Plena Noite;Crescente;Ignorado;Dupla;Retorno Regulamentado;Sim;6;0;4;1;1;0;5;2;-17,819;-50,943;SR-GO;UOP01;DEL04
270845;22/02/2020;sábado;01:45:00;RS;101;34;TERRA DE AREIA;Ingestão de Álcool;Colisão traseira;Sem Vítimas;Plena Noite;Decrescente;Nublado;Dupla;Reta;Não;2;0;0;0;2;0;0;2;-29,52949;-50,00468;SR-RS;UOP02;DEL03
270846;22/02/2020;sábado;02:00:00;MG;364;2;PLANURA;Falta de Atenção do Pedestre;Atropelamento de Pedestre;Com Vítimas Feridas;Plena Noite;Decrescente;Céu Claro;Simples;Reta;Sim;3;0;0;1;1;1;1;1;-20,13824;-48,70235;SR-MG;UOP02;DEL13
270848;22/02/2020;sábado;01:25:00;SC;282;454,9;PONTE SERRADA;Velocidade Incompatível;Capotamento;Com Vítimas Feridas;Plena Noite;Crescente;Céu Claro;Simples;Curva;Não;2;0;1;1;0;0;2;1;-26,89176;-51,98447;SR-SC;UOP05;DEL07
270849;22/02/2020;sábado;03:30:00;BA;101;914,7;TEIXEIRA DE FREITAS;Animais na Pista;Atropelamento de Animal;Com Vítimas Feridas;Plena Noite;Decrescente;Céu Claro;Simples;Reta;Não;4;0;1;0;3;0;1;1;-17,60631;-39,75572;SR-BA;UOP02;DEL09
270850;21/02/2020;sexta-feira;17:30:00;MG;381;699,3;LAVRAS;Pista Escorregadia;Saída de leito carroçável;Com Vítimas Feridas;Pleno dia;Crescente;Chuva;Dupla;Não Informado;Não;2;0;1;1;0;0;2;1;-21,30546;-45,15755;SR-MG;UOP02;DEL04
270851;22/02/2020;sábado;02:30:00;RS;101;77,3;OSORIO;Condutor Dormindo;Saída de leito carroçável;Com Vítimas Feridas;Plena Noite;Crescente;Nublado;Dupla;Reta;Sim;2;0;2;0;0;0;2;1;-29,80281;-50,23689;SR-RS;UOP01;DEL03
270852;22/02/2020;sábado;03:00:00;RJ;116;188,6;NOVA IGUACU;Restrição de Visibilidade;Colisão com objeto estático;Sem Vítimas;Plena Noite;Decrescente;Céu Claro;Dupla;Não Informado;Sim;1;0;0;0;1;0;0;1;-22,73807;-43,48214;SR-RJ;UOP02;DEL01
270854;22/02/2020;sábado;02:00:00;PB;101;11,3;MAMANGUAPE;Falta de Atenção do Pedestre;Atropelamento de Pedestre;Com Vítimas Feridas;Plena Noite;Crescente;Céu Claro;Dupla;Reta;Sim;2;0;0;1;0;1;1;1;-6,592569;-35,14508;SR-PB;UOP03;DEL01
270856;22/02/2020;sábado;04:15:00;GO;153;71,5;PORANGATU;Falta de Atenção do Pedestre;Atropelamento de Pedestre;Com Vítimas Feridas;Plena Noite;Crescente;Nublado;Simples;Reta;Sim;2;0;0;1;0;1;1;1;-13,45846;-49,13558;SR-GO;UOP01;DEL07
270858;22/02/2020;sábado;03:55:00;RJ;116;138;DUQUE DE CAXIAS;Desobediência às normas de trânsito pelo pedestre;Atropelamento de Pedestre;Com Vítimas Fatais;Plena Noite;Decrescente;Céu Claro;Dupla;Reta;Sim;2;1;0;0;0;1;0;1;-22,64697;-43,19165;SR-RJ;UOP02;DEL04
270859;22/02/2020;sábado;03:30:00;RJ;101;208;CASIMIRO DE ABREU;Falta de Atenção à Condução;Colisão traseira;Sem Vítimas;Plena Noite;Crescente;Nublado;Simples;Reta;Não;2;0;0;0;1;1;0;2;-22,48067;-42,22017;SR-RJ;UOP04;DEL02
270861;22/02/2020;sábado;03:20:00;SC;101;301;LAGUNA;Falta de Atenção à Condução;Colisão traseira;Com Vítimas Feridas;Plena Noite;Decrescente;Céu Claro;Dupla;Reta;Não;3;0;1;0;2;0;1;2;-28,34625;-48,73549;SR-SC;UOP03;DEL02
270862;22/02/2020;sábado;04:25:00;MG;116;412,6;GOVERNADOR VALADARES;Falta de Atenção à Condução;Queda de ocupante de veículo;Com Vítimas Feridas;Plena Noite;Decrescente;Chuva;Simples;Reta;Sim;2;0;2;0;0;0;2;1;-18,86882;-41,97144;SR-MG;UOP01;DEL06
270863;22/02/2020;sábado;02:30:00;RO;364;238;CACOAL;Falta de Atenção à Condução;Colisão com objeto estático;Sem Vítimas;Plena Noite;Crescente;Chuva;Simples;Interseção de vias;Sim;1;0;0;0;0;1;0;1;-11,43886;-61,45471;SR-RO;UOP02;DEL02
270864;22/02/2020;sábado;05:25:00;ES;101;265;SERRA;Condutor Dormindo;Colisão com objeto estático;Com Vítimas Feridas;Amanhecer;Decrescente;Céu Claro;Dupla;Reta;Não;3;0;2;0;1;0;2;1;-20,18168;-40,26536;SR-ES;UOP01;DEL02
270865;22/02/2020;sábado;05:20:00;SC;116;1,7;MAFRA;Falta de Atenção à Condução;Colisão transversal;Com Vítimas Feridas;Plena Noite;Crescente;Nublado;Simples;Reta;Sim;2;0;1;0;1;0;1;2;-26,11709;-49,78695;SR-SC;UOP01;DEL06
270866;21/02/2020;sexta-feira;14:55:00;BA;242;377;PALMEIRAS;Velocidade Incompatível;Tombamento;Com Vítimas Feridas;Pleno dia;Decrescente;Sol;Simples;Curva;Não;2;0;2;0;0;0;2;1;-12,43835;-41,50301;SR-BA;UOP01;DEL06
270867;22/02/2020;sábado;00:00:00;PR;277;588;CASCAVEL;Ingestão de Álcool;Saída de leito carroçável;Sem Vítimas;Plena Noite;Decrescente;Céu Claro;Simples;Reta;Sim;1;0;0;0;1;0;0;1;-24,97369;-53,43817;SR-PR;UOP01;DEL04
270868;22/02/2020;sábado;06:00:00;MG;262;362,5;JUATUBA;Defeito Mecânico no Veículo;Saída de leito carroçável;Com Vítimas Feridas;Pleno dia;Crescente;Céu Claro;Múltipla;Não Informado;Sim;1;0;1;0;0;0;1;1;-19,97053;-44,28902;SR-MG;UOP03;DEL01
270869;22/02/2020;sábado;06:30:00;CE;222;81,3;SAO LUIS DO CURU;Pista Escorregadia;Colisão frontal;Com Vítimas Feridas;Amanhecer;Crescente;Chuva;Simples;Curva;Não;2;0;2;0;0;0;2;2;-3,676688;-39,27707;SR-CE;UOP03;DEL04
270870;22/02/2020;sábado;05:25:00;RS;116;389,4;CAMAQUA;Condutor Dormindo;Saída de leito carroçável;Com Vítimas Feridas;Amanhecer;Decrescente;Céu Claro;Dupla;Reta;Não;4;0;1;0;2;1;1;1;-30,82756;-51,72181;SR-RS;UOP02;DEL02
270871;22/02/2020;sábado;06:00:00;PR;476;146,1;CURITIBA;Desobediência às normas de trânsito pelo condutor;Colisão frontal;Com Vítimas Feridas;Amanhecer;Decrescente;Nublado;Dupla;Não Informado;Sim;2;0;1;0;1;0;1;2;-25,55119;-49,33011;SR-PR;UOP04;DEL01
270872;22/02/2020;sábado;05:50:00;SC;101;138;BALNEARIO CAMBORIU;Defeito Mecânico no Veículo;Saída de leito carroçável;Sem Vítimas;Amanhecer;Decrescente;Céu Claro;Dupla;Reta;Sim;2;0;0;0;2;0;0;1;-27,02397;-48,60762;SR-SC;UOP03;DEL04
270873;22/02/2020;sábado;05:50:00;RN;101;76;EXTREMOZ;Condutor Dormindo;Saída de leito carroçável;Sem Vítimas;Amanhecer;Crescente;Nublado;Dupla;Reta;Não;1;0;0;0;0;1;0;1;-5,72603;-35,28461;SR-RN;UOP01;DEL02
270874;22/02/2020;sábado;06:00:00;RS;290;107,1;ELDORADO DO SUL;Falta de Atenção à Condução;Capotamento;Com Vítimas Feridas;Pleno dia;Decrescente;Céu Claro;Dupla;Reta;Não;4;0;1;0;3;0;1;1;-30,00185;-51,30426;SR-RS;UOP01;DEL02
270875;22/02/2020;sábado;04:35:00;MG;262;69,8;MATIPO;Condutor Dormindo;Colisão frontal;Com Vítimas Feridas;Plena Noite;Decrescente;Nublado;Simples;Reta;Não;6;0;3;3;0;0;6;2;-20,30745;-42,2866;SR-MG;UOP04;DEL06
270876;22/02/2020;sábado;06:05:00;SP;101;18,7;UBATUBA;Condutor Dormindo;Saída de leito carroçável;Com Vítimas Feridas;Pleno dia;Decrescente;Céu Claro;Simples;Curva;Não;14;0;3;0;10;1;3;1;-23,31747;-44,8996;SR-SP;UOP02;DEL06
270877;21/02/2020;sexta-feira;19:50:00;PR;277;256,8;IRATI;Ingestão de Álcool;Queda de ocupante de veículo;Com Vítimas Feridas;Plena Noite;Decrescente;Nublado;Simples;Reta;Não;1;0;1;0;0;0;1;1;-25,44175;-50,70776;SR-PR;UOP02;DEL08
270878;22/02/2020;sábado;04:30:00;PR;153;40,7;SANTO ANTONIO DA PLATINA;Fenômenos da Natureza;Danos eventuais;Sem Vítimas;Plena Noite;Crescente;Chuva;Simples;Viaduto;Sim;1;0;0;0;1;0;0;1;-23,28048;-50,05593;SR-PR;UOP05;DEL07
270879;22/02/2020;sábado;03:51:00;PR;153;76,5;CONSELHEIRO MAIRINCK;Falta de Atenção à Condução;Colisão lateral;Sem Vítimas;Plena Noite;Crescente;Nublado;Simples;Curva;Não;2;0;0;0;1;1;0;2;-23,56987;-50,1441;SR-PR;UOP05;DEL07
270880;22/02/2020;sábado;06:00:00;SC;280;6,5;SAO FRANCISCO DO SUL;Ingestão de Álcool;Colisão lateral;Sem Vítimas;Amanhecer;Decrescente;Nublado;Simples;Reta;Sim;2;0;0;0;1;1;0;2;-26,26836;-48,63756;SR-SC;UOP03;DEL03
270881;21/02/2020;sexta-feira;23:31:00;MG;381;725;CARMO DA CACHOEIRA;Falta de Atenção à Condução;Colisão traseira;Com Vítimas Feridas;Plena Noite;Crescente;Nublado;Dupla;Não Informado;Não;2;0;1;0;1;0;1;2;-21,46462;-45,20609;SR-MG;UOP02;DEL04
270883;22/02/2020;sábado;04:20:00;MA;316;39;MARACACUME;Ingestão de Álcool;Colisão frontal;Sem Vítimas;Plena Noite;Crescente;Céu Claro;Simples;Reta;Não;2;0;0;0;1;1;0;2;-1,922581;-46,04115;SR-MA;UOP02;DEL02
270884;22/02/2020;sábado;06:40:00;SC;101;201;SAO JOSE;Falta de Atenção à Condução;Colisão traseira;Com Vítimas Feridas;Pleno dia;Crescente;Céu Claro;Múltipla;Reta;Sim;1;0;1;0;0;0;1;1;-27,54837;-48,61978;SR-SC;UOP01;DEL01
270885;22/02/2020;sábado;05:00:00;MG;365;15,7;MONTES CLAROS;Fenômenos da Natureza;Saída de leito carroçável;Com Vítimas Feridas;Amanhecer;Crescente;Chuva;Simples;Não Informado;Não;1;0;1;0;0;0;1;1;-16,86593;-43,98363;SR-MG;UOP01;DEL12
270887;22/02/2020;sábado;06:50:00;MG;262;387;MATEUS LEME;Defeito Mecânico no Veículo;Saída de leito carroçável;Com Vítimas Feridas;Amanhecer;Crescente;Nublado;Dupla;Ponte;Não;1;0;1;0;0;0;1;1;-19,93473;-44,43458;SR-MG;UOP03;DEL01
270888;21/02/2020;sexta-feira;17:00:00;MA;10;225;GOVERNADOR EDISON LOBAO;Falta de Atenção à Condução;Colisão transversal;Com Vítimas Feridas;Pleno dia;Decrescente;Garoa/Chuvisco;Simples;Não Informado;Sim;2;0;1;0;1;0;1;2;-5,745605;-47,35964;SR-MA;UOP01;DEL04
270889;22/02/2020;sábado;05:40:00;RJ;116;186,7;NOVA IGUACU;Falta de Atenção à Condução;Colisão lateral;Sem Vítimas;Amanhecer;Decrescente;Chuva;Dupla;Reta;Não;4;0;0;0;3;1;0;2;-22,73962;-43,46276;SR-RJ;UOP02;DEL01
270890;22/02/2020;sábado;06:40:00;PB;230;89,8;GURINHEM;Falta de Atenção à Condução;Colisão lateral;Com Vítimas Feridas;Pleno dia;Crescente;Céu Claro;Dupla;Reta;Sim;2;0;1;0;1;0;1;2;-7,1708;-35,3831;SR-PB;UOP02;DEL01
270891;22/02/2020;sábado;07:30:00;CE;304;49,1;ARACATI;Desobediência às normas de trânsito pelo condutor;Colisão transversal;Com Vítimas Feridas;Pleno dia;Crescente;Céu Claro;Simples;Reta;Sim;3;0;3;0;0;0;3;2;-4,579004;-37,77071;SR-CE;UOP03;DEL03
270892;22/02/2020;sábado;07:10:00;PA;10;7;DOM ELISEU;Desobediência às normas de trânsito pelo condutor;Colisão frontal;Com Vítimas Fatais;Pleno dia;Crescente;Chuva;Simples;Ponte;Não;6;3;0;3;0;0;3;2;-4,384393;-47,53529;SR-PA;UOP02;DEL02
270894;22/02/2020;sábado;07:30:00;CE;116;61,6;CHOROZINHO;Ingestão de Álcool;Colisão lateral;Sem Vítimas;Pleno dia;Crescente;Céu Claro;Simples;Não Informado;Não;3;0;0;0;3;0;0;2;-4,270638;-38,49102;SR-CE;UOP02;DEL03
270895;21/02/2020;sexta-feira;15:10:00;MA;135;93;ITAPECURU MIRIM;Defeito na Via;Colisão traseira;Com Vítimas Feridas;Pleno dia;Crescente;Chuva;Simples;Reta;Sim;2;0;0;1;1;0;1;2;-3,314403;-44,43044;SR-MA;UOP02;DEL01
270896;22/02/2020;sábado;03:30:00;MT;163;771;SORRISO;Falta de Atenção à Condução;Saída de leito carroçável;Sem Vítimas;Plena Noite;Decrescente;Nublado;Simples;Reta;Não;1;0;0;0;1;0;0;1;-12,39082;-55,61697;SR-MT;UOP01;DEL06
270897;22/02/2020;sábado;07:00:00;MG;381;752;TRES CORACOES;Não guardar distância de segurança;Saída de leito carroçável;Com Vítimas Feridas;Pleno dia;Crescente;Nublado;Dupla;Curva;Não;2;0;1;0;1;0;1;2;-21,65775;-45,30247;SR-MG;UOP02;DEL16
270898;22/02/2020;sábado;07:53:00;RS;290;496,8;ROSARIO DO SUL;Ultrapassagem Indevida;Colisão lateral;Com Vítimas Feridas;Pleno dia;Decrescente;Céu Claro;Simples;Reta;Não;8;0;3;0;5;0;3;3;-30,20376;-55,07138;SR-RS;UOP02;DEL11
270899;22/02/2020;sábado;08:45:00;SP;116;48,5;LORENA;Ingestão de Álcool;Colisão com objeto estático;Com Vítimas Feridas;Pleno dia;Decrescente;Nublado;Dupla;Reta;Não;6;0;1;0;5;0;1;2;-22,72499;-45,06884;SR-SP;UOP02;DEL08
270900;22/02/2020;sábado;07:50:00;MG;40;454,1;CAETANOPOLIS;Defeito na Via;Colisão com objeto estático;Com Vítimas Feridas;Pleno dia;Decrescente;Nublado;Múltipla;Reta;Sim;1;0;1;0;0;0;1;1;-19,35024;-44,35212;SR-MG;UOP01;DEL02
270903;22/02/2020;sábado;08:20:00;SP;153;7,8;ICEM;Velocidade Incompatível;Colisão traseira;Com Vítimas Feridas;Pleno dia;Crescente;Sol;Simples;Reta;Não;4;0;1;0;1;2;1;2;-20,3646;-49,22157;SR-SP;UOP01;DEL09
270904;22/02/2020;sábado;08:15:00;SC;470;43;GASPAR;Desobediência às normas de trânsito pelo condutor;Colisão transversal;Com Vítimas Feridas;Pleno dia;Crescente;Sol;Simples;Curva;Não;5;0;0;2;3;0;2;3;-26,87205;-49,01536;SR-SC;UOP01;DEL04
270905;22/02/2020;sábado;07:30:00;SC;163;1,2;DIONISIO CERQUEIRA;Desobediência às normas de trânsito pelo condutor;Colisão transversal;Com Vítimas Feridas;Pleno dia;Decrescente;Céu Claro;Simples;Interseção de vias;Sim;3;0;2;0;0;1;2;2;-26,26604;-53,62578;SR-SC;UOP04;DEL07
270906;22/02/2020;sábado;09:25:00;SP;116;230;SAO PAULO;Falta de Atenção à Condução;Colisão com objeto estático;Sem Vítimas;Pleno dia;Decrescente;Nublado;Múltipla;Reta;Sim;1;0;0;0;0;1;0;1;-23,52252;-46,58557;SR-SP;UOP01;DEL01
270907;22/02/2020;sábado;05:40:00;RO;425;66;NOVA MAMORE;Defeito na Via;Saída de leito carroçável;Com Vítimas Fatais;Amanhecer;Decrescente;Nublado;Simples;Reta;Não;3;1;1;1;0;0;2;1;-10,13722;-65,29444;SR-RO;UOP04;DEL01