id;data_inversa;dia_semana;horario;uf;br;km;municipio;causa_acidente;tipo_acidente;classificacao_acidente;fase_dia;sentido_via;condicao_metereologica;tipo_pista;tracado_via;uso_solo;pessoas;mortos;feridos_leves;feridos_graves;ilesos;ignorados;feridos;veiculos;latitude;longitude;regional;delegacia;uop
271321;23/02/2020;domingo;22:25:00;RS;158;344,6;SANTA MARIA;Animais na Pista;Colisão frontal;Com Vítimas Feridas;Plena Noite;Crescente;Céu Claro;Simples;Curva;Não;5;0;1;0;4;0;1;2;-29,74671;-53,9602;SR-RS;UOP01;DEL09
271322;23/02/2020;domingo;19:31:00;RJ;116;219,4;PIRAI;Ingestão de Álcool;Colisão transversal;Com Vítimas Feridas;Plena Noite;Crescente;Nublado;Dupla;Não Informado;Não;7;0;3;1;3;0;4;2;-22,67691;-43,81639;SR-RJ;UOP01;DEL07
271323;23/02/2020;domingo;21:50:00;PR;369;233,5;JANDAIA DO SUL;Velocidade Incompatível;Saída de leito carroçável;Com Vítimas Fatais;Plena Noite;Crescente;Céu Claro;Simples;Reta;Não;2;1;0;0;0;1;0;1;-23,63069;-51,6739;SR-PR;UOP03;DEL07
271324;23/02/2020;domingo;19:15:00;SC;280;24;ARAQUARI;Falta de Atenção à Condução;Colisão traseira;Sem Vítimas;Anoitecer;Crescente;Céu Claro;Simples;Reta;Sim;2;0;0;0;2;0;0;2;-26,37707;-48,71931;SR-SC;UOP03;DEL03
271325;23/02/2020;domingo;19:45:00;RS;472;175,6;SANTA ROSA;Ingestão de Álcool;Colisão frontal;Com Vítimas Feridas;Plena Noite;Crescente;Céu Claro;Simples;Curva;Sim;2;0;1;0;1;0;1;2;-27,8536;-54,52001;SR-RS;UOP01;DEL10
271326;23/02/2020;domingo;20:10:00;RS;472;175,6;SANTA ROSA;Ingestão de Álcool;Saída de leito carroçável;Sem Vítimas;Plena Noite;Crescente;Céu Claro;Simples;Curva;Sim;1;0;0;0;1;0;0;1;-27,85355;-54,51993;SR-RS;UOP01;DEL10
271327;23/02/2020;domingo;21:25:00;RJ;356;34;ITAPERUNA;Desobediência às normas de trânsito pelo condutor;Colisão lateral;Com Vítimas Feridas;Plena Noite;Decrescente;Céu Claro;Simples;Reta;Sim;3;0;1;0;2;0;1;2;-21,20442;-41,8906;SR-RJ;UOP03;DEL08
271328;23/02/2020;domingo;23:00:00;GO;414;386,2;CORUMBA DE GOIAS;Ingestão de Álcool;Saída de leito carroçável;Com Vítimas Fatais;Plena Noite;Crescente;Céu Claro;Simples;Reta;Não;3;2;0;1;0;0;1;1;-15,87598;-48,78493;SR-GO;UOP01;DEL02
271329;23/02/2020;domingo;22:20:00;MG;262;367,8;JUATUBA;Condutor Dormindo;Saída de leito carroçável;Com Vítimas Feridas;Plena Noite;Crescente;Nublado;Dupla;Reta;Não;2;0;2;0;0;0;2;1;-19,97391;-44,27096;SR-MG;UOP03;DEL01
271331;23/02/2020;domingo;22:50:00;MG;365;638,5;UBERLANDIA;Falta de Atenção à Condução;Colisão traseira;Com Vítimas Feridas;Plena Noite;Decrescente;Céu Claro;Dupla;Reta;Não;2;0;1;0;1;0;1;2;-18,89124;-48,42723;SR-MG;UOP01;DEL15
271332;23/02/2020;domingo;23:10:00;SP;116;125,2;CACAPAVA;Desobediência às normas de trânsito pelo pedestre;Atropelamento de Pedestre;Com Vítimas Fatais;Plena Noite;Crescente;Nublado;Dupla;Reta;Não;2;1;1;0;0;0;1;1;-23,09873;-45,68608;SR-SP;UOP01;DEL06
271333;23/02/2020;domingo;22:35:00;RJ;101;297;ITABORAI;Velocidade Incompatível;Tombamento;Com Vítimas Feridas;Plena Noite;Decrescente;Nublado;Dupla;Reta;Sim;2;0;2;0;0;0;2;1;-22,76942;-42,91874;SR-RJ;UOP03;DEL02
271334;23/02/2020;domingo;23:00:00;SC;101;166,5;TIJUCAS;Ingestão de Álcool;Atropelamento de Pedestre;Com Vítimas Fatais;Plena Noite;Decrescente;Céu Claro;Dupla;Reta;Não;2;1;0;0;1;0;0;1;-27,26148;-48,6318;SR-SC;UOP03;DEL04
271336;23/02/2020;domingo;22:30:00;SP;116;284;ITAPECERICA DA SERRA;Ingestão de Álcool;Colisão lateral;Sem Vítimas;Plena Noite;Decrescente;Nublado;Dupla;Reta;Sim;3;0;0;0;3;0;0;2;-23,69249;-46,82345;SR-SP;UOP01;DEL04
271338;23/02/2020;domingo;23:30:00;CE;116;64,5;CHOROZINHO;Desobediência às normas de trânsito pelo condutor;Colisão com objeto estático;Com Vítimas Feridas;Plena Noite;Crescente;Céu Claro;Simples;Desvio Temporário;Não;1;0;1;0;0;0;1;1;-4,281252;-38,49424;SR-CE;UOP02;DEL03
271339;23/02/2020;domingo;22:55:00;BA;324;516,2;FEIRA DE SANTANA;Ingestão de Álcool;Colisão transversal;Com Vítimas Feridas;Plena Noite;Crescente;Céu Claro;Simples;Reta;Sim;3;0;3;0;0;0;3;2;-12,24171;-38,93768;SR-BA;UOP01;DEL02
271340;23/02/2020;domingo;18:40:00;SC;470;124,8;IBIRAMA;Velocidade Incompatível;Colisão frontal;Com Vítimas Feridas;Pleno dia;Decrescente;Sol;Simples;Reta;Sim;2;0;1;0;1;0;1;2;-27,11319;-49,52916;SR-SC;UOP02;DEL04
271341;23/02/2020;domingo;22:00:00;SC;470;179;POUSO REDONDO;Ingestão de álcool e/ou substâncias psicoativas pelo pedestre;Colisão frontal;Com Vítimas Feridas;Plena Noite;Decrescente;Céu Claro;Simples;Reta;Não;5;0;1;2;2;0;3;4;-27,24791;-49,97716;SR-SC;UOP02;DEL04
271342;23/02/2020;domingo;22:25:00;RO;319;61,9;PORTO VELHO;Ingestão de Álcool;Colisão transversal;Com Vítimas Feridas;Plena Noite;Decrescente;Céu Claro;Dupla;Reta;Sim;2;0;1;1;0;0;2;2;-8,748093;-63,88809;SR-RO;UOP01;DEL01
271343;23/02/2020;domingo;19:10:00;MG;262;45;MANHUACU;Falta de Atenção à Condução;Colisão traseira;Sem Vítimas;Plena Noite;Decrescente;Nublado;Simples;Reta;Não;2;0;0;0;2;0;0;2;-20,26145;-42,09686;SR-MG;UOP04;DEL06
271344;24/02/2020;segunda-feira;00:25:00;RJ;101;323;NITEROI;Desobediência às normas de trânsito pelo pedestre;Atropelamento de Pedestre;Com Vítimas Feridas;Plena Noite;Decrescente;Céu Claro;Múltipla;Reta;Não;2;0;0;1;1;0;1;1;-22,87685;-43,11729;SR-RJ;UOP01;DEL02
271345;24/02/2020;segunda-feira;00:20:00;PE;101;81,7;JABOATAO DOS GUARARAPES;Animais na Pista;Atropelamento de Animal;Com Vítimas Fatais;Plena Noite;Crescente;Céu Claro;Dupla;Reta;Não;1;1;0;0;0;0;0;1;-8,159749;-34,94025;SR-PE;UOP03;DEL01
271346;23/02/2020;domingo;19:30:00;MT;70;376,7;CAMPO VERDE;Falta de Atenção à Condução;Colisão traseira;Com Vítimas Feridas;Plena Noite;Crescente;Garoa/Chuvisco;Simples;Reta;Sim;5;0;0;2;3;0;2;2;-15,52283;-55,12699;SR-MT;UOP01;DEL05
271347;23/02/2020;domingo;17:40:00;RO;319;62,9;PORTO VELHO;Falta de Atenção à Condução;Tombamento;Com Vítimas Feridas;Plena Noite;Crescente;Céu Claro;Múltipla;Reta;Sim;2;0;1;0;0;1;1;2;-8,766685;-63,88405;SR-RO;UOP01;DEL01
271348;24/02/2020;segunda-feira;00:10:00;SC;470;9,5;NAVEGANTES;Desobediência às normas de trânsito pelo condutor;Colisão frontal;Com Vítimas Feridas;Plena Noite;Decrescente;Nublado;Simples;Reta;Sim;2;0;0;1;1;0;1;2;-26,83314;-48,72743;SR-SC;UOP04;DEL04
271349;23/02/2020;domingo;23:25:00;SC;282;410;CATANDUVAS;Falta de Atenção do Pedestre;Atropelamento de Pedestre;Com Vítimas Fatais;Plena Noite;Decrescente;Céu Claro;Simples;Não Informado;Sim;2;1;0;0;1;0;0;1;-27,0614;-51,67188;SR-SC;UOP07;DEL07
271350;23/02/2020;domingo;22:40:00;RS;392;647,1;GUARANI DAS MISSOES;Desobediência às normas de trânsito pelo condutor;Saída de leito carroçável;Com Vítimas Feridas;Plena Noite;Crescente;Céu Claro;Simples;Reta;Não;4;0;0;3;0;1;3;1;-28,13692;-54,59728;SR-RS;UOP01;DEL10
271351;23/02/2020;domingo;23:25:00;PR;487;125,8;TUNEIRAS DO OESTE;Condutor Dormindo;Saída de leito carroçável;Com Vítimas Feridas;Plena Noite;Decrescente;Nublado;Simples;Não Informado;Sim;18;0;3;0;15;0;3;1;-23,86652;-52,87755;SR-PR;UOP03;DEL09
271352;23/02/2020;domingo;22:45:00;RR;NA;NA;BOA VISTA;Desobediência às normas de trânsito pelo condutor;Colisão transversal;Com Vítimas Feridas;Plena Noite;Não Informado;Céu Claro;Dupla;Interseção de vias;Sim;2;0;1;0;1;0;1;2;2,803434;-60,68508;SR-RR;UOP01;DEL01
271353;24/02/2020;segunda-feira;01:20:00;MG;116;276;TEOFILO OTONI;Falta de Atenção à Condução;Tombamento;Com Vítimas Feridas;Plena Noite;Crescente;Céu Claro;Múltipla;Desvio Temporário;Sim;1;0;1;0;0;0;1;1;-17,85106;-41,51454;SR-MG;UOP01;DEL11
271354;24/02/2020;segunda-feira;00:05:00;BA;101;566,8;ARATACA;Falta de Atenção à Condução;Tombamento;Com Vítimas Feridas;Plena Noite;Crescente;Céu Claro;Simples;Não Informado;Não;2;0;0;1;1;0;1;1;-15,25486;-39,45038;SR-BA;UOP02;DEL05
271355;24/02/2020;segunda-feira;00:45:00;SC;470;6,8;NAVEGANTES;Defeito na Via;Colisão frontal;Com Vítimas Fatais;Plena Noite;Decrescente;Nublado;Simples;Não Informado;Sim;2;1;0;0;1;0;0;2;-26,85224;-48,70954;SR-SC;UOP04;DEL04
271356;24/02/2020;segunda-feira;02:40:00;MG;364;18,8;FRUTAL;Ingestão de Álcool;Danos eventuais;Sem Vítimas;Plena Noite;Crescente;Nublado;Simples;Reta;Não;3;0;0;0;2;1;0;2;-20,05489;-48,82471;SR-MG;UOP02;DEL13
271357;24/02/2020;segunda-feira;02:30:00;PR;476;136;CURITIBA;Falta de Atenção à Condução;Colisão com objeto estático;Com Vítimas Feridas;Plena Noite;Decrescente;Nublado;Dupla;Reta;Sim;2;0;2;0;0;0;2;1;-25,49105;-49,27168;SR-PR;UOP03;DEL01
271358;23/02/2020;domingo;12:00:00;MA;230;132;PASTOS BONS;Defeito Mecânico no Veículo;Incêndio;Sem Vítimas;Pleno dia;Decrescente;Céu Claro;Simples;Reta;Não;2;0;0;0;1;1;0;1;-6,580751;-44,00019;SR-MA;UOP01;DEL05
271360;24/02/2020;segunda-feira;01:30:00;SE;235;54;ITABAIANA;Falta de Atenção à Condução;Queda de ocupante de veículo;Com Vítimas Feridas;Plena Noite;Crescente;Céu Claro;Simples;Reta;Sim;1;0;0;1;0;0;1;1;-10,67605;-37,44328;SR-SE;UOP02;DEL01
271361;24/02/2020;segunda-feira;03:00:00;MG;365;435,2;PATOS DE MINAS;Condutor Dormindo;Saída de leito carroçável;Com Vítimas Feridas;Plena Noite;Decrescente;Chuva;Simples;Curva;Não;1;0;1;0;0;0;1;1;-18,77916;-46,69048;SR-MG;UOP01;DEL10
271362;24/02/2020;segunda-feira;01:30:00;PI;316;144,2;ELESBAO VELOSO;Condutor Dormindo;Saída de leito carroçável;Com Vítimas Feridas;Plena Noite;Crescente;Chuva;Simples;Não Informado;Não;2;0;1;1;0;0;2;1;-6,105093;-42,21241;SR-PI;UOP02;DEL04
271363;24/02/2020;segunda-feira;03:45:00;SC;101;329,3;CAPIVARI DE BAIXO;Falta de Atenção à Condução;Colisão com objeto estático;Com Vítimas Feridas;Plena Noite;Crescente;Céu Claro;Múltipla;Reta;Não;3;0;1;0;2;0;1;3;-28,44405;-48,96611;SR-SC;UOP01;DEL02
271364;24/02/2020;segunda-feira;02:00:00;SC;101;134;BALNEARIO CAMBORIU;Falta de Atenção à Condução;Queda de ocupante de veículo;Com Vítimas Feridas;Plena Noite;Decrescente;Céu Claro;Simples;Reta;Não;1;0;0;1;0;0;1;1;-27,00218;-48,63643;SR-SC;UOP03;DEL04
271365;24/02/2020;segunda-feira;04:20:00;SC;101;255,5;PAULO LOPES;Ingestão de Álcool;Saída de leito carroçável;Com Vítimas Feridas;Plena Noite;Decrescente;Céu Claro;Simples;Não Informado;Sim;4;0;3;1;0;0;4;1;-27,98242;-48,67898;SR-SC;UOP03;DEL02
271366;24/02/2020;segunda-feira;03:10:00;MT;163;104;RONDONOPOLIS;Pista Escorregadia;Saída de leito carroçável;Sem Vítimas;Plena Noite;Crescente;Garoa/Chuvisco;Dupla;Não Informado;Não;1;0;0;0;0;1;0;1;-16,62878;-54,6973;SR-MT;DEL2/2;UOP02/MT
271367;24/02/2020;segunda-feira;04:15:00;SP;116;388,9;MIRACATU;Não guardar distância de segurança;Colisão traseira;Com Vítimas Feridas;Plena Noite;Decrescente;Céu Claro;Dupla;Reta;Não;5;0;0;4;1;0;4;2;-24,27326;-47,40644;SR-SP;UOP02;DEL04
271368;24/02/2020;segunda-feira;03:45:00;RS;287;342,8;SAO VICENTE DO SUL;Ingestão de Álcool;Saída de leito carroçável;Com Vítimas Feridas;Plena Noite;Crescente;Céu Claro;Simples;Reta;Não;1;0;0;1;0;0;1;1;-29,57878;-54,68185;SR-RS;UOP02;DEL12
271369;24/02/2020;segunda-feira;05:20:00;PR;277;80,7;CURITIBA;Velocidade Incompatível;Colisão traseira;Com Vítimas Feridas;Amanhecer;Decrescente;Céu Claro;Dupla;Reta;Sim;5;0;1;0;4;0;1;4;-25,56894;-49,18198;SR-PR;UOP04;DEL01
271370;24/02/2020;segunda-feira;05:40:00;SC;101;214,2;PALHOCA;Velocidade Incompatível;Saída de leito carroçável;Sem Vítimas;Pleno dia;Crescente;Céu Claro;Simples;Reta;Sim;1;0;0;0;0;1;0;1;-27,64443;-48,67057;SR-SC;UOP02;DEL01
271371;24/02/2020;segunda-feira;05:45:00;MG;381;488,7;BETIM;Falta de Atenção à Condução;Atropelamento de Pedestre;Com Vítimas Feridas;Amanhecer;Decrescente;Nublado;Múltipla;Reta;Sim;2;0;1;0;1;0;1;1;-19,95603;-44,12918;SR-MG;UOP03;DEL01
271372;24/02/2020;segunda-feira;05:45:00;SC;101;122;ITAJAI;Falta de Atenção à Condução;Colisão lateral;Sem Vítimas;Amanhecer;Crescente;Nublado;Dupla;Reta;Não;2;0;0;0;2;0;0;2;-26,92956;-48,705;SR-SC;UOP04;DEL04
271373;24/02/2020;segunda-feira;03:50:00;RN;101;51;CEARA-MIRIM;Ingestão de Álcool;Colisão com objeto estático;Sem Vítimas;Plena Noite;Crescente;Céu Claro;Simples;Reta;Não;1;0;0;0;1;0;0;1;-5,53884;-35,31632;SR-RN;UOP01;DEL02
271374;23/02/2020;domingo;20:00:00;MA;316;163,9;ARAGUANA;Defeito na Via;Colisão frontal;Com Vítimas Fatais;Plena Noite;Crescente;Céu Claro;Simples;Reta;Não;5;1;3;1;0;0;4;2;-2,965401;-45,66157;SR-MA;UOP02;DEL02
271375;23/02/2020;domingo;22:00:00;RJ;101;417;MANGARATIBA;Falta de Atenção à Condução;Colisão frontal;Com Vítimas Feridas;Plena Noite;Crescente;Chuva;Simples;Curva;Não;3;0;1;0;2;0;1;2;-22,91294;-43,89732;SR-RJ;UOP01;DEL03
271376;24/02/2020;segunda-feira;06:15:00;PR;277;618,5;CEU AZUL;Condutor Dormindo;Colisão lateral;Sem Vítimas;Amanhecer;Decrescente;Céu Claro;Simples;Não Informado;Não;2;0;0;0;2;0;0;2;-25,07578;-53,69272;SR-PR;UOP05;DEL04
271377;24/02/2020;segunda-feira;07:40:00;SP;153;57;SAO JOSE DO RIO PRETO;Velocidade Incompatível;Tombamento;Com Vítimas Feridas;Pleno dia;Crescente;Nublado;Simples;Não Informado;Sim;1;0;1;0;0;0;1;1;-20,76991;-49,34982;SR-SP;UOP01;DEL09
271378;24/02/2020;segunda-feira;06:35:00;RO;364;273,9;CACOAL;Falta de Atenção à Condução;Colisão transversal;Com Vítimas Fatais;Pleno dia;Crescente;Céu Claro;Simples;Interseção de vias;Não;3;1;1;0;1;0;1;3;-11,38643;-61,74883;SR-RO;UOP02;DEL02
271379;24/02/2020;segunda-feira;06:30:00;MT;364;140;PEDRA PRETA;Falta de Atenção à Condução;Queda de ocupante de veículo;Com Vítimas Feridas;Pleno dia;Crescente;Nublado;Simples;Não Informado;Não;1;0;1;0;0;0;1;1;-16,79737;-54,12056;SR-MT;UOP01;DEL02
271380;24/02/2020;segunda-feira;07:50:00;SC;101;186;BIGUACU;Defeito Mecânico no Veículo;Queda de ocupante de veículo;Com Vítimas Feridas;Pleno dia;Decrescente;Céu Claro;Dupla;Curva;Sim;2;0;2;0;0;0;2;1;-27,43411;-48,62567;SR-SC;UOP01;DEL01
271381;24/02/2020;segunda-feira;07:14:00;RJ;101;332;RIO DE JANEIRO;Condutor Dormindo;Saída de leito carroçável;Com Vítimas Feridas;Pleno dia;Crescente;Céu Claro;Dupla;Reta;Não;1;0;0;1;0;0;1;1;-22,87133;-43,20408;SR-RJ;UOP01;DEL02
271382;01/02/2020;sábado;14:20:00;BA;330;801;JEQUIE;Falta de Atenção à Condução;Colisão transversal;Com Vítimas Feridas;Pleno dia;Crescente;Céu Claro;Simples;Curva;Não;2;0;0;1;1;0;1;2;-13,96707;-39,9584;SR-BA;DEL10/3;UOP01/BA
271383;24/02/2020;segunda-feira;08:00:00;RJ;116;164;RIO DE JANEIRO;Falta de Atenção à Condução;Tombamento;Com Vítimas Feridas;Pleno dia;Crescente;Céu Claro;Múltipla;Reta;Sim;3;0;1;0;2;0;1;1;-22,81074;-43,28844;SR-RJ;UOP02;DEL01
271385;24/02/2020;segunda-feira;08:30:00;SC;101;211,3;PALHOCA;Defeito Mecânico no Veículo;Colisão traseira;Com Vítimas Feridas;Pleno dia;Crescente;Sol;Dupla;Reta;Sim;2;0;0;1;1;0;1;2;-27,62329;-48,65246;SR-SC;UOP02;DEL01
271386;24/02/2020;segunda-feira;08:00:00;SP;116;150,9;SAO JOSE DOS CAMPOS;Não guardar distância de segurança;Colisão lateral;Com Vítimas Feridas;Pleno dia;Decrescente;Nublado;Dupla;Reta;Sim;3;0;1;0;2;0;1;3;-23,21336;-45,89306;SR-SP;UOP01;DEL02
271387;24/02/2020;segunda-feira;08:30:00;RS;290;77,7;GRAVATAI;Condutor Dormindo;Colisão traseira;Com Vítimas Feridas;Pleno dia;Decrescente;Sol;Dupla;Reta;Não;2;0;1;1;0;0;2;2;-29,95503;-51,02736;SR-RS;UOP01;DEL01
271388;24/02/2020;segunda-feira;06:10:00;RR;174;487;BOA VISTA;Desobediência às normas de trânsito pelo condutor;Saída de leito carroçável;Com Vítimas Fatais;Amanhecer;Decrescente;Céu Claro;Simples;Reta;Não;3;1;0;1;0;1;1;2;2,725488;-60,79894;SR-RR;UOP01;DEL01
271389;24/02/2020;segunda-feira;08:30:00;RJ;101;269;RIO BONITO;Falta de Atenção à Condução;Colisão com objeto estático;Com Vítimas Feridas;Pleno dia;Decrescente;Céu Claro;Dupla;Reta;Sim;4;0;1;0;3;0;1;1;-22,71495;-42,67805;SR-RJ;UOP03;DEL02
271390;24/02/2020;segunda-feira;09:00:00;MG;381;761,4;CAMPANHA;Velocidade Incompatível;Colisão com objeto estático;Com Vítimas Feridas;Pleno dia;Crescente;Chuva;Dupla;Curva;Não;1;0;1;0;0;0;1;1;-21,71972;-45,32848;SR-MG;UOP02;DEL16
271391;24/02/2020;segunda-feira;09:15:00;MG;40;467,6;SETE LAGOAS;Avarias e/ou desgaste excessivo no pneu;Saída de leito carroçável;Com Vítimas Feridas;Pleno dia;Crescente;Chuva;Dupla;Reta;Sim;2;0;1;0;1;0;1;1;-19,45039;-44,31668;SR-MG;UOP01;DEL02
271392;24/02/2020;segunda-feira;09:15:00;MG;381;559,7;ITAGUARA;Defeito Mecânico no Veículo;Saída de leito carroçável;Com Vítimas Feridas;Pleno dia;Crescente;Nublado;Dupla;Curva;Sim;2;0;1;0;1;0;1;1;-20,3823;-44,48068;SR-MG;UOP03;DEL04
271393;24/02/2020;segunda-feira;09:15:00;SC;101;138,3;BALNEARIO CAMBORIU;Desobediência às normas de trânsito pelo condutor;Colisão transversal;Com Vítimas Feridas;Pleno dia;Crescente;Céu Claro;Dupla;Reta;Sim;2;0;1;0;1;0;1;2;-27,02397;-48,60762;SR-SC;UOP03;DEL04
271394;24/02/2020;segunda-feira;08:05:00;SC;282;519,9;XAXIM;Falta de Atenção à Condução;Colisão traseira;Sem Vítimas;Pleno dia;Crescente;Céu Claro;Simples;Curva;Não;2;0;0;0;2;0;0;2;-26,94753;-52,51754;SR-SC;UOP01;DEL07
271396;24/02/2020;segunda-feira;09:40:00;PE;101;78,3;RECIFE;Falta de Atenção do Pedestre;Atropelamento de Pedestre;Com Vítimas Feridas;Pleno dia;Crescente;Céu Claro;Dupla;Reta;Sim;3;0;0;1;1;1;1;1;-8,134965;-34,94739;SR-PE;UOP01;DEL01
271397;24/02/2020;segunda-feira;06:00:00;BA;367;41;PORTO SEGURO;Ingestão de Álcool;Saída de leito carroçável;Sem Vítimas;Amanhecer;Crescente;Céu Claro;Simples;Curva;Não;1;0;0;0;1;0;0;1;-16,38654;-39,21917;SR-BA;UOP01;DEL09
271398;24/02/2020;segunda-feira;09:40:00;PA;163;990;SANTAREM;Não guardar distância de segurança;Colisão traseira;Sem Vítimas;Pleno dia;Decrescente;Céu Claro;Simples;Reta;Não;2;0;0;0;2;0;0;2;-2,545244;-54,7229;SR-PA;UOP01;DEL05
271399;24/02/2020;segunda-feira;05:30:00;CE;230;88,1;VARZEA ALEGRE;Falta de Atenção à Condução;Colisão traseira;Com Vítimas Feridas;Amanhecer;Crescente;Chuva;Simples;Não Informado;Não;3;0;0;2;0;1;2;2;-6,810256;-39,35909;SR-CE;UOP01;DEL05
271400;24/02/2020;segunda-feira;09:00:00;GO;70;408,1;MONTES CLAROS DE GOIAS;Falta de Atenção à Condução;Saída de leito carroçável;Com Vítimas Feridas;Pleno dia;Crescente;Chuva;Simples;Reta;Não;2;0;2;0;0;0;2;1;-15,88502;-51,68885;SR-GO;UOP01;DEL04
271401;24/02/2020;segunda-feira;05:30:00;MG;381;410;NOVA UNIAO;Falta de Atenção à Condução;Colisão frontal;Com Vítimas Feridas;Amanhecer;Crescente;Ignorado;Simples;Não Informado;Não;4;0;0;1;2;1;1;2;-19,72573;-43,58722;SR-MG;UOP01;DEL01
271402;24/02/2020;segunda-feira;09:30:00;SC;101;95,9;BARRA VELHA;Avarias e/ou desgaste excessivo no pneu;Queda de ocupante de veículo;Com Vítimas Feridas;Pleno dia;Crescente;Nublado;Dupla;Não Informado;Não;1;0;1;0;0;0;1;1;-26,70876;-48,70221;SR-SC;UOP02;DEL03
271403;24/02/2020;segunda-feira;07:50:00;AC;364;150;RIO BRANCO;Defeito na Via;Colisão lateral;Com Vítimas Feridas;Pleno dia;Decrescente;Céu Claro;Simples;Desvio Temporário;Não;2;0;1;0;1;0;1;2;-9,871933;-67,91003;SR-AC;UOP01;DEL01
271404;24/02/2020;segunda-feira;09:45:00;MG;262;562,5;CORREGO DANTA;Velocidade Incompatível;Saída de leito carroçável;Com Vítimas Feridas;Pleno dia;Crescente;Garoa/Chuvisco;Simples;Curva;Não;2;0;2;0;0;0;2;1;-19,74565;-45,95351;SR-MG;UOP02;DEL08
271405;24/02/2020;segunda-feira;10:10:00;PB;230;72,3;SOBRADO;Falta de Atenção à Condução;Saída de leito carroçável;Com Vítimas Feridas;Pleno dia;Decrescente;Céu Claro;Simples;Reta;Não;1;0;0;1;0;0;1;1;-7,1907;-35,2418;SR-PB;UOP02;DEL01
271406;24/02/2020;segunda-feira;10:49:00;PI;316;258;IPIRANGA DO PIAUI;Falta de Atenção à Condução;Colisão transversal;Com Vítimas Feridas;Pleno dia;Decrescente;Céu Claro;Simples;Não Informado;Sim;3;0;2;0;1;0;2;2;-6,810592;-41,73818;SR-PI;UOP02;DEL04
271407;24/02/2020;segunda-feira;11:00:00;MG;381;528,3;BRUMADINHO;Falta de Atenção à Condução;Tombamento;Com Vítimas Feridas;Pleno dia;Crescente;Nublado;Dupla;Curva;Não;5;0;2;0;3;0;2;4;-20,16368;-44,36025;SR-MG;UOP03;DEL04
271408;24/02/2020;segunda-feira;11:20:00;GO;153;500,1;GOIANIA;Falta de Atenção à Condução;Colisão traseira;Com Vítimas Feridas;Pleno dia;Crescente;Chuva;Dupla;Não Informado;Sim;7;0;1;4;2;0;5;3;-16,71118;-49,23174;SR-GO;UOP01;DEL01
271409;24/02/2020;segunda-feira;09:30:00;MG;267;157,5;LIMA DUARTE;Defeito Mecânico no Veículo;Incêndio;Sem Vítimas;Pleno dia;Decrescente;Nublado;Simples;Reta;Não;1;0;0;0;1;0;0;1;-21,83886;-43,78;SR-MG;UOP01;DEL05
271410;24/02/2020;segunda-feira;11:15:00;RS;290;86,4;PORTO ALEGRE;Defeito Mecânico no Veículo;Tombamento;Com Vítimas Feridas;Pleno dia;Decrescente;Sol;Dupla;Reta;Sim;2;0;2;0;0;0;2;1;-29,96841;-51,11714;SR-RS;UOP01;DEL01
271411;24/02/2020;segunda-feira;12:15:00;GO;60;18;ALEXANIA;Avarias e/ou desgaste excessivo no pneu;Saída de leito carroçável;Com Vítimas Feridas;Pleno dia;Decrescente;Chuva;Dupla;Curva;Não;3;0;2;0;1;0;2;1;-16,11452;-48,38654;SR-DF;UOP02;DEL01
271412;24/02/2020;segunda-feira;12:00:00;ES;101;284;CARIACICA;Defeito Mecânico no Veículo;Tombamento;Com Vítimas Feridas;Pleno dia;Decrescente;Nublado;Dupla;Desvio Temporário;Sim;2;0;2;0;0;0;2;1;-20,24335;-40,36969;SR-ES;UOP01;DEL01
271413;24/02/2020;segunda-feira;12:35:00;GO;20;177,9;ALVORADA DO NORTE;Falta de Atenção à Condução;Colisão traseira;Com Vítimas Feridas;Pleno dia;Decrescente;Chuva;Simples;Rotatória;Não;6;0;3;1;2;0;4;2;-14,49861;-46,51016;SR-DF;UOP02;DEL02
271414;24/02/2020;segunda-feira;11:40:00;MG;381;627,9;OLIVEIRA;Velocidade Incompatível;Colisão com objeto estático;Com Vítimas Feridas;Pleno dia;Decrescente;Garoa/Chuvisco;Dupla;Curva;Não;2;0;2;0;0;0;2;1;-20,82917;-44,81715;SR-MG;UOP01;DEL04
271415;24/02/2020;segunda-feira;11:55:00;BA;116;696;JEQUIE;Pista Escorregadia;Colisão lateral;Com Vítimas Feridas;Pleno dia;Crescente;Chuva;Simples;Curva;Não;3;0;1;0;2;0;1;2;-14,03518;-40,20218;SR-BA;UOP01;DEL03
271417;24/02/2020;segunda-feira;11:25:00;PR;277;55,3;SAO JOSE DOS PINHAIS;Velocidade Incompatível;Saída de leito carroçável;Com Vítimas Fatais;Pleno dia;Crescente;Nublado;Dupla;Reta;Não;1;1;0;0;0;0;0;1;-25,58845;-48,94524;SR-PR;UOP06;DEL01
271418;24/02/2020;segunda-feira;12:45:00;ES;101;162;LINHARES;Ultrapassagem Indevida;Colisão lateral;Com Vítimas Feridas;Pleno dia;Crescente;Nublado;Simples;Reta;Não;1;0;1;0;0;0;1;1;-19,49015;-40,12624;SR-ES;UOP01;DEL04