id;data_inversa;dia_semana;horario;uf;br;km;municipio;causa_acidente;tipo_acidente;classificacao_acidente;fase_dia;sentido_via;condicao_metereologica;tipo_pista;tracado_via;uso_solo;pessoas;mortos;feridos_leves;feridos_graves;ilesos;ignorados;feridos;veiculos;latitude;longitude;regional;delegacia;uop
271419;24/02/2020;segunda-feira;13:40:00;SP;116;209;GUARULHOS;Falta de Atenção à Condução;Colisão lateral;Com Vítimas Feridas;Pleno dia;Decrescente;Céu Claro;Dupla;Desvio Temporário;Sim;2;0;1;0;1;0;1;2;-23,42844;-46,41029;SR-SP;UOP01;DEL01
271420;24/02/2020;segunda-feira;12:43:00;RO;364;711;PORTO VELHO;Não guardar distância de segurança;Colisão traseira;Sem Vítimas;Pleno dia;Decrescente;Nublado;Dupla;Reta;Sim;2;0;0;0;2;0;0;2;-8,781539;-63,86531;SR-RO;UOP01;DEL01
271421;24/02/2020;segunda-feira;09:30:00;MT;364;342;SANTO ANTONIO DO LEVERGER;Falta de Atenção à Condução;Colisão traseira;Com Vítimas Feridas;Pleno dia;Decrescente;Nublado;Múltipla;Reta;Não;2;0;2;0;0;0;2;1;-15,82666;-55,5089;SR-MT;UOP02;DEL01
271422;24/02/2020;segunda-feira;13:30:00;TO;153;678,4;GURUPI;Falta de Atenção à Condução;Colisão traseira;Com Vítimas Feridas;Pleno dia;Decrescente;Céu Claro;Simples;Reta;Não;3;0;1;0;2;0;1;2;-11,7746;-49,10745;SR-TO;UOP01;DEL02
271423;24/02/2020;segunda-feira;13:10:00;RS;386;67;BOA VISTA DAS MISSOES;Defeito Mecânico no Veículo;Incêndio;Sem Vítimas;Pleno dia;Crescente;Nublado;Simples;Reta;Não;1;0;0;0;1;0;0;1;-27,64321;-53,32747;SR-RS;UOP02;DEL08
271424;24/02/2020;segunda-feira;13:00:00;RN;101;108,9;PARNAMIRIM;Falta de Atenção à Condução;Colisão traseira;Com Vítimas Feridas;Pleno dia;Crescente;Sol;Dupla;Reta;Sim;2;0;1;0;1;0;1;2;-5,928251;-35,26466;SR-RN;UOP01;DEL01
271425;24/02/2020;segunda-feira;13:25:00;MG;116;305,8;ITAMBACURI;Desobediência às normas de trânsito pelo condutor;Colisão frontal;Com Vítimas Fatais;Pleno dia;Crescente;Nublado;Simples;Não Informado;Não;4;1;3;0;0;0;3;2;-18,03189;-41,65291;SR-MG;UOP01;DEL11
271426;24/02/2020;segunda-feira;13:15:00;ES;262;191;IUNA;Falta de Atenção à Condução;Colisão lateral;Com Vítimas Feridas;Pleno dia;Crescente;Céu Claro;Simples;Não Informado;Não;2;0;0;1;1;0;1;2;-20,30273;-41,74702;SR-ES;UOP02;DEL01
271427;24/02/2020;segunda-feira;13:50:00;PR;116;131;FAZENDA RIO GRANDE;Falta de Atenção à Condução;Colisão lateral;Com Vítimas Feridas;Pleno dia;Crescente;Nublado;Dupla;Reta;Sim;2;0;1;0;1;0;1;2;-25,64831;-49,31251;SR-PR;UOP03;DEL01
271428;24/02/2020;segunda-feira;12:20:00;CE;304;52,6;ARACATI;Falta de Atenção à Condução;Colisão traseira;Sem Vítimas;Pleno dia;Crescente;Céu Claro;Simples;Reta;Não;2;0;0;0;2;0;0;2;-4,570807;-37,74473;SR-CE;UOP03;DEL03
271429;24/02/2020;segunda-feira;13:00:00;MS;163;264;DOURADOS;Falta de Atenção à Condução;Colisão frontal;Com Vítimas Feridas;Pleno dia;Decrescente;Sol;Dupla;Reta;Sim;2;0;0;1;1;0;1;2;-22,22743;-54,73933;SR-MS;UOP01;DEL04
271430;24/02/2020;segunda-feira;13:15:00;AL;104;18,8;SAO JOSE DA LAJE;Falta de Atenção à Condução;Colisão lateral;Com Vítimas Feridas;Pleno dia;Crescente;Céu Claro;Simples;Curva;Não;3;0;0;1;2;0;1;2;-9,041939;-36,03775;SR-AL;UOP02;DEL01
271431;24/02/2020;segunda-feira;14:25:00;SC;280;24;ARAQUARI;Ingestão de Álcool;Colisão transversal;Sem Vítimas;Pleno dia;Crescente;Céu Claro;Simples;Reta;Sim;2;0;0;0;2;0;0;2;-26,37725;-48,71953;SR-SC;UOP03;DEL03
271432;24/02/2020;segunda-feira;13:50:00;AL;101;78,7;RIO LARGO;Desobediência às normas de trânsito pelo condutor;Colisão traseira;Com Vítimas Feridas;Pleno dia;Crescente;Céu Claro;Dupla;Curva;Não;2;0;1;0;1;0;1;2;-9,437055;-35,83677;SR-AL;UOP01;DEL01
271433;24/02/2020;segunda-feira;13:20:00;RJ;116;265;BARRA MANSA;Pista Escorregadia;Colisão com objeto estático;Com Vítimas Feridas;Pleno dia;Crescente;Chuva;Dupla;Curva;Sim;3;0;2;1;0;0;3;1;-22,58785;-44,08578;SR-RJ;UOP02;DEL07
271434;24/02/2020;segunda-feira;14:30:00;MG;381;495;BETIM;Não guardar distância de segurança;Colisão lateral;Com Vítimas Feridas;Pleno dia;Decrescente;Garoa/Chuvisco;Múltipla;Reta;Sim;3;0;1;0;2;0;1;2;-19,98891;-44,20522;SR-MG;UOP03;DEL01
271436;24/02/2020;segunda-feira;14:30:00;SP;381;74,9;SAO PAULO;Velocidade Incompatível;Saída de leito carroçável;Com Vítimas Feridas;Pleno dia;Decrescente;Garoa/Chuvisco;Múltipla;Curva;Não;1;0;0;1;0;0;1;1;-23,37622;-46,56321;SR-SP;UOP01;DEL03
271437;23/02/2020;domingo;18:50:00;SC;280;231,9;CANOINHAS;Ingestão de Álcool;Colisão traseira;Com Vítimas Feridas;Pleno dia;Decrescente;Céu Claro;Simples;Reta;Sim;3;0;2;0;1;0;2;2;-26,1893;-50,37171;SR-SC;UOP04;DEL06
271438;24/02/2020;segunda-feira;14:10:00;RJ;101;544,9;PARATY;Não guardar distância de segurança;Colisão traseira;Com Vítimas Feridas;Pleno dia;Decrescente;Céu Claro;Simples;Curva;Não;2;0;1;0;1;0;1;2;-23,04627;-44,61729;SR-RJ;UOP03;DEL03
271439;24/02/2020;segunda-feira;14:50:00;SP;116;158,2;JACAREI;Falta de Atenção à Condução;Colisão com objeto estático;Com Vítimas Feridas;Pleno dia;Crescente;Nublado;Simples;Reta;Sim;2;0;1;0;0;1;1;1;-23,26585;-45,95984;SR-SP;UOP01;DEL02
271440;24/02/2020;segunda-feira;15:20:00;PE;101;41,3;IGARASSU;Não guardar distância de segurança;Queda de ocupante de veículo;Com Vítimas Feridas;Pleno dia;Decrescente;Céu Claro;Dupla;Curva;Sim;2;0;1;0;0;1;1;2;-7,830383;-34,91427;SR-PE;UOP02;DEL01
271441;24/02/2020;segunda-feira;14:30:00;BA;116;326,2;ARACI;Falta de Atenção à Condução;Colisão transversal;Com Vítimas Feridas;Pleno dia;Crescente;Céu Claro;Simples;Interseção de vias;Não;2;0;0;1;1;0;1;2;-11,38289;-38,96583;SR-BA;UOP01;DEL02
271442;24/02/2020;segunda-feira;15:10:00;MG;381;600,4;CARMOPOLIS DE MINAS;Falta de Atenção à Condução;Saída de leito carroçável;Com Vítimas Feridas;Pleno dia;Crescente;Nublado;Dupla;Não Informado;Não;1;0;1;0;0;0;1;1;-20,60547;-44,72363;SR-MG;UOP01;DEL04
271443;24/02/2020;segunda-feira;15:40:00;SP;116;274,2;TABOAO DA SERRA;Falta de Atenção à Condução;Colisão lateral;Com Vítimas Feridas;Pleno dia;Crescente;Céu Claro;Dupla;Reta;Não;3;0;1;0;2;0;1;2;-23,63445;-46,82419;SR-SP;UOP01;DEL04
271444;24/02/2020;segunda-feira;15:00:00;PB;101;91;JOAO PESSOA;Falta de Atenção à Condução;Colisão traseira;Com Vítimas Feridas;Pleno dia;Crescente;Céu Claro;Dupla;Reta;Sim;1;0;1;0;0;0;1;1;-7,188264;-34,90308;SR-PB;UOP01;DEL01
271445;24/02/2020;segunda-feira;15:50:00;SP;101;10;UBATUBA;Desobediência às normas de trânsito pelo condutor;Colisão com objeto estático;Com Vítimas Feridas;Pleno dia;Decrescente;Céu Claro;Simples;Reta;Não;3;0;0;1;2;0;1;2;-23,35323;-44,85162;SR-SP;UOP02;DEL06
271446;24/02/2020;segunda-feira;15:30:00;MG;381;438;SABARA;Desobediência às normas de trânsito pelo condutor;Colisão lateral;Com Vítimas Feridas;Pleno dia;Decrescente;Nublado;Simples;Interseção de vias;Sim;4;0;0;1;1;2;1;2;-19,80934;-43,77779;SR-MG;UOP01;DEL01
271447;24/02/2020;segunda-feira;14:10:00;MS;359;221;COXIM;Pista Escorregadia;Saída de leito carroçável;Com Vítimas Feridas;Pleno dia;Crescente;Chuva;Simples;Curva;Não;3;0;2;0;1;0;2;1;-18,5052;-54,65325;SR-MS;UOP01;DEL06
271448;24/02/2020;segunda-feira;16:08:00;SE;235;4,5;NOSSA SENHORA DO SOCORRO;Não guardar distância de segurança;Colisão traseira;Com Vítimas Feridas;Pleno dia;Crescente;Céu Claro;Dupla;Não Informado;Sim;6;0;4;0;2;0;4;3;-10,9064;-37,1197;SR-SE;UOP01;DEL01
271449;24/02/2020;segunda-feira;16:12:00;SP;116;288,7;ITAPECERICA DA SERRA;Avarias e/ou desgaste excessivo no pneu;Tombamento;Com Vítimas Feridas;Pleno dia;Crescente;Nublado;Dupla;Reta;Sim;3;0;2;0;0;1;2;1;-23,71925;-46,88314;SR-SP;UOP01;DEL04
271450;24/02/2020;segunda-feira;15:12:00;MG;50;182,5;UBERABA;Falta de Atenção à Condução;Colisão com objeto estático;Com Vítimas Feridas;Pleno dia;Decrescente;Céu Claro;Dupla;Reta;Sim;2;0;1;0;1;0;1;1;-19,79381;-47,91116;SR-MG;UOP01;DEL13
271451;24/02/2020;segunda-feira;15:30:00;RS;158;322,2;SANTA MARIA;Defeito na Via;Queda de ocupante de veículo;Com Vítimas Feridas;Pleno dia;Decrescente;Céu Claro;Simples;Curva;Sim;2;0;2;0;0;0;2;1;-29,69143;-53,77424;SR-RS;UOP01;DEL09
271452;24/02/2020;segunda-feira;16:25:00;MG;459;24,2;CALDAS;Condutor Dormindo;Colisão com objeto estático;Com Vítimas Feridas;Pleno dia;Decrescente;Chuva;Simples;Reta;Não;1;0;1;0;0;0;1;1;-21,87708;-46,38598;SR-MG;UOP01;DEL09
271453;24/02/2020;segunda-feira;14:50:00;RR;432;202;CANTA;Ingestão de Álcool;Saída de leito carroçável;Com Vítimas Feridas;Pleno dia;Decrescente;Céu Claro;Simples;Curva;Não;1;0;0;1;0;0;1;1;2,700705;-60,60826;SR-RR;UOP01;DEL01
271454;24/02/2020;segunda-feira;16:00:00;MG;354;732,3;POUSO ALTO;Velocidade Incompatível;Colisão frontal;Com Vítimas Feridas;Pleno dia;Decrescente;Chuva;Simples;Curva;Não;5;0;4;0;1;0;4;2;-22,17362;-44,96442;SR-MG;UOP01;DEL17
271455;24/02/2020;segunda-feira;11:40:00;BA;101;895;CARAVELAS;Carga excessiva e/ou mal acondicionada;Tombamento;Sem Vítimas;Pleno dia;Crescente;Céu Claro;Simples;Curva;Não;1;0;0;0;1;0;0;1;-17,68371;-39,77372;SR-BA;UOP02;DEL09
271456;24/02/2020;segunda-feira;16:40:00;PR;476;144;CURITIBA;Agressão Externa;Colisão lateral;Com Vítimas Feridas;Pleno dia;Decrescente;Céu Claro;Dupla;Curva;Não;3;0;1;0;1;1;1;3;-25,5425;-49,31301;SR-PR;UOP04;DEL01
271457;24/02/2020;segunda-feira;17:10:00;MG;262;362,5;JUATUBA;Desobediência às normas de trânsito pelo condutor;Colisão transversal;Com Vítimas Feridas;Pleno dia;Decrescente;Chuva;Simples;Não Informado;Sim;2;0;1;0;1;0;1;2;-19,97161;-44,28687;SR-MG;UOP03;DEL01
271458;24/02/2020;segunda-feira;17:40:00;ES;101;1,3;VITORIA;Não guardar distância de segurança;Tombamento;Com Vítimas Feridas;Anoitecer;Decrescente;Nublado;Múltipla;Reta;Sim;1;0;1;0;0;0;1;1;-20,25076;-40,28687;SR-ES;UOP01;DEL02
271459;24/02/2020;segunda-feira;17:40:00;RS;116;196,8;PICADA CAFE;Falta de Atenção à Condução;Colisão transversal;Com Vítimas Feridas;Pleno dia;Decrescente;Chuva;Simples;Reta;Sim;2;0;1;0;1;0;1;2;-29,46517;-51,14805;SR-RS;UOP02;DEL05
271460;24/02/2020;segunda-feira;14:55:00;AC;317;258;EPITACIOLANDIA;Velocidade Incompatível;Saída de leito carroçável;Com Vítimas Feridas;Pleno dia;Crescente;Sol;Simples;Curva;Não;2;0;2;0;0;0;2;1;-10,87669;-68,50265;SR-AC;UOP02;DEL01
271461;24/02/2020;segunda-feira;17:21:00;BA;324;515;FEIRA DE SANTANA;Falta de Atenção à Condução;Queda de ocupante de veículo;Com Vítimas Feridas;Anoitecer;Decrescente;Céu Claro;Simples;Reta;Sim;2;0;2;0;0;0;2;1;-12,23548;-38,94397;SR-BA;UOP01;DEL02
271462;24/02/2020;segunda-feira;09:30:00;MA;402;127;PRIMEIRA CRUZ;Defeito Mecânico no Veículo;Saída de leito carroçável;Com Vítimas Fatais;Pleno dia;Crescente;Sol;Simples;Curva;Não;5;1;0;4;0;0;4;1;-2,756251;-43,33268;SR-MA;UOP01;DEL01
271463;24/02/2020;segunda-feira;17:00:00;MG;381;932,6;EXTREMA;Velocidade Incompatível;Saída de leito carroçável;Com Vítimas Feridas;Pleno dia;Crescente;Chuva;Dupla;Curva;Não;2;0;1;0;1;0;1;1;-22,81198;-46,28431;SR-MG;UOP03;DEL16
271465;14/02/2020;sexta-feira;08:50:00;MG;50;72;UBERLANDIA;Falta de Atenção à Condução;Colisão traseira;Com Vítimas Feridas;Pleno dia;Decrescente;Sol;Dupla;Reta;Sim;3;0;2;0;1;0;2;2;-18,8514;-48,25346;SR-MG;UOP01;DEL15
271466;24/02/2020;segunda-feira;17:45:00;SP;116;276;EMBU DAS ARTES;Não guardar distância de segurança;Colisão traseira;Com Vítimas Feridas;Anoitecer;Decrescente;Chuva;Dupla;Reta;Sim;3;0;2;0;1;0;2;2;-23,64262;-46,83811;SR-SP;UOP01;DEL04
271467;24/02/2020;segunda-feira;09:45:00;RJ;101;557;PARATY;Falta de Atenção à Condução;Colisão lateral;Com Vítimas Feridas;Pleno dia;Crescente;Céu Claro;Simples;Reta;Sim;3;0;0;1;1;1;1;2;-23,09154;-44,6959;SR-RJ;UOP04;DEL03
271468;24/02/2020;segunda-feira;18:30:00;RN;110;2,8;AREIA BRANCA;Ingestão de álcool e/ou substâncias psicoativas pelo pedestre;Atropelamento de Pedestre;Com Vítimas Feridas;Plena Noite;Crescente;Céu Claro;Simples;Reta;Não;2;0;1;0;1;0;1;1;-4,941901;-37,11632;SR-RN;UOP01;DEL04
271471;24/02/2020;segunda-feira;15:55:00;PE;423;77;JUCATI;Desobediência às normas de trânsito pelo condutor;Colisão frontal;Com Vítimas Feridas;Pleno dia;Decrescente;Céu Claro;Simples;Reta;Não;2;0;0;1;0;1;1;2;-8,740482;-36,4307;SR-PE;UOP01;DEL03
271472;24/02/2020;segunda-feira;18:47:00;RJ;116;79;TERESOPOLIS;Falta de Atenção à Condução;Colisão transversal;Com Vítimas Feridas;Plena Noite;Decrescente;Chuva;Simples;Reta;Sim;2;0;1;0;0;1;1;2;-22,3817;-42,95478;SR-RJ;UOP02;DEL06
271473;24/02/2020;segunda-feira;14:05:00;MT;70;295;PRIMAVERA DO LESTE;Ingestão de Álcool;Saída de leito carroçável;Com Vítimas Feridas;Pleno dia;Crescente;Nublado;Simples;Reta;Não;1;0;1;0;0;0;1;1;-15,57987;-54,42092;SR-MT;UOP01;DEL05
271475;24/02/2020;segunda-feira;18:15:00;MS;163;542,9;BANDEIRANTES;Falta de Atenção à Condução;Saída de leito carroçável;Sem Vítimas;Plena Noite;Crescente;Nublado;Simples;Reta;Não;2;0;0;0;2;0;0;1;-19,97194;-54,38262;SR-MS;UOP02;DEL01
271476;24/02/2020;segunda-feira;18:50:00;RN;101;97;NATAL;Não guardar distância de segurança;Colisão traseira;Com Vítimas Feridas;Plena Noite;Crescente;Céu Claro;Dupla;Curva;Sim;2;0;0;1;1;0;1;2;-5,857589;-35,21271;SR-RN;UOP01;DEL01
271477;24/02/2020;segunda-feira;18:40:00;SP;116;387,5;MIRACATU;Velocidade Incompatível;Colisão lateral;Com Vítimas Feridas;Pleno dia;Decrescente;Nublado;Dupla;Reta;Não;2;0;2;0;0;0;2;2;-24,26559;-47,38859;SR-SP;UOP02;DEL04
271479;24/02/2020;segunda-feira;18:00:00;PI;316;82,9;LAGOINHA DO PIAUI;Desobediência às normas de trânsito pelo condutor;Colisão transversal;Com Vítimas Feridas;Plena Noite;Crescente;Céu Claro;Simples;Interseção de vias;Sim;3;0;3;0;0;0;3;2;-5,765278;-42,61082;SR-PI;UOP02;DEL01
271480;24/02/2020;segunda-feira;19:05:00;GO;153;527,2;HIDROLANDIA;Ingestão de Álcool;Colisão traseira;Com Vítimas Feridas;Plena Noite;Decrescente;Nublado;Dupla;Curva;Não;2;0;1;0;1;0;1;2;-16,93313;-49,25171;SR-GO;UOP03;DEL01
271481;24/02/2020;segunda-feira;18:00:00;MG;40;443,4;PARAOPEBA;Velocidade Incompatível;Saída de leito carroçável;Com Vítimas Feridas;Anoitecer;Crescente;Chuva;Dupla;Não Informado;Não;1;0;1;0;0;0;1;1;-19,28738;-44,41424;SR-MG;UOP01;DEL02
271482;24/02/2020;segunda-feira;19:20:00;RJ;116;238;PIRAI;Falta de Atenção do Pedestre;Atropelamento de Pedestre;Com Vítimas Feridas;Plena Noite;Decrescente;Nublado;Dupla;Reta;Não;2;0;1;0;1;0;1;1;-22,66467;-43,88337;SR-RJ;UOP01;DEL07
271483;24/02/2020;segunda-feira;19:18:00;PB;101;6,1;MATARACA;Velocidade Incompatível;Colisão com objeto estático;Com Vítimas Feridas;Plena Noite;Decrescente;Céu Claro;Simples;Interseção de vias;Não;1;0;1;0;0;0;1;1;-6,554666;-35,12959;SR-PB;UOP03;DEL01
271484;24/02/2020;segunda-feira;19:41:00;DF;60;11,1;BRASILIA;Animais na Pista;Atropelamento de Animal;Com Vítimas Feridas;Pleno dia;Crescente;Garoa/Chuvisco;Dupla;Não Informado;Não;2;0;2;0;0;0;2;1;-15,91237;-48,15954;SR-DF;UOP02;DEL01
271485;24/02/2020;segunda-feira;19:35:00;PR;277;570,1;CASCAVEL;Ultrapassagem Indevida;Colisão lateral;Com Vítimas Feridas;Plena Noite;Decrescente;Céu Claro;Simples;Reta;Não;6;0;1;0;5;0;1;2;-25,01742;-53,28196;SR-PR;UOP01;DEL04
271486;24/02/2020;segunda-feira;19:40:00;PI;343;9,1;PARNAIBA;Desobediência às normas de trânsito pelo condutor;Colisão traseira;Com Vítimas Feridas;Plena Noite;Crescente;Nublado;Simples;Reta;Sim;4;0;1;1;1;1;2;3;-2,900722;-41,73268;SR-PI;UOP01;DEL05
271488;24/02/2020;segunda-feira;18:45:00;MT;163;873;SINOP;Ingestão de Álcool;Saída de leito carroçável;Sem Vítimas;Plena Noite;Decrescente;Nublado;Simples;Curva;Não;1;0;0;0;1;0;0;1;-11,65546;-55,44171;SR-MT;UOP02;DEL06
271490;24/02/2020;segunda-feira;20:10:00;CE;116;10,4;FORTALEZA;Animais na Pista;Atropelamento de Animal;Com Vítimas Feridas;Plena Noite;Crescente;Nublado;Dupla;Reta;Sim;1;0;1;0;0;0;1;1;-3,836038;-38,50273;SR-CE;UOP02;DEL01
271491;24/02/2020;segunda-feira;20:30:00;GO;60;123;GOIANAPOLIS;Desobediência às normas de trânsito pelo pedestre;Atropelamento de Pedestre;Com Vítimas Feridas;Plena Noite;Decrescente;Chuva;Dupla;Reta;Não;2;0;0;1;0;1;1;1;-16,5184;-49,1242;SR-GO;UOP01;DEL01
271492;24/02/2020;segunda-feira;21:00:00;SP;153;78,9;BADY BASSITT;Falta de Atenção à Condução;Colisão transversal;Sem Vítimas;Plena Noite;Crescente;Nublado;Simples;Desvio Temporário;Não;2;0;0;0;2;0;0;2;-20,90428;-49,46169;SR-SP;UOP01;DEL09
271493;24/02/2020;segunda-feira;19:05:00;RJ;40;108;DUQUE DE CAXIAS;Falta de Atenção à Condução;Colisão traseira;Com Vítimas Feridas;Plena Noite;Decrescente;Nublado;Múltipla;Reta;Sim;4;0;1;0;3;0;1;2;-22,66477;-43,28495;SR-RJ;UOP01;DEL01
271494;24/02/2020;segunda-feira;21:00:00;GO;153;495;GOIANIA;Desobediência às normas de trânsito pelo pedestre;Atropelamento de Pedestre;Com Vítimas Fatais;Plena Noite;Decrescente;Céu Claro;Dupla;Reta;Sim;3;1;0;1;1;0;1;2;-16,6681;-49,2263;SR-GO;UOP01;DEL01
271495;24/02/2020;segunda-feira;19:40:00;SC;101;32,4;JOINVILLE;Falta de Atenção do Pedestre;Atropelamento de Pedestre;Com Vítimas Feridas;Anoitecer;Decrescente;Céu Claro;Dupla;Reta;Sim;2;0;0;1;0;1;1;1;-26,22699;-48,91657;SR-SC;UOP01;DEL03
271496;24/02/2020;segunda-feira;20:50:00;SC;470;139,6;RIO DO SUL;Desobediência às normas de trânsito pelo condutor;Colisão traseira;Com Vítimas Feridas;Plena Noite;Crescente;Céu Claro;Simples;Rotatória;Sim;2;0;1;0;1;0;1;2;-27,21756;-49,65461;SR-SC;UOP02;DEL04
271497;24/02/2020;segunda-feira;20:20:00;RO;364;196,8;PIMENTA BUENO;Defeito na Via;Tombamento;Com Vítimas Feridas;Plena Noite;Crescente;Nublado;Simples;Reta;Sim;1;0;1;0;0;0;1;1;-11,68672;-61,18348;SR-RO;UOP02;DEL02
271498;24/02/2020;segunda-feira;21:35:00;GO;50;98;CRISTALINA;Desobediência às normas de trânsito pelo condutor;Colisão frontal;Com Vítimas Feridas;Plena Noite;Crescente;Nublado;Simples;Reta;Sim;2;0;0;1;1;0;1;2;-16,76789;-47,61732;SR-DF;UOP04;DEL01
271499;24/02/2020;segunda-feira;21:40:00;MG;267;157,4;LIMA DUARTE;Desobediência às normas de trânsito pelo condutor;Colisão frontal;Com Vítimas Feridas;Plena Noite;Crescente;Chuva;Simples;Reta;Não;4;0;3;1;0;0;4;2;-21,83886;-43,78;SR-MG;UOP01;DEL05
271500;24/02/2020;segunda-feira;18:30:00;MG;153;196,3;FRUTAL;Falta de Atenção à Condução;Saída de leito carroçável;Sem Vítimas;Anoitecer;Crescente;Nublado;Simples;Curva;Não;1;0;0;0;0;1;0;1;-19,97316;-49,00353;SR-MG;UOP02;DEL13
271501;24/02/2020;segunda-feira;20:30:00;BA;407;3,2;JUAZEIRO;Falta de Atenção à Condução;Colisão transversal;Com Vítimas Feridas;Plena Noite;Crescente;Céu Claro;Simples;Reta;Sim;2;0;1;0;1;0;1;2;-9,43134;-40,49823;SR-PE;UOP01;DEL06
271503;24/02/2020;segunda-feira;18:50:00;RJ;116;164;RIO DE JANEIRO;Falta de Atenção à Condução;Colisão com objeto estático;Sem Vítimas;Plena Noite;Crescente;Chuva;Múltipla;Reta;Sim;1;0;0;0;0;1;0;1;-22,81074;-43,28844;SR-RJ;UOP02;DEL01
271504;24/02/2020;segunda-feira;22:00:00;RS;285;299,8;PASSO FUNDO;Falta de Atenção à Condução;Colisão transversal;Com Vítimas Feridas;Plena Noite;Crescente;Céu Claro;Simples;Rotatória;Sim;3;0;1;0;2;0;1;2;-28,23418;-52,43314;SR-RS;UOP03;DEL08
271505;24/02/2020;segunda-feira;22:50:00;SP;101;35,5;UBATUBA;Pista Escorregadia;Tombamento;Com Vítimas Feridas;Plena Noite;Decrescente;Garoa/Chuvisco;Simples;Reta;Não;1;0;1;0;0;0;1;1;-23,39566;-45,01493;SR-SP;UOP02;DEL06
271506;24/02/2020;segunda-feira;22:00:00;MG;381;763;CAMPANHA;Falta de Atenção à Condução;Saída de leito carroçável;Com Vítimas Feridas;Plena Noite;Decrescente;Chuva;Dupla;Reta;Não;2;0;1;0;1;0;1;1;-21,74874;-45,38843;SR-MG;UOP02;DEL16
271507;24/02/2020;segunda-feira;22:15:00;DF;70;4;BRASILIA;Animais na Pista;Atropelamento de Animal;Sem Vítimas;Plena Noite;Decrescente;Nublado;Dupla;Reta;Não;1;0;0;0;0;1;0;1;-15,79811;-48,08932;SR-DF;UOP03;DEL01
271508;24/02/2020;segunda-feira;21:40:00;PA;316;154;CAPANEMA;Não guardar distância de segurança;Colisão traseira;Com Vítimas Feridas;Plena Noite;Decrescente;Nublado;Simples;Reta;Não;2;0;2;0;0;0;2;2;-1,230453;-47,16186;SR-PA;UOP03;DEL01
271509;24/02/2020;segunda-feira;22:10:00;BA;116;914;ENCRUZILHADA;Falta de Atenção à Condução;Capotamento;Com Vítimas Feridas;Plena Noite;Decrescente;Céu Claro;Simples;Reta;Não;4;0;2;1;1;0;3;1;-15,4678;-41,24161;SR-BA;UOP03;DEL08
271510;24/02/2020;segunda-feira;22:50:00;SP;116;146,6;SAO JOSE DOS CAMPOS;Falta de Atenção à Condução;Colisão lateral;Com Vítimas Feridas;Plena Noite;Decrescente;Ignorado;Múltipla;Reta;Não;1;0;1;0;0;0;1;1;-23,19123;-45,86328;SR-SP;UOP01;DEL02
271511;24/02/2020;segunda-feira;20:10:00;RS;290;54;GLORINHA;Avarias e/ou desgaste excessivo no pneu;Tombamento;Com Vítimas Feridas;Plena Noite;Crescente;Garoa/Chuvisco;Múltipla;Reta;Não;2;0;2;0;0;0;2;1;-29,91261;-50,79799;SR-RS;UOP01;DEL03
271512;24/02/2020;segunda-feira;23:16:00;SP;116;205,1;ARUJA;Defeito Mecânico no Veículo;Colisão traseira;Com Vítimas Feridas;Plena Noite;Decrescente;Nublado;Dupla;Reta;Sim;6;0;2;0;4;0;2;2;-23,41475;-46,36601;SR-SP;UOP01;DEL01
271514;24/02/2020;segunda-feira;23:01:00;RN;101;67,6;EXTREMOZ;Ingestão de Álcool;Colisão frontal;Com Vítimas Feridas;Plena Noite;Crescente;Céu Claro;Simples;Reta;Não;3;0;0;2;1;0;2;2;-5,659297;-35,24787;SR-RN;UOP01;DEL02
271515;24/02/2020;segunda-feira;20:30:00;RS;290;422,7;SAO GABRIEL;Falta de Atenção à Condução;Saída de leito carroçável;Com Vítimas Feridas;Plena Noite;Crescente;Céu Claro;Simples;Não Informado;Não;2;0;2;0;0;0;2;1;-30,33103;-54,35794;SR-RS;UOP02;DEL11
271516;25/02/2020;terça-feira;00:00:00;RJ;116;170;SAO JOAO DE MERITI;Falta de Atenção à Condução;Colisão com objeto estático;Com Vítimas Feridas;Plena Noite;Decrescente;Céu Claro;Múltipla;Curva;Não;1;0;1;0;0;0;1;1;-22,81113;-43,33367;SR-RJ;UOP02;DEL01
271517;24/02/2020;segunda-feira;22:05:00;SC;282;309,3;VARGEM;Velocidade Incompatível;Tombamento;Com Vítimas Feridas;Plena Noite;Crescente;Chuva;Simples;Curva;Não;1;0;1;0;0;0;1;1;-27,48922;-50,97985;SR-SC;UOP08;DEL07
271518;24/02/2020;segunda-feira;22:00:00;PR;376;168,3;MARINGA;Velocidade Incompatível;Colisão traseira;Sem Vítimas;Plena Noite;Decrescente;Céu Claro;Dupla;Reta;Não;2;0;0;0;2;0;0;2;-23,39887;-52,00217;SR-PR;UOP01;DEL09
271519;25/02/2020;terça-feira;00:40:00;RN;101;80,9;SAO GONCALO DO AMARANTE;Desobediência às normas de trânsito pelo condutor;Colisão transversal;Com Vítimas Feridas;Plena Noite;Crescente;Céu Claro;Dupla;Rotatória;Sim;2;0;1;0;1;0;1;2;-5,762989;-35,28719;SR-RN;UOP01;DEL02