id;data_inversa;dia_semana;horario;uf;br;km;municipio;causa_acidente;tipo_acidente;classificacao_acidente;fase_dia;sentido_via;condicao_metereologica;tipo_pista;tracado_via;uso_solo;pessoas;mortos;feridos_leves;feridos_graves;ilesos;ignorados;feridos;veiculos;latitude;longitude;regional;delegacia;uop
271520;25/02/2020;terça-feira;00:20:00;PR;277;675,8;MEDIANEIRA;Falta de Atenção à Condução;Colisão transversal;Com Vítimas Fatais;Plena Noite;Decrescente;Céu Claro;Dupla;Reta;Sim;3;1;2;0;0;0;2;2;-25,30213;-54,12913;SR-PR;UOP01;DEL05
271521;24/02/2020;segunda-feira;23:30:00;MG;354;733;POUSO ALTO;Falta de Atenção do Pedestre;Atropelamento de Pedestre;Com Vítimas Feridas;Plena Noite;Crescente;Garoa/Chuvisco;Simples;Reta;Sim;2;0;1;0;1;0;1;1;-22,17997;-44,97686;SR-MG;UOP01;DEL17
271522;25/02/2020;terça-feira;00:20:00;SC;470;3,1;NAVEGANTES;Ingestão de Álcool;Colisão traseira;Com Vítimas Feridas;Plena Noite;Crescente;Nublado;Dupla;Reta;Sim;6;0;1;2;2;1;3;2;-26,86194;-48,68162;SR-SC;UOP04;DEL04
271523;25/02/2020;terça-feira;02:20:00;MG;381;499;BETIM;Restrição de Visibilidade;Colisão com objeto estático;Com Vítimas Feridas;Plena Noite;Decrescente;Chuva;Múltipla;Reta;Sim;3;0;3;0;0;0;3;1;-20,01793;-44,22614;SR-MG;UOP03;DEL01
271524;24/02/2020;segunda-feira;22:30:00;BA;101;78;ENTRE RIOS;Ultrapassagem Indevida;Colisão frontal;Com Vítimas Fatais;Plena Noite;Decrescente;Céu Claro;Simples;Reta;Não;3;2;1;0;0;0;1;2;-11,98813;-38,22149;SR-BA;UOP04;DEL01
271525;25/02/2020;terça-feira;03:30:00;AL;104;74,7;RIO LARGO;Falta de Atenção à Condução;Colisão com objeto estático;Com Vítimas Feridas;Plena Noite;Crescente;Nublado;Dupla;Curva;Não;2;0;1;1;0;0;2;1;-9,44051;-35,83809;SR-AL;UOP01;DEL01
271526;25/02/2020;terça-feira;00:30:00;ES;101;334;GUARAPARI;Falta de Atenção à Condução;Queda de ocupante de veículo;Com Vítimas Feridas;Plena Noite;Decrescente;Chuva;Dupla;Reta;Não;1;0;1;0;0;0;1;1;-20,62138;-40,52011;SR-ES;UOP01;DEL03
271527;25/02/2020;terça-feira;02:15:00;PR;369;38,8;ANDIRA;Velocidade Incompatível;Saída de leito carroçável;Sem Vítimas;Plena Noite;Decrescente;Céu Claro;Dupla;Reta;Sim;1;0;0;0;0;1;0;1;-23,05257;-50,24001;SR-PR;UOP04;DEL07
271528;25/02/2020;terça-feira;02:35:00;SP;116;219,6;GUARULHOS;Ingestão de Álcool;Colisão traseira;Com Vítimas Feridas;Plena Noite;Decrescente;Nublado;Múltipla;Reta;Sim;3;0;2;0;0;1;2;3;-23,46472;-46,49798;SR-SP;UOP01;DEL01
271529;25/02/2020;terça-feira;02:50:00;RO;364;516;ARIQUEMES;Ingestão de Álcool;Queda de ocupante de veículo;Com Vítimas Feridas;Plena Noite;Decrescente;Nublado;Simples;Reta;Sim;1;0;1;0;0;0;1;1;-9,915961;-63,05532;SR-RO;UOP01;DEL03
271530;25/02/2020;terça-feira;04:10:00;DF;20;16;BRASILIA;Velocidade Incompatível;Colisão traseira;Com Vítimas Feridas;Plena Noite;Crescente;Garoa/Chuvisco;Múltipla;Reta;Sim;4;0;1;0;3;0;1;2;-15,62567;-47,72516;SR-DF;UOP01;DEL02
271531;25/02/2020;terça-feira;03:55:00;RJ;493;120,9;ITAGUAI;Ingestão de Álcool;Colisão com objeto estático;Sem Vítimas;Plena Noite;Crescente;Nublado;Dupla;Reta;Não;1;0;0;0;0;1;0;1;-22,88513;-43,8255;SR-RJ;UOP01;DEL03
271532;25/02/2020;terça-feira;03:30:00;BA;324;624;SALVADOR;Falta de Atenção à Condução;Capotamento;Com Vítimas Feridas;Plena Noite;Decrescente;Céu Claro;Múltipla;Reta;Sim;1;0;1;0;0;0;1;1;-12,93384;-38,47191;SR-BA;UOP01;DEL01
271533;25/02/2020;terça-feira;05:30:00;SC;101;206,9;SAO JOSE;Falta de Atenção à Condução;Colisão transversal;Sem Vítimas;Amanhecer;Decrescente;Céu Claro;Múltipla;Interseção de vias;Sim;2;0;0;0;2;0;0;2;-27,59194;-48,61825;SR-SC;UOP01;DEL01
271534;25/02/2020;terça-feira;04:00:00;SP;116;127,3;CACAPAVA;Falta de Atenção à Condução;Colisão lateral;Com Vítimas Feridas;Plena Noite;Crescente;Chuva;Dupla;Reta;Sim;3;0;2;0;1;0;2;2;-23,10991;-45,70246;SR-SP;UOP01;DEL06
271536;25/02/2020;terça-feira;06:10:00;SC;101;361;SANGAO;Falta de Atenção à Condução;Capotamento;Sem Vítimas;Amanhecer;Crescente;Chuva;Dupla;Reta;Não;1;0;0;0;1;0;0;1;-28,66584;-49,11466;SR-SC;UOP01;DEL02
271537;25/02/2020;terça-feira;05:20:00;SC;101;123;ITAJAI;Falta de Atenção à Condução;Queda de ocupante de veículo;Com Vítimas Feridas;Amanhecer;Crescente;Céu Claro;Dupla;Reta;Não;3;0;1;0;1;1;1;2;-26,93669;-48,69877;SR-SC;UOP04;DEL04
271538;25/02/2020;terça-feira;04:00:00;SC;470;50;BLUMENAU;Velocidade Incompatível;Capotamento;Sem Vítimas;Plena Noite;Crescente;Nublado;Simples;Interseção de vias;Sim;1;0;0;0;0;1;0;1;-26,85977;-49,07449;SR-SC;UOP01;DEL04
271539;25/02/2020;terça-feira;07:20:00;CE;116;13;FORTALEZA;Desobediência às normas de trânsito pelo condutor;Saída de leito carroçável;Sem Vítimas;Pleno dia;Crescente;Chuva;Dupla;Reta;Sim;1;0;0;0;1;0;0;1;-3,860885;-38,49715;SR-CE;UOP02;DEL01
271540;25/02/2020;terça-feira;07:00:00;SC;101;133;BALNEARIO CAMBORIU;Falta de Atenção à Condução;Tombamento;Com Vítimas Feridas;Pleno dia;Crescente;Nublado;Múltipla;Reta;Sim;1;0;1;0;0;0;1;1;-26,99936;-48,64609;SR-SC;UOP03;DEL04
271541;25/01/2020;sábado;01:00:00;SC;282;0,5;FLORIANOPOLIS;Ingestão de Álcool;Colisão traseira;Sem Vítimas;Plena Noite;Decrescente;Nublado;Múltipla;Curva;Sim;2;0;0;0;2;0;0;2;-27,59845;-48,572;SR-SC;DEL8/1;UOP01/SC
271542;25/02/2020;terça-feira;07:50:00;CE;20;430;FORTALEZA;Avarias e/ou desgaste excessivo no pneu;Saída de leito carroçável;Com Vítimas Feridas;Pleno dia;Decrescente;Nublado;Dupla;Reta;Não;5;0;1;0;4;0;1;1;-3,76999;-38,67006;SR-CE;UOP02;DEL01
271544;25/02/2020;terça-feira;06:00:00;MG;381;726,9;CARMO DA CACHOEIRA;Velocidade Incompatível;Colisão com objeto estático;Sem Vítimas;Amanhecer;Crescente;Chuva;Dupla;Não Informado;Não;1;0;0;0;0;1;0;1;-21,50846;-45,2154;SR-MG;UOP02;DEL04
271545;25/02/2020;terça-feira;07:45:00;RN;101;99,2;NATAL;Falta de Atenção à Condução;Colisão lateral;Com Vítimas Feridas;Pleno dia;Crescente;Nublado;Múltipla;Reta;Sim;2;0;1;1;0;0;2;1;-5,873592;-35,22063;SR-RN;UOP01;DEL01
271546;25/02/2020;terça-feira;08:10:00;RS;158;334,7;SANTA MARIA;Condutor Dormindo;Saída de leito carroçável;Com Vítimas Feridas;Pleno dia;Crescente;Sol;Simples;Reta;Sim;1;0;1;0;0;0;1;1;-29,70827;-53,86671;SR-RS;UOP01;DEL09
271547;25/02/2020;terça-feira;02:30:00;SP;116;327;JUQUITIBA;Ingestão de Álcool;Colisão traseira;Com Vítimas Feridas;Plena Noite;Crescente;Céu Claro;Dupla;Curva;Não;2;0;1;0;0;1;1;2;-23,93596;-47,07099;SR-SP;UOP01;DEL04
271548;25/02/2020;terça-feira;08:00:00;SC;101;235,7;PALHOCA;Pista Escorregadia;Tombamento;Com Vítimas Feridas;Pleno dia;Crescente;Garoa/Chuvisco;Dupla;Viaduto;Não;2;0;2;0;0;0;2;1;-27,81778;-48,6315;SR-SC;UOP02;DEL01
271549;25/02/2020;terça-feira;05:30:00;RS;116;52,1;VACARIA;Velocidade Incompatível;Saída de leito carroçável;Sem Vítimas;Pleno dia;Decrescente;Chuva;Simples;Não Informado;Não;1;0;0;0;0;1;0;1;-28,5823;-51,02379;SR-RS;UOP03;DEL05
271550;25/02/2020;terça-feira;05:50:00;MG;381;320;NOVA ERA;Condutor Dormindo;Saída de leito carroçável;Com Vítimas Feridas;Amanhecer;Crescente;Nublado;Simples;Reta;Não;3;0;3;0;0;0;3;1;-19,71519;-43,0011;SR-MG;UOP02;DEL03
271551;25/02/2020;terça-feira;05:30:00;SP;116;562;BARRA DO TURVO;Velocidade Incompatível;Saída de leito carroçável;Com Vítimas Fatais;Amanhecer;Crescente;Céu Claro;Simples;Curva;Não;1;1;0;0;0;0;0;1;-25,02464;-48,52214;SR-SP;UOP02;DEL05
271552;25/02/2020;terça-feira;07:10:00;SC;282;3;FLORIANOPOLIS;Ingestão de Álcool;Colisão com objeto estático;Sem Vítimas;Pleno dia;Crescente;Garoa/Chuvisco;Múltipla;Reta;Sim;1;0;0;0;1;0;0;1;-27,60038;-48,59971;SR-SC;UOP01;DEL01
271553;25/02/2020;terça-feira;06:30:00;RS;290;39,7;SANTO ANTONIO DA PATRULHA;Condutor Dormindo;Saída de leito carroçável;Com Vítimas Feridas;Amanhecer;Decrescente;Nublado;Dupla;Reta;Não;4;0;2;0;2;0;2;1;-29,88625;-50,64823;SR-RS;UOP01;DEL03
271554;25/02/2020;terça-feira;08:30:00;PR;277;715;FOZ DO IGUACU;Pista Escorregadia;Saída de leito carroçável;Sem Vítimas;Pleno dia;Crescente;Chuva;Dupla;Reta;Não;1;0;0;0;1;0;0;1;-25,39955;-54,39159;SR-PR;UOP01;DEL05
271556;25/02/2020;terça-feira;08:00:00;BA;116;849;VITORIA DA CONQUISTA;Carga excessiva e/ou mal acondicionada;Saída de leito carroçável;Com Vítimas Feridas;Pleno dia;Decrescente;Nublado;Simples;Curva;Não;3;0;1;0;2;0;1;3;-14,98358;-40,92239;SR-BA;UOP03;DEL08
271557;25/02/2020;terça-feira;08:20:00;RS;285;365;COLORADO;Não guardar distância de segurança;Colisão traseira;Com Vítimas Feridas;Pleno dia;Decrescente;Chuva;Simples;Não Informado;Não;5;0;2;0;3;0;2;2;-28,38715;-53,02002;SR-RS;UOP03;DEL08
271558;25/02/2020;terça-feira;08:00:00;RJ;40;83;PETROPOLIS;Desobediência às normas de trânsito pelo condutor;Colisão frontal;Sem Vítimas;Pleno dia;Decrescente;Céu Claro;Simples;Não Informado;Não;2;0;0;0;2;0;0;2;-22,54002;-43,22417;SR-RJ;UOP03;DEL06
271559;25/02/2020;terça-feira;09:15:00;SP;101;40;UBATUBA;Desobediência às normas de trânsito pelo condutor;Colisão transversal;Com Vítimas Feridas;Pleno dia;Decrescente;Céu Claro;Simples;Reta;Não;2;0;1;0;1;0;1;2;-23,41348;-45,03343;SR-SP;UOP02;DEL06
271560;25/02/2020;terça-feira;09:40:00;PR;277;77,5;CURITIBA;Objeto estático sobre o leito carroçável;Colisão com objeto estático;Com Vítimas Feridas;Pleno dia;Crescente;Nublado;Dupla;Reta;Sim;2;0;2;0;0;0;2;2;-25,48326;-49,19128;SR-PR;UOP01;DEL01
271561;23/02/2020;domingo;20:50:00;BA;116;460;SANTO ESTEVAO;Velocidade Incompatível;Tombamento;Com Vítimas Feridas;Plena Noite;Decrescente;Céu Claro;Simples;Reta;Sim;1;0;1;0;0;0;1;1;-12,4417;-39,23273;SR-BA;UOP01;DEL02
271562;25/02/2020;terça-feira;09:45:00;RS;386;287,6;SAO JOSE DO HERVAL;Falta de Atenção à Condução;Colisão transversal;Com Vítimas Feridas;Pleno dia;Decrescente;Nublado;Simples;Reta;Não;8;0;0;4;2;2;4;2;-29,07486;-52,27854;SR-RS;UOP03;DEL04
271563;25/02/2020;terça-feira;08:50:00;MG;50;63;UBERLANDIA;Falta de Atenção à Condução;Colisão lateral;Com Vítimas Feridas;Pleno dia;Crescente;Nublado;Dupla;Reta;Não;2;0;1;0;1;0;1;2;-18,81603;-48,25003;SR-MG;UOP02;DEL15
271564;25/02/2020;terça-feira;09:40:00;MG;381;720,9;CARMO DA CACHOEIRA;Velocidade Incompatível;Tombamento;Com Vítimas Fatais;Pleno dia;Decrescente;Céu Claro;Dupla;Curva;Não;1;1;0;0;0;0;0;1;-21,43819;-45,20867;SR-MG;UOP02;DEL04
271565;25/02/2020;terça-feira;09:10:00;AL;101;192;JUNQUEIRO;Defeito Mecânico no Veículo;Capotamento;Com Vítimas Feridas;Pleno dia;Crescente;Céu Claro;Simples;Reta;Não;1;0;1;0;0;0;1;1;-9,93276;-36,48032;SR-AL;UOP02;DEL02
271567;25/02/2020;terça-feira;08:00:00;SC;101;95;BARRA VELHA;Pista Escorregadia;Colisão com objeto estático;Com Vítimas Feridas;Pleno dia;Crescente;Chuva;Múltipla;Reta;Não;1;0;1;0;0;0;1;1;-26,70876;-48,70221;SR-SC;UOP02;DEL03
271568;25/02/2020;terça-feira;08:25:00;ES;259;72;COLATINA;Não guardar distância de segurança;Colisão traseira;Com Vítimas Feridas;Pleno dia;Crescente;Nublado;Simples;Reta;Não;2;0;1;0;0;1;1;2;-19,52761;-40,81049;SR-ES;UOP01;DEL02
271569;25/02/2020;terça-feira;10:10:00;ES;101;269,3;SERRA;Não guardar distância de segurança;Colisão traseira;Com Vítimas Feridas;Pleno dia;Decrescente;Sol;Dupla;Reta;Sim;2;0;1;0;1;0;1;2;-20,21824;-40,26884;SR-ES;UOP01;DEL02
271570;25/02/2020;terça-feira;07:00:00;SC;470;178,5;POUSO REDONDO;Velocidade Incompatível;Tombamento;Com Vítimas Feridas;Pleno dia;Crescente;Chuva;Simples;Reta;Não;2;0;1;0;1;0;1;1;-27,24839;-49,96708;SR-SC;UOP02;DEL04
271571;26/01/2020;domingo;17:20:00;SC;282;568;NOVA ITABERABA;Mal Súbito;Colisão frontal;Com Vítimas Feridas;Pleno dia;Crescente;Céu Claro;Simples;Curva;Não;3;0;2;1;0;0;3;2;-26,89968;-52,91576;SR-SC;DEL7;UOP02/SC
271572;25/02/2020;terça-feira;10:00:00;PE;232;81;GRAVATA;Falta de Atenção à Condução;Colisão traseira;Com Vítimas Feridas;Pleno dia;Decrescente;Céu Claro;Dupla;Reta;Sim;2;0;0;1;1;0;1;2;-8,196977;-35,5785;SR-PE;UOP04;DEL01
271573;25/02/2020;terça-feira;09:45:00;RS;386;235,8;SOLEDADE;Falta de Atenção à Condução;Colisão lateral;Com Vítimas Feridas;Pleno dia;Crescente;Nublado;Simples;Reta;Não;5;0;4;0;0;1;4;2;-28,73735;-52,55411;SR-RS;UOP03;DEL04
271575;25/02/2020;terça-feira;11:25:00;RN;304;90,3;ACU;Desobediência às normas de trânsito pelo condutor;Colisão lateral;Com Vítimas Feridas;Pleno dia;Decrescente;Céu Claro;Simples;Não Informado;Não;8;0;1;0;7;0;1;2;-5,529579;-37,10085;SR-RN;UOP01;DEL04
271576;25/02/2020;terça-feira;11:10:00;SC;101;459,5;PASSO DE TORRES;Falta de Atenção à Condução;Colisão traseira;Com Vítimas Feridas;Pleno dia;Crescente;Céu Claro;Dupla;Reta;Não;3;0;1;0;2;0;1;2;-29,26064;-49,75605;SR-SC;UOP02;DEL02
271577;25/02/2020;terça-feira;08:40:00;RJ;493;75;JAPERI;Ingestão de Álcool;Colisão traseira;Sem Vítimas;Pleno dia;Crescente;Céu Claro;Dupla;Reta;Sim;2;0;0;0;2;0;0;2;-22,65672;-43,52053;SR-RJ;UOP03;DEL01
271578;25/02/2020;terça-feira;12:20:00;PR;487;131;TUNEIRAS DO OESTE;Velocidade Incompatível;Saída de leito carroçável;Com Vítimas Feridas;Pleno dia;Decrescente;Chuva;Simples;Reta;Não;2;0;2;0;0;0;2;1;-23,88605;-52,8228;SR-PR;UOP03;DEL09
271579;25/02/2020;terça-feira;11:30:00;SC;280;66;JARAGUA DO SUL;Falta de Atenção à Condução;Colisão transversal;Com Vítimas Feridas;Pleno dia;Crescente;Sol;Simples;Reta;Sim;2;0;1;0;1;0;1;2;-26,47607;-49,09569;SR-SC;UOP03;DEL03
271580;25/02/2020;terça-feira;10:50:00;SC;101;145;ITAPEMA;Falta de Atenção à Condução;Engavetamento;Com Vítimas Feridas;Pleno dia;Decrescente;Céu Claro;Dupla;Reta;Sim;6;0;1;0;5;0;1;3;-27,08139;-48,60131;SR-SC;UOP03;DEL04
271581;25/02/2020;terça-feira;11:00:00;RJ;101;306;SAO GONCALO;Não guardar distância de segurança;Colisão com objeto estático;Com Vítimas Feridas;Pleno dia;Crescente;Céu Claro;Dupla;Reta;Sim;3;0;1;0;1;1;1;2;-22,79179;-43,01867;SR-RJ;UOP01;DEL02
271582;25/02/2020;terça-feira;12:50:00;RS;386;179,5;CARAZINHO;Desobediência às normas de trânsito pelo condutor;Colisão transversal;Com Vítimas Feridas;Pleno dia;Decrescente;Nublado;Simples;Reta;Sim;4;0;2;0;2;0;2;2;-28,29553;-52,75339;SR-RS;UOP01;DEL08
271583;25/02/2020;terça-feira;12:30:00;DF;20;17,8;BRASILIA;Pista Escorregadia;Saída de leito carroçável;Com Vítimas Feridas;Pleno dia;Crescente;Chuva;Dupla;Desvio Temporário;Sim;2;0;2;0;0;0;2;1;-15,62137;-47,71698;SR-DF;UOP01;DEL02
271584;25/02/2020;terça-feira;09:05:00;SC;282;300,8;VARGEM;Velocidade Incompatível;Saída de leito carroçável;Com Vítimas Feridas;Pleno dia;Crescente;Chuva;Simples;Curva;Não;3;0;1;0;2;0;1;1;-27,51596;-50,91788;SR-SC;UOP08;DEL07
271585;25/02/2020;terça-feira;12:15:00;RS;153;44;ERECHIM;Pista Escorregadia;Saída de leito carroçável;Com Vítimas Feridas;Pleno dia;Crescente;Chuva;Simples;Curva;Não;1;0;1;0;0;0;1;1;-27,62313;-52,23688;SR-RS;UOP04;DEL08
271586;25/02/2020;terça-feira;10:00:00;GO;70;310,2;JUSSARA;Falta de Atenção à Condução;Saída de leito carroçável;Sem Vítimas;Amanhecer;Decrescente;Céu Claro;Simples;Curva;Não;1;0;0;0;0;1;0;1;-15,87669;-50,82692;SR-GO;UOP01;DEL04
271587;24/02/2020;segunda-feira;17:15:00;RO;425;100;GUAJARA-MIRIM;Desobediência às normas de trânsito pelo condutor;Colisão frontal;Com Vítimas Feridas;Pleno dia;Crescente;Céu Claro;Múltipla;Reta;Sim;2;0;1;0;1;0;1;2;-10,41156;-65,33094;SR-RO;UOP04;DEL01
271588;22/02/2020;sábado;05:00:00;SC;282;518,6;XAXIM;Velocidade Incompatível;Saída de leito carroçável;Sem Vítimas;Plena Noite;Crescente;Céu Claro;Simples;Reta;Não;1;0;0;0;0;1;0;1;-26,93977;-52,5007;SR-SC;UOP01;DEL07
271589;25/02/2020;terça-feira;08:45:00;MG;116;782;LEOPOLDINA;Condutor Dormindo;Saída de leito carroçável;Sem Vítimas;Pleno dia;Decrescente;Nublado;Simples;Ponte;Não;1;0;0;0;1;0;0;1;-21,62704;-42,69997;SR-MG;UOP01;DEL07
271590;25/02/2020;terça-feira;13:50:00;PR;476;130,1;CURITIBA;Objeto estático sobre o leito carroçável;Colisão traseira;Com Vítimas Feridas;Pleno dia;Decrescente;Chuva;Múltipla;Reta;Sim;5;0;3;0;2;0;3;2;-25,45078;-49,23691;SR-PR;UOP06;DEL01
271591;25/02/2020;terça-feira;11:00:00;PR;153;143;VENTANIA;Pista Escorregadia;Saída de leito carroçável;Com Vítimas Feridas;Pleno dia;Crescente;Chuva;Simples;Reta;Não;5;0;4;1;0;0;5;1;-24,10443;-50,24661;SR-PR;UOP05;DEL07
271592;25/02/2020;terça-feira;11:42:00;CE;116;76;CHOROZINHO;Defeito Mecânico no Veículo;Queda de ocupante de veículo;Com Vítimas Feridas;Pleno dia;Decrescente;Nublado;Simples;Reta;Não;2;0;1;0;1;0;1;1;-4,368187;-38,45029;SR-CE;UOP02;DEL03
271593;25/02/2020;terça-feira;13:40:00;TO;226;50;DARCINOPOLIS;Pista Escorregadia;Saída de leito carroçável;Sem Vítimas;Pleno dia;Crescente;Chuva;Simples;Reta;Não;2;0;0;0;2;0;0;1;-6,791375;-47,80262;SR-TO;UOP05;DEL02
271594;25/02/2020;terça-feira;13:20:00;SC;101;326,8;CAPIVARI DE BAIXO;Ingestão de Álcool;Atropelamento de Pedestre;Com Vítimas Feridas;Pleno dia;Decrescente;Nublado;Simples;Desvio Temporário;Sim;2;0;1;1;0;0;2;1;-28,43556;-48,95892;SR-SC;UOP01;DEL02
271595;25/02/2020;terça-feira;13:00:00;BA;101;440;UBAITABA;Defeito Mecânico no Veículo;Saída de leito carroçável;Com Vítimas Feridas;Pleno dia;Crescente;Céu Claro;Simples;Interseção de vias;Não;2;0;0;1;1;0;1;1;-14,26713;-39,32668;SR-BA;UOP01;DEL05
271600;25/02/2020;terça-feira;14:10:00;RS;290;81;GRAVATAI;Falta de Atenção à Condução;Saída de leito carroçável;Com Vítimas Feridas;Pleno dia;Crescente;Céu Claro;Dupla;Reta;Sim;1;0;1;0;0;0;1;1;-29,95444;-51,06881;SR-RS;UOP01;DEL01
271601;25/02/2020;terça-feira;14:30:00;PR;376;402;TIBAGI;Falta de Atenção à Condução;Colisão com objeto estático;Com Vítimas Feridas;Pleno dia;Crescente;Chuva;Dupla;Curva;Não;1;0;0;1;0;0;1;1;-24,61299;-50,65452;SR-PR;UOP04;DEL03
271602;25/02/2020;terça-feira;13:00:00;RJ;40;112;DUQUE DE CAXIAS;Falta de Atenção à Condução;Saída de leito carroçável;Com Vítimas Feridas;Pleno dia;Decrescente;Céu Claro;Múltipla;Reta;Sim;1;0;1;0;0;0;1;1;-22,70045;-43,29015;SR-RJ;UOP01;DEL01
271603;25/02/2020;terça-feira;14:30:00;SP;381;48,9;ATIBAIA;Desobediência às normas de trânsito pelo condutor;Colisão transversal;Com Vítimas Feridas;Pleno dia;Crescente;Sol;Dupla;Reta;Sim;3;0;2;0;1;0;2;2;-23,1972;-46,58737;SR-SP;UOP01;DEL03
271604;25/02/2020;terça-feira;09:30:00;MG;116;528,8;CARATINGA;Falta de Atenção à Condução;Colisão traseira;Com Vítimas Feridas;Pleno dia;Decrescente;Céu Claro;Dupla;Reta;Sim;2;0;1;0;1;0;1;2;-19,79403;-42,13731;SR-MG;UOP02;DEL06
271605;25/02/2020;terça-feira;14:30:00;RN;304;270,6;SAO PEDRO;Ultrapassagem Indevida;Saída de leito carroçável;Com Vítimas Feridas;Pleno dia;Crescente;Céu Claro;Simples;Não Informado;Não;2;0;2;0;0;0;2;1;-5,871625;-35,57815;SR-RN;UOP02;DEL01
271606;25/02/2020;terça-feira;10:00:00;AC;364;511,7;FEIJO;Ingestão de Álcool;Saída de leito carroçável;Com Vítimas Feridas;Pleno dia;Decrescente;Céu Claro;Simples;Desvio Temporário;Não;1;0;0;1;0;0;1;1;-8,190795;-70,52181;SR-AC;UOP01;DEL01
271607;25/02/2020;terça-feira;14:30:00;PR;277;727;FOZ DO IGUACU;Pista Escorregadia;Tombamento;Com Vítimas Feridas;Pleno dia;Crescente;Chuva;Dupla;Reta;Sim;2;0;0;1;1;0;1;1;-25,51017;-54,56455;SR-PR;UOP02;DEL05
271608;25/02/2020;terça-feira;15:15:00;RS;470;195,6;BENTO GONCALVES;Pista Escorregadia;Colisão frontal;Com Vítimas Feridas;Pleno dia;Crescente;Chuva;Simples;Não Informado;Não;3;0;2;0;1;0;2;2;-29,05097;-51,58205;SR-RS;UOP02;DEL06
271609;25/02/2020;terça-feira;10:45:00;SE;101;17;CEDRO DE SAO JOAO;Defeito Mecânico no Veículo;Saída de leito carroçável;Sem Vítimas;Pleno dia;Crescente;Céu Claro;Dupla;Não Informado;Não;1;0;0;0;1;0;0;1;-10,33832;-36,89396;SR-SE;UOP02;DEL02
271610;22/02/2020;sábado;05:30:00;MT;364;8;ALTO ARAGUAIA;Não guardar distância de segurança;Colisão traseira;Com Vítimas Feridas;Amanhecer;Crescente;Chuva;Simples;Desvio Temporário;Não;2;0;1;0;1;0;1;2;-17,27669;-53,26958;SR-MT;UOP04;DEL02
271611;25/02/2020;terça-feira;14:58:00;MG;381;455,6;BELO HORIZONTE;Desobediência às normas de trânsito pelo condutor;Colisão transversal;Sem Vítimas;Pleno dia;Decrescente;Sol;Simples;Curva;Não;2;0;0;0;2;0;0;2;-19,83795;-43,88167;SR-MG;UOP01;DEL01
271612;25/02/2020;terça-feira;15:30:00;MG;381;484;BETIM;Falta de Atenção à Condução;Colisão lateral;Com Vítimas Feridas;Pleno dia;Crescente;Chuva;Dupla;Desvio Temporário;Não;5;0;0;2;1;2;2;2;-19,95532;-44,11722;SR-MG;UOP03;DEL01
271613;25/02/2020;terça-feira;15:30:00;RS;470;218;BENTO GONCALVES;Velocidade Incompatível;Saída de leito carroçável;Sem Vítimas;Pleno dia;Decrescente;Chuva;Simples;Curva;Não;2;0;0;0;2;0;0;1;-29,17292;-51,52425;SR-RS;UOP01;DEL06
271614;25/02/2020;terça-feira;15:40:00;MG;381;492,9;BETIM;Falta de Atenção à Condução;Queda de ocupante de veículo;Com Vítimas Feridas;Pleno dia;Crescente;Nublado;Dupla;Reta;Sim;1;0;1;0;0;0;1;1;-19,9749;-44,19004;SR-MG;UOP03;DEL01
271615;04/02/2020;terça-feira;18:10:00;SP;116;133;CACAPAVA;Desobediência às normas de trânsito pelo condutor;Atropelamento de Pedestre;Com Vítimas Feridas;Anoitecer;Crescente;Chuva;Dupla;Reta;Não;4;0;0;1;2;1;1;1;-23,13596;-45,75327;SR-SP;UOP01;DEL06
271616;25/02/2020;terça-feira;15:35:00;PR;277;124,8;BALSA NOVA;Velocidade Incompatível;Colisão traseira;Com Vítimas Feridas;Pleno dia;Decrescente;Chuva;Simples;Curva;Não;10;0;2;2;6;0;4;4;-25,47034;-49,59927;SR-PR;UOP03;DEL03
271617;25/02/2020;terça-feira;14:20:00;SC;280;124,8;RIO NEGRINHO;Desobediência às normas de trânsito pelo condutor;Colisão traseira;Com Vítimas Feridas;Pleno dia;Decrescente;Chuva;Simples;Interseção de vias;Sim;3;0;0;2;1;0;2;2;-26,23896;-49,50075;SR-SC;UOP03;DEL06
271618;25/02/2020;terça-feira;15:15:00;PR;476;133;CURITIBA;Falta de Atenção à Condução;Saída de leito carroçável;Sem Vítimas;Pleno dia;Crescente;Garoa/Chuvisco;Múltipla;Reta;Sim;1;0;0;0;1;0;0;1;-25,46922;-49,25414;SR-PR;UOP03;DEL01
271619;25/02/2020;terça-feira;16:00:00;PR;116;105,5;SAO JOSE DOS PINHAIS;Falta de Atenção à Condução;Engavetamento;Sem Vítimas;Pleno dia;Crescente;Céu Claro;Dupla;Reta;Não;5;0;0;0;4;1;0;5;-25,56635;-49,16834;SR-PR;UOP01;DEL01
271620;25/02/2020;terça-feira;15:10:00;MG;40;737,9;SANTOS DUMONT;Condutor Dormindo;Saída de leito carroçável;Com Vítimas Feridas;Pleno dia;Decrescente;Nublado;Simples;Curva;Não;2;0;1;0;1;0;1;1;-21,38297;-43,57034;SR-MG;UOP01;DEL05