id;data_inversa;dia_semana;horario;uf;br;km;municipio;causa_acidente;tipo_acidente;classificacao_acidente;fase_dia;sentido_via;condicao_metereologica;tipo_pista;tracado_via;uso_solo;pessoas;mortos;feridos_leves;feridos_graves;ilesos;ignorados;feridos;veiculos;latitude;longitude;regional;delegacia;uop
271622;25/02/2020;terça-feira;15:30:00;PI;222;62;PIRIPIRI;Carga excessiva e/ou mal acondicionada;Saída de leito carroçável;Com Vítimas Feridas;Pleno dia;Crescente;Nublado;Simples;Reta;Não;4;0;2;1;1;0;3;1;-4,233175;-41,70161;SR-PI;UOP01;DEL02
271623;25/02/2020;terça-feira;15:30:00;MG;153;236;FRONTEIRA;Falta de Atenção à Condução;Colisão transversal;Com Vítimas Feridas;Pleno dia;Crescente;Chuva;Simples;Reta;Não;4;0;3;0;1;0;3;2;-20,24501;-49,16503;SR-MG;UOP02;DEL13
271624;25/02/2020;terça-feira;15:40:00;RS;101;21;TRES CACHOEIRAS;Falta de Atenção à Condução;Colisão traseira;Com Vítimas Feridas;Pleno dia;Crescente;Chuva;Dupla;Retorno Regulamentado;Sim;2;0;1;0;1;0;1;2;-29,43445;-49,89335;SR-RS;UOP02;DEL03
271625;25/02/2020;terça-feira;15:30:00;PE;101;51,2;ABREU E LIMA;Falta de Atenção à Condução;Colisão transversal;Sem Vítimas;Pleno dia;Decrescente;Nublado;Múltipla;Retorno Regulamentado;Sim;3;0;0;0;2;1;0;2;-7,916997;-34,89689;SR-PE;UOP02;DEL01
271626;25/02/2020;terça-feira;15:45:00;RS;285;214;CASEIROS;Pista Escorregadia;Saída de leito carroçável;Sem Vítimas;Pleno dia;Decrescente;Chuva;Simples;Desvio Temporário;Não;1;0;0;0;1;0;0;1;-28,25458;-51,65497;SR-RS;UOP05;DEL08
271627;25/02/2020;terça-feira;16:40:00;RN;110;46,5;MOSSORO;Mal Súbito;Queda de ocupante de veículo;Com Vítimas Feridas;Pleno dia;Decrescente;Céu Claro;Simples;Reta;Sim;1;0;0;1;0;0;1;1;-5,197977;-37,3184;SR-RN;UOP01;DEL04
271629;25/02/2020;terça-feira;16:45:00;PR;369;152,7;LONDRINA;Desobediência às normas de trânsito pelo condutor;Colisão transversal;Com Vítimas Fatais;Pleno dia;Crescente;Nublado;Dupla;Não Informado;Sim;4;1;1;0;2;0;1;2;-23,29353;-51,1873;SR-PR;UOP01;DEL07
271630;25/02/2020;terça-feira;14:38:00;MS;NA;NA;ITAQUIRAI;Desobediência às normas de trânsito pelo condutor;Colisão transversal;Com Vítimas Feridas;Pleno dia;Não Informado;Céu Claro;Simples;Interseção de vias;Sim;2;0;0;1;1;0;1;2;-23,48156;-54,18497;SR-MS;UOP01;DEL09
271631;25/02/2020;terça-feira;14:50:00;RJ;101;283;ITABORAI;Defeito Mecânico no Veículo;Queda de ocupante de veículo;Com Vítimas Feridas;Pleno dia;Crescente;Céu Claro;Dupla;Curva;Sim;2;0;1;0;1;0;1;1;-22,73591;-42,80593;SR-RJ;UOP03;DEL02
271632;25/02/2020;terça-feira;17:00:00;AL;101;78,2;RIO LARGO;Falta de Atenção à Condução;Colisão traseira;Com Vítimas Feridas;Anoitecer;Crescente;Nublado;Dupla;Reta;Não;2;0;0;1;1;0;1;2;-9,431267;-35,83741;SR-AL;UOP01;DEL01
271633;25/02/2020;terça-feira;15:20:00;BA;116;23,7;VITORIA DA CONQUISTA;Falta de Atenção à Condução;Colisão lateral;Com Vítimas Feridas;Pleno dia;Crescente;Céu Claro;Simples;Reta;Não;3;0;3;0;0;0;3;2;-14,86861;-40,79982;SR-BA;UOP01;DEL08
271634;25/02/2020;terça-feira;16:45:00;PR;376;450,9;TIBAGI;Falta de Atenção à Condução;Saída de leito carroçável;Com Vítimas Feridas;Pleno dia;Crescente;Chuva;Dupla;Curva;Não;2;0;1;0;1;0;1;1;-24,97696;-50,41326;SR-PR;UOP04;DEL03
271635;25/02/2020;terça-feira;17:15:00;CE;116;87,5;OCARA;Animais na Pista;Atropelamento de Animal;Com Vítimas Feridas;Pleno dia;Decrescente;Céu Claro;Simples;Reta;Não;2;0;1;0;1;0;1;1;-4,443525;-38,38552;SR-CE;UOP02;DEL03
271637;25/02/2020;terça-feira;16:20:00;MG;365;700;MONTE ALEGRE DE MINAS;Defeito na Via;Engavetamento;Com Vítimas Feridas;Pleno dia;Decrescente;Céu Claro;Dupla;Reta;Não;6;0;2;1;3;0;3;3;-18,88014;-48,99816;SR-MG;UOP03;DEL15
271638;25/02/2020;terça-feira;14:20:00;PR;277;401,6;CANDOI;Velocidade Incompatível;Saída de leito carroçável;Com Vítimas Feridas;Pleno dia;Decrescente;Chuva;Simples;Curva;Não;3;0;3;0;0;0;3;1;-25,45262;-51,93634;SR-PR;UOP03;DEL04
271641;25/02/2020;terça-feira;15:40:00;PR;369;481,3;CORBELIA;Velocidade Incompatível;Colisão com objeto estático;Com Vítimas Feridas;Pleno dia;Decrescente;Chuva;Simples;Curva;Não;4;0;1;1;2;0;2;1;-24,6439;-53,2145;SR-PR;UOP04;DEL04
271642;25/02/2020;terça-feira;16:00:00;MG;381;0,1;BETIM;Desobediência às normas de trânsito pelo condutor;Colisão lateral;Com Vítimas Feridas;Pleno dia;Decrescente;Nublado;Dupla;Não Informado;Sim;5;0;2;0;1;2;2;2;-19,97563;-44,19775;SR-MG;UOP03;DEL01
271643;25/02/2020;terça-feira;18:00:00;MG;40;479,8;SETE LAGOAS;Não guardar distância de segurança;Saída de leito carroçável;Com Vítimas Feridas;Anoitecer;Decrescente;Chuva;Dupla;Não Informado;Não;3;0;3;0;0;0;3;1;-19,53623;-44,25468;SR-MG;UOP01;DEL02
271644;25/02/2020;terça-feira;17:10:00;GO;70;47;COCALZINHO DE GOIAS;Fenômenos da Natureza;Colisão transversal;Com Vítimas Feridas;Anoitecer;Crescente;Céu Claro;Simples;Curva;Não;2;0;0;2;0;0;2;2;-15,75276;-48,58974;SR-DF;UOP03;DEL01
271645;25/02/2020;terça-feira;17:50:00;BA;324;518;FEIRA DE SANTANA;Objeto estático sobre o leito carroçável;Tombamento;Com Vítimas Feridas;Anoitecer;Decrescente;Céu Claro;Simples;Curva;Sim;2;0;1;1;0;0;2;1;-12,2582;-38,93218;SR-BA;UOP01;DEL02
271646;25/02/2020;terça-feira;18:20:00;PR;376;186;SARANDI;Ingestão de álcool e/ou substâncias psicoativas pelo pedestre;Colisão transversal;Com Vítimas Feridas;Anoitecer;Decrescente;Chuva;Dupla;Não Informado;Sim;3;0;1;1;1;0;2;2;-23,45644;-51,84511;SR-PR;UOP01;DEL09
271648;25/02/2020;terça-feira;17:00:00;SP;116;431;REGISTRO;Velocidade Incompatível;Saída de leito carroçável;Com Vítimas Feridas;Anoitecer;Crescente;Chuva;Dupla;Reta;Não;2;0;1;0;1;0;1;2;-24,41195;-47,75393;SR-SP;UOP01;DEL05
271649;25/02/2020;terça-feira;15:20:00;PR;153;89,9;JAPIRA;Pista Escorregadia;Saída de leito carroçável;Com Vítimas Feridas;Pleno dia;Decrescente;Chuva;Simples;Reta;Não;2;0;0;2;0;0;2;1;-23,6794;-50,16798;SR-PR;UOP05;DEL07
271650;25/02/2020;terça-feira;18:30:00;PR;116;126;FAZENDA RIO GRANDE;Ingestão de Álcool;Colisão traseira;Com Vítimas Feridas;Anoitecer;Decrescente;Nublado;Dupla;Reta;Sim;3;0;1;0;2;0;1;3;-25,6039;-49,31824;SR-PR;UOP03;DEL01
271651;25/02/2020;terça-feira;16:40:00;ES;101;253,2;SERRA;Não guardar distância de segurança;Tombamento;Com Vítimas Feridas;Pleno dia;Crescente;Céu Claro;Simples;Reta;Não;2;0;1;1;0;0;2;1;-20,10337;-40,33384;SR-ES;UOP01;DEL02
271652;25/02/2020;terça-feira;18:10:00;RN;101;125,5;SAO JOSE DE MIPIBU;Desobediência às normas de trânsito pelo condutor;Colisão traseira;Com Vítimas Feridas;Plena Noite;Crescente;Céu Claro;Dupla;Retorno Regulamentado;Sim;2;0;1;0;1;0;1;2;-6,078894;-35,23419;SR-RN;UOP01;DEL01
271653;25/02/2020;terça-feira;18:30:00;PB;230;22;JOAO PESSOA;Falta de Atenção à Condução;Tombamento;Com Vítimas Feridas;Plena Noite;Crescente;Céu Claro;Dupla;Reta;Sim;1;0;1;0;0;0;1;1;-7,1495;-34,8517;SR-PB;UOP01;DEL01
271654;25/02/2020;terça-feira;17:50:00;PR;116;15,6;CAMPINA GRANDE DO SUL;Avarias e/ou desgaste excessivo no pneu;Colisão lateral;Com Vítimas Feridas;Anoitecer;Crescente;Chuva;Dupla;Curva;Não;11;0;2;1;8;0;3;3;-25,09833;-48,68266;SR-PR;UOP02;DEL01
271655;25/02/2020;terça-feira;16:15:00;SP;116;138,8;SAO JOSE DOS CAMPOS;Não guardar distância de segurança;Engavetamento;Com Vítimas Feridas;Pleno dia;Crescente;Nublado;Dupla;Reta;Não;2;0;1;0;1;0;1;2;-23,15727;-45,79555;SR-SP;UOP01;DEL06
271656;25/02/2020;terça-feira;16:35:00;SP;116;138,6;SAO JOSE DOS CAMPOS;Falta de Atenção à Condução;Colisão lateral;Com Vítimas Feridas;Pleno dia;Crescente;Nublado;Dupla;Reta;Não;2;0;1;0;1;0;1;2;-23,15727;-45,79555;SR-SP;UOP01;DEL06
271657;25/02/2020;terça-feira;18:10:00;MG;262;537;LUZ;Pista Escorregadia;Saída de leito carroçável;Com Vítimas Feridas;Plena Noite;Crescente;Chuva;Simples;Não Informado;Não;4;0;2;0;2;0;2;1;-19,77287;-45,77985;SR-MG;UOP02;DEL08
271658;25/02/2020;terça-feira;18:00:00;SC;101;51;JOINVILLE;Ingestão de Álcool;Colisão traseira;Sem Vítimas;Anoitecer;Decrescente;Garoa/Chuvisco;Dupla;Reta;Não;3;0;0;0;3;0;0;3;-26,38507;-48,84918;SR-SC;UOP01;DEL03
271659;25/02/2020;terça-feira;18:35:00;SP;116;93,2;PINDAMONHANGABA;Defeito Mecânico no Veículo;Tombamento;Com Vítimas Feridas;Plena Noite;Crescente;Nublado;Dupla;Reta;Não;2;0;2;0;0;0;2;1;-22,95653;-45,413;SR-SP;UOP01;DEL06
271660;25/02/2020;terça-feira;19:10:00;SE;101;11;CEDRO DE SAO JOAO;Defeito na Via;Colisão com objeto estático;Sem Vítimas;Plena Noite;Decrescente;Céu Claro;Simples;Túnel;Não;1;0;0;0;0;1;0;1;-10,28768;-36,87861;SR-SE;UOP02;DEL02
271661;25/02/2020;terça-feira;18:20:00;PR;476;155,7;ARAUCARIA;Falta de Atenção à Condução;Colisão traseira;Com Vítimas Feridas;Plena Noite;Decrescente;Chuva;Dupla;Reta;Sim;6;0;4;0;2;0;4;2;-25,5909;-49,41062;SR-PR;UOP04;DEL01
271662;25/02/2020;terça-feira;16:30:00;MG;262;188;SAO DOMINGOS DO PRATA;Velocidade Incompatível;Capotamento;Com Vítimas Feridas;Pleno dia;Decrescente;Nublado;Simples;Reta;Não;1;0;1;0;0;0;1;1;-19,88273;-43,04968;SR-MG;UOP01;DEL03
271663;25/02/2020;terça-feira;19:15:00;RS;158;196,1;CRUZ ALTA;Falta de Atenção à Condução;Colisão traseira;Com Vítimas Feridas;Anoitecer;Crescente;Garoa/Chuvisco;Simples;Reta;Sim;3;0;1;0;2;0;1;2;-28,65263;-53,58356;SR-RS;UOP02;DEL10
271665;25/02/2020;terça-feira;19:00:00;BA;101;358;WENCESLAU GUIMARAES;Ingestão de Álcool;Colisão transversal;Com Vítimas Feridas;Plena Noite;Crescente;Céu Claro;Simples;Reta;Sim;8;0;1;3;4;0;4;2;-13,68556;-39,47946;SR-BA;UOP03;DEL05
271666;25/02/2020;terça-feira;19:20:00;ES;262;19;VIANA;Falta de Atenção à Condução;Colisão transversal;Com Vítimas Feridas;Plena Noite;Crescente;Céu Claro;Simples;Interseção de vias;Sim;8;0;5;0;3;0;5;2;-20,39191;-40,49002;SR-ES;UOP01;DEL01
271667;25/02/2020;terça-feira;19:30:00;MT;70;23;BARRA DO GARCAS;Defeito na Via;Saída de leito carroçável;Com Vítimas Feridas;Plena Noite;Crescente;Céu Claro;Simples;Não Informado;Não;4;0;4;0;0;0;4;1;-15,83954;-52,44972;SR-MT;UOP01;DEL07
271668;25/02/2020;terça-feira;19:20:00;RS;285;460,2;IJUI;Desobediência às normas de trânsito pelo condutor;Colisão transversal;Com Vítimas Feridas;Plena Noite;Decrescente;Nublado;Simples;Interseção de vias;Sim;4;0;2;0;2;0;2;2;-28,41858;-53,91571;SR-RS;UOP01;DEL10
271669;08/01/2020;quarta-feira;14:05:00;ES;262;101,5;VENDA NOVA DO IMIGRANTE;Desobediência às normas de trânsito pelo condutor;Colisão lateral;Com Vítimas Feridas;Pleno dia;Crescente;Céu Claro;Simples;Não Informado;Não;3;0;0;2;1;0;2;2;-20,34357;-41,10951;SR-ES;DEL12/1;UOP02/ES
271670;25/02/2020;terça-feira;19:15:00;BA;116;413,7;FEIRA DE SANTANA;Desobediência às normas de trânsito pelo condutor;Colisão frontal;Com Vítimas Feridas;Plena Noite;Crescente;Céu Claro;Simples;Interseção de vias;Sim;2;0;0;1;1;0;1;2;-12,14247;-38,96658;SR-BA;UOP01;DEL02
271671;25/02/2020;terça-feira;19:00:00;MG;381;453;SABARA;Condutor Dormindo;Colisão lateral;Com Vítimas Feridas;Plena Noite;Decrescente;Céu Claro;Simples;Curva;Não;4;0;0;1;3;0;1;3;-19,85198;-43,88851;SR-MG;UOP01;DEL01
271672;25/02/2020;terça-feira;19:20:00;BA;116;505;SANTA TERESINHA;Falta de Atenção à Condução;Colisão transversal;Com Vítimas Fatais;Plena Noite;Crescente;Céu Claro;Simples;Reta;Não;3;1;0;1;0;1;1;2;-12,61279;-39,56859;SR-BA;UOP02;DEL03
271673;25/02/2020;terça-feira;19:30:00;PR;376;450,8;TIBAGI;Velocidade Incompatível;Saída de leito carroçável;Com Vítimas Feridas;Plena Noite;Crescente;Chuva;Dupla;Curva;Não;3;0;2;0;1;0;2;1;-24,87719;-50,44232;SR-PR;UOP04;DEL03
271674;25/02/2020;terça-feira;13:10:00;BA;116;448,7;ANTONIO CARDOSO;Condutor Dormindo;Saída de leito carroçável;Com Vítimas Feridas;Pleno dia;Decrescente;Céu Claro;Múltipla;Não Informado;Não;1;0;1;0;0;0;1;1;-12,36969;-39,11399;SR-BA;UOP01;DEL02
271675;25/02/2020;terça-feira;19:30:00;PE;232;462;SAO JOSE DO BELMONTE;Animais na Pista;Atropelamento de Animal;Com Vítimas Feridas;Plena Noite;Crescente;Céu Claro;Simples;Reta;Não;2;0;1;0;1;0;1;1;-8,028302;-38,73139;SR-PE;UOP01;DEL05
271676;25/02/2020;terça-feira;18:45:00;RS;392;26,1;RIO GRANDE;Não guardar distância de segurança;Engavetamento;Sem Vítimas;Anoitecer;Crescente;Céu Claro;Dupla;Reta;Sim;8;0;0;0;8;0;0;4;-32,07835;-52,25665;SR-RS;UOP02;DEL07
271677;25/02/2020;terça-feira;19:30:00;RS;470;218,7;BENTO GONCALVES;Velocidade Incompatível;Colisão frontal;Com Vítimas Fatais;Plena Noite;Crescente;Garoa/Chuvisco;Simples;Curva;Sim;5;1;0;2;2;0;2;3;-29,18736;-51,52078;SR-RS;UOP01;DEL06
271678;25/02/2020;terça-feira;19:50:00;RJ;40;114;DUQUE DE CAXIAS;Pista Escorregadia;Colisão traseira;Sem Vítimas;Plena Noite;Crescente;Chuva;Múltipla;Reta;Não;3;0;0;0;3;0;0;3;-22,71854;-43,28993;SR-RJ;UOP01;DEL01
271679;25/02/2020;terça-feira;19:45:00;PR;277;349,1;GUARAPUAVA;Falta de Atenção à Condução;Colisão traseira;Com Vítimas Feridas;Plena Noite;Crescente;Garoa/Chuvisco;Simples;Reta;Sim;4;0;2;0;2;0;2;2;-25,38774;-51,51598;SR-PR;UOP01;DEL08
271680;25/02/2020;terça-feira;15:40:00;SC;282;384,7;JOACABA;Pista Escorregadia;Saída de leito carroçável;Com Vítimas Feridas;Pleno dia;Crescente;Chuva;Simples;Curva;Não;1;0;1;0;0;0;1;1;-27,20299;-51,5151;SR-SC;UOP07;DEL07
271681;25/02/2020;terça-feira;20:00:00;GO;60;93;ANAPOLIS;Ingestão de Álcool;Colisão traseira;Com Vítimas Feridas;Plena Noite;Decrescente;Céu Claro;Dupla;Reta;Sim;5;0;1;0;4;0;1;2;-16,3538;-48,9268;SR-GO;UOP01;DEL02
271682;25/02/2020;terça-feira;20:00:00;PB;230;14,5;CABEDELO;Desobediência às normas de trânsito pelo condutor;Colisão frontal;Com Vítimas Feridas;Plena Noite;Decrescente;Céu Claro;Simples;Reta;Sim;2;0;0;2;0;0;2;2;-7,0844;-34,8488;SR-PB;UOP01;DEL01
271683;25/02/2020;terça-feira;19:40:00;RS;470;177;VERANOPOLIS;Falta de Atenção à Condução;Colisão com objeto estático;Sem Vítimas;Plena Noite;Decrescente;Chuva;Simples;Rotatória;Sim;1;0;0;0;0;1;0;1;-28,94753;-51,55413;SR-RS;UOP02;DEL06
271684;25/02/2020;terça-feira;19:10:00;PE;407;126,5;PETROLINA;Falta de Atenção à Condução;Colisão transversal;Com Vítimas Feridas;Plena Noite;Crescente;Céu Claro;Simples;Reta;Sim;3;0;1;0;2;0;1;2;-9,389309;-40,52374;SR-PE;UOP01;DEL06
271685;25/02/2020;terça-feira;13:51:00;SC;101;308;LAGUNA;Defeito Mecânico no Veículo;Incêndio;Sem Vítimas;Pleno dia;Crescente;Nublado;Dupla;Reta;Não;1;0;0;0;0;1;0;1;-28,39962;-48,7854;SR-SC;UOP01;DEL02
271686;25/02/2020;terça-feira;18:20:00;PR;376;205,9;MANDAGUARI;Ingestão de Álcool;Saída de leito carroçável;Com Vítimas Feridas;Anoitecer;Crescente;Chuva;Dupla;Não Informado;Não;1;0;1;0;0;0;1;1;-23,50951;-51,7214;SR-PR;UOP01;DEL09
271687;25/02/2020;terça-feira;19:50:00;PA;316;62;CASTANHAL;Não guardar distância de segurança;Colisão traseira;Com Vítimas Feridas;Plena Noite;Decrescente;Ignorado;Dupla;Reta;Sim;2;0;0;1;1;0;1;2;-1,296598;-47,92715;SR-PA;UOP01;DEL01
271689;25/02/2020;terça-feira;19:40:00;MG;381;510,5;BETIM;Velocidade Incompatível;Colisão traseira;Com Vítimas Feridas;Plena Noite;Decrescente;Céu Claro;Dupla;Reta;Sim;3;0;2;0;1;0;2;2;-20,0627;-44,29207;SR-MG;UOP03;DEL01
271690;25/02/2020;terça-feira;16:05:00;SC;101;216,4;PALHOCA;Não guardar distância de segurança;Colisão traseira;Com Vítimas Feridas;Pleno dia;Decrescente;Nublado;Dupla;Interseção de vias;Sim;2;0;1;0;1;0;1;2;-27,65981;-48,67748;SR-SC;UOP02;DEL01
271691;25/02/2020;terça-feira;18:50:00;RO;364;15;VILHENA;Desobediência às normas de trânsito pelo condutor;Colisão transversal;Com Vítimas Feridas;Anoitecer;Crescente;Céu Claro;Dupla;Reta;Sim;3;0;1;0;2;0;1;2;-12,73673;-60,14804;SR-RO;UOP01;DEL04
271692;25/02/2020;terça-feira;21:00:00;RS;471;676,2;CHUI;Falta de Atenção do Pedestre;Atropelamento de Pedestre;Com Vítimas Fatais;Plena Noite;Crescente;Céu Claro;Simples;Reta;Não;2;1;0;0;1;0;0;1;-33,70608;-53,33362;SR-RS;UOP04;DEL07
271694;25/02/2020;terça-feira;21:00:00;SP;116;210,9;GUARULHOS;Falta de Atenção à Condução;Tombamento;Com Vítimas Feridas;Plena Noite;Crescente;Chuva;Múltipla;Reta;Sim;2;0;2;0;0;0;2;1;-23,4287;-46,41086;SR-SP;UOP01;DEL01
271695;25/02/2020;terça-feira;18:20:00;PR;277;690,4;SAO MIGUEL DO IGUACU;Pista Escorregadia;Colisão traseira;Com Vítimas Feridas;Anoitecer;Decrescente;Nublado;Dupla;Reta;Sim;2;0;0;1;1;0;1;2;-25,35827;-54,24527;SR-PR;UOP01;DEL05
271696;25/02/2020;terça-feira;19:00:00;BA;101;825;ALCOBACA;Defeito Mecânico no Veículo;Tombamento;Sem Vítimas;Plena Noite;Crescente;Céu Claro;Simples;Reta;Não;1;0;0;0;1;0;0;1;-17,32354;-39,63153;SR-BA;UOP01;DEL09
271697;25/02/2020;terça-feira;20:55:00;MG;50;68;UBERLANDIA;Velocidade Incompatível;Tombamento;Com Vítimas Feridas;Plena Noite;Decrescente;Céu Claro;Dupla;Viaduto;Sim;1;0;1;0;0;0;1;1;-18,8514;-48,25346;SR-MG;UOP01;DEL15
271698;25/02/2020;terça-feira;21:20:00;PE;101;2;GOIANA;Falta de Atenção à Condução;Capotamento;Com Vítimas Feridas;Plena Noite;Crescente;Nublado;Dupla;Não Informado;Não;1;0;1;0;0;0;1;1;-7,516753;-34,99198;SR-PE;UOP02;DEL01
271699;25/02/2020;terça-feira;19:57:00;RJ;101;186,8;CASIMIRO DE ABREU;Mal Súbito;Saída de leito carroçável;Com Vítimas Feridas;Plena Noite;Crescente;Nublado;Dupla;Reta;Não;1;0;1;0;0;0;1;1;-22,43521;-42,04301;SR-RJ;UOP04;DEL02
271700;25/02/2020;terça-feira;20:30:00;SP;153;74,6;SAO JOSE DO RIO PRETO;Ingestão de álcool e/ou substâncias psicoativas pelo pedestre;Saída de leito carroçável;Sem Vítimas;Plena Noite;Crescente;Nublado;Dupla;Não Informado;Sim;1;0;0;0;0;1;0;1;-20,88539;-49,42676;SR-SP;UOP01;DEL09
271701;25/02/2020;terça-feira;19:50:00;PI;343;251,9;CAMPO MAIOR;Falta de Atenção à Condução;Colisão frontal;Com Vítimas Feridas;Plena Noite;Decrescente;Nublado;Simples;Reta;Não;3;0;3;0;0;0;3;2;-4,733643;-42,10629;SR-PI;UOP03;DEL01
271703;25/02/2020;terça-feira;22:40:00;PR;376;175,7;MARINGA;Desobediência às normas de trânsito pelo pedestre;Colisão transversal;Com Vítimas Feridas;Plena Noite;Decrescente;Chuva;Dupla;Interseção de vias;Sim;2;0;1;0;1;0;1;2;-23,41136;-51,94078;SR-PR;UOP01;DEL09
271704;24/02/2020;segunda-feira;12:00:00;PE;116;26;SALGUEIRO;Objeto estático sobre o leito carroçável;Colisão com objeto estático;Sem Vítimas;Pleno dia;Decrescente;Nublado;Simples;Reta;Sim;1;0;0;0;1;0;0;1;-8,069921;-39,13364;SR-PE;UOP01;DEL05
271705;25/02/2020;terça-feira;22:10:00;SC;101;163;TIJUCAS;Mal Súbito;Colisão traseira;Com Vítimas Feridas;Plena Noite;Decrescente;Chuva;Simples;Retorno Regulamentado;Não;2;0;1;0;1;0;1;2;-27,23462;-48,6304;SR-SC;UOP03;DEL04
271706;25/02/2020;terça-feira;21:50:00;RR;174;484;BOA VISTA;Defeito Mecânico no Veículo;Tombamento;Com Vítimas Feridas;Plena Noite;Crescente;Céu Claro;Simples;Reta;Não;1;0;1;0;0;0;1;1;2,72078;-60,82366;SR-RR;UOP01;DEL01
271707;25/02/2020;terça-feira;13:25:00;DF;80;18;BRASILIA;Falta de Atenção à Condução;Tombamento;Com Vítimas Feridas;Pleno dia;Crescente;Céu Claro;Dupla;Reta;Sim;2;0;1;0;1;0;1;2;-15,68426;-48,20514;SR-DF;UOP03;DEL01
271708;25/02/2020;terça-feira;22:40:00;SP;116;514;CAJATI;Pista Escorregadia;Capotamento;Com Vítimas Feridas;Plena Noite;Decrescente;Chuva;Dupla;Curva;Não;2;0;1;0;1;0;1;1;-24,85874;-48,21731;SR-SP;UOP02;DEL05
271709;25/02/2020;terça-feira;23:15:00;ES;101;140,4;LINHARES;Falta de Atenção à Condução;Colisão traseira;Com Vítimas Feridas;Plena Noite;Crescente;Céu Claro;Simples;Reta;Sim;3;0;2;0;1;0;2;2;-19,31817;-40,07552;SR-ES;UOP01;DEL04
271710;25/02/2020;terça-feira;22:30:00;MG;40;790,1;JUIZ DE FORA;Velocidade Incompatível;Colisão com objeto estático;Com Vítimas Feridas;Plena Noite;Crescente;Nublado;Dupla;Reta;Não;1;0;1;0;0;0;1;1;-21,77131;-43,43619;SR-MG;UOP01;DEL05
271711;25/02/2020;terça-feira;23:05:00;GO;251;28;CRISTALINA;Desobediência às normas de trânsito pelo condutor;Colisão traseira;Com Vítimas Feridas;Plena Noite;Decrescente;Céu Claro;Simples;Reta;Sim;4;0;1;1;2;0;2;2;-16,09413;-47,50869;SR-DF;UOP01;DEL01
271712;25/02/2020;terça-feira;23:25:00;PA;163;1004;SANTAREM;Ingestão de Álcool;Colisão traseira;Com Vítimas Feridas;Plena Noite;Decrescente;Céu Claro;Dupla;Reta;Sim;10;0;6;3;1;0;9;2;-2,437163;-54,73317;SR-PA;UOP01;DEL05
271713;25/02/2020;terça-feira;23:10:00;SC;101;137,5;BALNEARIO CAMBORIU;Ingestão de Álcool;Colisão traseira;Com Vítimas Feridas;Plena Noite;Crescente;Chuva;Dupla;Não Informado;Sim;5;0;2;0;3;0;2;2;-27,01572;-48,61193;SR-SC;UOP03;DEL04
271714;25/02/2020;terça-feira;21:10:00;SP;116;115,7;TAUBATE;Pista Escorregadia;Saída de leito carroçável;Sem Vítimas;Plena Noite;Crescente;Chuva;Dupla;Não Informado;Não;2;0;0;0;2;0;0;1;-23,0496;-45,59974;SR-SP;UOP01;DEL06
271715;25/02/2020;terça-feira;18:30:00;MT;364;202;RONDONOPOLIS;Defeito na Via;Tombamento;Com Vítimas Feridas;Plena Noite;Crescente;Céu Claro;Dupla;Reta;Sim;1;0;1;0;0;0;1;1;-16,48347;-54,6497;SR-MT;UOP01;DEL02
271716;25/02/2020;terça-feira;23:30:00;GO;251;31;CRISTALINA;Ingestão de Álcool;Tombamento;Com Vítimas Feridas;Plena Noite;Crescente;Céu Claro;Simples;Reta;Sim;1;0;1;0;0;0;1;1;-16,07548;-47,5287;SR-DF;UOP01;DEL01
271718;25/02/2020;terça-feira;21:15:00;MG;50;39;ARAGUARI;Desobediência às normas de trânsito pelo condutor;Colisão transversal;Com Vítimas Feridas;Plena Noite;Crescente;Céu Claro;Dupla;Reta;Sim;2;0;1;0;1;0;1;2;-18,66595;-48,17302;SR-MG;UOP02;DEL15
271719;25/02/2020;terça-feira;22:40:00;RS;386;437;NOVA SANTA RITA;Velocidade Incompatível;Saída de leito carroçável;Com Vítimas Feridas;Plena Noite;Decrescente;Chuva;Dupla;Reta;Não;2;0;2;0;0;0;2;1;-29,85803;-51,26123;SR-RS;UOP02;DEL04
271720;25/02/2020;terça-feira;22:25:00;RJ;40;121;DUQUE DE CAXIAS;Pista Escorregadia;Colisão transversal;Com Vítimas Feridas;Plena Noite;Decrescente;Chuva;Simples;Viaduto;Sim;5;0;3;0;2;0;3;2;-22,78185;-43,28571;SR-RJ;UOP01;DEL01
271722;25/02/2020;terça-feira;21:50:00;SC;470;184,5;POUSO REDONDO;Falta de Atenção à Condução;Colisão com objeto estático;Com Vítimas Feridas;Plena Noite;Decrescente;Chuva;Simples;Reta;Não;1;0;1;0;0;0;1;1;-27,25304;-50,02664;SR-SC;UOP02;DEL04
271723;25/02/2020;terça-feira;17:50:00;SC;282;275,1;SAO JOSE DO CERRITO;Velocidade Incompatível;Saída de leito carroçável;Com Vítimas Fatais;Anoitecer;Crescente;Chuva;Simples;Curva;Não;5;3;1;1;0;0;2;2;-27,60642;-50,72021;SR-SC;UOP02;DEL05
271724;25/02/2020;terça-feira;23:25:00;PR;116;88;PIRAQUARA;Não guardar distância de segurança;Colisão traseira;Com Vítimas Feridas;Plena Noite;Decrescente;Garoa/Chuvisco;Dupla;Reta;Não;3;0;2;0;0;1;2;2;-25,44781;-49,09097;SR-PR;UOP01;DEL01