id;data_inversa;dia_semana;horario;uf;br;km;municipio;causa_acidente;tipo_acidente;classificacao_acidente;fase_dia;sentido_via;condicao_metereologica;tipo_pista;tracado_via;uso_solo;pessoas;mortos;feridos_leves;feridos_graves;ilesos;ignorados;feridos;veiculos;latitude;longitude;regional;delegacia;uop
272072;26/02/2020;quarta-feira;10:25:00;PA;316;65;CASTANHAL;Falta de Atenção à Condução;Colisão lateral;Com Vítimas Feridas;Pleno dia;Decrescente;Nublado;Dupla;Reta;Sim;2;0;1;0;1;0;1;2;-1,295804;-47,91084;SR-PA;UOP01;DEL01
272073;27/02/2020;quinta-feira;16:40:00;SC;280;89;CORUPA;Condutor Dormindo;Saída de leito carroçável;Com Vítimas Feridas;Pleno dia;Decrescente;Céu Claro;Simples;Curva;Não;2;0;1;0;1;0;1;1;-26,41223;-49,27629;SR-SC;UOP03;DEL06
272074;27/02/2020;quinta-feira;17:30:00;SC;101;415;ARARANGUA;Desobediência às normas de trânsito pelo condutor;Colisão transversal;Com Vítimas Feridas;Pleno dia;Decrescente;Céu Claro;Simples;Reta;Sim;3;0;0;1;1;1;1;2;-28,96041;-49,51653;SR-SC;UOP02;DEL02
272075;27/02/2020;quinta-feira;17:30:00;MT;364;400;CUIABA;Falta de Atenção à Condução;Colisão transversal;Com Vítimas Feridas;Anoitecer;Crescente;Céu Claro;Dupla;Reta;Sim;2;0;1;0;1;0;1;2;-15,67565;-55,93822;SR-MT;UOP02;DEL01
272076;27/02/2020;quinta-feira;18:00:00;MT;70;400;CAMPO VERDE;Desobediência às normas de trânsito pelo condutor;Colisão lateral;Sem Vítimas;Anoitecer;Decrescente;Céu Claro;Simples;Reta;Não;2;0;0;0;2;0;0;2;-15,65844;-55,21206;SR-MT;UOP02;DEL05
272078;27/02/2020;quinta-feira;20:10:00;RS;153;45,1;ERECHIM;Desobediência às normas de trânsito pelo condutor;Colisão frontal;Com Vítimas Feridas;Plena Noite;Decrescente;Céu Claro;Simples;Não Informado;Sim;2;0;1;0;0;1;1;2;-27,63334;-52,23648;SR-RS;UOP04;DEL08
272080;27/02/2020;quinta-feira;20:00:00;SP;116;192,5;SANTA ISABEL;Animais na Pista;Atropelamento de Animal;Sem Vítimas;Plena Noite;Crescente;Céu Claro;Dupla;Reta;Não;2;0;0;0;2;0;0;1;-23,37692;-46,24973;SR-SP;UOP01;DEL02
272081;23/02/2020;domingo;17:00:00;RS;293;28,8;CAPAO DO LEAO;Falta de Atenção à Condução;Colisão transversal;Com Vítimas Feridas;Pleno dia;Decrescente;Céu Claro;Simples;Reta;Não;4;0;1;2;1;0;3;2;-31,7281;-52,60286;SR-RS;UOP01;DEL07
272082;23/02/2020;domingo;11:10:00;RS;392;24;RIO GRANDE;Defeito Mecânico no Veículo;Tombamento;Com Vítimas Feridas;Pleno dia;Decrescente;Céu Claro;Dupla;Reta;Sim;2;0;1;1;0;0;2;1;-32,08572;-52,23801;SR-RS;UOP02;DEL07
272083;27/02/2020;quinta-feira;13:45:00;SC;280;8;SAO FRANCISCO DO SUL;Falta de Atenção à Condução;Colisão transversal;Com Vítimas Feridas;Pleno dia;Crescente;Sol;Simples;Reta;Sim;2;0;1;0;1;0;1;2;-26,27588;-48,64455;SR-SC;UOP03;DEL03
272084;27/02/2020;quinta-feira;20:25:00;MG;116;277,9;TEOFILO OTONI;Falta de Atenção à Condução;Colisão transversal;Com Vítimas Feridas;Plena Noite;Crescente;Garoa/Chuvisco;Simples;Reta;Sim;3;0;1;0;1;1;1;2;-17,85994;-41,51514;SR-MG;UOP01;DEL11
272085;27/02/2020;quinta-feira;18:40:00;MT;364;204;RONDONOPOLIS;Pista Escorregadia;Tombamento;Com Vítimas Feridas;Plena Noite;Decrescente;Céu Claro;Dupla;Retorno Regulamentado;Sim;1;0;1;0;0;0;1;1;-16,46732;-54,6572;SR-MT;UOP01;DEL02
272086;27/02/2020;quinta-feira;14:50:00;SC;116;156,7;SANTA CECILIA;Velocidade Incompatível;Tombamento;Com Vítimas Feridas;Pleno dia;Decrescente;Sol;Simples;Curva;Não;1;0;0;1;0;0;1;1;-27,08284;-50,43748;SR-SC;UOP02;DEL06
272087;27/02/2020;quinta-feira;20:47:00;RS;386;347,4;LAJEADO;Falta de Atenção do Pedestre;Atropelamento de Pedestre;Com Vítimas Feridas;Plena Noite;Decrescente;Céu Claro;Dupla;Reta;Não;2;0;0;1;1;0;1;1;-29,45389;-51,96131;SR-RS;UOP01;DEL04
272088;27/02/2020;quinta-feira;19:45:00;MG;381;767,2;CAMPANHA;Velocidade Incompatível;Saída de leito carroçável;Sem Vítimas;Plena Noite;Crescente;Chuva;Dupla;Curva;Não;1;0;0;0;1;0;0;1;-21,768;-45,42028;SR-MG;UOP02;DEL16
272089;27/02/2020;quinta-feira;19:50:00;RO;435;123,9;CEREJEIRAS;Velocidade Incompatível;Colisão transversal;Com Vítimas Feridas;Plena Noite;Decrescente;Nublado;Dupla;Interseção de vias;Sim;2;0;0;1;1;0;1;2;-13,189;-60,81629;SR-RO;UOP02;DEL04
272090;27/02/2020;quinta-feira;18:50:00;RS;293;90,5;PIRATINI;Defeito Mecânico no Veículo;Saída de leito carroçável;Com Vítimas Feridas;Anoitecer;Decrescente;Céu Claro;Simples;Reta;Não;1;0;1;0;0;0;1;1;-31,63646;-53,21726;SR-RS;UOP01;DEL07
272091;27/02/2020;quinta-feira;21:05:00;PR;369;199,9;APUCARANA;Desobediência às normas de trânsito pelo condutor;Queda de ocupante de veículo;Com Vítimas Feridas;Plena Noite;Crescente;Céu Claro;Simples;Reta;Sim;1;0;1;0;0;0;1;1;-23,52978;-51,45117;SR-PR;UOP03;DEL07
272092;27/02/2020;quinta-feira;20:00:00;PI;343;589,7;FLORIANO;Desobediência às normas de trânsito pelo condutor;Colisão transversal;Com Vítimas Feridas;Plena Noite;Crescente;Céu Claro;Dupla;Retorno Regulamentado;Sim;2;0;1;0;1;0;1;2;-6,776695;-43,00935;SR-PI;UOP01;DEL03
272093;27/02/2020;quinta-feira;20:20:00;DF;40;2;BRASILIA;Desobediência às normas de trânsito pelo condutor;Colisão lateral;Com Vítimas Feridas;Plena Noite;Crescente;Nublado;Dupla;Reta;Sim;2;0;1;0;1;0;1;2;-15,99435;-47,98595;SR-DF;UOP01;DEL01
272094;27/02/2020;quinta-feira;19:00:00;PB;230;350;PATOS;Ingestão de Álcool;Colisão traseira;Sem Vítimas;Plena Noite;Crescente;Céu Claro;Simples;Reta;Não;2;0;0;0;2;0;0;2;-6,9504;-37,3885;SR-PB;UOP01;DEL03
272095;27/02/2020;quinta-feira;18:30:00;BA;101;930;MUCURI;Falta de Atenção à Condução;Colisão transversal;Sem Vítimas;Plena Noite;Decrescente;Nublado;Simples;Reta;Não;2;0;0;0;1;1;0;2;-18,16081;-39,91364;SR-BA;UOP02;DEL09
272096;27/02/2020;quinta-feira;22:00:00;MG;40;509,1;RIBEIRAO DAS NEVES;Mal Súbito;Colisão lateral;Com Vítimas Feridas;Plena Noite;Decrescente;Chuva;Dupla;Retorno Regulamentado;Sim;4;0;2;2;0;0;4;2;-19,76793;-44,12853;SR-MG;UOP02;DEL01
272097;27/02/2020;quinta-feira;21:45:00;SC;101;228,9;PALHOCA;Velocidade Incompatível;Colisão traseira;Com Vítimas Feridas;Plena Noite;Crescente;Céu Claro;Dupla;Curva;Sim;2;0;0;1;0;1;1;2;-27,84294;-48,63472;SR-SC;UOP02;DEL01
272098;27/02/2020;quinta-feira;20:40:00;PI;316;297;PICOS;Pista Escorregadia;Colisão frontal;Com Vítimas Feridas;Plena Noite;Crescente;Garoa/Chuvisco;Simples;Não Informado;Não;2;0;0;1;1;0;1;2;-7,022452;-41,5628;SR-PI;UOP01;DEL04
272099;27/02/2020;quinta-feira;22:30:00;SC;282;3;FLORIANOPOLIS;Desobediência às normas de trânsito pelo condutor;Saída de leito carroçável;Sem Vítimas;Plena Noite;Crescente;Céu Claro;Simples;Curva;Sim;1;0;0;0;0;1;0;1;-27,60038;-48,59971;SR-SC;UOP01;DEL01
272100;27/02/2020;quinta-feira;21:15:00;PR;153;514;GENERAL CARNEIRO;Desobediência às normas de trânsito pelo condutor;Colisão frontal;Com Vítimas Fatais;Plena Noite;Crescente;Céu Claro;Simples;Curva;Não;3;1;0;1;1;0;1;3;-26,55438;-51,44099;SR-PR;UOP03;DEL08
272101;27/02/2020;quinta-feira;21:30:00;MT;163;1035;MATUPA;Defeito Mecânico no Veículo;Incêndio;Sem Vítimas;Plena Noite;Crescente;Céu Claro;Simples;Reta;Não;1;0;0;0;0;1;0;1;-10,20683;-54,96083;SR-MT;UOP02;DEL06
272102;27/02/2020;quinta-feira;23:00:00;MG;381;480;CONTAGEM;Defeito Mecânico no Veículo;Queda de ocupante de veículo;Com Vítimas Feridas;Plena Noite;Crescente;Nublado;Múltipla;Reta;Sim;2;0;2;0;0;0;2;1;-19,96299;-44,04136;SR-MG;UOP03;DEL01
272103;27/02/2020;quinta-feira;23:00:00;RJ;116;175,4;SAO JOAO DE MERITI;Falta de Atenção à Condução;Colisão traseira;Com Vítimas Feridas;Plena Noite;Crescente;Chuva;Múltipla;Reta;Sim;3;0;1;0;2;0;1;2;-22,759;-43,43058;SR-RJ;UOP02;DEL01
272104;27/02/2020;quinta-feira;22:30:00;GO;153;182,1;CAMPINORTE;Ultrapassagem Indevida;Colisão frontal;Com Vítimas Feridas;Plena Noite;Crescente;Ignorado;Simples;Reta;Não;5;0;0;1;3;1;1;3;-14,36545;-49,15833;SR-GO;UOP01;DEL07
272105;27/02/2020;quinta-feira;09:40:00;RO;319;64,5;PORTO VELHO;Defeito na Via;Tombamento;Com Vítimas Feridas;Plena Noite;Decrescente;Nublado;Dupla;Não Informado;Sim;1;0;1;0;0;0;1;1;-8,770488;-63,8834;SR-RO;UOP01;DEL01
272106;28/02/2020;sexta-feira;00:00:00;PA;316;197;SANTA LUZIA DO PARA;Defeito Mecânico no Veículo;Incêndio;Sem Vítimas;Plena Noite;Decrescente;Nublado;Simples;Reta;Sim;1;0;0;0;1;0;0;1;-1,519183;-46,9035;SR-PA;UOP03;DEL01
272107;28/02/2020;sexta-feira;01:50:00;PR;376;210,8;MANDAGUARI;Velocidade Incompatível;Saída de leito carroçável;Sem Vítimas;Plena Noite;Decrescente;Céu Claro;Dupla;Curva;Não;2;0;0;0;2;0;0;1;-23,56113;-51,66161;SR-PR;UOP01;DEL09
272108;28/02/2020;sexta-feira;02:30:00;ES;101;305,7;VIANA;Velocidade Incompatível;Tombamento;Com Vítimas Feridas;Plena Noite;Crescente;Chuva;Dupla;Reta;Sim;2;0;1;1;0;0;2;1;-20,38392;-40,46125;SR-ES;UOP01;DEL03
272109;28/02/2020;sexta-feira;02:00:00;SC;101;146;ITAPEMA;Objeto estático sobre o leito carroçável;Colisão com objeto estático;Com Vítimas Feridas;Plena Noite;Decrescente;Céu Claro;Múltipla;Curva;Sim;1;0;1;0;0;0;1;1;-27,08667;-48,60956;SR-SC;UOP03;DEL04
272110;28/02/2020;sexta-feira;02:15:00;SC;101;47,6;JOINVILLE;Condutor Dormindo;Colisão traseira;Com Vítimas Feridas;Plena Noite;Crescente;Céu Claro;Dupla;Reta;Não;2;0;0;1;1;0;1;2;-26,34235;-48,8584;SR-SC;UOP01;DEL03
272111;28/02/2020;sexta-feira;02:30:00;MG;381;853,9;POUSO ALEGRE;Ingestão de Álcool;Saída de leito carroçável;Com Vítimas Feridas;Plena Noite;Crescente;Nublado;Dupla;Desvio Temporário;Não;1;0;1;0;0;0;1;1;-22,27067;-45,89264;SR-MG;UOP01;DEL16
272112;28/02/2020;sexta-feira;01:00:00;MS;60;103;PARAISO DAS AGUAS;Defeito Mecânico no Veículo;Incêndio;Sem Vítimas;Plena Noite;Decrescente;Céu Claro;Simples;Reta;Não;2;0;0;0;1;1;0;1;-19,27349;-53,25214;SR-MS;UOP02;DEL06
272113;28/02/2020;sexta-feira;05:20:00;RS;101;76,5;OSORIO;Animais na Pista;Atropelamento de Animal;Com Vítimas Feridas;Amanhecer;Decrescente;Céu Claro;Dupla;Reta;Não;3;0;1;0;2;0;1;1;-29,79576;-50,23117;SR-RS;UOP01;DEL03
272114;28/02/2020;sexta-feira;05:35:00;MG;40;482,1;SETE LAGOAS;Não guardar distância de segurança;Colisão traseira;Sem Vítimas;Amanhecer;Crescente;Chuva;Dupla;Reta;Não;2;0;0;0;2;0;0;2;-19,55911;-44,24017;SR-MG;UOP01;DEL02
272115;28/02/2020;sexta-feira;05:45:00;GO;60;100,6;ANAPOLIS;Desobediência às normas de trânsito pelo condutor;Colisão traseira;Com Vítimas Feridas;Amanhecer;Decrescente;Nublado;Dupla;Reta;Sim;2;0;1;0;1;0;1;2;-16,3979;-48,9664;SR-GO;UOP01;DEL02
272116;28/02/2020;sexta-feira;05:35:00;RJ;493;18;GUAPIMIRIM;Condutor Dormindo;Colisão frontal;Com Vítimas Fatais;Amanhecer;Decrescente;Nublado;Simples;Curva;Sim;7;2;4;1;0;0;5;2;-22,66871;-43,01863;SR-RJ;UOP02;DEL04
272117;28/02/2020;sexta-feira;05:30:00;BA;116;355;SERRINHA;Pista Escorregadia;Saída de leito carroçável;Com Vítimas Fatais;Amanhecer;Decrescente;Céu Claro;Simples;Reta;Não;2;1;0;0;0;1;0;1;-11,63567;-38,98174;SR-BA;UOP01;DEL02
272118;11/02/2020;terça-feira;19:00:00;SP;116;70,4;APARECIDA;Falta de Atenção à Condução;Colisão com objeto estático;Com Vítimas Feridas;Plena Noite;Crescente;Nublado;Dupla;Reta;Sim;4;0;4;0;0;0;4;3;-22,84853;-45,22705;SR-SP;DEL6/8;UOP02/SP
272119;28/02/2020;sexta-feira;06:45:00;RJ;40;77,9;PETROPOLIS;Velocidade Incompatível;Saída de leito carroçável;Com Vítimas Feridas;Pleno dia;Crescente;Chuva;Simples;Não Informado;Não;1;0;1;0;0;0;1;1;-22,48496;-43,22914;SR-RJ;UOP03;DEL06
272120;28/02/2020;sexta-feira;06:50:00;PR;277;118;CAMPO LARGO;Restrição de Visibilidade;Colisão transversal;Com Vítimas Feridas;Pleno dia;Decrescente;Nublado;Dupla;Não Informado;Não;2;0;0;1;1;0;1;2;-25,43106;-49,42462;SR-PR;UOP03;DEL03
272121;28/02/2020;sexta-feira;07:00:00;PB;230;27;JOAO PESSOA;Defeito Mecânico no Veículo;Incêndio;Sem Vítimas;Pleno dia;Decrescente;Céu Claro;Dupla;Curva;Sim;1;0;0;0;1;0;0;1;-7,1677;-34,8855;SR-PB;UOP01;DEL01
272122;28/02/2020;sexta-feira;07:00:00;GO;153;501;GOIANIA;Falta de Atenção à Condução;Queda de ocupante de veículo;Com Vítimas Feridas;Pleno dia;Decrescente;Nublado;Dupla;Reta;Sim;1;0;0;1;0;0;1;1;-16,7189;-49,2382;SR-GO;UOP01;DEL01
272123;24/02/2020;segunda-feira;06:30:00;SC;282;258;SAO JOSE DO CERRITO;Velocidade Incompatível;Colisão com objeto estático;Sem Vítimas;Amanhecer;Decrescente;Céu Claro;Simples;Curva;Não;1;0;0;0;0;1;0;1;-27,65878;-50,5934;SR-SC;UOP02;DEL05
272124;28/02/2020;sexta-feira;06:15:00;MG;356;266,2;MURIAE;Falta de Atenção à Condução;Colisão lateral;Com Vítimas Feridas;Pleno dia;Decrescente;Nublado;Simples;Reta;Sim;2;0;1;0;1;0;1;2;-21,12823;-42,35802;SR-MG;UOP02;DEL07
272125;28/02/2020;sexta-feira;07:00:00;SP;381;53;ATIBAIA;Defeito Mecânico no Veículo;Capotamento;Sem Vítimas;Pleno dia;Decrescente;Nublado;Dupla;Curva;Não;1;0;0;0;1;0;0;1;-23,24491;-46,59562;SR-SP;UOP01;DEL03
272126;28/02/2020;sexta-feira;06:45:00;MG;381;344;BELA VISTA DE MINAS;Desobediência às normas de trânsito pelo condutor;Saída de leito carroçável;Com Vítimas Feridas;Pleno dia;Decrescente;Chuva;Simples;Curva;Não;1;0;1;0;0;0;1;1;-19,85987;-43,11281;SR-MG;UOP01;DEL03
272127;28/02/2020;sexta-feira;05:45:00;PR;476;129;CURITIBA;Falta de Atenção à Condução;Saída de leito carroçável;Sem Vítimas;Amanhecer;Crescente;Céu Claro;Múltipla;Curva;Sim;1;0;0;0;1;0;0;1;-25,44098;-49,23371;SR-PR;UOP06;DEL01
272128;28/02/2020;sexta-feira;07:20:00;ES;101;295;CARIACICA;Falta de Atenção à Condução;Colisão traseira;Com Vítimas Feridas;Pleno dia;Crescente;Chuva;Dupla;Reta;Sim;2;0;1;0;1;0;1;2;-20,33224;-40,40005;SR-ES;UOP01;DEL01
272129;28/02/2020;sexta-feira;07:40:00;PB;230;21,1;JOAO PESSOA;Velocidade Incompatível;Colisão traseira;Com Vítimas Feridas;Pleno dia;Decrescente;Céu Claro;Dupla;Reta;Sim;3;0;1;0;1;1;1;2;-7,1415;-34,8519;SR-PB;UOP01;DEL01
272130;28/02/2020;sexta-feira;07:10:00;RS;116;249;SAO LEOPOLDO;Condutor Dormindo;Colisão com objeto estático;Com Vítimas Feridas;Pleno dia;Crescente;Céu Claro;Múltipla;Reta;Sim;1;0;0;1;0;0;1;1;-29,78318;-51,16099;SR-RS;UOP02;DEL01
272131;27/02/2020;quinta-feira;19:30:00;MT;163;604;NOVA MUTUM;Defeito na Via;Tombamento;Com Vítimas Feridas;Plena Noite;Crescente;Nublado;Simples;Reta;Não;1;0;1;0;0;0;1;1;-13,87237;-56,08739;SR-MT;UOP01;DEL01
272132;28/02/2020;sexta-feira;06:45:00;PR;476;323;PAULO FRONTIN;Defeito Mecânico no Veículo;Incêndio;Sem Vítimas;Amanhecer;Crescente;Céu Claro;Simples;Reta;Não;1;0;0;0;1;0;0;1;-26,08112;-50,75483;SR-PR;UOP05;DEL03
272133;28/02/2020;sexta-feira;06:40:00;DF;40;5,9;BRASILIA;Falta de Atenção à Condução;Colisão lateral;Com Vítimas Feridas;Amanhecer;Decrescente;Céu Claro;Dupla;Reta;Sim;2;0;1;0;1;0;1;2;-16,02894;-47,97875;SR-DF;UOP01;DEL01
272134;28/02/2020;sexta-feira;07:50:00;PR;369;107,9;URAI;Falta de Atenção à Condução;Colisão com objeto estático;Com Vítimas Feridas;Pleno dia;Decrescente;Céu Claro;Dupla;Reta;Não;1;0;1;0;0;0;1;1;-23,26418;-50,78647;SR-PR;UOP04;DEL07
272135;28/02/2020;sexta-feira;07:30:00;PR;376;594;CURITIBA;Não guardar distância de segurança;Colisão traseira;Com Vítimas Feridas;Pleno dia;Crescente;Sol;Dupla;Reta;Sim;2;0;0;1;1;0;1;2;-25,47835;-49,35032;SR-PR;UOP04;DEL01
272136;28/02/2020;sexta-feira;08:00:00;CE;116;2,1;FORTALEZA;Defeito Mecânico no Veículo;Colisão traseira;Sem Vítimas;Pleno dia;Crescente;Nublado;Múltipla;Reta;Sim;2;0;0;0;2;0;0;2;-3,770198;-38,51725;SR-CE;UOP02;DEL01
272137;28/02/2020;sexta-feira;07:10:00;PI;316;315;PICOS;Falta de Atenção à Condução;Colisão transversal;Com Vítimas Feridas;Pleno dia;Crescente;Céu Claro;Simples;Reta;Sim;2;0;0;1;1;0;1;2;-7,079513;-41,43236;SR-PI;UOP01;DEL04
272138;28/02/2020;sexta-feira;06:00:00;MG;251;492,1;FRANCISCO SA;Ultrapassagem Indevida;Colisão frontal;Com Vítimas Feridas;Pleno dia;Decrescente;Chuva;Simples;Reta;Não;6;0;3;0;3;0;3;2;-16,54434;-43,59543;SR-MG;UOP01;DEL12
272139;28/02/2020;sexta-feira;07:20:00;CE;116;5,6;FORTALEZA;Não guardar distância de segurança;Colisão traseira;Com Vítimas Feridas;Pleno dia;Decrescente;Nublado;Dupla;Reta;Sim;2;0;1;0;1;0;1;2;-3,794671;-38,50773;SR-CE;UOP02;DEL01
272140;28/02/2020;sexta-feira;07:40:00;RJ;116;183;NOVA IGUACU;Desobediência às normas de trânsito pelo pedestre;Atropelamento de Pedestre;Com Vítimas Fatais;Pleno dia;Decrescente;Nublado;Múltipla;Reta;Não;2;1;0;0;1;0;0;1;-22,7516;-43,4385;SR-RJ;UOP02;DEL01
272141;28/02/2020;sexta-feira;08:35:00;SP;381;12,6;BRAGANCA PAULISTA;Falta de Atenção à Condução;Colisão lateral;Com Vítimas Feridas;Pleno dia;Decrescente;Nublado;Dupla;Curva;Não;3;0;2;0;1;0;2;2;-22,92855;-46,46168;SR-SP;UOP01;DEL03
272143;28/02/2020;sexta-feira;07:40:00;MT;70;513;CUIABA;Falta de Atenção à Condução;Colisão lateral;Com Vítimas Feridas;Pleno dia;Crescente;Céu Claro;Simples;Reta;Sim;3;0;1;0;2;0;1;3;-15,65051;-55,99824;SR-MT;UOP02;DEL05
272144;28/02/2020;sexta-feira;00:30:00;MA;222;652;ACAILANDIA;Velocidade Incompatível;Tombamento;Com Vítimas Feridas;Plena Noite;Crescente;Garoa/Chuvisco;Simples;Curva;Não;2;0;2;0;0;0;2;2;-4,837508;-47,28654;SR-MA;UOP03;DEL04
272145;28/02/2020;sexta-feira;08:28:00;MG;40;527;CONTAGEM;Velocidade Incompatível;Colisão traseira;Com Vítimas Fatais;Pleno dia;Decrescente;Nublado;Dupla;Reta;Sim;3;1;0;0;1;1;0;2;-19,9015;-44,04939;SR-MG;UOP02;DEL01
272146;18/02/2020;terça-feira;13:40:00;SC;282;221;LAGES;Falta de Atenção à Condução;Colisão transversal;Com Vítimas Feridas;Pleno dia;Crescente;Céu Claro;Simples;Reta;Sim;4;0;2;0;2;0;2;2;-27,79636;-50,34343;SR-SC;UOP01;DEL05
272147;28/02/2020;sexta-feira;07:00:00;ES;101;192,3;ARACRUZ;Desobediência às normas de trânsito pelo condutor;Colisão traseira;Com Vítimas Feridas;Pleno dia;Decrescente;Chuva;Simples;Reta;Não;4;0;1;0;3;0;1;3;-19,69396;-40,29498;SR-ES;UOP01;DEL04
272148;28/02/2020;sexta-feira;09:45:00;CE;116;17;ITAITINGA;Não guardar distância de segurança;Colisão traseira;Com Vítimas Feridas;Pleno dia;Crescente;Nublado;Dupla;Reta;Sim;2;0;1;0;1;0;1;2;-3,896179;-38,50336;SR-CE;UOP02;DEL01
272149;28/02/2020;sexta-feira;08:30:00;MG;381;627,5;OLIVEIRA;Velocidade Incompatível;Capotamento;Com Vítimas Feridas;Pleno dia;Decrescente;Chuva;Dupla;Curva;Não;2;0;2;0;0;0;2;1;-20,82917;-44,81715;SR-MG;UOP01;DEL04
272150;28/02/2020;sexta-feira;08:40:00;GO;60;298;ACREUNA;Pista Escorregadia;Saída de leito carroçável;Com Vítimas Feridas;Pleno dia;Crescente;Chuva;Dupla;Curva;Não;4;0;0;1;3;0;1;3;-17,3508;-50,3243;SR-GO;UOP01;DEL04
272151;28/02/2020;sexta-feira;08:15:00;SC;282;211,5;LAGES;Falta de Atenção à Condução;Colisão transversal;Com Vítimas Feridas;Pleno dia;Crescente;Céu Claro;Simples;Não Informado;Não;5;0;1;0;4;0;1;2;-27,78123;-50,2476;SR-SC;UOP01;DEL05
272152;28/02/2020;sexta-feira;09:15:00;RO;364;263,2;CACOAL;Fenômenos da Natureza;Saída de leito carroçável;Com Vítimas Feridas;Pleno dia;Crescente;Chuva;Simples;Não Informado;Não;1;0;1;0;0;0;1;1;-11,39325;-61,66074;SR-RO;UOP02;DEL02
272153;28/02/2020;sexta-feira;10:35:00;MG;50;42;ARAGUARI;Defeito Mecânico no Veículo;Colisão com objeto estático;Sem Vítimas;Pleno dia;Crescente;Nublado;Dupla;Reta;Não;1;0;0;0;1;0;0;1;-18,69101;-48,18009;SR-MG;UOP02;DEL15
272154;28/02/2020;sexta-feira;10:30:00;BA;116;422,5;FEIRA DE SANTANA;Falta de Atenção à Condução;Atropelamento de Pedestre;Com Vítimas Feridas;Pleno dia;Crescente;Sol;Simples;Interseção de vias;Sim;2;0;0;1;1;0;1;1;-12,22065;-38,96561;SR-BA;UOP01;DEL02
272156;28/02/2020;sexta-feira;07:45:00;SC;470;243,6;CURITIBANOS;Falta de Atenção à Condução;Colisão lateral;Com Vítimas Feridas;Pleno dia;Decrescente;Céu Claro;Simples;Curva;Não;2;0;1;0;1;0;1;2;-27,31514;-50,50687;SR-SC;UOP03;DEL05
272157;28/02/2020;sexta-feira;09:00:00;GO;364;196;JATAI;Não guardar distância de segurança;Colisão lateral;Sem Vítimas;Pleno dia;Crescente;Nublado;Dupla;Retorno Regulamentado;Sim;2;0;0;0;2;0;0;2;-17,91723;-51,72066;SR-GO;UOP01;DEL05
272158;28/02/2020;sexta-feira;11:50:00;SC;101;208,1;SAO JOSE;Falta de Atenção à Condução;Colisão transversal;Com Vítimas Feridas;Pleno dia;Decrescente;Céu Claro;Dupla;Reta;Sim;2;0;1;0;1;0;1;2;-27,60328;-48,63202;SR-SC;UOP01;DEL01
272159;28/02/2020;sexta-feira;09:00:00;RO;364;812;PORTO VELHO;Desobediência às normas de trânsito pelo condutor;Colisão traseira;Com Vítimas Feridas;Pleno dia;Crescente;Nublado;Simples;Reta;Não;3;0;1;0;1;1;1;2;-9,273027;-64,50218;SR-RO;UOP02;DEL01
272160;28/02/2020;sexta-feira;11:00:00;CE;20;422;MARACANAU;Ingestão de Substâncias Psicoativas;Colisão lateral;Sem Vítimas;Pleno dia;Crescente;Céu Claro;Dupla;Reta;Sim;3;0;0;0;3;0;0;3;-3,76999;-38,67006;SR-CE;UOP02;DEL01
272161;28/02/2020;sexta-feira;08:45:00;RJ;40;34,4;AREAL;Velocidade Incompatível;Tombamento;Com Vítimas Feridas;Pleno dia;Decrescente;Nublado;Dupla;Curva;Não;1;0;1;0;0;0;1;1;-22,20532;-43,14082;SR-RJ;UOP01;DEL06
272163;25/02/2020;terça-feira;07:00:00;RS;285;670,9;SAO BORJA;Desobediência às normas de trânsito pelo condutor;Saída de leito carroçável;Sem Vítimas;Amanhecer;Crescente;Nublado;Simples;Reta;Não;1;0;0;0;0;1;0;1;-28,66956;-55,95982;SR-RS;UOP01;DEL12
272164;28/02/2020;sexta-feira;11:45:00;SP;116;166,7;JACAREI;Pista Escorregadia;Saída de leito carroçável;Sem Vítimas;Pleno dia;Decrescente;Chuva;Dupla;Desvio Temporário;Não;1;0;0;0;1;0;0;1;-23,30056;-46,01687;SR-SP;UOP01;DEL02
272165;28/02/2020;sexta-feira;11:00:00;AC;364;139;RIO BRANCO;Falta de Atenção à Condução;Colisão traseira;Com Vítimas Feridas;Pleno dia;Crescente;Céu Claro;Múltipla;Reta;Sim;2;0;1;0;1;0;1;2;-9,953593;-67,8612;SR-AC;UOP01;DEL01
272166;28/02/2020;sexta-feira;12:50:00;PI;343;568;FLORIANO;Animais na Pista;Saída de leito carroçável;Com Vítimas Feridas;Pleno dia;Crescente;Sol;Simples;Reta;Não;2;0;2;0;0;0;2;1;-6,716117;-42,92231;SR-PI;UOP01;DEL03
272167;28/02/2020;sexta-feira;11:30:00;SC;101;106,8;PENHA;Não guardar distância de segurança;Colisão traseira;Com Vítimas Feridas;Pleno dia;Decrescente;Sol;Múltipla;Curva;Sim;3;0;2;0;1;0;2;2;-26,81032;-48,68294;SR-SC;UOP02;DEL03
272168;28/02/2020;sexta-feira;05:45:00;MG;262;547,7;LUZ;Pista Escorregadia;Colisão frontal;Com Vítimas Feridas;Amanhecer;Crescente;Chuva;Simples;Curva;Não;2;0;0;1;1;0;1;2;-19,74019;-45,86035;SR-MG;UOP02;DEL08
272169;28/02/2020;sexta-feira;12:45:00;PI;343;9;PARNAIBA;Falta de Atenção à Condução;Colisão transversal;Com Vítimas Feridas;Pleno dia;Decrescente;Céu Claro;Simples;Reta;Sim;2;0;0;1;0;1;1;2;-2,900722;-41,73268;SR-PI;UOP01;DEL05