id;data_inversa;dia_semana;horario;uf;br;km;municipio;causa_acidente;tipo_acidente;classificacao_acidente;fase_dia;sentido_via;condicao_metereologica;tipo_pista;tracado_via;uso_solo;pessoas;mortos;feridos_leves;feridos_graves;ilesos;ignorados;feridos;veiculos;latitude;longitude;regional;delegacia;uop
272170;28/02/2020;sexta-feira;12:45:00;MG;50;83;UBERLANDIA;Ingestão de Álcool;Saída de leito carroçável;Sem Vítimas;Pleno dia;Crescente;Chuva;Dupla;Reta;Não;1;0;0;0;1;0;0;1;-18,98691;-48,21185;SR-MG;UOP01;DEL15
272171;28/02/2020;sexta-feira;06:20:00;MT;174;219;FIGUEIROPOLIS DOESTE;Falta de Atenção à Condução;Colisão transversal;Com Vítimas Fatais;Pleno dia;Crescente;Céu Claro;Simples;Reta;Não;2;1;0;0;1;0;0;2;-15,61101;-58,82572;SR-MT;UOP01;DEL04
272172;28/02/2020;sexta-feira;09:00:00;SC;282;90;ALFREDO WAGNER;Falta de Atenção à Condução;Colisão frontal;Com Vítimas Feridas;Pleno dia;Crescente;Céu Claro;Simples;Reta;Não;2;0;1;1;0;0;2;2;-27,6838;-49,22237;SR-SC;UOP03;DEL01
272173;28/02/2020;sexta-feira;12:30:00;ES;101;284,3;CARIACICA;Avarias e/ou desgaste excessivo no pneu;Tombamento;Com Vítimas Feridas;Pleno dia;Decrescente;Chuva;Múltipla;Não Informado;Sim;1;0;1;0;0;0;1;1;-20,24544;-40,36985;SR-ES;UOP01;DEL01
272174;28/02/2020;sexta-feira;13:00:00;MT;70;130;GENERAL CARNEIRO;Falta de Atenção à Condução;Saída de leito carroçável;Com Vítimas Feridas;Pleno dia;Decrescente;Garoa/Chuvisco;Simples;Reta;Não;3;0;2;0;1;0;2;1;-15,59402;-53,20113;SR-MT;UOP01;DEL07
272175;28/02/2020;sexta-feira;08:00:00;CE;20;417;FORTALEZA;Desobediência às normas de trânsito pelo condutor;Colisão lateral;Com Vítimas Feridas;Pleno dia;Crescente;Céu Claro;Múltipla;Reta;Sim;3;0;1;0;2;0;1;3;-3,76999;-38,67006;SR-CE;UOP02;DEL01
272177;28/02/2020;sexta-feira;12:40:00;SC;280;46;GUARAMIRIM;Falta de Atenção à Condução;Colisão transversal;Com Vítimas Feridas;Pleno dia;Crescente;Sol;Simples;Não Informado;Não;3;0;2;0;1;0;2;2;-26,45295;-48,90788;SR-SC;UOP03;DEL03
272179;28/02/2020;sexta-feira;14:03:00;SP;101;50;UBATUBA;Ultrapassagem Indevida;Colisão transversal;Com Vítimas Feridas;Pleno dia;Decrescente;Garoa/Chuvisco;Simples;Reta;Sim;2;0;1;0;1;0;1;2;-23,45019;-45,07744;SR-SP;UOP02;DEL06
272180;28/02/2020;sexta-feira;12:10:00;MS;163;211;CAARAPO;Falta de Atenção à Condução;Saída de leito carroçável;Com Vítimas Feridas;Pleno dia;Crescente;Sol;Simples;Curva;Sim;2;0;2;0;0;0;2;1;-22,61299;-54,81621;SR-MS;UOP02;DEL04
272181;28/02/2020;sexta-feira;13:20:00;CE;116;371;ICO;Falta de Atenção à Condução;Colisão traseira;Sem Vítimas;Pleno dia;Crescente;Céu Claro;Simples;Reta;Não;2;0;0;0;2;0;0;2;-6,381324;-38,8135;SR-CE;UOP01;DEL05
272182;28/02/2020;sexta-feira;14:00:00;MG;381;863,7;POUSO ALEGRE;Falta de Atenção à Condução;Saída de leito carroçável;Com Vítimas Feridas;Pleno dia;Crescente;Nublado;Dupla;Não Informado;Não;1;0;1;0;0;0;1;1;-22,38139;-45,94581;SR-MG;UOP01;DEL16
272183;28/02/2020;sexta-feira;13:15:00;RS;290;54,2;GLORINHA;Condutor Dormindo;Saída de leito carroçável;Com Vítimas Feridas;Pleno dia;Crescente;Sol;Múltipla;Reta;Não;1;0;0;1;0;0;1;1;-29,91264;-50,7981;SR-RS;UOP01;DEL03
272185;28/02/2020;sexta-feira;09:50:00;MT;174;125;MIRASSOL DOESTE;Falta de Atenção à Condução;Colisão lateral;Com Vítimas Feridas;Pleno dia;Crescente;Sol;Simples;Interseção de vias;Não;3;0;2;0;1;0;2;2;-15,81679;-58,08345;SR-MT;UOP01;DEL03
272186;28/02/2020;sexta-feira;13:50:00;MG;50;74;UBERLANDIA;Falta de Atenção à Condução;Engavetamento;Com Vítimas Feridas;Pleno dia;Crescente;Sol;Dupla;Reta;Sim;8;0;4;0;4;0;4;8;-18,90147;-48,23817;SR-MG;UOP01;DEL15
272187;14/02/2020;sexta-feira;08:30:00;RO;364;340,8;JI-PARANA;Falta de Atenção à Condução;Colisão transversal;Com Vítimas Feridas;Pleno dia;Crescente;Céu Claro;Dupla;Reta;Sim;3;0;1;1;1;0;2;2;-10,8988;-61,93046;SR-RO;UOP01;DEL02
272188;25/02/2020;terça-feira;08:15:00;MG;40;112;LAGOA GRANDE;Condutor Dormindo;Saída de leito carroçável;Com Vítimas Feridas;Pleno dia;Crescente;Nublado;Simples;Reta;Não;5;0;1;0;4;0;1;1;-17,64187;-46,43677;SR-MG;UOP01;DEL14
272189;28/02/2020;sexta-feira;12:20:00;RJ;101;308;SAO GONCALO;Não guardar distância de segurança;Queda de ocupante de veículo;Com Vítimas Feridas;Pleno dia;Crescente;Garoa/Chuvisco;Dupla;Reta;Sim;2;0;1;0;1;0;1;1;-22,79309;-43,0248;SR-RJ;UOP01;DEL02
272190;28/02/2020;sexta-feira;14:00:00;PE;116;26,1;SALGUEIRO;Desobediência às normas de trânsito pelo condutor;Colisão transversal;Com Vítimas Feridas;Pleno dia;Crescente;Céu Claro;Dupla;Reta;Sim;2;0;1;0;1;0;1;2;-8,071188;-39,13382;SR-PE;UOP01;DEL05
272191;28/02/2020;sexta-feira;14:30:00;PR;476;129;CURITIBA;Falta de Atenção à Condução;Colisão traseira;Com Vítimas Feridas;Pleno dia;Decrescente;Céu Claro;Múltipla;Interseção de vias;Sim;3;0;1;0;2;0;1;2;-25,43305;-49,23156;SR-PR;UOP06;DEL01
272192;28/02/2020;sexta-feira;14:45:00;MG;40;664,5;CARANDAI;Avarias e/ou desgaste excessivo no pneu;Colisão com objeto estático;Com Vítimas Feridas;Pleno dia;Crescente;Chuva;Simples;Desvio Temporário;Sim;1;0;1;0;0;0;1;1;-20,84905;-43,79893;SR-MG;UOP02;DEL05
272193;28/02/2020;sexta-feira;15:20:00;MG;381;440,5;SABARA;Não guardar distância de segurança;Colisão frontal;Com Vítimas Feridas;Pleno dia;Decrescente;Chuva;Simples;Não Informado;Não;3;0;1;0;2;0;1;2;-19,80963;-43,7667;SR-MG;UOP01;DEL01
272194;28/02/2020;sexta-feira;14:30:00;ES;101;154;LINHARES;Falta de Atenção à Condução;Colisão lateral;Com Vítimas Feridas;Pleno dia;Crescente;Céu Claro;Simples;Reta;Não;8;0;3;2;3;0;5;4;-19,43088;-40,08394;SR-ES;UOP01;DEL04
272195;28/02/2020;sexta-feira;14:35:00;PR;467;92;CASCAVEL;Velocidade Incompatível;Tombamento;Sem Vítimas;Pleno dia;Crescente;Céu Claro;Dupla;Curva;Não;1;0;0;0;1;0;0;1;-24,85382;-53,60018;SR-PR;UOP01;DEL04
272196;28/02/2020;sexta-feira;16:00:00;MG;40;456,8;CAETANOPOLIS;Velocidade Incompatível;Saída de leito carroçável;Com Vítimas Feridas;Pleno dia;Decrescente;Chuva;Dupla;Não Informado;Não;1;0;1;0;0;0;1;1;-19,36839;-44,3369;SR-MG;UOP01;DEL02
272197;28/02/2020;sexta-feira;15:45:00;SC;101;104;PENHA;Falta de Atenção à Condução;Colisão traseira;Com Vítimas Feridas;Pleno dia;Crescente;Sol;Dupla;Não Informado;Não;2;0;1;0;1;0;1;2;-26,79282;-48,68081;SR-SC;UOP02;DEL03
272198;28/02/2020;sexta-feira;13:30:00;MG;251;433;GRAO MOGOL;Condutor Dormindo;Saída de leito carroçável;Com Vítimas Feridas;Pleno dia;Crescente;Céu Claro;Simples;Reta;Não;4;0;1;3;0;0;4;1;-16,3723;-43,17989;SR-MG;UOP01;DEL12
272199;28/02/2020;sexta-feira;16:10:00;MG;381;439;SABARA;Velocidade Incompatível;Saída de leito carroçável;Com Vítimas Feridas;Pleno dia;Decrescente;Chuva;Simples;Não Informado;Não;3;0;3;0;0;0;3;1;-19,79933;-43,76129;SR-MG;UOP01;DEL01
272200;28/02/2020;sexta-feira;10:00:00;BA;110;86,3;JEREMOABO;Desobediência às normas de trânsito pelo condutor;Colisão frontal;Com Vítimas Fatais;Pleno dia;Crescente;Céu Claro;Simples;Não Informado;Não;3;1;1;0;1;0;1;2;-10,17672;-38,2822;SR-BA;UOP01;DEL07
272201;28/02/2020;sexta-feira;15:20:00;GO;153;605,7;MORRINHOS;Velocidade Incompatível;Colisão traseira;Com Vítimas Feridas;Pleno dia;Crescente;Chuva;Dupla;Desvio Temporário;Não;3;0;1;0;2;0;1;2;-17,5952;-49,1912;SR-GO;UOP01;DEL03
272202;23/02/2020;domingo;17:30:00;AM;174;913,1;MANAUS;Ingestão de Álcool;Saída de leito carroçável;Com Vítimas Feridas;Anoitecer;Decrescente;Céu Claro;Simples;Reta;Não;1;0;0;1;0;0;1;1;-2,717232;-60,0475;SR-AM;UOP01;DEL01
272203;28/02/2020;sexta-feira;15:15:00;SP;116;335;JUQUITIBA;Ingestão de Álcool;Atropelamento de Pedestre;Com Vítimas Feridas;Pleno dia;Decrescente;Nublado;Dupla;Reta;Sim;3;0;0;1;0;2;1;1;-23,96963;-47,13375;SR-SP;UOP01;DEL04
272204;28/02/2020;sexta-feira;11:00:00;RJ;40;86;PETROPOLIS;Falta de Atenção à Condução;Colisão lateral;Sem Vítimas;Pleno dia;Decrescente;Nublado;Dupla;Curva;Não;2;0;0;0;2;0;0;2;-22,53575;-43,23296;SR-RJ;UOP03;DEL06
272205;28/02/2020;sexta-feira;16:00:00;SP;116;307;SAO LOURENCO DA SERRA;Avarias e/ou desgaste excessivo no pneu;Danos eventuais;Com Vítimas Feridas;Pleno dia;Decrescente;Garoa/Chuvisco;Dupla;Curva;Não;2;0;1;0;1;0;1;2;-23,8563;-46,94097;SR-SP;UOP01;DEL04
272206;28/02/2020;sexta-feira;15:15:00;PR;376;459;TIBAGI;Velocidade Incompatível;Colisão com objeto estático;Com Vítimas Feridas;Pleno dia;Crescente;Sol;Dupla;Curva;Não;1;0;1;0;0;0;1;1;-25,00055;-50,36103;SR-PR;UOP01;DEL03
272207;28/02/2020;sexta-feira;14:20:00;BA;330;799,1;JEQUIE;Falta de Atenção à Condução;Colisão transversal;Com Vítimas Feridas;Pleno dia;Crescente;Céu Claro;Simples;Não Informado;Não;3;0;0;2;1;0;2;2;-13,94705;-39,9766;SR-BA;UOP01;DEL03
272208;28/02/2020;sexta-feira;14:40:00;PI;135;201;ELISEU MARTINS;Desobediência às normas de trânsito pelo condutor;Colisão transversal;Com Vítimas Feridas;Pleno dia;Crescente;Céu Claro;Simples;Reta;Não;3;0;0;1;2;0;1;2;-8,08369;-43,73926;SR-PI;UOP01;DEL03
272209;28/02/2020;sexta-feira;16:15:00;PE;101;159,5;GAMELEIRA;Falta de Atenção à Condução;Colisão traseira;Com Vítimas Feridas;Pleno dia;Crescente;Céu Claro;Dupla;Reta;Não;3;0;1;0;1;1;1;3;-8,552525;-35,41389;SR-PE;UOP03;DEL01
272211;28/02/2020;sexta-feira;17:20:00;GO;153;626,7;MORRINHOS;Velocidade Incompatível;Capotamento;Com Vítimas Feridas;Pleno dia;Decrescente;Chuva;Dupla;Curva;Não;1;0;1;0;0;0;1;1;-17,7719;-49,1732;SR-GO;UOP01;DEL03
272212;28/02/2020;sexta-feira;14:00:00;RJ;101;432;MANGARATIBA;Velocidade Incompatível;Colisão frontal;Com Vítimas Feridas;Pleno dia;Decrescente;Chuva;Simples;Curva;Não;4;0;0;4;0;0;4;2;-22,93156;-44,02393;SR-RJ;UOP01;DEL03
272213;28/02/2020;sexta-feira;17:15:00;SP;381;61,5;MAIRIPORA;Pista Escorregadia;Colisão com objeto estático;Com Vítimas Feridas;Anoitecer;Crescente;Chuva;Dupla;Curva;Não;2;0;2;0;0;0;2;1;-23,29012;-46,58007;SR-SP;UOP01;DEL03
272214;28/02/2020;sexta-feira;16:20:00;RJ;116;137;DUQUE DE CAXIAS;Defeito Mecânico no Veículo;Colisão transversal;Com Vítimas Feridas;Pleno dia;Crescente;Chuva;Dupla;Reta;Sim;2;0;1;0;1;0;1;2;-22,64808;-43,18019;SR-RJ;UOP02;DEL04
272215;28/02/2020;sexta-feira;17:25:00;SP;153;59;SAO JOSE DO RIO PRETO;Velocidade Incompatível;Colisão transversal;Com Vítimas Feridas;Pleno dia;Decrescente;Nublado;Simples;Reta;Sim;2;0;1;0;1;0;1;2;-20,78733;-49,35399;SR-SP;UOP01;DEL09
272216;28/02/2020;sexta-feira;16:30:00;MT;70;509;CUIABA;Falta de Atenção do Pedestre;Atropelamento de Pedestre;Com Vítimas Feridas;Pleno dia;Crescente;Sol;Simples;Reta;Sim;2;0;1;0;1;0;1;1;-15,65051;-55,99824;SR-MT;UOP02;DEL01
272217;31/01/2020;sexta-feira;22:40:00;PE;101;84;JABOATAO DOS GUARARAPES;Falta de Atenção à Condução;Colisão transversal;Com Vítimas Feridas;Plena Noite;Crescente;Céu Claro;Simples;Reta;Não;2;0;1;0;1;0;1;2;-8,177786;-34,95087;SR-PE;DEL11/1;UOP03/PE
272219;28/02/2020;sexta-feira;17:15:00;RS;290;30,1;SANTO ANTONIO DA PATRULHA;Condutor Dormindo;Saída de leito carroçável;Com Vítimas Feridas;Pleno dia;Decrescente;Céu Claro;Dupla;Reta;Não;2;0;0;1;1;0;1;1;-29,88358;-50,55543;SR-RS;UOP01;DEL03
272220;28/02/2020;sexta-feira;15:40:00;RO;421;11;ARIQUEMES;Desobediência às normas de trânsito pelo condutor;Colisão transversal;Com Vítimas Feridas;Pleno dia;Crescente;Céu Claro;Simples;Reta;Não;3;0;0;1;2;0;1;2;-9,976976;-63,1311;SR-RO;UOP01;DEL03
272221;28/02/2020;sexta-feira;14:29:00;SC;282;40,4;AGUAS MORNAS;Restrição de Visibilidade;Colisão transversal;Com Vítimas Feridas;Pleno dia;Crescente;Sol;Simples;Interseção de vias;Não;6;0;1;3;2;0;4;2;-27,71615;-48,86958;SR-SC;UOP03;DEL01
272222;28/02/2020;sexta-feira;18:10:00;PR;373;231;IMBITUVA;Ingestão de Álcool;Colisão transversal;Sem Vítimas;Plena Noite;Decrescente;Céu Claro;Simples;Interseção de vias;Sim;2;0;0;0;2;0;0;2;-25,18288;-50,67781;SR-PR;UOP01;DEL03
272223;28/02/2020;sexta-feira;18:15:00;SC;470;50,5;BLUMENAU;Falta de Atenção à Condução;Colisão transversal;Com Vítimas Feridas;Pleno dia;Crescente;Sol;Simples;Reta;Sim;2;0;1;0;1;0;1;2;-26,85977;-49,07449;SR-SC;UOP01;DEL04
272224;28/02/2020;sexta-feira;18:00:00;SC;101;213,8;PALHOCA;Não guardar distância de segurança;Colisão traseira;Com Vítimas Feridas;Pleno dia;Decrescente;Céu Claro;Dupla;Reta;Sim;3;0;2;0;1;0;2;2;-27,63697;-48,66514;SR-SC;UOP02;DEL01
272225;27/01/2020;segunda-feira;13:20:00;GO;60;269,4;JANDAIA;Defeito Mecânico no Veículo;Colisão com objeto estático;Com Vítimas Feridas;Pleno dia;Crescente;Chuva;Dupla;Retorno Regulamentado;Não;1;0;1;0;0;0;1;1;-17,2061;-50,1122;SR-GO;DEL1/1;UOP02/GO
272226;26/02/2020;quarta-feira;11:50:00;MS;163;634;SAO GABRIEL DO OESTE;Avarias e/ou desgaste excessivo no pneu;Saída de leito carroçável;Com Vítimas Feridas;Pleno dia;Decrescente;Nublado;Dupla;Reta;Não;2;0;2;0;0;0;2;1;-19,25755;-54,66594;SR-MS;UOP02;DEL06
272227;28/02/2020;sexta-feira;17:30:00;RS;116;248,6;SAO LEOPOLDO;Não guardar distância de segurança;Colisão traseira;Com Vítimas Feridas;Anoitecer;Decrescente;Nublado;Dupla;Reta;Sim;5;0;2;0;2;1;2;3;-29,78039;-51,15807;SR-RS;UOP02;DEL01
272228;28/02/2020;sexta-feira;16:00:00;GO;452;18;RIO VERDE;Falta de Atenção à Condução;Colisão traseira;Com Vítimas Feridas;Pleno dia;Decrescente;Céu Claro;Simples;Reta;Não;2;0;1;0;1;0;1;2;-17,85915;-50,74936;SR-GO;UOP01;DEL04
272229;28/02/2020;sexta-feira;18:30:00;ES;101;203,9;JOAO NEIVA;Falta de Atenção à Condução;Colisão transversal;Com Vítimas Feridas;Plena Noite;Decrescente;Garoa/Chuvisco;Simples;Curva;Sim;3;0;1;0;2;0;1;2;-19,74949;-40,37923;SR-ES;UOP01;DEL02
272230;28/02/2020;sexta-feira;18:20:00;PR;116;118;CURITIBA;Falta de Atenção à Condução;Colisão traseira;Com Vítimas Feridas;Plena Noite;Crescente;Nublado;Dupla;Desvio Temporário;Não;2;0;1;0;1;0;1;2;-25,54657;-49,29174;SR-PR;UOP03;DEL01
272231;28/02/2020;sexta-feira;19:10:00;ES;101;164,3;LINHARES;Falta de Atenção à Condução;Colisão transversal;Com Vítimas Feridas;Plena Noite;Crescente;Nublado;Simples;Interseção de vias;Não;2;0;0;1;1;0;1;2;-19,50814;-40,13615;SR-ES;UOP01;DEL04
272232;22/02/2020;sábado;12:30:00;MS;163;673,4;RIO VERDE DE MATO GROSSO;Velocidade Incompatível;Saída de leito carroçável;Com Vítimas Feridas;Pleno dia;Crescente;Chuva;Simples;Curva;Não;4;0;2;0;2;0;2;1;-18,98291;-54,82611;SR-MS;UOP02;DEL06
272233;28/02/2020;sexta-feira;17:40:00;PR;277;633;VERA CRUZ DO OESTE;Desobediência às normas de trânsito pelo condutor;Colisão transversal;Com Vítimas Feridas;Pleno dia;Crescente;Céu Claro;Simples;Reta;Não;2;0;0;1;1;0;1;2;-25,12585;-53,81903;SR-PR;UOP05;DEL04
272234;28/02/2020;sexta-feira;19:00:00;MG;365;797;GURINHATA;Objeto estático sobre o leito carroçável;Colisão traseira;Com Vítimas Fatais;Plena Noite;Crescente;Chuva;Simples;Não Informado;Não;2;1;0;0;1;0;0;2;-18,91571;-49,88132;SR-MG;UOP03;DEL15
272235;28/02/2020;sexta-feira;17:51:00;GO;40;12,8;LUZIANIA;Desobediência às normas de trânsito pelo condutor;Colisão lateral;Sem Vítimas;Anoitecer;Crescente;Céu Claro;Dupla;Retorno Regulamentado;Sim;3;0;0;0;1;2;0;2;-16,14512;-47,94538;SR-DF;UOP01;DEL01
272236;28/02/2020;sexta-feira;19:00:00;PR;277;5;FOZ DO IGUACU;Falta de Atenção à Condução;Colisão transversal;Com Vítimas Feridas;Anoitecer;Crescente;Céu Claro;Dupla;Interseção de vias;Sim;3;0;1;0;2;0;1;3;-25,5469;-54,5882;SR-PR;UOP02;DEL05
272237;28/02/2020;sexta-feira;19:05:00;MG;40;552,1;NOVA LIMA;Desobediência às normas de trânsito pelo condutor;Colisão lateral;Com Vítimas Feridas;Plena Noite;Decrescente;Céu Claro;Simples;Não Informado;Sim;3;0;2;0;1;0;2;2;-20,06256;-43,97787;SR-MG;UOP02;DEL01
272238;28/02/2020;sexta-feira;19:50:00;SP;459;25,3;LORENA;Mal Súbito;Colisão lateral;Com Vítimas Feridas;Anoitecer;Crescente;Nublado;Simples;Reta;Não;2;0;1;0;1;0;1;2;-22,69682;-45,12124;SR-SP;DEL6/8;UOP03/SP
272239;28/02/2020;sexta-feira;16:50:00;PR;467;103;CASCAVEL;Defeito Mecânico no Veículo;Queda de ocupante de veículo;Com Vítimas Feridas;Pleno dia;Crescente;Céu Claro;Dupla;Reta;Não;1;0;1;0;0;0;1;1;-24,9098;-53,5103;SR-PR;UOP01;DEL04
272240;28/02/2020;sexta-feira;16:45:00;SC;280;25,4;ARAQUARI;Falta de Atenção à Condução;Colisão transversal;Com Vítimas Feridas;Pleno dia;Decrescente;Céu Claro;Simples;Reta;Não;2;0;1;0;1;0;1;2;-26,38353;-48,72678;SR-SC;UOP03;DEL03
272241;28/02/2020;sexta-feira;18:45:00;SP;153;55,3;SAO JOSE DO RIO PRETO;Desobediência às normas de trânsito pelo condutor;Colisão transversal;Com Vítimas Feridas;Plena Noite;Decrescente;Céu Claro;Simples;Não Informado;Não;3;0;1;0;0;2;1;2;-20,75322;-49,3426;SR-SP;UOP01;DEL09
272242;28/02/2020;sexta-feira;18:30:00;MS;163;700,8;RIO VERDE DE MATO GROSSO;Animais na Pista;Atropelamento de Animal;Com Vítimas Feridas;Plena Noite;Crescente;Céu Claro;Simples;Desvio Temporário;Não;1;0;1;0;0;0;1;1;-18,75702;-54,82411;SR-MS;UOP01;DEL06
272243;28/02/2020;sexta-feira;17:50:00;SC;280;56,4;GUARAMIRIM;Não guardar distância de segurança;Colisão lateral;Com Vítimas Feridas;Anoitecer;Crescente;Nublado;Simples;Reta;Não;2;0;1;0;1;0;1;2;-26,47948;-49,00299;SR-SC;UOP03;DEL03
272244;28/02/2020;sexta-feira;19:40:00;ES;101;328,9;GUARAPARI;Falta de Atenção à Condução;Tombamento;Com Vítimas Feridas;Plena Noite;Decrescente;Chuva;Dupla;Reta;Não;1;0;1;0;0;0;1;1;-20,57963;-40,49015;SR-ES;UOP01;DEL03
272245;28/02/2020;sexta-feira;18:30:00;RS;116;236,5;NOVO HAMBURGO;Falta de Atenção do Pedestre;Atropelamento de Pedestre;Com Vítimas Feridas;Pleno dia;Crescente;Ignorado;Simples;Reta;Sim;2;0;0;1;1;0;1;1;-29,66939;-51,14305;SR-RS;UOP02;DEL01
272247;28/02/2020;sexta-feira;19:00:00;BA;101;918;MUCURI;Defeito Mecânico no Veículo;Incêndio;Sem Vítimas;Plena Noite;Crescente;Céu Claro;Simples;Curva;Não;5;0;0;0;5;0;0;1;-18,072;-39,88292;SR-BA;UOP02;DEL09
272248;28/02/2020;sexta-feira;19:20:00;BA;235;349,5;JUAZEIRO;Ingestão de Álcool;Colisão traseira;Com Vítimas Feridas;Plena Noite;Decrescente;Céu Claro;Dupla;Reta;Sim;2;0;1;0;1;0;1;2;-9,449646;-40,48604;SR-PE;UOP01;DEL06
272250;28/02/2020;sexta-feira;18:40:00;MS;163;490,4;CAMPO GRANDE;Falta de Atenção à Condução;Saída de leito carroçável;Com Vítimas Feridas;Plena Noite;Crescente;Céu Claro;Dupla;Curva;Não;1;0;1;0;0;0;1;1;-20,40018;-54,5554;SR-MS;UOP02;DEL01
272251;28/02/2020;sexta-feira;20:00:00;SC;101;192,5;BIGUACU;Desobediência às normas de trânsito pelo condutor;Colisão lateral;Sem Vítimas;Plena Noite;Crescente;Nublado;Múltipla;Reta;Sim;3;0;0;0;3;0;0;3;-27,48444;-48,64765;SR-SC;UOP01;DEL01
272252;28/02/2020;sexta-feira;18:30:00;RJ;493;55;DUQUE DE CAXIAS;Pista Escorregadia;Saída de leito carroçável;Com Vítimas Feridas;Anoitecer;Crescente;Chuva;Dupla;Reta;Não;4;0;2;2;0;0;4;1;-22,67209;-43,28505;SR-RJ;UOP01;DEL01
272253;28/02/2020;sexta-feira;19:44:00;MS;267;483;JARDIM;Falta de Atenção à Condução;Colisão transversal;Com Vítimas Feridas;Plena Noite;Crescente;Céu Claro;Simples;Reta;Sim;3;0;2;0;0;1;2;2;-21,48097;-56,15577;SR-MS;UOP01;DEL05
272254;28/02/2020;sexta-feira;20:45:00;SC;470;55,9;BLUMENAU;Desobediência às normas de trânsito pelo condutor;Colisão transversal;Com Vítimas Feridas;Plena Noite;Decrescente;Céu Claro;Simples;Reta;Sim;2;0;1;0;1;0;1;2;-26,8756;-49,11799;SR-SC;UOP01;DEL04
272255;28/02/2020;sexta-feira;20:30:00;PR;476;196,4;LAPA;Animais na Pista;Atropelamento de Animal;Com Vítimas Feridas;Plena Noite;Crescente;Céu Claro;Simples;Reta;Sim;2;0;1;0;1;0;1;2;-25,7573;-49,7304;SR-PR;UOP04;DEL01
272256;28/02/2020;sexta-feira;19:50:00;SC;101;149,8;ITAPEMA;Ingestão de Álcool;Colisão traseira;Com Vítimas Feridas;Plena Noite;Decrescente;Céu Claro;Simples;Reta;Sim;2;0;1;0;1;0;1;2;-27,10896;-48,61278;SR-SC;UOP03;DEL04
272257;28/02/2020;sexta-feira;16:40:00;SC;282;521,6;XAXIM;Desobediência às normas de trânsito pelo condutor;Colisão transversal;Com Vítimas Feridas;Pleno dia;Decrescente;Sol;Simples;Rotatória;Não;3;0;2;0;1;0;2;2;-26,95044;-52,53222;SR-SC;UOP01;DEL07
272259;28/02/2020;sexta-feira;21:15:00;PE;101;43;IGARASSU;Ingestão de Álcool;Atropelamento de Pedestre;Com Vítimas Feridas;Plena Noite;Crescente;Céu Claro;Dupla;Reta;Sim;8;0;5;0;3;0;5;3;-7,901242;-34,8669;SR-PE;UOP02;DEL01
272260;28/02/2020;sexta-feira;20:00:00;BA;242;659;MUQUEM DE SAO FRANCISCO;Velocidade Incompatível;Saída de leito carroçável;Com Vítimas Fatais;Plena Noite;Decrescente;Nublado;Simples;Não Informado;Não;1;1;0;0;0;0;0;1;-12,22851;-43,8335;SR-BA;UOP02;DEL10
272261;28/02/2020;sexta-feira;13:25:00;SC;282;510;XANXERE;Falta de Atenção à Condução;Colisão lateral;Com Vítimas Feridas;Pleno dia;Crescente;Céu Claro;Simples;Reta;Não;2;0;2;0;0;0;2;2;-26,89711;-52,46359;SR-SC;UOP01;DEL07
272262;28/02/2020;sexta-feira;20:50:00;MG;40;710,9;BARBACENA;Velocidade Incompatível;Saída de leito carroçável;Com Vítimas Feridas;Plena Noite;Decrescente;Chuva;Dupla;Curva;Não;1;0;1;0;0;0;1;1;-21,24346;-43,71417;SR-MG;UOP02;DEL05
272263;28/02/2020;sexta-feira;20:45:00;MG;116;487,9;INHAPIM;Defeito Mecânico no Veículo;Incêndio;Sem Vítimas;Plena Noite;Crescente;Garoa/Chuvisco;Simples;Curva;Não;1;0;0;0;1;0;0;1;-19,45139;-42,12752;SR-MG;UOP02;DEL06
272264;28/02/2020;sexta-feira;20:28:00;RJ;116;217;PARACAMBI;Velocidade Incompatível;Saída de leito carroçável;Com Vítimas Feridas;Plena Noite;Decrescente;Chuva;Múltipla;Reta;Não;5;0;1;0;4;0;1;1;-22,70207;-43,74864;SR-RJ;UOP03;DEL01
272265;28/02/2020;sexta-feira;21:45:00;PR;369;184,4;ARAPONGAS;Falta de Atenção à Condução;Colisão traseira;Com Vítimas Feridas;Plena Noite;Crescente;Céu Claro;Simples;Reta;Sim;3;0;0;1;1;1;1;2;-23,40279;-51,42804;SR-PR;UOP03;DEL07
272266;28/02/2020;sexta-feira;21:55:00;SC;470;52,8;BLUMENAU;Desobediência às normas de trânsito pelo condutor;Colisão transversal;Com Vítimas Feridas;Plena Noite;Decrescente;Céu Claro;Simples;Interseção de vias;Não;2;0;1;0;1;0;1;2;-26,86229;-49,0939;SR-SC;UOP01;DEL04
272267;28/02/2020;sexta-feira;18:40:00;MG;381;307;ANTONIO DIAS;Desobediência às normas de trânsito pelo condutor;Colisão frontal;Com Vítimas Feridas;Plena Noite;Decrescente;Nublado;Dupla;Não Informado;Não;3;0;1;1;1;0;2;2;-19,65178;-42,94723;SR-MG;UOP02;DEL03
272268;28/02/2020;sexta-feira;19:40:00;MG;40;465,3;SETE LAGOAS;Velocidade Incompatível;Capotamento;Com Vítimas Feridas;Plena Noite;Decrescente;Chuva;Dupla;Reta;Não;1;0;1;0;0;0;1;1;-19,43836;-44,33104;SR-MG;UOP01;DEL02