id;data_inversa;dia_semana;horario;uf;br;km;municipio;causa_acidente;tipo_acidente;classificacao_acidente;fase_dia;sentido_via;condicao_metereologica;tipo_pista;tracado_via;uso_solo;pessoas;mortos;feridos_leves;feridos_graves;ilesos;ignorados;feridos;veiculos;latitude;longitude;regional;delegacia;uop
272979;03/03/2020;terça-feira;08:00:00;PE;101;43;IGARASSU;Falta de Atenção à Condução;Colisão traseira;Com Vítimas Feridas;Pleno dia;Decrescente;Céu Claro;Dupla;Reta;Sim;2;0;1;0;1;0;1;2;-7,847538;-34,90977;SR-PE;UOP02;DEL01
272980;03/03/2020;terça-feira;07:50:00;RS;116;250,9;SAO LEOPOLDO;Falta de Atenção à Condução;Colisão lateral;Com Vítimas Feridas;Pleno dia;Crescente;Céu Claro;Simples;Reta;Sim;2;0;1;0;1;0;1;2;-29,79149;-51,164;SR-RS;UOP02;DEL01
272981;03/03/2020;terça-feira;07:25:00;SC;163;67,5;SAO MIGUEL DO OESTE;Falta de Atenção à Condução;Colisão traseira;Com Vítimas Feridas;Pleno dia;Crescente;Céu Claro;Simples;Reta;Sim;2;0;0;1;1;0;1;2;-26,75944;-53,50055;SR-SC;UOP03;DEL07
272983;03/03/2020;terça-feira;07:20:00;SC;163;66,9;SAO MIGUEL DO OESTE;Desobediência às normas de trânsito pelo condutor;Colisão transversal;Com Vítimas Feridas;Pleno dia;Crescente;Céu Claro;Dupla;Não Informado;Sim;3;0;0;2;1;0;2;2;-26,75944;-53,50055;SR-SC;UOP03;DEL07
272985;03/03/2020;terça-feira;08:20:00;SC;280;54,2;GUARAMIRIM;Falta de Atenção à Condução;Colisão transversal;Com Vítimas Feridas;Pleno dia;Crescente;Chuva;Simples;Reta;Sim;3;0;0;2;1;0;2;2;-26,4754;-48,98375;SR-SC;UOP03;DEL03
272986;03/03/2020;terça-feira;08:10:00;GO;153;501,7;GOIANIA;Não guardar distância de segurança;Queda de ocupante de veículo;Com Vítimas Feridas;Pleno dia;Crescente;Nublado;Dupla;Viaduto;Sim;1;0;1;0;0;0;1;1;-16,7189;-49,2382;SR-GO;UOP01;DEL01
272987;03/03/2020;terça-feira;08:20:00;RS;386;339,5;LAJEADO;Falta de Atenção à Condução;Colisão frontal;Com Vítimas Feridas;Pleno dia;Decrescente;Sol;Simples;Curva;Não;3;0;1;1;1;0;2;2;-29,40405;-52,03652;SR-RS;UOP01;DEL04
272989;03/03/2020;terça-feira;07:25:00;RJ;493;2,9;ITABORAI;Falta de Atenção à Condução;Colisão traseira;Com Vítimas Fatais;Pleno dia;Decrescente;Nublado;Simples;Reta;Sim;2;1;0;0;1;0;0;2;-22,7595;-42,93545;SR-RJ;UOP01;DEL02
272990;03/03/2020;terça-feira;08:40:00;PE;101;50,7;ABREU E LIMA;Desobediência às normas de trânsito pelo condutor;Colisão transversal;Sem Vítimas;Pleno dia;Decrescente;Sol;Múltipla;Retorno Regulamentado;Sim;2;0;0;0;1;1;0;2;-7,909386;-34,90123;SR-PE;UOP02;DEL01
272991;03/03/2020;terça-feira;07:50:00;SC;101;141;BALNEARIO CAMBORIU;Velocidade Incompatível;Colisão com objeto estático;Com Vítimas Feridas;Pleno dia;Crescente;Céu Claro;Múltipla;Curva;Não;1;0;1;0;0;0;1;1;-27,04762;-48,59996;SR-SC;UOP03;DEL04
272992;03/03/2020;terça-feira;09:42:00;PB;230;4,3;CABEDELO;Falta de Atenção à Condução;Tombamento;Com Vítimas Feridas;Pleno dia;Crescente;Nublado;Simples;Não Informado;Sim;1;0;1;0;0;0;1;1;-7,0004;-34,8284;SR-PB;UOP01;DEL01
272993;03/03/2020;terça-feira;07:40:00;PR;116;112;CURITIBA;Falta de Atenção à Condução;Colisão traseira;Com Vítimas Feridas;Pleno dia;Crescente;Chuva;Dupla;Reta;Não;2;0;1;0;1;0;1;2;-25,56731;-49,23707;SR-PR;UOP04;DEL01
272994;03/03/2020;terça-feira;08:30:00;RN;304;43,7;MOSSORO;Objeto estático sobre o leito carroçável;Colisão com objeto estático;Com Vítimas Feridas;Pleno dia;Decrescente;Céu Claro;Dupla;Reta;Não;3;0;0;1;2;0;1;3;-5,218158;-37,365;SR-RN;UOP01;DEL04
272995;03/03/2020;terça-feira;08:02:00;PR;476;154,5;ARAUCARIA;Mal Súbito;Colisão traseira;Com Vítimas Feridas;Pleno dia;Crescente;Nublado;Dupla;Reta;Sim;2;0;0;1;1;0;1;2;-25,58422;-49,40138;SR-PR;UOP04;DEL01
272996;03/03/2020;terça-feira;08:40:00;SP;116;278;EMBU DAS ARTES;Defeito Mecânico no Veículo;Saída de leito carroçável;Com Vítimas Feridas;Pleno dia;Crescente;Céu Claro;Dupla;Reta;Sim;1;0;1;0;0;0;1;1;-23,65508;-46,84919;SR-SP;UOP01;DEL04
272997;03/03/2020;terça-feira;09:40:00;GO;60;385;RIO VERDE;Desobediência às normas de trânsito pelo condutor;Colisão traseira;Com Vítimas Feridas;Pleno dia;Decrescente;Céu Claro;Múltipla;Reta;Sim;3;0;1;1;1;0;2;2;-17,7964;-50,914;SR-GO;UOP01;DEL04
272998;03/03/2020;terça-feira;08:35:00;BA;324;614;SALVADOR;Falta de Atenção à Condução;Colisão lateral;Com Vítimas Feridas;Pleno dia;Decrescente;Céu Claro;Simples;Reta;Sim;2;0;1;0;1;0;1;2;-12,86398;-38,4237;SR-BA;UOP01;DEL01
272999;03/03/2020;terça-feira;08:10:00;MG;40;823;SIMAO PEREIRA;Falta de Atenção à Condução;Colisão traseira;Com Vítimas Feridas;Pleno dia;Crescente;Chuva;Dupla;Reta;Não;2;0;1;0;0;1;1;2;-21,96149;-43,29868;SR-MG;UOP01;DEL05
273000;03/03/2020;terça-feira;09:15:00;BA;324;625;SALVADOR;Não guardar distância de segurança;Colisão traseira;Com Vítimas Feridas;Pleno dia;Crescente;Sol;Dupla;Curva;Sim;3;0;1;0;2;0;1;3;-12,96468;-38,47712;SR-BA;UOP01;DEL01
273001;03/03/2020;terça-feira;09:30:00;RS;392;2,3;CAPAO DO LEAO;Desobediência às normas de trânsito pelo condutor;Colisão transversal;Com Vítimas Feridas;Pleno dia;Crescente;Céu Claro;Simples;Interseção de vias;Sim;3;0;1;0;2;0;1;2;-31,7602;-52,4381;SR-RS;UOP01;DEL07
273003;18/02/2020;terça-feira;06:50:00;MS;163;830;SONORA;Velocidade Incompatível;Capotamento;Com Vítimas Feridas;Amanhecer;Crescente;Nublado;Dupla;Reta;Não;3;0;0;2;0;1;2;1;-17,66326;-54,74797;SR-MS;UOP01;DEL06
273004;03/03/2020;terça-feira;08:00:00;RJ;116;178;NOVA IGUACU;Não guardar distância de segurança;Colisão traseira;Com Vítimas Feridas;Pleno dia;Crescente;Céu Claro;Múltipla;Reta;Sim;3;0;1;0;2;0;1;2;-22,77496;-43,40081;SR-RJ;UOP02;DEL01
273005;03/03/2020;terça-feira;07:05:00;MG;251;469,1;FRANCISCO SA;Falta de Atenção à Condução;Colisão lateral;Sem Vítimas;Pleno dia;Decrescente;Chuva;Simples;Curva;Não;2;0;0;0;2;0;0;2;-16,47846;-43,41953;SR-MG;UOP01;DEL12
273006;04/02/2020;terça-feira;23:00:00;PR;476;140;CURITIBA;Desobediência às normas de trânsito pelo condutor;Colisão traseira;Com Vítimas Feridas;Plena Noite;Decrescente;Garoa/Chuvisco;Dupla;Reta;Sim;3;0;1;0;2;0;1;3;-25,52069;-49,29412;SR-PR;DEL7/1;UOP03/PR
273007;03/03/2020;terça-feira;08:35:00;MT;163;841,9;SINOP;Não guardar distância de segurança;Colisão traseira;Com Vítimas Feridas;Pleno dia;Decrescente;Nublado;Simples;Reta;Sim;3;0;0;1;2;0;1;2;-11,80107;-55,47961;SR-MT;UOP02;DEL06
273008;03/03/2020;terça-feira;05:40:00;MG;40;521;CONTAGEM;Não guardar distância de segurança;Engavetamento;Com Vítimas Feridas;Amanhecer;Crescente;Chuva;Dupla;Reta;Não;4;0;1;0;3;0;1;3;-19,85652;-44,07213;SR-MG;UOP02;DEL01
273009;03/03/2020;terça-feira;10:45:00;RN;101;119;SAO JOSE DE MIPIBU;Falta de Atenção à Condução;Colisão traseira;Com Vítimas Feridas;Pleno dia;Crescente;Céu Claro;Dupla;Reta;Não;2;0;1;0;1;0;1;2;-6,024968;-35,25098;SR-RN;UOP01;DEL01
273010;03/03/2020;terça-feira;08:00:00;SC;282;72,1;RANCHO QUEIMADO;Velocidade Incompatível;Colisão frontal;Com Vítimas Feridas;Pleno dia;Decrescente;Nublado;Simples;Curva;Não;2;0;1;0;1;0;1;2;-27,68344;-49,10526;SR-SC;UOP03;DEL01
273011;03/03/2020;terça-feira;10:04:00;MG;251;467,4;GRAO MOGOL;Condutor Dormindo;Saída de leito carroçável;Sem Vítimas;Pleno dia;Decrescente;Sol;Simples;Reta;Não;1;0;0;0;1;0;0;1;-16,48154;-43,41102;SR-MG;UOP01;DEL12
273013;03/03/2020;terça-feira;10:50:00;PA;222;56;DOM ELISEU;Falta de Atenção à Condução;Tombamento;Com Vítimas Feridas;Pleno dia;Decrescente;Sol;Simples;Curva;Não;1;0;1;0;0;0;1;1;-4,454539;-47,80052;SR-PA;UOP02;DEL02
273014;03/03/2020;terça-feira;10:40:00;CE;116;14,3;FORTALEZA;Falta de Atenção à Condução;Colisão traseira;Com Vítimas Feridas;Pleno dia;Decrescente;Céu Claro;Múltipla;Interseção de vias;Sim;2;0;1;0;1;0;1;2;-3,872294;-38,49858;SR-CE;UOP02;DEL01
273015;03/03/2020;terça-feira;10:55:00;RN;226;15,9;MACAIBA;Desobediência às normas de trânsito pelo condutor;Colisão traseira;Com Vítimas Feridas;Pleno dia;Decrescente;Céu Claro;Simples;Reta;Sim;2;0;1;0;1;0;1;2;-5,856887;-35,33594;SR-RN;UOP02;DEL01
273016;03/03/2020;terça-feira;10:15:00;PR;469;19,5;FOZ DO IGUACU;Falta de Atenção à Condução;Colisão com objeto estático;Sem Vítimas;Pleno dia;Decrescente;Céu Claro;Simples;Rotatória;Não;1;0;0;0;1;0;0;1;-25,59871;-54,48939;SR-PR;UOP03;DEL05
273017;03/03/2020;terça-feira;10:40:00;RJ;101;195;CASIMIRO DE ABREU;Falta de Atenção à Condução;Saída de leito carroçável;Com Vítimas Feridas;Pleno dia;Decrescente;Garoa/Chuvisco;Dupla;Curva;Não;1;0;1;0;0;0;1;1;-22,49221;-42,1002;SR-RJ;UOP04;DEL02
273019;03/03/2020;terça-feira;11:30:00;RN;110;45,6;MOSSORO;Desobediência às normas de trânsito pelo condutor;Colisão traseira;Com Vítimas Feridas;Pleno dia;Decrescente;Sol;Simples;Reta;Sim;2;0;1;0;0;1;1;2;-5,19258;-37,31115;SR-RN;UOP01;DEL04
273020;03/03/2020;terça-feira;11:20:00;BA;101;214;CRUZ DAS ALMAS;Falta de Atenção à Condução;Colisão frontal;Com Vítimas Feridas;Pleno dia;Crescente;Céu Claro;Simples;Reta;Não;5;0;1;0;4;0;1;2;-12,65352;-39,12237;SR-BA;UOP03;DEL01
273021;03/03/2020;terça-feira;12:00:00;PA;230;120,8;MARABA;Defeito Mecânico no Veículo;Colisão lateral;Com Vítimas Feridas;Pleno dia;Decrescente;Nublado;Dupla;Reta;Sim;3;0;1;1;1;0;2;3;-5,350383;-49,11434;SR-PA;UOP01;DEL03
273023;03/03/2020;terça-feira;12:30:00;RJ;393;285;VOLTA REDONDA;Falta de Atenção à Condução;Colisão lateral;Com Vítimas Feridas;Pleno dia;Decrescente;Céu Claro;Simples;Reta;Sim;2;0;1;0;1;0;1;2;-22,47508;-43,99837;SR-RJ;UOP02;DEL05
273024;19/02/2020;quarta-feira;02:28:00;SP;116;281;EMBU DAS ARTES;Objeto estático sobre o leito carroçável;Colisão com objeto estático;Com Vítimas Feridas;Plena Noite;Crescente;Céu Claro;Dupla;Não Informado;Sim;1;0;1;0;0;0;1;1;-23,67785;-46,85769;SR-SP;UOP01;DEL04
273025;03/03/2020;terça-feira;11:50:00;SC;101;44;JOINVILLE;Velocidade Incompatível;Colisão com objeto estático;Sem Vítimas;Pleno dia;Decrescente;Chuva;Dupla;Curva;Sim;1;0;0;0;1;0;0;1;-26,31239;-48,87459;SR-SC;UOP01;DEL03
273026;03/03/2020;terça-feira;12:45:00;MG;381;944,5;EXTREMA;Velocidade Incompatível;Colisão com objeto estático;Com Vítimas Feridas;Pleno dia;Decrescente;Sol;Dupla;Não Informado;Não;2;0;0;1;0;1;1;2;-22,8503;-46,33732;SR-MG;UOP03;DEL16
273028;03/03/2020;terça-feira;13:00:00;SC;101;88;BARRA VELHA;Mal Súbito;Colisão lateral;Com Vítimas Feridas;Pleno dia;Decrescente;Céu Claro;Dupla;Não Informado;Sim;3;0;1;0;2;0;1;2;-26,64254;-48,68951;SR-SC;UOP02;DEL03
273029;03/03/2020;terça-feira;12:30:00;GO;50;174,7;CAMPO ALEGRE DE GOIAS;Falta de Atenção à Condução;Saída de leito carroçável;Com Vítimas Feridas;Pleno dia;Crescente;Céu Claro;Dupla;Reta;Não;1;0;1;0;0;0;1;1;-17,3632;-47,7889;SR-GO;UOP01;DEL06
273030;03/03/2020;terça-feira;12:10:00;MG;116;275;TEOFILO OTONI;Falta de Atenção à Condução;Colisão transversal;Com Vítimas Feridas;Pleno dia;Crescente;Nublado;Simples;Não Informado;Sim;3;0;1;1;1;0;2;2;-17,84559;-41,51542;SR-MG;UOP01;DEL11
273031;03/03/2020;terça-feira;13:05:00;PR;476;148;ARAUCARIA;Defeito Mecânico no Veículo;Colisão traseira;Sem Vítimas;Pleno dia;Crescente;Nublado;Dupla;Reta;Sim;5;0;0;0;5;0;0;5;-25,55712;-49,34873;SR-PR;UOP04;DEL01
273032;03/03/2020;terça-feira;13:00:00;SC;101;117;ITAJAI;Desobediência às normas de trânsito pelo condutor;Colisão transversal;Com Vítimas Feridas;Pleno dia;Crescente;Garoa/Chuvisco;Simples;Interseção de vias;Sim;2;0;2;0;0;0;2;2;-26,89011;-48,72248;SR-SC;UOP04;DEL04
273033;03/03/2020;terça-feira;12:45:00;SC;101;38,8;JOINVILLE;Falta de Atenção à Condução;Tombamento;Com Vítimas Feridas;Pleno dia;Crescente;Chuva;Dupla;Não Informado;Sim;1;0;1;0;0;0;1;1;-26,30028;-48,88375;SR-SC;UOP01;DEL03
273034;03/03/2020;terça-feira;10:40:00;PR;277;400,9;CANDOI;Velocidade Incompatível;Tombamento;Com Vítimas Feridas;Pleno dia;Crescente;Sol;Simples;Curva;Não;1;0;1;0;0;0;1;1;-25,45014;-51,92678;SR-PR;UOP03;DEL04
273035;03/03/2020;terça-feira;12:20:00;SC;101;123;ITAJAI;Defeito Mecânico no Veículo;Colisão lateral;Com Vítimas Feridas;Pleno dia;Decrescente;Céu Claro;Dupla;Reta;Não;2;0;1;0;1;0;1;2;-26,93669;-48,69877;SR-SC;UOP04;DEL04
273036;03/03/2020;terça-feira;13:20:00;PR;277;79;CURITIBA;Falta de Atenção à Condução;Colisão lateral;Com Vítimas Feridas;Pleno dia;Crescente;Nublado;Dupla;Reta;Sim;2;0;2;0;0;0;2;1;-25,47958;-49,20043;SR-PR;UOP01;DEL01
273037;03/03/2020;terça-feira;05:30:00;RR;174;358;CARACARAI;Desobediência às normas de trânsito pelo condutor;Colisão lateral;Com Vítimas Feridas;Amanhecer;Crescente;Céu Claro;Simples;Reta;Não;2;0;1;1;0;0;2;2;1,755826;-61,15156;SR-RR;UOP01;DEL01
273038;03/03/2020;terça-feira;13:20:00;PR;277;591;CASCAVEL;Desobediência às normas de trânsito pelo condutor;Colisão lateral;Com Vítimas Feridas;Pleno dia;Crescente;Céu Claro;Simples;Reta;Sim;2;0;1;0;1;0;1;2;-24,98473;-53,46502;SR-PR;UOP01;DEL04
273039;03/03/2020;terça-feira;13:30:00;GO;158;3;ARAGARCAS;Não guardar distância de segurança;Colisão lateral;Com Vítimas Feridas;Pleno dia;Decrescente;Céu Claro;Dupla;Reta;Sim;2;0;0;1;1;0;1;2;-15,8978;-52,22634;SR-GO;UOP01;DEL04
273040;03/03/2020;terça-feira;08:00:00;MG;365;46,7;CLARO DOS POCOES;Velocidade Incompatível;Tombamento;Sem Vítimas;Pleno dia;Decrescente;Chuva;Simples;Reta;Não;1;0;0;0;1;0;0;1;-16,9199;-44,21461;SR-MG;UOP01;DEL12
273041;03/03/2020;terça-feira;12:40:00;PB;101;9,6;MAMANGUAPE;Defeito Mecânico no Veículo;Colisão com objeto estático;Sem Vítimas;Pleno dia;Decrescente;Sol;Dupla;Reta;Não;1;0;0;0;1;0;0;1;-6,574533;-35,1443;SR-PB;UOP03;DEL01
273043;03/03/2020;terça-feira;12:20:00;BA;324;623;SALVADOR;Falta de Atenção à Condução;Colisão traseira;Com Vítimas Feridas;Pleno dia;Decrescente;Céu Claro;Dupla;Reta;Sim;4;0;2;0;2;0;2;2;-12,92629;-38,46839;SR-BA;UOP01;DEL01
273044;03/03/2020;terça-feira;12:00:00;RS;116;39,3;VACARIA;Desobediência às normas de trânsito pelo condutor;Colisão transversal;Com Vítimas Feridas;Pleno dia;Crescente;Sol;Simples;Retorno Regulamentado;Sim;3;0;2;0;0;1;2;2;-28,51348;-50,93419;SR-RS;UOP03;DEL05
273045;03/03/2020;terça-feira;13:52:00;SP;116;186,8;SANTA ISABEL;Falta de Atenção à Condução;Colisão traseira;Com Vítimas Feridas;Pleno dia;Decrescente;Sol;Dupla;Reta;Não;2;0;1;0;1;0;1;2;-23,35612;-46,20417;SR-SP;UOP01;DEL02
273046;03/03/2020;terça-feira;14:30:00;RJ;116;164;RIO DE JANEIRO;Falta de Atenção à Condução;Colisão traseira;Com Vítimas Feridas;Pleno dia;Crescente;Chuva;Múltipla;Reta;Sim;3;0;1;0;2;0;1;2;-22,81013;-43,33523;SR-RJ;UOP02;DEL01
273047;03/03/2020;terça-feira;15:00:00;PI;316;1,9;TERESINA;Desobediência às normas de trânsito pelo condutor;Colisão transversal;Com Vítimas Feridas;Plena Noite;Crescente;Ignorado;Dupla;Interseção de vias;Sim;3;0;0;2;1;0;2;2;-5,125375;-42,79958;SR-PI;UOP02;DEL01
273049;03/03/2020;terça-feira;15:20:00;GO;60;432;RIO VERDE;Falta de Atenção à Condução;Colisão traseira;Com Vítimas Feridas;Pleno dia;Crescente;Céu Claro;Dupla;Não Informado;Não;2;0;0;1;1;0;1;2;-17,8281;-51,3478;SR-GO;UOP01;DEL04
273050;03/03/2020;terça-feira;14:30:00;SC;280;124,7;RIO NEGRINHO;Desobediência às normas de trânsito pelo condutor;Tombamento;Com Vítimas Feridas;Pleno dia;Decrescente;Chuva;Simples;Reta;Sim;2;0;1;0;1;0;1;2;-26,2413;-49,47514;SR-SC;UOP03;DEL06
273051;03/03/2020;terça-feira;12:50:00;SC;280;7,2;SAO FRANCISCO DO SUL;Falta de Atenção à Condução;Colisão transversal;Com Vítimas Feridas;Pleno dia;Crescente;Céu Claro;Simples;Reta;Sim;2;0;1;0;1;0;1;2;-26,27127;-48,6413;SR-SC;UOP03;DEL03
273052;03/03/2020;terça-feira;13:15:00;ES;482;105,2;GUACUI;Falta de Atenção à Condução;Colisão lateral;Com Vítimas Feridas;Pleno dia;Decrescente;Nublado;Simples;Rotatória;Sim;2;0;1;0;1;0;1;2;-20,77743;-41,66744;SR-ES;UOP02;DEL03
273053;16/02/2020;domingo;20:00:00;PR;116;204,3;RIO NEGRO;Falta de Atenção à Condução;Colisão traseira;Com Vítimas Feridas;Plena Noite;Crescente;Céu Claro;Simples;Reta;Não;2;0;0;1;1;0;1;2;-26,05508;-49,71686;SR-SC;UOP01;DEL06
273054;03/03/2020;terça-feira;13:50:00;MG;381;357,2;JOAO MONLEVADE;Pista Escorregadia;Saída de leito carroçável;Com Vítimas Feridas;Pleno dia;Decrescente;Garoa/Chuvisco;Simples;Curva;Sim;2;0;2;0;0;0;2;1;-19,85125;-43,21582;SR-MG;UOP01;DEL03
273055;03/03/2020;terça-feira;15:30:00;MG;365;658;MONTE ALEGRE DE MINAS;Defeito na Via;Colisão traseira;Com Vítimas Feridas;Pleno dia;Decrescente;Sol;Dupla;Reta;Não;3;0;2;0;1;0;2;2;-18,87746;-48,60335;SR-MG;UOP01;DEL15
273056;03/03/2020;terça-feira;13:00:00;SP;116;130;CACAPAVA;Não guardar distância de segurança;Colisão traseira;Com Vítimas Feridas;Pleno dia;Crescente;Nublado;Dupla;Reta;Sim;2;0;1;0;1;0;1;2;-23,12314;-45,72792;SR-SP;UOP01;DEL06
273057;03/03/2020;terça-feira;14:00:00;SP;381;70,9;MAIRIPORA;Defeito Mecânico no Veículo;Incêndio;Sem Vítimas;Pleno dia;Decrescente;Nublado;Múltipla;Reta;Não;1;0;0;0;1;0;0;1;-23,34973;-46,5607;SR-SP;UOP01;DEL03
273058;03/03/2020;terça-feira;14:50:00;PB;230;165,5;CAMPINA GRANDE;Velocidade Incompatível;Colisão traseira;Com Vítimas Fatais;Pleno dia;Crescente;Céu Claro;Simples;Curva;Não;2;1;0;0;1;0;0;2;-7,20526;-35,95126;SR-PB;UOP02;DEL02
273059;03/03/2020;terça-feira;14:40:00;GO;153;703,5;ITUMBIARA;Falta de Atenção à Condução;Saída de leito carroçável;Sem Vítimas;Pleno dia;Crescente;Céu Claro;Dupla;Desvio Temporário;Sim;1;0;0;0;1;0;0;1;-18,41102;-49,19593;SR-GO;UOP02;DEL03
273060;03/03/2020;terça-feira;15:00:00;GO;60;6,8;ALEXANIA;Falta de Atenção à Condução;Saída de leito carroçável;Com Vítimas Feridas;Pleno dia;Crescente;Céu Claro;Simples;Curva;Não;1;0;1;0;0;0;1;1;-16,09417;-48,51721;SR-DF;UOP02;DEL01
273061;03/03/2020;terça-feira;16:00:00;PR;277;651,8;MATELANDIA;Falta de Atenção à Condução;Colisão transversal;Com Vítimas Feridas;Pleno dia;Decrescente;Céu Claro;Simples;Reta;Não;2;0;1;0;1;0;1;2;-25,20086;-53,94682;SR-PR;UOP05;DEL04
273062;03/03/2020;terça-feira;16:15:00;ES;101;263;SERRA;Avarias e/ou desgaste excessivo no pneu;Atropelamento de Pedestre;Com Vítimas Feridas;Pleno dia;Crescente;Sol;Dupla;Reta;Sim;2;0;0;1;1;0;1;1;-20,16555;-40,27302;SR-ES;UOP01;DEL02
273063;03/03/2020;terça-feira;16:00:00;MG;381;491;BETIM;Falta de Atenção à Condução;Colisão lateral;Com Vítimas Feridas;Pleno dia;Decrescente;Chuva;Dupla;Interseção de vias;Sim;3;0;0;1;2;0;1;2;-19,97018;-44,1821;SR-MG;UOP03;DEL01
273064;03/03/2020;terça-feira;15:45:00;PR;476;124;CURITIBA;Defeito Mecânico no Veículo;Saída de leito carroçável;Sem Vítimas;Pleno dia;Decrescente;Nublado;Múltipla;Reta;Sim;2;0;0;0;1;1;0;2;-25,39984;-49,21585;SR-PR;UOP06;DEL01
273065;03/03/2020;terça-feira;15:40:00;PR;376;339,2;ORTIGUEIRA;Avarias e/ou desgaste excessivo no pneu;Saída de leito carroçável;Com Vítimas Feridas;Pleno dia;Decrescente;Céu Claro;Simples;Curva;Não;4;0;0;1;3;0;1;1;-24,16424;-50,96922;SR-PR;UOP02;DEL07
273066;03/03/2020;terça-feira;15:50:00;MG;40;473;SETE LAGOAS;Velocidade Incompatível;Danos eventuais;Com Vítimas Feridas;Pleno dia;Decrescente;Chuva;Dupla;Não Informado;Não;1;0;1;0;0;0;1;1;-19,49635;-44,27992;SR-MG;UOP01;DEL02
273067;03/03/2020;terça-feira;16:30:00;RJ;40;81;PETROPOLIS;Defeito na Via;Colisão traseira;Com Vítimas Feridas;Pleno dia;Decrescente;Chuva;Simples;Não Informado;Não;3;0;1;0;2;0;1;2;-22,5191;-43,22873;SR-RJ;UOP03;DEL06
273068;03/03/2020;terça-feira;04:00:00;RJ;101;259,6;RIO BONITO;Falta de Atenção à Condução;Colisão com objeto estático;Sem Vítimas;Pleno dia;Crescente;Chuva;Simples;Reta;Sim;1;0;0;0;1;0;0;1;-22,70382;-42,59638;SR-RJ;UOP03;DEL02
273069;03/03/2020;terça-feira;11:00:00;MG;262;400,7;PARA DE MINAS;Velocidade Incompatível;Saída de leito carroçável;Com Vítimas Feridas;Pleno dia;Decrescente;Chuva;Dupla;Curva;Não;3;0;1;0;2;0;1;1;-19,90294;-44,54365;SR-MG;UOP03;DEL08
273070;03/03/2020;terça-feira;16:15:00;PR;369;141;IBIPORA;Não guardar distância de segurança;Colisão traseira;Sem Vítimas;Pleno dia;Crescente;Céu Claro;Dupla;Reta;Sim;2;0;0;0;2;0;0;2;-23,2867;-51,07607;SR-PR;UOP01;DEL07
273071;03/03/2020;terça-feira;15:00:00;RJ;101;108;CAMPOS DOS GOYTACAZES;Falta de Atenção à Condução;Saída de leito carroçável;Com Vítimas Feridas;Pleno dia;Decrescente;Nublado;Dupla;Reta;Não;1;0;1;0;0;0;1;1;-21,9406;-41,63215;SR-RJ;UOP02;DEL08
273072;03/03/2020;terça-feira;14:17:00;SC;101;330,5;TUBARAO;Avarias e/ou desgaste excessivo no pneu;Tombamento;Com Vítimas Feridas;Pleno dia;Decrescente;Nublado;Múltipla;Reta;Sim;1;0;1;0;0;0;1;1;-28,45116;-48,97287;SR-SC;UOP01;DEL02
273074;03/03/2020;terça-feira;17:20:00;MG;40;666,4;CARANDAI;Defeito Mecânico no Veículo;Tombamento;Com Vítimas Feridas;Pleno dia;Crescente;Chuva;Simples;Reta;Não;1;0;1;0;0;0;1;1;-20,94471;-43,80862;SR-MG;UOP02;DEL05
273075;03/03/2020;terça-feira;16:30:00;RJ;101;316;SAO GONCALO;Avarias e/ou desgaste excessivo no pneu;Queda de ocupante de veículo;Com Vítimas Feridas;Pleno dia;Decrescente;Chuva;Dupla;Reta;Sim;2;0;2;0;0;0;2;1;-22,82836;-43,09209;SR-RJ;UOP01;DEL02
273076;03/03/2020;terça-feira;17:30:00;PR;376;594,5;CURITIBA;Falta de Atenção à Condução;Atropelamento de Pedestre;Com Vítimas Feridas;Pleno dia;Crescente;Nublado;Dupla;Reta;Sim;3;0;3;0;0;0;3;1;-25,4848;-49,3473;SR-PR;UOP04;DEL01
273077;03/03/2020;terça-feira;17:45:00;BA;101;160;CONCEICAO DO JACUIPE;Mal Súbito;Capotamento;Com Vítimas Feridas;Anoitecer;Decrescente;Céu Claro;Simples;Reta;Não;2;0;2;0;0;0;2;1;-12,35551;-38,78248;SR-BA;UOP03;DEL01
273078;03/03/2020;terça-feira;18:24:00;GO;40;5;VALPARAISO DE GOIAS;Falta de Atenção à Condução;Colisão lateral;Com Vítimas Feridas;Anoitecer;Crescente;Céu Claro;Dupla;Reta;Sim;5;0;1;0;2;2;1;2;-16,09313;-47,98224;SR-DF;UOP01;DEL01
273079;03/03/2020;terça-feira;17:20:00;MG;381;478,9;CONTAGEM;Não guardar distância de segurança;Colisão lateral;Com Vítimas Feridas;Pleno dia;Decrescente;Nublado;Dupla;Não Informado;Sim;2;0;1;0;0;1;1;2;-19,95826;-44,05921;SR-MG;UOP03;DEL01
273080;03/03/2020;terça-feira;17:00:00;BA;116;819,8;VITORIA DA CONQUISTA;Falta de Atenção à Condução;Colisão lateral;Com Vítimas Fatais;Pleno dia;Crescente;Céu Claro;Simples;Não Informado;Não;2;1;0;0;1;0;0;2;-14,79057;-40,7554;SR-BA;UOP01;DEL08
273081;03/03/2020;terça-feira;16:30:00;MT;163;771;SORRISO;Mal Súbito;Saída de leito carroçável;Com Vítimas Feridas;Pleno dia;Crescente;Chuva;Simples;Reta;Não;1;0;1;0;0;0;1;1;-12,51359;-55,69587;SR-MT;UOP01;DEL06