id;data_inversa;dia_semana;horario;uf;br;km;municipio;causa_acidente;tipo_acidente;classificacao_acidente;fase_dia;sentido_via;condicao_metereologica;tipo_pista;tracado_via;uso_solo;pessoas;mortos;feridos_leves;feridos_graves;ilesos;ignorados;feridos;veiculos;latitude;longitude;regional;delegacia;uop
273288;04/03/2020;quarta-feira;21:20:00;MT;70;528;VARZEA GRANDE;Desobediência às normas de trânsito pelo condutor;Colisão com objeto estático;Com Vítimas Fatais;Plena Noite;Crescente;Céu Claro;Simples;Reta;Sim;2;1;0;0;1;0;0;2;-15,64921;-56,19486;SR-MT;UOP02;DEL05
273289;04/03/2020;quarta-feira;22:00:00;PB;230;163,8;CAMPINA GRANDE;Animais na Pista;Atropelamento de Animal;Com Vítimas Feridas;Plena Noite;Crescente;Céu Claro;Simples;Não Informado;Sim;2;0;2;0;0;0;2;1;-7,2198;-35,9443;SR-PB;UOP01;DEL02
273290;04/03/2020;quarta-feira;22:50:00;ES;482;17;CACHOEIRO DE ITAPEMIRIM;Desobediência às normas de trânsito pelo condutor;Colisão frontal;Sem Vítimas;Plena Noite;Crescente;Chuva;Simples;Reta;Não;2;0;0;0;1;1;0;2;-20,83982;-41,08346;SR-ES;UOP02;DEL03
273291;04/03/2020;quarta-feira;23:20:00;PE;101;60;RECIFE;Falta de Atenção à Condução;Capotamento;Com Vítimas Feridas;Plena Noite;Crescente;Céu Claro;Dupla;Curva;Não;1;0;1;0;0;0;1;1;-7,983443;-34,93177;SR-PE;UOP02;DEL01
273292;04/03/2020;quarta-feira;23:10:00;GO;153;517,8;APARECIDA DE GOIANIA;Avarias e/ou desgaste excessivo no pneu;Saída de leito carroçável;Com Vítimas Feridas;Plena Noite;Decrescente;Chuva;Dupla;Reta;Sim;1;0;1;0;0;0;1;1;-16,8581;-49,2488;SR-GO;UOP03;DEL01
273293;04/03/2020;quarta-feira;23:15:00;PR;277;82;CURITIBA;Falta de Atenção à Condução;Colisão com objeto estático;Sem Vítimas;Plena Noite;Decrescente;Nublado;Dupla;Reta;Sim;1;0;0;0;1;0;0;1;-25,56894;-49,18198;SR-PR;UOP04;DEL01
273294;05/03/2020;quinta-feira;00:10:00;PR;376;508;PONTA GROSSA;Falta de Atenção à Condução;Colisão traseira;Com Vítimas Feridas;Plena Noite;Crescente;Céu Claro;Dupla;Não Informado;Não;5;0;4;0;1;0;4;2;-25,25429;-50,01605;SR-PR;UOP02;DEL03
273295;04/03/2020;quarta-feira;22:45:00;SC;280;292,8;PORTO UNIAO;Falta de Atenção à Condução;Saída de leito carroçável;Com Vítimas Feridas;Plena Noite;Decrescente;Céu Claro;Simples;Não Informado;Não;1;0;1;0;0;0;1;1;-26,29652;-50,94542;SR-SC;UOP04;DEL06
273296;04/03/2020;quarta-feira;22:10:00;RS;285;568,5;SAO LUIZ GONZAGA;Animais na Pista;Atropelamento de Animal;Sem Vítimas;Plena Noite;Crescente;Céu Claro;Simples;Curva;Sim;3;0;0;0;3;0;0;1;-28,414;-54,97613;SR-RS;UOP01;DEL12
273298;04/03/2020;quarta-feira;19:00:00;SC;282;51,8;RANCHO QUEIMADO;Defeito Mecânico no Veículo;Saída de leito carroçável;Com Vítimas Feridas;Plena Noite;Decrescente;Céu Claro;Simples;Curva;Não;1;0;1;0;0;0;1;1;-27,70371;-48,95927;SR-SC;UOP03;DEL01
273299;04/03/2020;quarta-feira;23:50:00;GO;153;73,6;PORANGATU;Ultrapassagem Indevida;Saída de leito carroçável;Com Vítimas Feridas;Plena Noite;Decrescente;Céu Claro;Simples;Não Informado;Sim;12;0;12;0;0;0;12;1;-13,45713;-49,13563;SR-GO;UOP01;DEL07
273301;05/03/2020;quinta-feira;01:10:00;CE;116;0,7;FORTALEZA;Velocidade Incompatível;Colisão com objeto estático;Com Vítimas Fatais;Plena Noite;Decrescente;Céu Claro;Múltipla;Viaduto;Sim;2;2;0;0;0;0;0;1;-3,76057;-38,51901;SR-CE;UOP02;DEL01
273302;05/03/2020;quinta-feira;00:20:00;PR;376;442,9;TIBAGI;Falta de Atenção do Pedestre;Saída de leito carroçável;Com Vítimas Feridas;Plena Noite;Crescente;Céu Claro;Dupla;Curva;Não;1;0;1;0;0;0;1;1;-24,87404;-50,44307;SR-PR;UOP04;DEL03
273304;05/03/2020;quinta-feira;03:00:00;SC;101;155;PORTO BELO;Falta de Atenção à Condução;Saída de leito carroçável;Sem Vítimas;Plena Noite;Decrescente;Céu Claro;Dupla;Reta;Não;1;0;0;0;1;0;0;1;-27,16292;-48,61129;SR-SC;UOP03;DEL04
273305;05/03/2020;quinta-feira;01:20:00;ES;259;50;COLATINA;Falta de Atenção à Condução;Tombamento;Com Vítimas Feridas;Plena Noite;Crescente;Nublado;Simples;Curva;Sim;2;0;2;0;0;0;2;1;-19,5101;-40,60615;SR-ES;UOP01;DEL02
273306;05/03/2020;quinta-feira;03:45:00;CE;222;205,1;FORQUILHA;Animais na Pista;Atropelamento de Animal;Com Vítimas Feridas;Plena Noite;Crescente;Céu Claro;Simples;Não Informado;Não;5;0;1;3;1;0;4;3;-3,781798;-40,2305;SR-CE;UOP01;DEL04
273307;05/03/2020;quinta-feira;01:20:00;SP;116;320;JUQUITIBA;Não guardar distância de segurança;Colisão traseira;Sem Vítimas;Plena Noite;Crescente;Céu Claro;Dupla;Reta;Não;2;0;0;0;0;2;0;2;-23,93226;-47,00835;SR-SP;UOP01;DEL04
273308;05/03/2020;quinta-feira;01:20:00;SP;116;302;SAO LOURENCO DA SERRA;Defeito Mecânico no Veículo;Incêndio;Sem Vítimas;Plena Noite;Decrescente;Nublado;Dupla;Reta;Não;1;0;0;0;1;0;0;1;-23,82053;-46,92467;SR-SP;UOP01;DEL04
273310;04/03/2020;quarta-feira;18:33:00;SC;101;38,9;JOINVILLE;Desobediência às normas de trânsito pelo pedestre;Atropelamento de Pedestre;Com Vítimas Feridas;Plena Noite;Crescente;Céu Claro;Simples;Interseção de vias;Sim;2;0;1;0;1;0;1;1;-26,25473;-48,90561;SR-SC;UOP01;DEL03
273311;04/03/2020;quarta-feira;23:14:00;BA;407;7,6;JUAZEIRO;Animais na Pista;Atropelamento de Animal;Com Vítimas Feridas;Plena Noite;Decrescente;Nublado;Simples;Reta;Não;1;0;1;0;0;0;1;1;-9,464061;-40,48272;SR-PE;UOP01;DEL06
273312;05/03/2020;quinta-feira;04:00:00;PE;101;69;RECIFE;Ingestão de Álcool;Capotamento;Sem Vítimas;Plena Noite;Decrescente;Nublado;Dupla;Reta;Sim;2;0;0;0;0;2;0;1;-8,059516;-34,94581;SR-PE;UOP01;DEL01
273313;05/03/2020;quinta-feira;04:30:00;RN;304;226,4;CAICARA DO RIO DO VENTO;Condutor Dormindo;Capotamento;Com Vítimas Feridas;Plena Noite;Crescente;Céu Claro;Simples;Reta;Não;5;0;0;1;4;0;1;2;-5,747373;-35,93841;SR-RN;UOP03;DEL01
273314;05/03/2020;quinta-feira;04:30:00;DF;20;16,1;BRASILIA;Falta de Atenção à Condução;Colisão lateral;Sem Vítimas;Plena Noite;Crescente;Nublado;Dupla;Reta;Sim;3;0;0;0;1;2;0;2;-15,62567;-47,72516;SR-DF;UOP01;DEL02
273316;05/03/2020;quinta-feira;05:20:00;SC;470;51,1;BLUMENAU;Velocidade Incompatível;Tombamento;Com Vítimas Feridas;Plena Noite;Decrescente;Nublado;Simples;Rotatória;Sim;1;0;1;0;0;0;1;1;-26,86234;-49,08404;SR-SC;UOP01;DEL04
273317;04/03/2020;quarta-feira;18:39:00;SC;101;43;JOINVILLE;Desobediência às normas de trânsito pelo condutor;Colisão transversal;Com Vítimas Feridas;Plena Noite;Crescente;Céu Claro;Simples;Interseção de vias;Sim;2;0;1;0;1;0;1;2;-26,30357;-48,88226;SR-SC;UOP01;DEL03
273318;05/03/2020;quinta-feira;05:40:00;GO;60;384,9;RIO VERDE;Falta de Atenção à Condução;Tombamento;Com Vítimas Feridas;Amanhecer;Crescente;Céu Claro;Dupla;Reta;Sim;1;0;1;0;0;0;1;1;-17,7906;-50,9071;SR-GO;UOP01;DEL04
273319;05/03/2020;quinta-feira;06:30:00;SC;470;9;NAVEGANTES;Desobediência às normas de trânsito pelo condutor;Colisão frontal;Com Vítimas Feridas;Pleno dia;Crescente;Sol;Simples;Reta;Não;2;0;0;1;1;0;1;2;-26,83314;-48,72743;SR-SC;UOP04;DEL04
273320;04/03/2020;quarta-feira;21:45:00;SC;470;106,7;IBIRAMA;Desobediência às normas de trânsito pelo condutor;Saída de leito carroçável;Com Vítimas Feridas;Plena Noite;Decrescente;Céu Claro;Simples;Reta;Não;2;0;1;0;0;1;1;2;-27,07311;-49,42294;SR-SC;UOP02;DEL04
273321;04/03/2020;quarta-feira;16:15:00;MG;365;627,4;UBERLANDIA;Sinalização da via insuficiente ou inadequada;Colisão traseira;Com Vítimas Feridas;Pleno dia;Decrescente;Céu Claro;Dupla;Reta;Não;3;0;1;0;2;0;1;2;-18,90359;-48,34362;SR-MG;UOP01;DEL15
273322;05/03/2020;quinta-feira;06:50:00;PB;230;23,9;JOAO PESSOA;Não guardar distância de segurança;Colisão traseira;Com Vítimas Feridas;Pleno dia;Decrescente;Sol;Dupla;Não Informado;Sim;2;0;1;0;1;0;1;2;-7,1562;-34,8574;SR-PB;UOP01;DEL01
273323;04/03/2020;quarta-feira;11:15:00;SC;101;144;ITAPEMA;Falta de Atenção à Condução;Tombamento;Com Vítimas Feridas;Pleno dia;Crescente;Céu Claro;Dupla;Reta;Sim;1;0;1;0;0;0;1;1;-27,07327;-48,59673;SR-SC;UOP03;DEL04
273324;05/03/2020;quinta-feira;05:40:00;PE;423;96,5;GARANHUNS;Desobediência às normas de trânsito pelo condutor;Colisão transversal;Com Vítimas Feridas;Amanhecer;Decrescente;Céu Claro;Simples;Reta;Sim;2;0;0;1;1;0;1;2;-8,88168;-36,49023;SR-PE;UOP01;DEL03
273325;05/03/2020;quinta-feira;07:17:00;BA;235;350,8;JUAZEIRO;Falta de Atenção à Condução;Colisão transversal;Com Vítimas Feridas;Pleno dia;Decrescente;Nublado;Simples;Reta;Sim;2;0;1;0;1;0;1;2;-9,442386;-40,49327;SR-PE;UOP01;DEL06
273326;05/03/2020;quinta-feira;07:10:00;SP;381;81;SAO PAULO;Falta de Atenção à Condução;Colisão traseira;Com Vítimas Feridas;Pleno dia;Crescente;Céu Claro;Dupla;Reta;Sim;6;0;1;0;5;0;1;6;-23,41704;-46,58022;SR-SP;UOP01;DEL03
273327;05/03/2020;quinta-feira;07:50:00;PR;376;178,8;MARINGA;Defeito Mecânico no Veículo;Queda de ocupante de veículo;Com Vítimas Feridas;Pleno dia;Decrescente;Céu Claro;Dupla;Reta;Sim;2;0;2;0;0;0;2;1;-23,41921;-51,91294;SR-PR;UOP01;DEL09
273328;05/03/2020;quinta-feira;07:45:00;PB;101;84;BAYEUX;Avarias e/ou desgaste excessivo no pneu;Tombamento;Com Vítimas Feridas;Pleno dia;Crescente;Sol;Dupla;Reta;Sim;2;0;2;0;0;0;2;1;-7,139579;-34,92313;SR-PB;UOP01;DEL01
273329;05/03/2020;quinta-feira;06:15:00;PR;277;130;CAMPO LARGO;Condutor Dormindo;Saída de leito carroçável;Com Vítimas Feridas;Amanhecer;Crescente;Nublado;Simples;Curva;Não;1;0;1;0;0;0;1;1;-25,45734;-49,64013;SR-PR;UOP03;DEL03
273330;05/03/2020;quinta-feira;07:05:00;SE;235;1,8;ARACAJU;Falta de Atenção à Condução;Tombamento;Com Vítimas Feridas;Pleno dia;Crescente;Céu Claro;Dupla;Não Informado;Sim;1;0;1;0;0;0;1;1;-10,90794;-37,09;SR-SE;UOP01;DEL01
273331;05/03/2020;quinta-feira;07:20:00;GO;153;498,3;GOIANIA;Agressão Externa;Queda de ocupante de veículo;Com Vítimas Feridas;Pleno dia;Crescente;Céu Claro;Dupla;Não Informado;Sim;1;0;0;1;0;0;1;1;-16,6939;-49,2321;SR-GO;UOP01;DEL01
273332;05/03/2020;quinta-feira;07:20:00;SC;470;135,5;RIO DO SUL;Falta de Atenção à Condução;Colisão transversal;Com Vítimas Feridas;Pleno dia;Crescente;Céu Claro;Simples;Interseção de vias;Não;2;0;1;0;1;0;1;2;-27,18849;-49,61232;SR-SC;UOP02;DEL04
273334;05/03/2020;quinta-feira;07:35:00;RS;116;395,2;CAMAQUA;Velocidade Incompatível;Saída de leito carroçável;Com Vítimas Feridas;Amanhecer;Decrescente;Sol;Dupla;Reta;Não;1;0;1;0;0;0;1;1;-30,84888;-51,76593;SR-RS;UOP02;DEL02
273335;05/03/2020;quinta-feira;07:50:00;SP;116;496;CAJATI;Mal Súbito;Saída de leito carroçável;Com Vítimas Feridas;Pleno dia;Decrescente;Sol;Dupla;Curva;Não;5;0;5;0;0;0;5;1;-24,75946;-48,16458;SR-SP;UOP02;DEL05
273337;05/03/2020;quinta-feira;07:00:00;MG;262;446;NOVA SERRANA;Falta de Atenção à Condução;Saída de leito carroçável;Com Vítimas Feridas;Pleno dia;Crescente;Sol;Dupla;Viaduto;Sim;3;0;1;1;0;1;2;1;-19,87515;-44,95031;SR-MG;UOP03;DEL08
273338;05/03/2020;quinta-feira;07:45:00;GO;20;94,1;VILA BOA;Falta de Atenção à Condução;Saída de leito carroçável;Com Vítimas Feridas;Pleno dia;Crescente;Céu Claro;Simples;Reta;Não;1;0;0;1;0;0;1;1;-14,99049;-47,02542;SR-DF;UOP01;DEL02
273339;05/03/2020;quinta-feira;08:00:00;PA;163;1004;SANTAREM;Falta de Atenção à Condução;Colisão transversal;Com Vítimas Feridas;Pleno dia;Crescente;Chuva;Dupla;Não Informado;Sim;2;0;1;0;1;0;1;2;-2,438245;-54,73277;SR-PA;UOP01;DEL05
273340;05/03/2020;quinta-feira;08:13:00;MG;381;509,9;SAO JOAQUIM DE BICAS;Ingestão de álcool e/ou substâncias psicoativas pelo pedestre;Atropelamento de Pedestre;Com Vítimas Feridas;Pleno dia;Crescente;Sol;Múltipla;Reta;Não;3;0;0;1;2;0;1;1;-20,05851;-44,28829;SR-MG;UOP03;DEL01
273342;05/03/2020;quinta-feira;08:10:00;MG;365;627;UBERLANDIA;Falta de Atenção do Pedestre;Atropelamento de Pedestre;Com Vítimas Feridas;Pleno dia;Decrescente;Céu Claro;Dupla;Reta;Sim;4;0;1;2;0;1;3;1;-18,90359;-48,34362;SR-MG;UOP01;DEL15
273343;05/03/2020;quinta-feira;07:30:00;MG;40;514,9;RIBEIRAO DAS NEVES;Falta de Atenção à Condução;Colisão lateral;Com Vítimas Feridas;Pleno dia;Crescente;Nublado;Dupla;Reta;Sim;3;0;1;0;2;0;1;3;-19,80152;-44,1;SR-MG;UOP02;DEL01
273344;05/03/2020;quinta-feira;07:40:00;CE;116;63,6;CHOROZINHO;Condutor Dormindo;Colisão lateral;Com Vítimas Feridas;Pleno dia;Crescente;Céu Claro;Simples;Não Informado;Não;3;0;0;1;2;0;1;3;-4,272633;-38,49159;SR-CE;UOP02;DEL03
273345;05/03/2020;quinta-feira;08:50:00;PR;376;144,9;NOVA ESPERANCA;Não guardar distância de segurança;Colisão traseira;Com Vítimas Feridas;Pleno dia;Crescente;Sol;Dupla;Reta;Sim;3;0;1;0;2;0;1;2;-23,27343;-52,15721;SR-PR;UOP02;DEL09
273346;26/02/2020;quarta-feira;07:15:00;PR;277;188,8;PALMEIRA;Condutor Dormindo;Saída de leito carroçável;Sem Vítimas;Pleno dia;Decrescente;Chuva;Simples;Reta;Não;1;0;0;0;1;0;0;1;-25,42229;-50,09322;SR-PR;UOP02;DEL08
273347;05/03/2020;quinta-feira;07:00:00;RJ;NA;NA;DUQUE DE CAXIAS;Defeito Mecânico no Veículo;Colisão traseira;Sem Vítimas;Pleno dia;Não Informado;Céu Claro;Simples;Não Informado;Não;2;0;0;0;2;0;0;2;-22,56409;-43,26976;SR-RJ;DEL01;RJ
273348;05/03/2020;quinta-feira;07:20:00;MS;163;479,2;CAMPO GRANDE;Desobediência às normas de trânsito pelo condutor;Colisão frontal;Com Vítimas Fatais;Pleno dia;Crescente;Céu Claro;Simples;Reta;Sim;2;1;0;1;0;0;1;2;-20,48732;-54,55929;SR-MS;UOP01;DEL01
273349;05/03/2020;quinta-feira;08:10:00;RO;364;240,6;CACOAL;Falta de Atenção à Condução;Colisão transversal;Com Vítimas Feridas;Pleno dia;Crescente;Céu Claro;Simples;Reta;Sim;2;0;1;1;0;0;2;2;-11,43579;-61,47097;SR-RO;UOP02;DEL02
273350;05/03/2020;quinta-feira;09:20:00;RS;470;223,8;GARIBALDI;Desobediência às normas de trânsito pelo condutor;Colisão transversal;Com Vítimas Feridas;Pleno dia;Decrescente;Céu Claro;Simples;Retorno Regulamentado;Não;3;0;1;0;2;0;1;2;-29,21249;-51,51794;SR-RS;UOP01;DEL06
273351;26/02/2020;quarta-feira;18:30:00;RS;290;53,6;GLORINHA;Não guardar distância de segurança;Engavetamento;Com Vítimas Feridas;Anoitecer;Crescente;Nublado;Múltipla;Reta;Não;4;0;1;0;3;0;1;4;-29,91208;-50,78776;SR-RS;UOP01;DEL03
273352;05/03/2020;quinta-feira;08:40:00;GO;452;21;RIO VERDE;Desobediência às normas de trânsito pelo condutor;Colisão frontal;Com Vítimas Feridas;Pleno dia;Decrescente;Nublado;Simples;Não Informado;Não;2;0;2;0;0;0;2;2;-17,87416;-50,72576;SR-GO;UOP01;DEL04
273353;05/03/2020;quinta-feira;06:45:00;BA;242;463;IBITIARA;Velocidade Incompatível;Capotamento;Com Vítimas Fatais;Amanhecer;Crescente;Nublado;Simples;Curva;Não;1;1;0;0;0;0;0;1;-12,44238;-42,17379;SR-BA;UOP01;DEL06
273355;05/03/2020;quinta-feira;09:30:00;PR;277;637,2;CEU AZUL;Não guardar distância de segurança;Colisão traseira;Sem Vítimas;Pleno dia;Decrescente;Céu Claro;Simples;Não Informado;Sim;2;0;0;0;2;0;0;2;-25,15128;-53,84435;SR-PR;UOP05;DEL04
273357;05/03/2020;quinta-feira;08:05:00;PE;408;90,6;SAO LOURENCO DA MATA;Falta de Atenção à Condução;Saída de leito carroçável;Com Vítimas Feridas;Pleno dia;Decrescente;Sol;Dupla;Reta;Sim;1;0;1;0;0;0;1;1;-7,988653;-35,07626;SR-PE;UOP01;DEL01
273358;05/03/2020;quinta-feira;10:00:00;MG;116;686;MURIAE;Falta de Atenção à Condução;Colisão frontal;Com Vítimas Feridas;Pleno dia;Crescente;Nublado;Simples;Interseção de vias;Sim;2;0;1;0;1;0;1;2;-20,98984;-42,35916;SR-MG;UOP02;DEL07
273359;05/03/2020;quinta-feira;09:00:00;SP;153;57;SAO JOSE DO RIO PRETO;Mal Súbito;Tombamento;Sem Vítimas;Pleno dia;Crescente;Sol;Dupla;Não Informado;Sim;1;0;0;0;1;0;0;1;-20,76991;-49,34982;SR-SP;UOP01;DEL09
273360;05/03/2020;quinta-feira;07:30:00;PI;343;7,8;PARNAIBA;Desobediência às normas de trânsito pelo condutor;Colisão lateral;Com Vítimas Feridas;Pleno dia;Decrescente;Nublado;Simples;Reta;Sim;2;0;1;0;1;0;1;2;-2,898051;-41,71477;SR-PI;UOP01;DEL05
273361;05/03/2020;quinta-feira;10:00:00;SP;116;270;TABOAO DA SERRA;Defeito Mecânico no Veículo;Tombamento;Com Vítimas Feridas;Pleno dia;Crescente;Céu Claro;Dupla;Reta;Não;2;0;2;0;0;0;2;1;-23,60733;-46,76451;SR-SP;UOP01;DEL04
273363;05/03/2020;quinta-feira;11:00:00;SP;116;228;SAO PAULO;Não guardar distância de segurança;Colisão com objeto estático;Com Vítimas Feridas;Pleno dia;Crescente;Nublado;Múltipla;Reta;Sim;2;0;1;0;0;1;1;1;-23,50343;-46,56639;SR-SP;UOP01;DEL01
273364;05/03/2020;quinta-feira;09:45:00;SP;116;508,6;CAJATI;Falta de Atenção à Condução;Saída de leito carroçável;Com Vítimas Feridas;Pleno dia;Crescente;Nublado;Simples;Não Informado;Não;3;0;2;0;0;1;2;1;-24,81333;-48,2131;SR-SP;UOP02;DEL05
273365;06/02/2020;quinta-feira;12:30:00;MG;365;371,8;PATOS DE MINAS;Velocidade Incompatível;Colisão frontal;Com Vítimas Feridas;Pleno dia;Decrescente;Chuva;Simples;Curva;Não;6;0;6;0;0;0;6;2;-18,51644;-46,13976;SR-MG;DEL4/10;UOP01/MG
273366;05/03/2020;quinta-feira;10:10:00;MT;364;259;JUSCIMEIRA;Falta de Atenção à Condução;Colisão frontal;Com Vítimas Feridas;Pleno dia;Crescente;Céu Claro;Simples;Reta;Sim;2;0;1;0;1;0;1;2;-16,04831;-54,88714;SR-MT;UOP02;DEL05
273367;05/03/2020;quinta-feira;10:10:00;MS;163;316;RIO BRILHANTE;Falta de Atenção à Condução;Queda de ocupante de veículo;Com Vítimas Feridas;Pleno dia;Decrescente;Céu Claro;Simples;Rotatória;Não;1;0;1;0;0;0;1;1;-21,84371;-54,53746;SR-MS;UOP02;DEL02
273368;05/03/2020;quinta-feira;11:25:00;RN;304;48,9;MOSSORO;Falta de Atenção à Condução;Colisão transversal;Com Vítimas Feridas;Pleno dia;Crescente;Céu Claro;Simples;Interseção de vias;Sim;3;0;2;0;1;0;2;2;-5,228686;-37,32203;SR-RN;UOP01;DEL04
273369;26/02/2020;quarta-feira;07:20:00;SC;470;169,2;POUSO REDONDO;Ultrapassagem Indevida;Colisão lateral;Com Vítimas Feridas;Pleno dia;Decrescente;Chuva;Simples;Reta;Não;3;0;2;0;1;0;2;2;-27,26547;-49,88244;SR-SC;UOP02;DEL04
273370;05/03/2020;quinta-feira;08:10:00;RJ;116;40;TERESOPOLIS;Falta de Atenção à Condução;Colisão transversal;Com Vítimas Feridas;Pleno dia;Decrescente;Nublado;Simples;Reta;Sim;2;0;1;0;1;0;1;2;-22,13343;-42,77952;SR-RJ;UOP02;DEL06
273371;15/02/2020;sábado;15:55:00;GO;60;313,3;ACREUNA;Falta de Atenção à Condução;Colisão traseira;Com Vítimas Feridas;Pleno dia;Decrescente;Céu Claro;Dupla;Reta;Não;2;0;0;1;1;0;1;2;-17,43638;-50,42724;SR-GO;UOP01;DEL04
273373;05/03/2020;quinta-feira;10:10:00;GO;60;195;GUAPO;Falta de Atenção à Condução;Saída de leito carroçável;Com Vítimas Feridas;Pleno dia;Crescente;Céu Claro;Dupla;Reta;Não;4;0;1;0;3;0;1;1;-16,8523;-49,5775;SR-GO;UOP02;DEL01
273374;05/03/2020;quinta-feira;11:20:00;RS;386;72,5;BOA VISTA DAS MISSOES;Falta de Atenção à Condução;Colisão transversal;Com Vítimas Feridas;Pleno dia;Crescente;Sol;Simples;Reta;Sim;2;0;1;1;0;0;2;2;-27,66833;-53,31271;SR-RS;UOP02;DEL08
273375;05/03/2020;quinta-feira;10:50:00;PE;232;408,7;SERRA TALHADA;Desobediência às normas de trânsito pelo condutor;Colisão transversal;Com Vítimas Feridas;Pleno dia;Decrescente;Sol;Simples;Interseção de vias;Não;3;0;0;2;0;1;2;2;-7,983714;-38,28048;SR-PE;UOP01;DEL04
273376;05/03/2020;quinta-feira;12:00:00;BA;116;818;VITORIA DA CONQUISTA;Falta de Atenção à Condução;Colisão transversal;Com Vítimas Feridas;Pleno dia;Crescente;Céu Claro;Simples;Reta;Sim;2;0;1;0;1;0;1;2;-14,78622;-40,74705;SR-BA;UOP01;DEL08
273377;05/03/2020;quinta-feira;09:30:00;PE;232;77,1;GRAVATA;Falta de Atenção à Condução;Atropelamento de Pedestre;Com Vítimas Feridas;Pleno dia;Decrescente;Sol;Dupla;Reta;Sim;3;0;0;1;0;2;1;1;-8,193439;-35,54301;SR-PE;UOP04;DEL01
273380;05/03/2020;quinta-feira;07:31:00;PR;116;128;CURITIBA;Velocidade Incompatível;Queda de ocupante de veículo;Com Vítimas Feridas;Pleno dia;Decrescente;Céu Claro;Dupla;Reta;Sim;1;0;1;0;0;0;1;1;-25,62151;-49,31622;SR-PR;UOP03;DEL01
273381;05/03/2020;quinta-feira;13:00:00;SP;153;58,8;SAO JOSE DO RIO PRETO;Desobediência às normas de trânsito pelo condutor;Tombamento;Com Vítimas Feridas;Pleno dia;Decrescente;Sol;Simples;Não Informado;Sim;3;0;2;0;1;0;2;2;-20,77838;-49,35301;SR-SP;UOP01;DEL09
273383;05/03/2020;quinta-feira;12:20:00;RJ;393;268;BARRA DO PIRAI;Falta de Atenção à Condução;Colisão transversal;Com Vítimas Feridas;Pleno dia;Crescente;Céu Claro;Simples;Interseção de vias;Sim;3;0;0;1;2;0;1;2;-22,4878;-43,90933;SR-RJ;UOP02;DEL05
273384;05/03/2020;quinta-feira;12:00:00;PR;376;595;CURITIBA;Defeito Mecânico no Veículo;Incêndio;Sem Vítimas;Pleno dia;Decrescente;Sol;Dupla;Interseção de vias;Sim;2;0;0;0;2;0;0;1;-25,49318;-49,34371;SR-PR;UOP04;DEL01
273385;05/03/2020;quinta-feira;11:45:00;SC;470;170,7;POUSO REDONDO;Desobediência às normas de trânsito pelo condutor;Colisão lateral;Com Vítimas Feridas;Pleno dia;Crescente;Sol;Simples;Não Informado;Não;2;0;0;1;1;0;1;2;-27,2659;-49,89244;SR-SC;UOP02;DEL04
273386;05/03/2020;quinta-feira;13:30:00;SP;116;512;CAJATI;Falta de Atenção à Condução;Danos eventuais;Com Vítimas Feridas;Pleno dia;Decrescente;Nublado;Simples;Curva;Não;5;0;1;0;4;0;1;1;-24,84304;-48,22028;SR-SP;UOP02;DEL05
273387;05/03/2020;quinta-feira;13:00:00;RJ;493;21;MAGE;Desobediência às normas de trânsito pelo condutor;Colisão transversal;Com Vítimas Feridas;Pleno dia;Decrescente;Céu Claro;Simples;Retorno Regulamentado;Sim;3;0;1;0;2;0;1;2;-22,66151;-43,04481;SR-RJ;UOP02;DEL04
273388;05/03/2020;quinta-feira;05:00:00;BA;242;555;OLIVEIRA DOS BREJINHOS;Pista Escorregadia;Saída de leito carroçável;Sem Vítimas;Amanhecer;Crescente;Chuva;Simples;Reta;Não;1;0;0;0;1;0;0;1;-12,02556;-43,04198;SR-BA;UOP02;DEL10
273389;05/03/2020;quinta-feira;13:15:00;MG;116;419;GOVERNADOR VALADARES;Objeto estático sobre o leito carroçável;Queda de ocupante de veículo;Com Vítimas Feridas;Pleno dia;Crescente;Céu Claro;Simples;Reta;Sim;1;0;1;0;0;0;1;1;-18,92044;-41,94024;SR-MG;UOP01;DEL06
273390;05/03/2020;quinta-feira;13:30:00;MG;381;821,9;CAREACU;Velocidade Incompatível;Colisão com objeto estático;Com Vítimas Feridas;Pleno dia;Decrescente;Céu Claro;Dupla;Curva;Não;1;0;1;0;0;0;1;1;-22,11209;-45,74743;SR-MG;UOP02;DEL16
273391;05/03/2020;quinta-feira;14:15:00;PB;230;24,7;JOAO PESSOA;Falta de Atenção à Condução;Colisão com objeto estático;Com Vítimas Feridas;Pleno dia;Crescente;Céu Claro;Dupla;Reta;Sim;1;0;1;0;0;0;1;1;-7,1637;-34,8618;SR-PB;UOP01;DEL01
273392;18/01/2020;sábado;04:15:00;BA;101;65;ENTRE RIOS;Falta de Atenção à Condução;Queda de ocupante de veículo;Com Vítimas Feridas;Amanhecer;Crescente;Céu Claro;Simples;Reta;Não;1;0;1;0;0;0;1;1;-11,96567;-38,15393;SR-BA;UOP04;DEL01