id;data_inversa;dia_semana;horario;uf;br;km;municipio;causa_acidente;tipo_acidente;classificacao_acidente;fase_dia;sentido_via;condicao_metereologica;tipo_pista;tracado_via;uso_solo;pessoas;mortos;feridos_leves;feridos_graves;ilesos;ignorados;feridos;veiculos;latitude;longitude;regional;delegacia;uop
273492;06/03/2020;sexta-feira;05:10:00;DF;70;12;BRASILIA;Pista Escorregadia;Saída de leito carroçável;Com Vítimas Feridas;Amanhecer;Decrescente;Chuva;Dupla;Reta;Sim;1;0;1;0;0;0;1;1;-15,79224;-48,15854;SR-DF;UOP03;DEL01
273493;06/03/2020;sexta-feira;05:10:00;SC;470;61,1;INDAIAL;Ingestão de Álcool;Colisão frontal;Sem Vítimas;Plena Noite;Decrescente;Céu Claro;Simples;Reta;Sim;3;0;0;0;2;1;0;2;-26,87895;-49,17421;SR-SC;UOP01;DEL04
273494;06/03/2020;sexta-feira;05:10:00;AL;101;76,5;RIO LARGO;Avarias e/ou desgaste excessivo no pneu;Queda de ocupante de veículo;Com Vítimas Feridas;Amanhecer;Crescente;Sol;Dupla;Reta;Não;2;0;1;0;1;0;1;1;-9,413356;-35,84073;SR-AL;UOP01;DEL01
273495;06/03/2020;sexta-feira;05:30:00;SP;116;89,5;PINDAMONHANGABA;Falta de Atenção do Pedestre;Atropelamento de Pedestre;Com Vítimas Fatais;Amanhecer;Crescente;Nublado;Dupla;Reta;Não;3;1;0;0;1;1;0;1;-22,93931;-45,37875;SR-SP;UOP01;DEL06
273496;06/03/2020;sexta-feira;05:30:00;MG;262;380,8;JUATUBA;Defeito Mecânico no Veículo;Incêndio;Sem Vítimas;Amanhecer;Decrescente;Nublado;Dupla;Não Informado;Não;1;0;0;0;1;0;0;1;-19,93608;-44,43854;SR-MG;UOP03;DEL01
273497;06/03/2020;sexta-feira;06:05:00;RS;116;528,3;CAPAO DO LEAO;Falta de Atenção à Condução;Saída de leito carroçável;Com Vítimas Feridas;Amanhecer;Crescente;Céu Claro;Simples;Reta;Sim;1;0;1;0;0;0;1;1;-31,75074;-52,41851;SR-RS;UOP01;DEL07
273498;06/03/2020;sexta-feira;05:45:00;RJ;116;180;NOVA IGUACU;Falta de Atenção à Condução;Colisão lateral;Com Vítimas Feridas;Amanhecer;Decrescente;Garoa/Chuvisco;Dupla;Reta;Sim;5;0;1;0;4;0;1;2;-22,76516;-43,41547;SR-RJ;UOP02;DEL01
273499;06/03/2020;sexta-feira;05:30:00;PR;373;177;PONTA GROSSA;Falta de Atenção à Condução;Colisão lateral;Sem Vítimas;Amanhecer;Crescente;Céu Claro;Dupla;Curva;Sim;6;0;0;0;5;1;0;2;-25,05597;-50,22678;SR-PR;UOP01;DEL03
273500;06/03/2020;sexta-feira;05:50:00;RS;116;344,2;BARRA DO RIBEIRO;Defeito na Via;Tombamento;Com Vítimas Feridas;Amanhecer;Crescente;Céu Claro;Simples;Reta;Não;1;0;0;1;0;0;1;1;-30,49179;-51,49006;SR-RS;UOP02;DEL02
273502;06/03/2020;sexta-feira;03:50:00;MT;163;957,5;ITAUBA;Avarias e/ou desgaste excessivo no pneu;Saída de leito carroçável;Com Vítimas Feridas;Plena Noite;Decrescente;Garoa/Chuvisco;Simples;Curva;Não;2;0;2;0;0;0;2;1;-10,95258;-55,21543;SR-MT;UOP02;DEL06
273503;06/03/2020;sexta-feira;06:50:00;SP;116;221;GUARULHOS;Não guardar distância de segurança;Colisão traseira;Com Vítimas Feridas;Pleno dia;Crescente;Sol;Múltipla;Reta;Sim;2;0;2;0;0;0;2;2;-23,46802;-46,50705;SR-SP;UOP01;DEL01
273504;06/03/2020;sexta-feira;06:50:00;GO;153;440;ANAPOLIS;Desobediência às normas de trânsito pelo condutor;Colisão lateral;Com Vítimas Feridas;Pleno dia;Crescente;Nublado;Dupla;Não Informado;Sim;2;0;1;0;1;0;1;2;-16,30676;-48,92385;SR-GO;UOP01;DEL02
273505;06/03/2020;sexta-feira;07:00:00;BA;101;392,4;IBIRAPITANGA;Velocidade Incompatível;Colisão transversal;Com Vítimas Feridas;Pleno dia;Crescente;Céu Claro;Simples;Curva;Não;2;0;1;0;1;0;1;2;-14,03983;-39,40431;SR-BA;UOP03;DEL05
273506;06/03/2020;sexta-feira;07:15:00;RJ;101;77;CAMPOS DOS GOYTACAZES;Falta de Atenção à Condução;Colisão traseira;Com Vítimas Feridas;Pleno dia;Crescente;Céu Claro;Simples;Reta;Sim;1;0;1;0;0;0;1;1;-21,82996;-41,41024;SR-RJ;UOP02;DEL08
273507;06/03/2020;sexta-feira;07:30:00;DF;60;0,1;BRASILIA;Não guardar distância de segurança;Colisão traseira;Com Vítimas Feridas;Pleno dia;Decrescente;Chuva;Dupla;Não Informado;Sim;2;0;1;0;1;0;1;2;-15,8825;-48,06021;SR-DF;UOP02;DEL01
273508;06/03/2020;sexta-feira;07:25:00;PR;376;182,1;MARINGA;Não guardar distância de segurança;Colisão lateral;Com Vítimas Feridas;Pleno dia;Crescente;Céu Claro;Dupla;Reta;Sim;2;0;1;0;1;0;1;2;-23,4325;-51,88673;SR-PR;UOP01;DEL09
273509;06/03/2020;sexta-feira;07:10:00;SC;470;60,7;BLUMENAU;Falta de Atenção à Condução;Colisão lateral;Com Vítimas Feridas;Pleno dia;Decrescente;Céu Claro;Simples;Reta;Não;2;0;1;0;1;0;1;2;-26,88138;-49,16454;SR-SC;UOP01;DEL04
273510;06/03/2020;sexta-feira;06:30:00;PR;476;116,2;COLOMBO;Falta de Atenção à Condução;Colisão traseira;Com Vítimas Feridas;Pleno dia;Crescente;Céu Claro;Dupla;Reta;Sim;3;0;1;0;1;1;1;2;-25,34996;-49,16642;SR-PR;UOP06;DEL01
273511;06/03/2020;sexta-feira;07:30:00;GO;50;280,3;CATALAO;Falta de Atenção à Condução;Colisão transversal;Com Vítimas Feridas;Pleno dia;Decrescente;Nublado;Simples;Não Informado;Sim;3;0;0;1;2;0;1;2;-18,18059;-47,93901;SR-GO;UOP01;DEL06
273513;06/03/2020;sexta-feira;06:30:00;MG;365;344;VARJAO DE MINAS;Desobediência às normas de trânsito pelo condutor;Colisão transversal;Sem Vítimas;Pleno dia;Decrescente;Céu Claro;Simples;Não Informado;Sim;2;0;0;0;1;1;0;2;-18,30662;-45,95787;SR-MG;UOP01;DEL10
273514;06/03/2020;sexta-feira;07:15:00;SC;282;579;PINHALZINHO;Falta de Atenção à Condução;Colisão lateral;Com Vítimas Feridas;Pleno dia;Decrescente;Céu Claro;Simples;Curva;Sim;3;0;2;0;1;0;2;2;-26,83544;-52,99058;SR-SC;UOP02;DEL07
273515;06/03/2020;sexta-feira;06:30:00;MG;262;37,1;MANHUACU;Falta de Atenção à Condução;Colisão transversal;Com Vítimas Feridas;Pleno dia;Crescente;Nublado;Simples;Reta;Sim;3;0;2;0;1;0;2;2;-20,25932;-42,02298;SR-MG;UOP04;DEL06
273516;06/03/2020;sexta-feira;06:30:00;MS;163;208,9;CAARAPO;Desobediência às normas de trânsito pelo condutor;Colisão frontal;Com Vítimas Feridas;Pleno dia;Crescente;Céu Claro;Simples;Reta;Sim;3;0;1;0;2;0;1;2;-22,6384;-54,81493;SR-MS;UOP02;DEL04
273517;06/03/2020;sexta-feira;07:40:00;BA;324;517,8;FEIRA DE SANTANA;Desobediência às normas de trânsito pelo condutor;Colisão transversal;Com Vítimas Feridas;Pleno dia;Decrescente;Chuva;Simples;Reta;Sim;2;0;1;0;1;0;1;2;-12,24953;-38,93363;SR-BA;UOP01;DEL02
273518;06/03/2020;sexta-feira;08:05:00;PE;104;67;CARUARU;Não guardar distância de segurança;Colisão traseira;Com Vítimas Feridas;Pleno dia;Decrescente;Céu Claro;Dupla;Desvio Temporário;Sim;2;0;1;0;1;0;1;2;-8,294506;-35,98682;SR-PE;UOP01;DEL02
273519;06/03/2020;sexta-feira;07:55:00;MG;40;784,4;JUIZ DE FORA;Não guardar distância de segurança;Colisão traseira;Com Vítimas Feridas;Pleno dia;Decrescente;Céu Claro;Dupla;Interseção de vias;Não;3;0;2;0;1;0;2;2;-21,73112;-43,43696;SR-MG;UOP01;DEL05
273520;06/03/2020;sexta-feira;07:50:00;DF;70;0,5;BRASILIA;Defeito Mecânico no Veículo;Danos eventuais;Com Vítimas Feridas;Pleno dia;Decrescente;Garoa/Chuvisco;Múltipla;Reta;Não;2;0;2;0;0;0;2;1;-15,79235;-48,05451;SR-DF;UOP03;DEL01
273521;06/03/2020;sexta-feira;07:20:00;SC;101;200;SAO JOSE;Não guardar distância de segurança;Colisão traseira;Com Vítimas Feridas;Pleno dia;Crescente;Sol;Múltipla;Reta;Não;6;0;4;0;2;0;4;4;-27,54019;-48,62288;SR-SC;UOP01;DEL01
273522;06/03/2020;sexta-feira;07:20:00;SC;101;239,3;PALHOCA;Animais na Pista;Colisão lateral;Com Vítimas Feridas;Pleno dia;Decrescente;Nublado;Dupla;Reta;Não;4;0;1;0;3;0;1;4;-27,85047;-48,63955;SR-SC;UOP02;DEL01
273523;06/03/2020;sexta-feira;08:20:00;DF;20;16;BRASILIA;Não guardar distância de segurança;Colisão traseira;Sem Vítimas;Pleno dia;Crescente;Chuva;Dupla;Reta;Não;4;0;0;0;4;0;0;2;-15,62567;-47,72516;SR-DF;UOP01;DEL02
273524;06/03/2020;sexta-feira;08:10:00;CE;116;64,7;CHOROZINHO;Desobediência às normas de trânsito pelo condutor;Colisão lateral;Com Vítimas Feridas;Pleno dia;Decrescente;Céu Claro;Simples;Curva;Sim;2;0;0;1;1;0;1;2;-4,293664;-38,49846;SR-CE;UOP02;DEL03
273525;06/03/2020;sexta-feira;05:30:00;SP;116;108,5;TAUBATE;Falta de Atenção à Condução;Colisão traseira;Com Vítimas Feridas;Amanhecer;Crescente;Céu Claro;Dupla;Reta;Sim;3;0;1;0;1;1;1;2;-23,02331;-45,53764;SR-SP;UOP01;DEL06
273526;06/03/2020;sexta-feira;07:50:00;PR;469;0,5;FOZ DO IGUACU;Falta de Atenção à Condução;Colisão transversal;Com Vítimas Feridas;Pleno dia;Decrescente;Sol;Simples;Não Informado;Não;3;0;1;0;2;0;1;2;-25,57513;-54,5513;SR-PR;UOP03;DEL05
273527;06/03/2020;sexta-feira;08:00:00;GO;153;502;GOIANIA;Falta de Atenção à Condução;Colisão traseira;Com Vítimas Feridas;Pleno dia;Decrescente;Céu Claro;Dupla;Reta;Sim;4;0;1;0;3;0;1;4;-16,7287;-49,2424;SR-GO;UOP01;DEL01
273528;06/03/2020;sexta-feira;07:00:00;PB;230;158,9;CAMPINA GRANDE;Não guardar distância de segurança;Colisão traseira;Com Vítimas Feridas;Pleno dia;Crescente;Sol;Simples;Reta;Sim;4;0;1;0;2;1;1;2;-7,255709;-35,92952;SR-PB;UOP01;DEL02
273529;06/03/2020;sexta-feira;07:50:00;RJ;40;84;PETROPOLIS;Pista Escorregadia;Queda de ocupante de veículo;Com Vítimas Feridas;Pleno dia;Decrescente;Nublado;Simples;Curva;Sim;2;0;2;0;0;0;2;1;-22,52146;-43,23708;SR-RJ;UOP03;DEL06
273530;06/03/2020;sexta-feira;07:50:00;RJ;40;84;PETROPOLIS;Pista Escorregadia;Tombamento;Sem Vítimas;Amanhecer;Decrescente;Nublado;Simples;Curva;Não;2;0;0;0;2;0;0;1;-22,52146;-43,23708;SR-RJ;UOP03;DEL06
273531;06/03/2020;sexta-feira;08:30:00;PR;476;136;CURITIBA;Falta de Atenção à Condução;Colisão traseira;Com Vítimas Feridas;Pleno dia;Crescente;Céu Claro;Múltipla;Reta;Sim;2;0;1;0;1;0;1;2;-25,49105;-49,27168;SR-PR;UOP03;DEL01
273532;06/03/2020;sexta-feira;05:15:00;MG;262;763,9;UBERABA;Condutor Dormindo;Saída de leito carroçável;Com Vítimas Feridas;Plena Noite;Crescente;Céu Claro;Simples;Reta;Não;1;0;1;0;0;0;1;1;-19,6755;-47,63898;SR-MG;UOP01;DEL13
273533;06/03/2020;sexta-feira;08:00:00;PR;277;188;PALMEIRA;Falta de Atenção à Condução;Saída de leito carroçável;Com Vítimas Feridas;Pleno dia;Crescente;Céu Claro;Simples;Reta;Não;1;0;1;0;0;0;1;1;-25,42229;-50,09322;SR-PR;UOP02;DEL08
273534;06/03/2020;sexta-feira;08:05:00;SC;470;1,2;GASPAR;Desobediência às normas de trânsito pelo condutor;Colisão transversal;Com Vítimas Feridas;Pleno dia;Decrescente;Céu Claro;Simples;Reta;Sim;5;0;2;0;1;2;2;4;-26,92354;-48,95892;SR-SC;UOP01;DEL04
273535;06/03/2020;sexta-feira;07:45:00;PR;369;149,2;LONDRINA;Desobediência às normas de trânsito pelo condutor;Colisão transversal;Com Vítimas Feridas;Pleno dia;Crescente;Céu Claro;Dupla;Não Informado;Sim;2;0;0;2;0;0;2;2;-23,29291;-51,15458;SR-PR;UOP01;DEL07
273536;27/02/2020;quinta-feira;13:00:00;SC;101;417,9;ARARANGUA;Falta de Atenção à Condução;Colisão traseira;Sem Vítimas;Pleno dia;Crescente;Céu Claro;Dupla;Reta;Sim;2;0;0;0;2;0;0;2;-28,97376;-49,53023;SR-SC;UOP02;DEL02
273537;06/03/2020;sexta-feira;07:10:00;MG;40;43,3;PARACATU;Desobediência às normas de trânsito pelo condutor;Colisão transversal;Com Vítimas Feridas;Pleno dia;Crescente;Céu Claro;Simples;Não Informado;Sim;2;0;1;0;1;0;1;2;-17,22598;-46,86164;SR-MG;UOP01;DEL14
273538;06/03/2020;sexta-feira;05:00:00;MT;163;1102;GUARANTA DO NORTE;Condutor Dormindo;Tombamento;Com Vítimas Feridas;Amanhecer;Decrescente;Chuva;Simples;Curva;Não;1;0;1;0;0;0;1;1;-9,782005;-54,90867;SR-MT;UOP02;DEL06
273539;06/03/2020;sexta-feira;07:00:00;SP;116;138,9;SAO JOSE DOS CAMPOS;Falta de Atenção à Condução;Colisão traseira;Sem Vítimas;Pleno dia;Crescente;Sol;Dupla;Reta;Sim;2;0;0;0;1;1;0;2;-23,15727;-45,79555;SR-SP;UOP01;DEL06
273540;06/03/2020;sexta-feira;08:50:00;BA;324;518,2;FEIRA DE SANTANA;Desobediência às normas de trânsito pelo condutor;Colisão transversal;Com Vítimas Feridas;Pleno dia;Decrescente;Chuva;Dupla;Reta;Sim;2;0;1;0;1;0;1;2;-12,2582;-38,93218;SR-BA;UOP01;DEL02
273541;06/03/2020;sexta-feira;08:55:00;SC;282;32,6;AGUAS MORNAS;Falta de Atenção à Condução;Colisão transversal;Com Vítimas Feridas;Pleno dia;Decrescente;Sol;Simples;Não Informado;Sim;3;0;1;0;2;0;1;2;-27,70116;-48,80018;SR-SC;UOP03;DEL01
273542;06/03/2020;sexta-feira;08:15:00;SC;101;264,1;GAROPABA;Velocidade Incompatível;Saída de leito carroçável;Com Vítimas Feridas;Pleno dia;Decrescente;Garoa/Chuvisco;Dupla;Não Informado;Sim;5;0;4;1;0;0;5;1;-28,05698;-48,71776;SR-SC;UOP03;DEL02
273543;06/03/2020;sexta-feira;08:20:00;ES;101;255,5;SERRA;Falta de Atenção à Condução;Colisão traseira;Sem Vítimas;Pleno dia;Crescente;Céu Claro;Simples;Reta;Sim;2;0;0;0;2;0;0;2;-20,11488;-40,31944;SR-ES;UOP01;DEL02
273544;06/03/2020;sexta-feira;08:55:00;GO;153;500;GOIANIA;Não guardar distância de segurança;Colisão traseira;Sem Vítimas;Pleno dia;Decrescente;Céu Claro;Dupla;Reta;Sim;3;0;0;0;3;0;0;3;-16,7118;-49,2324;SR-GO;UOP01;DEL01
273545;06/03/2020;sexta-feira;08:15:00;DF;60;28;BRASILIA;Falta de Atenção à Condução;Saída de leito carroçável;Com Vítimas Feridas;Pleno dia;Decrescente;Garoa/Chuvisco;Dupla;Não Informado;Não;2;0;1;0;1;0;1;1;-16,02064;-48,25083;SR-DF;UOP02;DEL01
273546;06/03/2020;sexta-feira;02:00:00;RS;158;501,3;SANTANA DO LIVRAMENTO;Condutor Dormindo;Saída de leito carroçável;Sem Vítimas;Plena Noite;Crescente;Céu Claro;Simples;Reta;Não;1;0;0;0;1;0;0;1;-30,52969;-55,07412;SR-RS;UOP01;DEL11
273547;03/03/2020;terça-feira;18:50:00;SC;282;523,7;XAXIM;Desobediência às normas de trânsito pelo condutor;Colisão lateral;Com Vítimas Feridas;Plena Noite;Decrescente;Céu Claro;Simples;Reta;Não;2;0;2;0;0;0;2;2;-26,96553;-52,55374;SR-SC;UOP01;DEL07
273548;06/03/2020;sexta-feira;07:25:00;DF;251;43,7;BRASILIA;Avarias e/ou desgaste excessivo no pneu;Colisão lateral;Com Vítimas Feridas;Pleno dia;Crescente;Chuva;Simples;Curva;Não;2;0;1;0;1;0;1;2;-15,9478;-47,84512;SR-DF;UOP01;DEL01
273549;06/03/2020;sexta-feira;08:30:00;MS;163;695;RIO VERDE DE MATO GROSSO;Falta de Atenção à Condução;Capotamento;Com Vítimas Feridas;Pleno dia;Crescente;Céu Claro;Dupla;Reta;Não;5;0;4;0;1;0;4;1;-18,80016;-54,82359;SR-MS;UOP01;DEL06
273550;06/03/2020;sexta-feira;09:25:00;MG;381;525,5;BRUMADINHO;Velocidade Incompatível;Colisão com objeto estático;Com Vítimas Feridas;Pleno dia;Crescente;Nublado;Dupla;Curva;Não;1;0;1;0;0;0;1;1;-20,16711;-44,33422;SR-MG;UOP03;DEL04
273551;06/03/2020;sexta-feira;08:30:00;MG;381;483;BETIM;Falta de Atenção à Condução;Tombamento;Com Vítimas Feridas;Pleno dia;Decrescente;Nublado;Múltipla;Curva;Sim;1;0;1;0;0;0;1;1;-19,95915;-44,08161;SR-MG;UOP03;DEL01
273552;06/03/2020;sexta-feira;09:30:00;PR;369;184;ARAPONGAS;Desobediência às normas de trânsito pelo condutor;Colisão lateral;Com Vítimas Feridas;Pleno dia;Decrescente;Céu Claro;Simples;Não Informado;Sim;2;0;1;0;1;0;1;2;-23,40559;-51,42839;SR-PR;UOP03;DEL07
273553;06/03/2020;sexta-feira;09:20:00;MG;40;816,6;SIMAO PEREIRA;Carga excessiva e/ou mal acondicionada;Colisão com objeto estático;Com Vítimas Feridas;Pleno dia;Crescente;Céu Claro;Dupla;Reta;Não;2;0;1;0;1;0;1;1;-21,92815;-43,31645;SR-MG;UOP01;DEL05
273554;06/03/2020;sexta-feira;08:30:00;SC;282;209,8;LAGES;Não guardar distância de segurança;Colisão traseira;Com Vítimas Feridas;Pleno dia;Decrescente;Céu Claro;Simples;Não Informado;Não;5;0;0;1;3;1;1;2;-27,77693;-50,22189;SR-SC;UOP01;DEL05
273555;06/03/2020;sexta-feira;09:50:00;RJ;101;73;CAMPOS DOS GOYTACAZES;Falta de Atenção do Pedestre;Atropelamento de Pedestre;Com Vítimas Feridas;Pleno dia;Decrescente;Céu Claro;Simples;Reta;Não;2;0;1;0;1;0;1;1;-21,79887;-41,39395;SR-RJ;UOP02;DEL08
273556;06/03/2020;sexta-feira;10:20:00;SE;235;49;ITABAIANA;Falta de Atenção à Condução;Colisão transversal;Sem Vítimas;Pleno dia;Crescente;Sol;Simples;Reta;Não;2;0;0;0;2;0;0;2;-10,71622;-37,42167;SR-SE;UOP02;DEL01
273557;06/03/2020;sexta-feira;10:10:00;BA;116;585;NOVA ITARANA;Velocidade Incompatível;Colisão lateral;Com Vítimas Feridas;Pleno dia;Decrescente;Nublado;Simples;Reta;Não;3;0;1;0;2;0;1;3;-13,10445;-39,99104;SR-BA;UOP02;DEL03
273558;06/03/2020;sexta-feira;08:30:00;RS;285;339,7;CARAZINHO;Não guardar distância de segurança;Colisão lateral;Com Vítimas Feridas;Pleno dia;Crescente;Sol;Simples;Interseção de vias;Sim;2;0;1;0;1;0;1;2;-28,3125;-52,79107;SR-RS;UOP03;DEL08
273560;06/03/2020;sexta-feira;07:30:00;AC;364;139;RIO BRANCO;Desobediência às normas de trânsito pelo condutor;Colisão lateral;Sem Vítimas;Pleno dia;Decrescente;Nublado;Dupla;Não Informado;Sim;4;0;0;0;4;0;0;2;-9,952725;-67,86257;SR-AC;UOP01;DEL01
273561;06/03/2020;sexta-feira;11:00:00;PE;101;50;ABREU E LIMA;Falta de Atenção à Condução;Colisão transversal;Com Vítimas Feridas;Pleno dia;Decrescente;Céu Claro;Simples;Interseção de vias;Sim;3;0;1;0;2;0;1;2;-7,909386;-34,90123;SR-PE;UOP02;DEL01
273562;06/03/2020;sexta-feira;10:50:00;ES;262;19;VIANA;Falta de Atenção à Condução;Colisão com objeto estático;Com Vítimas Feridas;Pleno dia;Crescente;Nublado;Simples;Reta;Sim;2;0;0;1;0;1;1;1;-20,39191;-40,49002;SR-ES;UOP01;DEL01
273563;06/03/2020;sexta-feira;11:15:00;RS;116;1;PORTO ALEGRE;Não guardar distância de segurança;Colisão lateral;Com Vítimas Feridas;Pleno dia;Decrescente;Céu Claro;Dupla;Reta;Sim;4;0;2;0;1;1;2;2;-29,97678;-51,17848;SR-RS;UOP03;DEL05
273564;06/03/2020;sexta-feira;12:14:00;RS;392;352;SANTA MARIA;Desobediência às normas de trânsito pelo condutor;Colisão lateral;Com Vítimas Feridas;Pleno dia;Crescente;Céu Claro;Simples;Retorno Regulamentado;Sim;2;0;1;0;1;0;1;2;-29,7204;-53,80763;SR-RS;UOP01;DEL09
273565;06/03/2020;sexta-feira;12:10:00;SP;116;228;SAO PAULO;Defeito Mecânico no Veículo;Incêndio;Sem Vítimas;Pleno dia;Decrescente;Sol;Múltipla;Reta;Sim;1;0;0;0;1;0;0;1;-23,50343;-46,56639;SR-SP;UOP01;DEL01
273566;06/03/2020;sexta-feira;12:20:00;SP;116;227;SAO PAULO;Falta de Atenção à Condução;Colisão traseira;Com Vítimas Feridas;Pleno dia;Crescente;Céu Claro;Múltipla;Desvio Temporário;Sim;2;0;1;0;1;0;1;2;-23,49755;-46,55862;SR-SP;UOP01;DEL01
273567;06/03/2020;sexta-feira;12:00:00;PR;376;2;SAO JOSE DOS PINHAIS;Falta de Atenção do Pedestre;Atropelamento de Pedestre;Com Vítimas Feridas;Pleno dia;Decrescente;Céu Claro;Dupla;Reta;Sim;2;0;1;1;0;0;2;1;-25,5307;-49,1958;SR-PR;UOP01;DEL01
273569;06/03/2020;sexta-feira;09:00:00;RJ;101;394;RIO DE JANEIRO;Falta de Atenção à Condução;Colisão lateral;Com Vítimas Feridas;Pleno dia;Decrescente;Sol;Dupla;Viaduto;Não;3;0;0;1;1;1;1;2;-22,88582;-43,71288;SR-RJ;UOP01;DEL03
273571;06/03/2020;sexta-feira;13:15:00;ES;262;104,7;VENDA NOVA DO IMIGRANTE;Falta de Atenção à Condução;Colisão transversal;Com Vítimas Feridas;Pleno dia;Decrescente;Céu Claro;Simples;Interseção de vias;Não;2;0;1;0;1;0;1;2;-20,33303;-41,12932;SR-ES;UOP02;DEL01
273572;06/03/2020;sexta-feira;12:35:00;RJ;116;235;PIRAI;Mal Súbito;Colisão com objeto estático;Com Vítimas Feridas;Pleno dia;Decrescente;Céu Claro;Dupla;Reta;Não;1;0;1;0;0;0;1;1;-22,66935;-43,85529;SR-RJ;UOP01;DEL07
273573;06/03/2020;sexta-feira;13:00:00;PR;376;4,1;APUCARANA;Desobediência às normas de trânsito pelo condutor;Colisão lateral;Com Vítimas Feridas;Pleno dia;Crescente;Sol;Simples;Reta;Sim;2;0;1;0;1;0;1;2;-23,55509;-51,4446;SR-PR;UOP03;DEL07
273574;06/03/2020;sexta-feira;13:20:00;RS;158;324;SANTA MARIA;Desobediência às normas de trânsito pelo condutor;Colisão traseira;Com Vítimas Feridas;Pleno dia;Decrescente;Céu Claro;Dupla;Não Informado;Sim;3;0;2;0;1;0;2;2;-29,69763;-53,78846;SR-RS;UOP01;DEL09
273575;06/03/2020;sexta-feira;12:15:00;RS;290;187;MINAS DO LEAO;Falta de Atenção à Condução;Engavetamento;Com Vítimas Feridas;Pleno dia;Decrescente;Céu Claro;Simples;Não Informado;Não;4;0;2;0;2;0;2;3;-30,15244;-52,08359;SR-RS;UOP03;DEL02
273576;06/03/2020;sexta-feira;11:30:00;BA;367;23,1;PORTO SEGURO;Ultrapassagem Indevida;Colisão lateral;Com Vítimas Feridas;Pleno dia;Decrescente;Garoa/Chuvisco;Simples;Reta;Sim;2;0;0;1;1;0;1;2;-16,43518;-39,07201;SR-BA;UOP01;DEL09
273577;06/03/2020;sexta-feira;11:45:00;MA;10;246;IMPERATRIZ;Falta de Atenção à Condução;Colisão traseira;Com Vítimas Feridas;Pleno dia;Decrescente;Céu Claro;Simples;Não Informado;Sim;2;0;1;0;1;0;1;2;-5,581313;-47,43883;SR-MA;UOP01;DEL04
273578;06/03/2020;sexta-feira;12:00:00;MS;163;357;NOVA ALVORADA DO SUL;Falta de Atenção à Condução;Colisão transversal;Com Vítimas Feridas;Pleno dia;Decrescente;Céu Claro;Simples;Reta;Não;2;0;1;0;1;0;1;2;-21,53319;-54,40745;SR-MS;UOP02;DEL02
273579;06/03/2020;sexta-feira;11:20:00;SC;282;504,7;XANXERE;Desobediência às normas de trânsito pelo condutor;Colisão traseira;Com Vítimas Feridas;Pleno dia;Crescente;Sol;Simples;Não Informado;Sim;3;0;2;0;1;0;2;2;-26,88428;-52,40847;SR-SC;UOP01;DEL07
273580;06/03/2020;sexta-feira;11:00:00;MT;174;4,1;PONTES E LACERDA;Desobediência às normas de trânsito pelo condutor;Colisão frontal;Com Vítimas Feridas;Pleno dia;Decrescente;Céu Claro;Simples;Reta;Sim;2;0;0;1;1;0;1;2;-15,23471;-59,34404;SR-MT;UOP01;DEL03
273581;06/03/2020;sexta-feira;11:40:00;MT;364;204,7;RONDONOPOLIS;Falta de Atenção à Condução;Tombamento;Com Vítimas Feridas;Pleno dia;Decrescente;Céu Claro;Dupla;Reta;Sim;1;0;1;0;0;0;1;1;-16,46732;-54,6572;SR-MT;UOP01;DEL02
273582;06/03/2020;sexta-feira;14:00:00;RS;468;97,3;TRES PASSOS;Não guardar distância de segurança;Saída de leito carroçável;Com Vítimas Feridas;Pleno dia;Crescente;Céu Claro;Simples;Reta;Não;3;0;3;0;0;0;3;1;-27,48845;-53,8932;SR-RS;UOP02;DEL08
273583;06/03/2020;sexta-feira;14:30:00;SC;101;202;SAO JOSE;Falta de Atenção à Condução;Colisão lateral;Com Vítimas Feridas;Pleno dia;Crescente;Céu Claro;Múltipla;Reta;Não;2;0;1;0;1;0;1;2;-27,54837;-48,61978;SR-SC;UOP01;DEL01
273584;06/03/2020;sexta-feira;10:55:00;RO;364;409;JARU;Falta de Atenção do Pedestre;Atropelamento de Pedestre;Com Vítimas Feridas;Pleno dia;Crescente;Céu Claro;Simples;Reta;Não;2;0;1;1;0;0;2;1;-10,5402;-62,39334;SR-RO;UOP02;DEL03
273586;06/03/2020;sexta-feira;13:50:00;SC;116;183,4;SAO CRISTOVAO DO SUL;Falta de Atenção à Condução;Colisão lateral;Sem Vítimas;Pleno dia;Decrescente;Sol;Simples;Curva;Não;2;0;0;0;2;0;0;2;-27,29292;-50,43357;SR-SC;UOP03;DEL05
273587;06/03/2020;sexta-feira;14:00:00;GO;153;675,9;PANAMA;Falta de Atenção à Condução;Saída de leito carroçável;Com Vítimas Feridas;Pleno dia;Crescente;Chuva;Dupla;Curva;Não;3;0;2;0;1;0;2;1;-18,1855;-49,2895;SR-GO;UOP02;DEL03
273588;06/03/2020;sexta-feira;14:00:00;RJ;116;177;NOVA IGUACU;Desobediência às normas de trânsito pelo condutor;Colisão lateral;Com Vítimas Feridas;Pleno dia;Crescente;Céu Claro;Simples;Reta;Sim;2;0;1;0;1;0;1;2;-22,78055;-43,39209;SR-RJ;UOP02;DEL01