id;data_inversa;dia_semana;horario;uf;br;km;municipio;causa_acidente;tipo_acidente;classificacao_acidente;fase_dia;sentido_via;condicao_metereologica;tipo_pista;tracado_via;uso_solo;pessoas;mortos;feridos_leves;feridos_graves;ilesos;ignorados;feridos;veiculos;latitude;longitude;regional;delegacia;uop
273896;07/03/2020;sábado;07:40:00;PR;373;264,9;PRUDENTOPOLIS;Falta de Atenção à Condução;Colisão traseira;Com Vítimas Feridas;Pleno dia;Decrescente;Sol;Simples;Reta;Não;3;0;1;1;0;1;2;2;-25,20032;-50,97393;SR-PR;UOP01;DEL03
273897;07/03/2020;sábado;21:00:00;MG;40;463,5;SETE LAGOAS;Animais na Pista;Atropelamento de Animal;Sem Vítimas;Plena Noite;Crescente;Nublado;Dupla;Não Informado;Não;2;0;0;0;2;0;0;1;-19,42225;-44,3387;SR-MG;UOP01;DEL02
273899;07/03/2020;sábado;21:10:00;PR;487;158;ARARUNA;Ingestão de Álcool;Colisão lateral;Com Vítimas Feridas;Plena Noite;Decrescente;Céu Claro;Simples;Desvio Temporário;Não;3;0;1;0;1;1;1;2;-23,96695;-52,57413;SR-PR;UOP03;DEL09
273900;07/03/2020;sábado;20:30:00;PR;277;584,7;CASCAVEL;Ingestão de Álcool;Engavetamento;Sem Vítimas;Plena Noite;Decrescente;Nublado;Simples;Reta;Sim;4;0;0;0;3;1;0;4;-24,96684;-53,40258;SR-PR;UOP01;DEL04
273901;07/03/2020;sábado;21:15:00;PR;376;35,5;NOVA LONDRINA;Desobediência às normas de trânsito pelo condutor;Colisão frontal;Com Vítimas Feridas;Plena Noite;Decrescente;Céu Claro;Simples;Reta;Não;5;0;5;0;0;0;5;2;-22,80453;-53,00236;SR-PR;UOP02;DEL09
273902;07/03/2020;sábado;20:55:00;RJ;116;201;SEROPEDICA;Falta de Atenção à Condução;Colisão transversal;Com Vítimas Fatais;Plena Noite;Crescente;Céu Claro;Dupla;Reta;Sim;2;1;0;0;0;1;0;2;-22,73125;-43,60365;SR-RJ;UOP03;DEL01
273903;07/03/2020;sábado;20:30:00;SC;280;125,3;RIO NEGRINHO;Falta de Atenção à Condução;Colisão transversal;Com Vítimas Feridas;Plena Noite;Crescente;Céu Claro;Simples;Reta;Sim;2;0;1;0;1;0;1;2;-26,23764;-49,48434;SR-SC;UOP03;DEL06
273904;07/03/2020;sábado;21:25:00;ES;101;146;LINHARES;Falta de Atenção à Condução;Colisão lateral;Com Vítimas Feridas;Plena Noite;Decrescente;Chuva;Múltipla;Reta;Sim;2;0;1;0;1;0;1;2;-19,36991;-40,06561;SR-ES;UOP01;DEL04
273905;07/03/2020;sábado;21:55:00;BA;324;516;FEIRA DE SANTANA;Desobediência às normas de trânsito pelo condutor;Colisão transversal;Com Vítimas Feridas;Plena Noite;Crescente;Céu Claro;Simples;Reta;Sim;3;0;2;0;1;0;2;2;-12,24171;-38,93768;SR-BA;UOP01;DEL02
273906;07/03/2020;sábado;21:25:00;SP;116;326;JUQUITIBA;Falta de Atenção à Condução;Colisão lateral;Com Vítimas Feridas;Plena Noite;Crescente;Céu Claro;Dupla;Reta;Sim;2;0;1;0;1;0;1;2;-23,936;-47,06845;SR-SP;UOP01;DEL04
273907;07/03/2020;sábado;20:40:00;PB;361;4;PATOS;Falta de Atenção à Condução;Queda de ocupante de veículo;Com Vítimas Feridas;Plena Noite;Decrescente;Céu Claro;Simples;Reta;Sim;1;0;0;1;0;0;1;1;-7,03208;-37,29365;SR-PB;UOP01;DEL03
273908;07/03/2020;sábado;17:45:00;BA;101;602;ITAPEBI;Velocidade Incompatível;Colisão frontal;Com Vítimas Feridas;Anoitecer;Decrescente;Chuva;Simples;Curva;Não;4;0;1;1;2;0;2;2;-15,95614;-39,55937;SR-BA;UOP02;DEL05
273909;07/03/2020;sábado;21:45:00;PR;153;468;PORTO VITORIA;Ingestão de Substâncias Psicoativas;Colisão frontal;Com Vítimas Feridas;Plena Noite;Decrescente;Chuva;Simples;Não Informado;Não;2;0;0;1;1;0;1;2;-26,31331;-51,22066;SR-PR;UOP03;DEL08
273910;07/03/2020;sábado;21:35:00;PI;343;590;FLORIANO;Ultrapassagem Indevida;Colisão lateral;Com Vítimas Feridas;Plena Noite;Decrescente;Céu Claro;Simples;Reta;Sim;5;0;1;0;4;0;1;2;-6,783895;-43,0151;SR-PI;UOP01;DEL03
273911;07/03/2020;sábado;22:15:00;RS;116;232;ESTANCIA VELHA;Desobediência às normas de trânsito pelo condutor;Colisão traseira;Com Vítimas Feridas;Plena Noite;Decrescente;Nublado;Simples;Não Informado;Sim;4;0;2;0;2;0;2;2;-29,63335;-51,14314;SR-RS;UOP02;DEL01
273912;07/03/2020;sábado;22:55:00;BA;116;352,3;SERRINHA;Desobediência às normas de trânsito pelo condutor;Colisão transversal;Sem Vítimas;Plena Noite;Decrescente;Céu Claro;Simples;Reta;Não;3;0;0;0;2;1;0;2;-11,60901;-38,98385;SR-BA;UOP01;DEL02
273913;07/03/2020;sábado;14:40:00;RO;364;496;ARIQUEMES;Defeito na Via;Tombamento;Sem Vítimas;Pleno dia;Decrescente;Céu Claro;Simples;Curva;Não;2;0;0;0;2;0;0;1;-10,06423;-62,97402;SR-RO;UOP01;DEL03
273915;07/03/2020;sábado;22:30:00;DF;80;30;BRASILIA;Ingestão de Álcool;Colisão com objeto estático;Sem Vítimas;Plena Noite;Crescente;Nublado;Dupla;Reta;Não;1;0;0;0;0;1;0;1;-15,58634;-48,18809;SR-DF;UOP03;DEL01
273916;07/03/2020;sábado;20:20:00;SC;101;106,8;PENHA;Falta de Atenção à Condução;Colisão com objeto estático;Com Vítimas Fatais;Plena Noite;Crescente;Nublado;Dupla;Curva;Sim;2;1;0;0;0;1;0;2;-26,82051;-48,68493;SR-SC;UOP02;DEL03
273917;07/03/2020;sábado;22:20:00;PE;116;25,9;SALGUEIRO;Desobediência às normas de trânsito pelo condutor;Colisão lateral;Com Vítimas Feridas;Plena Noite;Decrescente;Céu Claro;Simples;Reta;Não;2;0;1;0;1;0;1;2;-8,069408;-39,13417;SR-PE;UOP01;DEL05
273918;07/03/2020;sábado;20:19:00;MT;364;498;JANGADA;Desobediência às normas de trânsito pelo condutor;Atropelamento de Pedestre;Com Vítimas Fatais;Plena Noite;Crescente;Céu Claro;Simples;Reta;Não;2;1;1;0;0;0;1;1;-15,26383;-56,45549;SR-MT;DEL2/4;UOP02/MT
273919;08/02/2020;sábado;16:30:00;MG;381;484;BETIM;Defeito Mecânico no Veículo;Colisão com objeto em movimento;Com Vítimas Feridas;Pleno dia;Crescente;Céu Claro;Múltipla;Reta;Sim;6;0;3;0;3;0;3;2;-19,95532;-44,11722;SR-MG;DEL4/1;UOP03/MG
273920;07/03/2020;sábado;17:20:00;PR;277;67,7;SAO JOSE DOS PINHAIS;Desobediência às normas de trânsito pelo condutor;Colisão lateral;Com Vítimas Feridas;Pleno dia;Crescente;Sol;Dupla;Reta;Sim;2;0;0;1;0;1;1;2;-25,54511;-49,05291;SR-PR;UOP06;DEL01
273921;07/03/2020;sábado;17:17:00;GO;40;9,7;LUZIANIA;Desobediência às normas de trânsito pelo condutor;Colisão traseira;Sem Vítimas;Anoitecer;Decrescente;Chuva;Dupla;Reta;Não;2;0;0;0;2;0;0;2;-16,13116;-47,95774;SR-DF;UOP01;DEL01
273922;07/03/2020;sábado;23:20:00;PR;376;206,9;MANDAGUARI;Ingestão de Álcool;Saída de leito carroçável;Com Vítimas Feridas;Plena Noite;Decrescente;Nublado;Dupla;Não Informado;Não;1;0;1;0;0;0;1;1;-23,56113;-51,66161;SR-PR;UOP01;DEL09
273923;07/03/2020;sábado;17:50:00;RO;364;342;JI-PARANA;Desobediência às normas de trânsito pelo condutor;Colisão transversal;Com Vítimas Feridas;Anoitecer;Decrescente;Céu Claro;Simples;Retorno Regulamentado;Sim;2;0;1;0;1;0;1;2;-10,88381;-61,93741;SR-RO;UOP01;DEL02
273924;07/03/2020;sábado;23:20:00;GO;40;26;LUZIANIA;Desobediência às normas de trânsito pelo condutor;Queda de ocupante de veículo;Com Vítimas Feridas;Plena Noite;Crescente;Nevoeiro/Neblina;Dupla;Reta;Não;1;0;1;0;0;0;1;1;-16,2598;-47,89493;SR-DF;UOP01;DEL01
273925;07/03/2020;sábado;23:30:00;PR;376;182,3;SARANDI;Desobediência às normas de trânsito pelo pedestre;Atropelamento de Pedestre;Com Vítimas Feridas;Plena Noite;Crescente;Céu Claro;Dupla;Reta;Sim;2;0;1;1;0;0;2;1;-23,43432;-51,88353;SR-PR;UOP01;DEL09
273926;07/03/2020;sábado;21:45:00;RJ;101;64;CAMPOS DOS GOYTACAZES;Desobediência às normas de trânsito pelo condutor;Colisão transversal;Com Vítimas Feridas;Plena Noite;Crescente;Ignorado;Simples;Interseção de vias;Sim;3;0;0;2;1;0;2;2;-21,75063;-41,33789;SR-RJ;UOP02;DEL08
273927;07/03/2020;sábado;14:03:00;PE;104;66;CARUARU;Não guardar distância de segurança;Colisão traseira;Com Vítimas Feridas;Pleno dia;Decrescente;Céu Claro;Dupla;Reta;Sim;3;0;2;0;1;0;2;2;-8,2937;-35,9864;SR-PE;UOP01;DEL02
273928;07/03/2020;sábado;14:00:00;PE;104;66,1;CARUARU;Não guardar distância de segurança;Colisão traseira;Com Vítimas Feridas;Pleno dia;Decrescente;Céu Claro;Dupla;Reta;Sim;2;0;1;0;0;1;1;2;-8,2937;-35,9864;SR-PE;UOP01;DEL02
273929;07/03/2020;sábado;23:20:00;SC;101;116;ITAJAI;Falta de Atenção do Pedestre;Atropelamento de Pedestre;Com Vítimas Feridas;Plena Noite;Crescente;Céu Claro;Dupla;Reta;Não;2;0;1;0;1;0;1;2;-26,87906;-48,72604;SR-SC;UOP04;DEL04
273930;07/03/2020;sábado;21:40:00;SC;470;23;ILHOTA;Sinalização da via insuficiente ou inadequada;Colisão com objeto estático;Com Vítimas Feridas;Plena Noite;Decrescente;Céu Claro;Dupla;Reta;Não;1;0;0;1;0;0;1;1;-26,88091;-48,84624;SR-SC;UOP04;DEL04
273931;08/03/2020;domingo;00:10:00;SP;381;22,9;BRAGANCA PAULISTA;Falta de Atenção à Condução;Colisão traseira;Sem Vítimas;Plena Noite;Decrescente;Céu Claro;Dupla;Reta;Não;2;0;0;0;2;0;0;2;-23,00772;-46,5215;SR-SP;UOP01;DEL03
273932;08/03/2020;domingo;00:20:00;PB;101;97,8;ALHANDRA;Velocidade Incompatível;Colisão com objeto estático;Com Vítimas Feridas;Plena Noite;Decrescente;Nublado;Dupla;Reta;Sim;4;0;2;2;0;0;4;1;-7,243668;-34,92962;SR-PB;UOP01;DEL01
273933;07/03/2020;sábado;22:30:00;SC;101;266,1;PAULO LOPES;Falta de Atenção do Pedestre;Atropelamento de Pedestre;Com Vítimas Fatais;Plena Noite;Decrescente;Nublado;Dupla;Reta;Sim;3;1;0;0;1;1;0;1;-28,06848;-48,71464;SR-SC;UOP03;DEL02
273934;07/03/2020;sábado;21:40:00;MS;163;94;ITAQUIRAI;Falta de Atenção à Condução;Colisão lateral;Sem Vítimas;Plena Noite;Crescente;Chuva;Simples;Reta;Não;3;0;0;0;2;1;0;2;-23,33433;-54,21813;SR-MS;UOP01;DEL09
273935;07/03/2020;sábado;23:55:00;PI;343;12,7;PARNAIBA;Desobediência às normas de trânsito pelo condutor;Colisão transversal;Com Vítimas Feridas;Plena Noite;Crescente;Céu Claro;Dupla;Interseção de vias;Sim;4;0;0;1;3;0;1;2;-2,910035;-41,75366;SR-PI;UOP01;DEL05
273936;07/03/2020;sábado;22:25:00;RJ;101;315;SAO GONCALO;Falta de Atenção à Condução;Colisão com objeto estático;Sem Vítimas;Plena Noite;Decrescente;Céu Claro;Dupla;Reta;Sim;1;0;0;0;0;1;0;1;-22,82262;-43,08461;SR-RJ;UOP01;DEL02
273937;08/03/2020;domingo;01:10:00;PE;101;71,2;RECIFE;Não guardar distância de segurança;Colisão traseira;Sem Vítimas;Plena Noite;Crescente;Nublado;Dupla;Reta;Sim;3;0;0;0;2;1;0;2;-8,076631;-34,94278;SR-PE;UOP01;DEL01
273938;08/03/2020;domingo;01:00:00;MG;364;27;FRUTAL;Falta de Atenção à Condução;Colisão transversal;Com Vítimas Feridas;Plena Noite;Crescente;Céu Claro;Simples;Rotatória;Sim;2;0;0;1;1;0;1;2;-20,02519;-48,94096;SR-MG;UOP02;DEL13
273939;08/03/2020;domingo;00:30:00;PR;373;194,3;PONTA GROSSA;Condutor Dormindo;Saída de leito carroçável;Com Vítimas Feridas;Plena Noite;Decrescente;Céu Claro;Simples;Curva;Não;1;0;1;0;0;0;1;1;-25,07808;-50,36582;SR-PR;UOP01;DEL03
273940;07/03/2020;sábado;22:54:00;MG;262;695,6;ARAXA;Desobediência às normas de trânsito pelo condutor;Colisão frontal;Com Vítimas Fatais;Plena Noite;Decrescente;Chuva;Simples;Desvio Temporário;Não;2;1;0;0;1;0;0;2;-19,57012;-47,01525;SR-MG;UOP01;DEL08
273941;08/03/2020;domingo;00:10:00;PR;369;231;JANDAIA DO SUL;Ingestão de Álcool;Saída de leito carroçável;Sem Vítimas;Plena Noite;Crescente;Céu Claro;Simples;Curva;Não;1;0;0;0;1;0;0;1;-23,60835;-51,66776;SR-PR;UOP03;DEL07
273942;08/03/2020;domingo;01:10:00;RJ;116;178;NOVA IGUACU;Falta de Atenção à Condução;Colisão traseira;Com Vítimas Feridas;Plena Noite;Crescente;Céu Claro;Múltipla;Reta;Sim;2;0;1;0;1;0;1;2;-22,77496;-43,40081;SR-RJ;UOP02;DEL01
273944;07/03/2020;sábado;23:15:00;RJ;101;297;ITABORAI;Falta de Atenção à Condução;Queda de ocupante de veículo;Com Vítimas Feridas;Plena Noite;Decrescente;Céu Claro;Simples;Reta;Sim;2;0;2;0;0;0;2;1;-22,76942;-42,91874;SR-RJ;UOP03;DEL02
273945;07/03/2020;sábado;08:00:00;RS;116;52,4;VACARIA;Velocidade Incompatível;Tombamento;Com Vítimas Feridas;Pleno dia;Decrescente;Céu Claro;Simples;Curva;Sim;1;0;1;0;0;0;1;1;-28,5823;-51,02379;SR-RS;UOP03;DEL05
273946;08/03/2020;domingo;01:40:00;SE;235;8;NOSSA SENHORA DO SOCORRO;Ingestão de Álcool;Saída de leito carroçável;Com Vítimas Feridas;Plena Noite;Crescente;Céu Claro;Simples;Viaduto;Não;1;0;0;1;0;0;1;1;-10,88484;-37,13429;SR-SE;UOP01;DEL01
273947;07/03/2020;sábado;19:35:00;SC;116;132,4;SANTA CECILIA;Ingestão de Álcool;Colisão frontal;Com Vítimas Feridas;Plena Noite;Decrescente;Nublado;Simples;Não Informado;Não;2;0;1;0;1;0;1;2;-26,90777;-50,4412;SR-SC;UOP02;DEL06
273948;08/03/2020;domingo;01:05:00;SC;280;55;GUARAMIRIM;Falta de Atenção à Condução;Colisão transversal;Com Vítimas Feridas;Plena Noite;Decrescente;Nublado;Simples;Reta;Sim;2;0;1;0;1;0;1;2;-26,47584;-48,99379;SR-SC;UOP03;DEL03
273949;07/03/2020;sábado;23:30:00;SC;470;184,9;POUSO REDONDO;Ingestão de Álcool;Colisão lateral;Sem Vítimas;Plena Noite;Decrescente;Nublado;Simples;Curva;Não;2;0;0;0;1;1;0;2;-27,25304;-50,02664;SR-SC;UOP02;DEL04
273951;08/03/2020;domingo;00:30:00;SC;470;141,4;RIO DO SUL;Velocidade Incompatível;Colisão com objeto estático;Com Vítimas Feridas;Plena Noite;Crescente;Nublado;Simples;Curva;Não;2;0;2;0;0;0;2;1;-27,22606;-49,66616;SR-SC;UOP02;DEL04
273952;08/03/2020;domingo;00:01:00;PR;277;171,9;PALMEIRA;Desobediência às normas de trânsito pelo condutor;Colisão traseira;Com Vítimas Feridas;Plena Noite;Crescente;Céu Claro;Simples;Reta;Não;2;0;1;0;1;0;1;2;-25,45779;-49,94062;SR-PR;UOP02;DEL08
273954;08/03/2020;domingo;02:50:00;BA;101;858;TEIXEIRA DE FREITAS;Falta de Atenção à Condução;Colisão lateral;Sem Vítimas;Plena Noite;Decrescente;Chuva;Simples;Curva;Não;3;0;0;0;1;2;0;2;-17,60084;-39,74861;SR-BA;UOP02;DEL09
273955;08/03/2020;domingo;02:13:00;PR;153;48;SANTO ANTONIO DA PLATINA;Falta de Atenção à Condução;Tombamento;Com Vítimas Feridas;Plena Noite;Decrescente;Céu Claro;Simples;Reta;Não;1;0;0;1;0;0;1;1;-23,34623;-50,06649;SR-PR;UOP05;DEL07
273956;07/03/2020;sábado;19:36:00;RR;401;10;BONFIM;Ingestão de Álcool;Colisão frontal;Com Vítimas Feridas;Plena Noite;Decrescente;Céu Claro;Simples;Reta;Não;2;0;0;1;1;0;1;2;3,359367;-59,83377;SR-RR;UOP01;DEL01
273957;08/03/2020;domingo;01:00:00;MS;267;18;BATAGUASSU;Velocidade Incompatível;Colisão com objeto estático;Com Vítimas Feridas;Plena Noite;Decrescente;Céu Claro;Dupla;Reta;Não;2;0;0;1;0;1;1;1;-21,72635;-52,31411;SR-MS;DEL2;UOP04/MS
273958;08/03/2020;domingo;03:30:00;DF;20;22,1;BRASILIA;Desobediência às normas de trânsito pelo condutor;Capotamento;Sem Vítimas;Plena Noite;Decrescente;Nublado;Dupla;Não Informado;Sim;1;0;0;0;0;1;0;1;-15,59834;-47,67619;SR-DF;UOP01;DEL02
273959;08/03/2020;domingo;03:40:00;PR;376;491,1;PONTA GROSSA;Ingestão de Álcool;Saída de leito carroçável;Com Vítimas Feridas;Plena Noite;Crescente;Céu Claro;Dupla;Reta;Sim;4;0;0;1;2;1;1;3;-25,15163;-50,14152;SR-PR;UOP02;DEL03
273960;08/03/2020;domingo;04:00:00;SC;101;128,7;BALNEARIO CAMBORIU;Falta de Atenção à Condução;Colisão traseira;Com Vítimas Feridas;Plena Noite;Decrescente;Chuva;Dupla;Curva;Não;3;0;1;0;2;0;1;2;-26,97284;-48,68299;SR-SC;UOP03;DEL04
273961;08/03/2020;domingo;02:00:00;AL;424;105;MARECHAL DEODORO;Falta de Atenção à Condução;Tombamento;Sem Vítimas;Plena Noite;Decrescente;Céu Claro;Simples;Reta;Não;1;0;0;0;1;0;0;1;-9,685817;-35,82573;SR-AL;UOP01;DEL02
273962;08/03/2020;domingo;01:00:00;MS;163;42,5;ELDORADO;Ingestão de Álcool;Colisão com objeto em movimento;Com Vítimas Feridas;Plena Noite;Crescente;Céu Claro;Simples;Não Informado;Não;2;0;1;0;0;1;1;2;-23,76281;-54,27377;SR-MS;UOP02;DEL09
273963;08/03/2020;domingo;04:10:00;RS;158;183,5;PEJUCARA;Defeito Mecânico no Veículo;Incêndio;Sem Vítimas;Plena Noite;Crescente;Céu Claro;Simples;Reta;Não;2;0;0;0;2;0;0;1;-28,54518;-53,55694;SR-RS;UOP02;DEL10
273964;08/03/2020;domingo;01:10:00;SC;470;55,2;BLUMENAU;Ingestão de Álcool;Colisão frontal;Com Vítimas Fatais;Plena Noite;Decrescente;Céu Claro;Simples;Reta;Não;4;1;2;0;1;0;2;3;-26,87639;-49,12027;SR-SC;UOP01;DEL04
273965;08/03/2020;domingo;02:45:00;SC;470;72,4;INDAIAL;Ingestão de Álcool;Colisão frontal;Com Vítimas Feridas;Plena Noite;Decrescente;Céu Claro;Simples;Não Informado;Não;4;0;0;3;1;0;3;2;-26,90198;-49,26875;SR-SC;UOP01;DEL04
273966;08/03/2020;domingo;04:00:00;RS;392;113,2;CANGUCU;Falta de Atenção do Pedestre;Atropelamento de Pedestre;Com Vítimas Fatais;Plena Noite;Crescente;Céu Claro;Simples;Reta;Não;2;1;0;0;1;0;0;1;-31,43953;-52,64988;SR-RS;UOP01;DEL07
273967;08/03/2020;domingo;04:15:00;RS;116;518,7;PELOTAS;Falta de Atenção à Condução;Colisão com objeto estático;Com Vítimas Feridas;Plena Noite;Crescente;Céu Claro;Simples;Reta;Sim;1;0;1;0;0;0;1;1;-31,68674;-52,34793;SR-RS;UOP01;DEL07
273968;07/03/2020;sábado;16:40:00;BA;101;711,2;EUNAPOLIS;Pista Escorregadia;Colisão com objeto estático;Com Vítimas Feridas;Plena Noite;Crescente;Céu Claro;Simples;Reta;Sim;2;0;2;0;0;0;2;1;-16,3258;-39,5837;SR-BA;UOP01;DEL09
273969;08/03/2020;domingo;01:30:00;BA;324;577;SAO SEBASTIAO DO PASSE;Ingestão de Álcool;Colisão lateral;Sem Vítimas;Plena Noite;Crescente;Céu Claro;Dupla;Reta;Não;2;0;0;0;2;0;0;2;-12,59712;-38,5136;SR-BA;UOP01;DEL01
273970;08/03/2020;domingo;04:00:00;BA;324;563;SAO SEBASTIAO DO PASSE;Falta de Atenção à Condução;Tombamento;Com Vítimas Feridas;Plena Noite;Crescente;Céu Claro;Dupla;Reta;Não;1;0;1;0;0;0;1;1;-12,50854;-38,63201;SR-BA;UOP01;DEL01
273971;08/03/2020;domingo;04:25:00;MG;459;102;POUSO ALEGRE;Condutor Dormindo;Colisão com objeto estático;Com Vítimas Feridas;Plena Noite;Crescente;Céu Claro;Dupla;Curva;Sim;2;0;1;0;1;0;1;1;-22,22542;-45,91232;SR-MG;UOP01;DEL16
273972;07/03/2020;sábado;22:00:00;DF;20;42;BRASILIA;Velocidade Incompatível;Saída de leito carroçável;Sem Vítimas;Plena Noite;Crescente;Chuva;Dupla;Reta;Não;1;0;0;0;0;1;0;1;-15,57922;-47,49434;SR-DF;UOP01;DEL02
273973;08/03/2020;domingo;03:45:00;MA;10;247;IMPERATRIZ;Ingestão de Substâncias Psicoativas;Colisão transversal;Sem Vítimas;Plena Noite;Decrescente;Chuva;Simples;Reta;Sim;2;0;0;0;0;2;0;2;-5,573772;-47,44389;SR-MA;UOP01;DEL04
273974;08/03/2020;domingo;05:35:00;GO;60;208,9;GUAPO;Defeito na Via;Saída de leito carroçável;Com Vítimas Feridas;Plena Noite;Crescente;Céu Claro;Dupla;Curva;Não;1;0;1;0;0;0;1;1;-16,9243;-49,6642;SR-GO;UOP02;DEL01
273975;08/03/2020;domingo;06:00:00;GO;414;431,1;ANAPOLIS;Falta de Atenção à Condução;Tombamento;Com Vítimas Feridas;Amanhecer;Decrescente;Céu Claro;Simples;Reta;Não;1;0;0;1;0;0;1;1;-16,21405;-48,91838;SR-GO;UOP01;DEL02
273976;08/03/2020;domingo;05:00:00;RS;285;51;BOM JESUS;Condutor Dormindo;Saída de leito carroçável;Com Vítimas Feridas;Amanhecer;Decrescente;Céu Claro;Simples;Curva;Não;1;0;1;0;0;0;1;1;-28,65868;-50,34076;SR-RS;UOP03;DEL05
273977;08/03/2020;domingo;05:40:00;MG;381;265;TIMOTEO;Ingestão de Álcool;Colisão traseira;Com Vítimas Feridas;Amanhecer;Decrescente;Nublado;Simples;Reta;Sim;4;0;1;0;1;2;1;2;-19,5257;-42,66364;SR-MG;UOP02;DEL03
273978;08/03/2020;domingo;05:15:00;PI;230;306;FLORIANO;Velocidade Incompatível;Colisão com objeto estático;Com Vítimas Feridas;Amanhecer;Crescente;Céu Claro;Dupla;Curva;Sim;1;0;1;0;0;0;1;1;-6,791735;-42,98594;SR-PI;UOP01;DEL03
273979;08/03/2020;domingo;05:27:00;RS;290;121,9;ELDORADO DO SUL;Condutor Dormindo;Colisão frontal;Com Vítimas Feridas;Amanhecer;Crescente;Céu Claro;Simples;Reta;Não;4;0;4;0;0;0;4;2;-30,05137;-51,41824;SR-RS;UOP01;DEL02
273980;07/03/2020;sábado;20:30:00;RO;364;711;PORTO VELHO;Não guardar distância de segurança;Colisão traseira;Com Vítimas Feridas;Plena Noite;Decrescente;Chuva;Dupla;Reta;Sim;6;0;2;0;3;1;2;2;-8,781539;-63,86531;SR-RO;UOP01;DEL01
273981;08/03/2020;domingo;00:15:00;PR;116;105;SAO JOSE DOS PINHAIS;Não guardar distância de segurança;Colisão traseira;Sem Vítimas;Plena Noite;Crescente;Céu Claro;Dupla;Reta;Não;3;0;0;0;3;0;0;2;-25,56635;-49,16834;SR-PR;UOP01;DEL01
273983;08/03/2020;domingo;04:40:00;PR;476;125;CURITIBA;Velocidade Incompatível;Colisão com objeto estático;Sem Vítimas;Plena Noite;Crescente;Céu Claro;Dupla;Não Informado;Sim;1;0;0;0;0;1;0;1;-25,4083;-49,21966;SR-PR;UOP06;DEL01
273984;08/03/2020;domingo;06:20:00;SC;101;123;ITAJAI;Velocidade Incompatível;Colisão com objeto estático;Com Vítimas Feridas;Amanhecer;Decrescente;Céu Claro;Simples;Interseção de vias;Sim;2;0;1;1;0;0;2;1;-26,93669;-48,69877;SR-SC;UOP04;DEL04
273985;08/03/2020;domingo;06:45:00;RS;290;111;ELDORADO DO SUL;Condutor Dormindo;Saída de leito carroçável;Com Vítimas Feridas;Pleno dia;Crescente;Céu Claro;Dupla;Reta;Não;1;0;1;0;0;0;1;1;-30,03772;-51,328;SR-RS;UOP01;DEL02
273986;08/03/2020;domingo;04:50:00;SE;101;63;ROSARIO DO CATETE;Ingestão de Álcool;Colisão lateral;Com Vítimas Feridas;Amanhecer;Decrescente;Céu Claro;Simples;Não Informado;Sim;2;0;1;0;1;0;1;2;-10,69193;-37,04082;SR-SE;UOP02;DEL02
273987;08/03/2020;domingo;06:25:00;SP;116;205;ARUJA;Falta de Atenção à Condução;Colisão com objeto estático;Com Vítimas Feridas;Pleno dia;Decrescente;Céu Claro;Dupla;Reta;Sim;5;0;3;0;1;1;3;1;-23,41475;-46,36601;SR-SP;UOP01;DEL01
273989;08/03/2020;domingo;06:45:00;PR;476;158,8;ARAUCARIA;Falta de Atenção à Condução;Capotamento;Sem Vítimas;Pleno dia;Crescente;Ignorado;Simples;Interseção de vias;Sim;1;0;0;0;0;1;0;1;-25,61354;-49,42426;SR-PR;UOP04;DEL01
273990;08/03/2020;domingo;05:20:00;MT;174;79,5;CACERES;Restrição de Visibilidade;Saída de leito carroçável;Com Vítimas Feridas;Plena Noite;Decrescente;Céu Claro;Simples;Reta;Não;2;0;1;1;0;0;2;1;-15,99034;-57,75358;SR-MT;UOP01;DEL03
273991;08/03/2020;domingo;06:56:00;BA;324;600;SIMOES FILHO;Desobediência às normas de trânsito pelo pedestre;Atropelamento de Pedestre;Com Vítimas Feridas;Pleno dia;Decrescente;Céu Claro;Dupla;Reta;Não;2;0;0;1;1;0;1;1;-12,74883;-38,43296;SR-BA;UOP01;DEL01
273992;08/03/2020;domingo;06:45:00;PR;369;496,8;CORBELIA;Ingestão de álcool e/ou substâncias psicoativas pelo pedestre;Saída de leito carroçável;Com Vítimas Feridas;Pleno dia;Crescente;Céu Claro;Simples;Curva;Não;1;0;1;0;0;0;1;1;-24,7531;-53,2823;SR-PR;UOP04;DEL04
273994;08/03/2020;domingo;05:00:00;MG;116;541,1;SANTA RITA DE MINAS;Ingestão de Álcool;Colisão com objeto estático;Com Vítimas Feridas;Amanhecer;Crescente;Nublado;Simples;Reta;Não;1;0;1;0;0;0;1;1;-19,89439;-42,13395;SR-MG;UOP02;DEL06
273995;07/03/2020;sábado;22:30:00;MG;365;521;MONTE CARMELO;Velocidade Incompatível;Colisão transversal;Com Vítimas Feridas;Plena Noite;Decrescente;Céu Claro;Simples;Interseção de vias;Sim;3;0;0;2;1;0;2;2;-18,91498;-47,41535;SR-MG;UOP01;DEL10