id;data_inversa;dia_semana;horario;uf;br;km;municipio;causa_acidente;tipo_acidente;classificacao_acidente;fase_dia;sentido_via;condicao_metereologica;tipo_pista;tracado_via;uso_solo;pessoas;mortos;feridos_leves;feridos_graves;ilesos;ignorados;feridos;veiculos;latitude;longitude;regional;delegacia;uop
273996;08/03/2020;domingo;04:50:00;RJ;101;533;PARATY;Animais na Pista;Atropelamento de Animal;Sem Vítimas;Plena Noite;Crescente;Nublado;Simples;Ponte;Sim;2;0;0;0;2;0;0;2;-23,02406;-44,53704;SR-RJ;UOP03;DEL03
273997;08/03/2020;domingo;05:45:00;GO;153;653,8;GOIATUBA;Condutor Dormindo;Saída de leito carroçável;Com Vítimas Feridas;Plena Noite;Crescente;Céu Claro;Dupla;Desvio Temporário;Não;1;0;1;0;0;0;1;1;-17,9926;-49,2601;SR-GO;UOP01;DEL03
273998;07/03/2020;sábado;08:15:00;RO;364;514,7;ARIQUEMES;Desobediência às normas de trânsito pelo condutor;Colisão transversal;Com Vítimas Feridas;Pleno dia;Crescente;Céu Claro;Dupla;Reta;Sim;4;0;1;0;2;1;1;2;-9,933984;-63,05523;SR-RO;UOP01;DEL03
273999;08/03/2020;domingo;01:30:00;MG;50;156,1;UBERABA;Animais na Pista;Atropelamento de Animal;Com Vítimas Feridas;Plena Noite;Crescente;Céu Claro;Dupla;Reta;Não;2;0;2;0;0;0;2;1;-19,61676;-48,01874;SR-MG;UOP01;DEL13
274000;07/03/2020;sábado;14:00:00;PR;153;136;VENTANIA;Velocidade Incompatível;Tombamento;Com Vítimas Feridas;Pleno dia;Crescente;Céu Claro;Simples;Curva;Não;2;0;2;0;0;0;2;1;-24,04806;-50,24743;SR-PR;UOP05;DEL07
274001;07/03/2020;sábado;23:40:00;BA;101;338;TEOLANDIA;Velocidade Incompatível;Tombamento;Com Vítimas Feridas;Plena Noite;Crescente;Chuva;Simples;Curva;Não;1;0;1;0;0;0;1;1;-13,53686;-39,44881;SR-BA;UOP03;DEL05
274002;08/03/2020;domingo;07:45:00;SC;470;61;BLUMENAU;Desobediência às normas de trânsito pelo condutor;Colisão frontal;Com Vítimas Feridas;Pleno dia;Crescente;Céu Claro;Simples;Curva;Sim;2;0;1;0;1;0;1;2;-26,87895;-49,17421;SR-SC;UOP01;DEL04
274003;08/03/2020;domingo;06:00:00;RO;435;117;COLORADO DO OESTE;Ingestão de Álcool;Saída de leito carroçável;Com Vítimas Feridas;Amanhecer;Decrescente;Céu Claro;Simples;Reta;Não;2;0;1;1;0;0;2;1;-13,18755;-60,75678;SR-RO;UOP02;DEL04
274004;08/03/2020;domingo;05:00:00;PA;230;118,5;MARABA;Falta de Atenção à Condução;Colisão traseira;Sem Vítimas;Amanhecer;Crescente;Céu Claro;Dupla;Interseção de vias;Sim;2;0;0;0;2;0;0;2;-5,351937;-49,09794;SR-PA;UOP01;DEL03
274005;08/03/2020;domingo;03:00:00;MS;163;842,5;SONORA;Falta de Atenção à Condução;Saída de leito carroçável;Sem Vítimas;Plena Noite;Crescente;Céu Claro;Simples;Reta;Não;1;0;0;0;0;1;0;1;-17,55521;-54,74131;SR-MS;UOP01;DEL06
274006;08/03/2020;domingo;07:45:00;BA;324;575;SAO SEBASTIAO DO PASSE;Desobediência às normas de trânsito pelo pedestre;Atropelamento de Pedestre;Com Vítimas Feridas;Pleno dia;Decrescente;Nublado;Dupla;Reta;Não;5;0;1;1;2;1;2;1;-12,57298;-38,54513;SR-BA;UOP01;DEL01
274007;08/03/2020;domingo;06:10:00;RS;153;410;CACHOEIRA DO SUL;Ingestão de Álcool;Colisão frontal;Com Vítimas Feridas;Pleno dia;Crescente;Céu Claro;Simples;Reta;Sim;3;0;1;0;1;1;1;2;-30,0493;-52,90913;SR-RS;UOP03;DEL02
274008;08/03/2020;domingo;07:45:00;MG;381;934;EXTREMA;Velocidade Incompatível;Queda de ocupante de veículo;Com Vítimas Feridas;Pleno dia;Decrescente;Céu Claro;Dupla;Não Informado;Não;1;0;1;0;0;0;1;1;-22,82008;-46,29934;SR-MG;UOP03;DEL16
274009;08/03/2020;domingo;08:10:00;PR;369;188,9;ARAPONGAS;Não guardar distância de segurança;Colisão traseira;Com Vítimas Feridas;Pleno dia;Crescente;Céu Claro;Dupla;Reta;Não;3;0;1;0;2;0;1;2;-23,4488;-51,42321;SR-PR;UOP03;DEL07
274010;08/03/2020;domingo;07:10:00;BA;110;289;INHAMBUPE;Ingestão de Álcool;Capotamento;Com Vítimas Feridas;Pleno dia;Crescente;Céu Claro;Simples;Curva;Não;1;0;1;0;0;0;1;1;-11,75965;-38,32812;SR-BA;UOP04;DEL01
274011;08/03/2020;domingo;08:45:00;PE;101;54,5;PAULISTA;Falta de Atenção à Condução;Colisão lateral;Com Vítimas Feridas;Pleno dia;Decrescente;Sol;Simples;Curva;Sim;2;0;1;0;1;0;1;2;-7,939611;-34,90357;SR-PE;UOP02;DEL01
274012;08/03/2020;domingo;08:40:00;PE;232;508,3;SALGUEIRO;Falta de Atenção à Condução;Colisão com objeto estático;Sem Vítimas;Pleno dia;Crescente;Céu Claro;Simples;Interseção de vias;Não;1;0;0;0;0;1;0;1;-8,062233;-39,12095;SR-PE;UOP01;DEL05
274013;08/03/2020;domingo;08:00:00;GO;158;269,8;JATAI;Falta de Atenção à Condução;Colisão com objeto estático;Sem Vítimas;Pleno dia;Decrescente;Céu Claro;Simples;Rotatória;Sim;2;0;0;0;2;0;0;1;-17,85473;-51,73125;SR-GO;UOP01;DEL05
274014;08/03/2020;domingo;05:40:00;AP;210;1;MACAPA;Desobediência às normas de trânsito pelo condutor;Colisão lateral;Sem Vítimas;Amanhecer;Decrescente;Garoa/Chuvisco;Múltipla;Reta;Sim;2;0;0;0;2;0;0;2;0,07816717;-51,06999;SR-AP;UOP01;DEL01
274015;08/03/2020;domingo;06:20:00;RO;364;713,5;PORTO VELHO;Desobediência às normas de trânsito pelo condutor;Colisão transversal;Com Vítimas Feridas;Pleno dia;Crescente;Nublado;Dupla;Reta;Sim;2;0;0;1;1;0;1;2;-8,771718;-63,88372;SR-RO;UOP01;DEL01
274016;08/03/2020;domingo;08:00:00;PR;277;507,7;GUARANIACU;Falta de Atenção à Condução;Queda de ocupante de veículo;Com Vítimas Feridas;Pleno dia;Decrescente;Céu Claro;Simples;Curva;Não;1;0;1;0;0;0;1;1;-25,1318;-52,7303;SR-PR;UOP02;DEL04
274017;08/03/2020;domingo;06:00:00;SC;158;104;CUNHA PORA;Velocidade Incompatível;Saída de leito carroçável;Com Vítimas Feridas;Amanhecer;Crescente;Céu Claro;Simples;Curva;Não;2;0;1;1;0;0;2;1;-26,86898;-53,16248;SR-SC;UOP02;DEL07
274018;08/03/2020;domingo;09:40:00;SP;101;49,4;UBATUBA;Falta de Atenção à Condução;Colisão transversal;Com Vítimas Feridas;Pleno dia;Crescente;Céu Claro;Simples;Reta;Sim;6;0;1;0;5;0;1;2;-23,44411;-45,08376;SR-SP;UOP02;DEL06
274019;08/03/2020;domingo;09:40:00;MG;381;521;BRUMADINHO;Velocidade Incompatível;Saída de leito carroçável;Com Vítimas Feridas;Pleno dia;Crescente;Nublado;Dupla;Curva;Não;1;0;1;0;0;0;1;1;-20,13847;-44,31715;SR-MG;UOP03;DEL04
274020;08/03/2020;domingo;08:00:00;RJ;101;447;MANGARATIBA;Falta de Atenção à Condução;Colisão frontal;Com Vítimas Feridas;Pleno dia;Crescente;Céu Claro;Simples;Não Informado;Não;3;0;0;2;1;0;2;2;-23,00392;-44,09744;SR-RJ;UOP02;DEL03
274021;08/03/2020;domingo;10:00:00;MG;459;69,7;SENADOR JOSE BENTO;Falta de Atenção à Condução;Colisão lateral;Com Vítimas Feridas;Pleno dia;Decrescente;Céu Claro;Simples;Não Informado;Não;2;0;1;0;1;0;1;2;-22,12993;-46,15035;SR-MG;UOP01;DEL09
274022;08/03/2020;domingo;08:50:00;MT;163;785,8;SORRISO;Desobediência às normas de trânsito pelo condutor;Colisão lateral;Com Vítimas Feridas;Pleno dia;Crescente;Céu Claro;Simples;Reta;Não;7;0;5;1;1;0;6;3;-12,29154;-55,56553;SR-MT;UOP01;DEL06
274024;08/03/2020;domingo;09:50:00;SE;235;28;AREIA BRANCA;Falta de Atenção à Condução;Colisão lateral;Com Vítimas Feridas;Pleno dia;Crescente;Sol;Simples;Curva;Não;2;0;0;1;1;0;1;2;-10,79339;-37,27884;SR-SE;UOP02;DEL01
274025;08/03/2020;domingo;10:15:00;SC;101;411;ARARANGUA;Falta de Atenção à Condução;Colisão com objeto estático;Com Vítimas Feridas;Pleno dia;Decrescente;Céu Claro;Dupla;Reta;Não;2;0;2;0;0;0;2;1;-28,93505;-49,5179;SR-SC;UOP02;DEL02
274026;08/03/2020;domingo;10:00:00;RS;472;499,8;ITAQUI;Desobediência às normas de trânsito pelo condutor;Colisão lateral;Sem Vítimas;Pleno dia;Crescente;Céu Claro;Simples;Reta;Não;2;0;0;0;2;0;0;2;-29,24159;-56,57554;SR-RS;UOP01;DEL13
274027;08/03/2020;domingo;10:40:00;MG;40;574,2;ITABIRITO;Avarias e/ou desgaste excessivo no pneu;Colisão frontal;Com Vítimas Feridas;Pleno dia;Crescente;Nublado;Simples;Reta;Não;8;0;4;2;0;2;6;2;-20,24792;-43,96367;SR-MG;UOP02;DEL01
274028;08/03/2020;domingo;10:05:00;SC;101;155;PORTO BELO;Falta de Atenção à Condução;Colisão com objeto estático;Com Vítimas Feridas;Pleno dia;Decrescente;Céu Claro;Simples;Curva;Não;1;0;1;0;0;0;1;1;-27,16292;-48,61129;SR-SC;UOP03;DEL04
274029;08/03/2020;domingo;10:30:00;MG;381;350;JOAO MONLEVADE;Desobediência às normas de trânsito pelo condutor;Colisão transversal;Com Vítimas Feridas;Pleno dia;Crescente;Nublado;Simples;Interseção de vias;Não;4;0;1;1;2;0;2;2;-19,84954;-43,15779;SR-MG;UOP01;DEL03
274030;16/01/2020;quinta-feira;02:30:00;RN;226;165,3;CURRAIS NOVOS;Falta de Atenção à Condução;Saída de leito carroçável;Com Vítimas Fatais;Plena Noite;Crescente;Céu Claro;Simples;Reta;Não;3;1;0;1;0;1;1;1;-6,224789;-36,43182;SR-RN;UOP02;DEL03
274031;08/03/2020;domingo;10:50:00;MS;60;593,4;JARDIM;Falta de Atenção à Condução;Colisão transversal;Com Vítimas Feridas;Pleno dia;Crescente;Céu Claro;Simples;Não Informado;Sim;3;0;1;0;1;1;1;2;-21,48542;-56,15041;SR-MS;UOP01;DEL05
274032;08/03/2020;domingo;11:30:00;PR;277;198,6;PALMEIRA;Velocidade Incompatível;Capotamento;Com Vítimas Feridas;Pleno dia;Crescente;Nublado;Simples;Não Informado;Não;5;0;2;1;2;0;3;1;-25,44562;-50,1854;SR-PR;UOP02;DEL08
274033;08/03/2020;domingo;10:30:00;MG;381;521;BRUMADINHO;Falta de Atenção à Condução;Queda de ocupante de veículo;Com Vítimas Feridas;Pleno dia;Decrescente;Céu Claro;Múltipla;Curva;Sim;3;0;1;1;1;0;2;3;-20,13847;-44,31715;SR-MG;UOP03;DEL04
274034;05/03/2020;quinta-feira;06:20:00;SC;280;150;MAFRA;Defeito Mecânico no Veículo;Derramamento de carga;Sem Vítimas;Amanhecer;Decrescente;Céu Claro;Simples;Reta;Não;1;0;0;0;1;0;0;1;-26,23707;-49,68352;SR-SC;UOP03;DEL06
274035;08/03/2020;domingo;11:20:00;GO;50;273,5;CATALAO;Velocidade Incompatível;Colisão com objeto estático;Com Vítimas Feridas;Pleno dia;Crescente;Céu Claro;Dupla;Viaduto;Sim;2;0;1;1;0;0;2;1;-18,1302;-47,9047;SR-GO;UOP01;DEL06
274036;08/03/2020;domingo;12:05:00;RJ;356;133;CAMPOS DOS GOYTACAZES;Ingestão de Álcool;Saída de leito carroçável;Com Vítimas Feridas;Pleno dia;Crescente;Nublado;Simples;Curva;Não;1;0;0;1;0;0;1;1;-21,71867;-41,35166;SR-RJ;UOP01;DEL08
274038;08/03/2020;domingo;12:20:00;MG;40;511,8;RIBEIRAO DAS NEVES;Falta de Atenção à Condução;Colisão traseira;Com Vítimas Feridas;Pleno dia;Decrescente;Sol;Dupla;Reta;Sim;3;0;1;0;2;0;1;2;-19,78164;-44,11733;SR-MG;UOP02;DEL01
274039;08/03/2020;domingo;12:30:00;MG;381;491,7;BETIM;Velocidade Incompatível;Colisão com objeto estático;Com Vítimas Feridas;Pleno dia;Decrescente;Céu Claro;Dupla;Reta;Sim;3;0;1;2;0;0;3;1;-19,96189;-44,15727;SR-MG;UOP03;DEL01
274040;08/03/2020;domingo;12:55:00;SP;153;51,5;SAO JOSE DO RIO PRETO;Desobediência às normas de trânsito pelo condutor;Colisão frontal;Com Vítimas Feridas;Pleno dia;Decrescente;Céu Claro;Simples;Reta;Não;2;0;0;1;1;0;1;2;-20,71802;-49,33874;SR-SP;UOP01;DEL09
274041;08/03/2020;domingo;11:45:00;BA;101;244,1;CONCEICAO DO ALMEIDA;Ultrapassagem Indevida;Saída de leito carroçável;Com Vítimas Feridas;Pleno dia;Crescente;Sol;Simples;Reta;Não;3;0;2;0;0;1;2;2;-12,8323;-39,20061;SR-BA;UOP02;DEL01
274042;08/03/2020;domingo;11:15:00;MG;459;64,9;SENADOR JOSE BENTO;Falta de Atenção à Condução;Saída de leito carroçável;Com Vítimas Feridas;Pleno dia;Crescente;Céu Claro;Simples;Curva;Não;1;0;0;1;0;0;1;1;-22,13107;-46,18222;SR-MG;UOP01;DEL09
274043;08/03/2020;domingo;12:45:00;MG;40;605,4;CONGONHAS;Falta de Atenção à Condução;Saída de leito carroçável;Com Vítimas Feridas;Pleno dia;Crescente;Céu Claro;Simples;Reta;Não;1;0;1;0;0;0;1;1;-20,45961;-43,83908;SR-MG;UOP02;DEL05
274044;08/03/2020;domingo;13:10:00;PE;408;102,7;RECIFE;Defeito Mecânico no Veículo;Queda de ocupante de veículo;Com Vítimas Feridas;Pleno dia;Decrescente;Céu Claro;Dupla;Reta;Sim;1;0;1;0;0;0;1;1;-8,053232;-35,00248;SR-PE;UOP01;DEL01
274045;08/03/2020;domingo;12:00:00;PR;467;96,3;CASCAVEL;Defeito Mecânico no Veículo;Colisão transversal;Com Vítimas Feridas;Pleno dia;Crescente;Céu Claro;Dupla;Reta;Não;4;0;1;0;3;0;1;1;-24,8743;-53,5637;SR-PR;UOP01;DEL04
274046;08/03/2020;domingo;08:00:00;RO;364;602,1;ITAPUA DO OESTE;Falta de Atenção à Condução;Saída de leito carroçável;Sem Vítimas;Pleno dia;Crescente;Nublado;Dupla;Reta;Não;1;0;0;0;1;0;0;1;-9,205098;-63,17617;SR-RO;UOP03;DEL03
274047;08/03/2020;domingo;13:30:00;SC;101;188;BIGUACU;Falta de Atenção à Condução;Colisão traseira;Com Vítimas Feridas;Pleno dia;Crescente;Céu Claro;Dupla;Reta;Sim;4;0;1;0;3;0;1;3;-27,45123;-48,63371;SR-SC;UOP01;DEL01
274048;08/03/2020;domingo;13:00:00;SP;381;86;SAO PAULO;Pista Escorregadia;Queda de ocupante de veículo;Com Vítimas Feridas;Pleno dia;Crescente;Chuva;Múltipla;Curva;Sim;1;0;0;1;0;0;1;1;-23,46878;-46,56992;SR-SP;UOP01;DEL03
274049;08/03/2020;domingo;13:20:00;GO;40;12,5;LUZIANIA;Ingestão de Álcool;Atropelamento de Pedestre;Com Vítimas Feridas;Pleno dia;Crescente;Céu Claro;Dupla;Reta;Sim;2;0;0;1;0;1;1;1;-16,14877;-47,94201;SR-DF;UOP01;DEL01
274050;29/02/2020;sábado;13:30:00;MG;381;359;JOAO MONLEVADE;Falta de Atenção à Condução;Colisão traseira;Com Vítimas Feridas;Pleno dia;Crescente;Nublado;Simples;Reta;Sim;3;0;2;0;1;0;2;2;-19,83824;-43,18483;SR-MG;UOP01;DEL03
274051;08/03/2020;domingo;14:00:00;PE;101;51;ABREU E LIMA;Falta de Atenção do Pedestre;Atropelamento de Pedestre;Com Vítimas Feridas;Pleno dia;Crescente;Nublado;Dupla;Reta;Sim;2;0;1;0;1;0;1;1;-7,916997;-34,89689;SR-PE;UOP02;DEL01
274052;08/03/2020;domingo;13:20:00;SC;153;59,6;IRANI;Desobediência às normas de trânsito pelo condutor;Colisão transversal;Com Vítimas Feridas;Pleno dia;Crescente;Céu Claro;Simples;Rotatória;Não;2;0;1;0;1;0;1;2;-26,96951;-51,85444;SR-SC;UOP05;DEL07
274053;08/03/2020;domingo;14:10:00;PE;428;188;PETROLINA;Falta de Atenção à Condução;Colisão lateral;Com Vítimas Feridas;Pleno dia;Crescente;Céu Claro;Dupla;Reta;Sim;2;0;0;1;1;0;1;2;-9,364006;-40,48267;SR-PE;UOP01;DEL06
274055;08/03/2020;domingo;08:00:00;RS;285;199;LAGOA VERMELHA;Ingestão de Álcool;Saída de leito carroçável;Sem Vítimas;Pleno dia;Crescente;Céu Claro;Simples;Rotatória;Sim;1;0;0;0;1;0;0;1;-28,2053;-51,51999;SR-RS;UOP05;DEL08
274056;08/03/2020;domingo;13:30:00;MT;163;788,1;SORRISO;Falta de Atenção à Condução;Saída de leito carroçável;Com Vítimas Feridas;Pleno dia;Crescente;Céu Claro;Simples;Reta;Não;2;0;2;0;0;0;2;1;-12,38512;-55,6144;SR-MT;UOP01;DEL06
274057;08/03/2020;domingo;13:20:00;RJ;116;143;DUQUE DE CAXIAS;Falta de Atenção à Condução;Colisão traseira;Com Vítimas Feridas;Pleno dia;Crescente;Céu Claro;Simples;Reta;Sim;2;0;1;0;1;0;1;2;-22,65237;-43,23918;SR-RJ;UOP02;DEL04
274058;08/03/2020;domingo;14:20:00;BA;242;872;BARREIRAS;Ultrapassagem Indevida;Colisão traseira;Com Vítimas Feridas;Pleno dia;Decrescente;Nublado;Simples;Reta;Não;4;0;1;0;0;3;1;2;-12,07774;-45,69288;SR-BA;UOP01;DEL10
274060;08/03/2020;domingo;14:40:00;GO;50;106,4;IPAMERI;Falta de Atenção do Pedestre;Atropelamento de Pedestre;Com Vítimas Feridas;Pleno dia;Crescente;Chuva;Simples;Reta;Sim;2;0;0;1;1;0;1;1;-16,9309;-47,7117;SR-DF;UOP04;DEL01
274062;08/03/2020;domingo;14:15:00;BA;116;26,7;VITORIA DA CONQUISTA;Falta de Atenção à Condução;Colisão transversal;Com Vítimas Feridas;Pleno dia;Crescente;Nublado;Simples;Reta;Sim;2;0;1;0;1;0;1;2;-14,851;-40,8485;SR-BA;UOP01;DEL08
274063;08/03/2020;domingo;14:15:00;RO;364;23,6;VILHENA;Desobediência às normas de trânsito pelo condutor;Colisão traseira;Com Vítimas Feridas;Pleno dia;Decrescente;Chuva;Simples;Não Informado;Não;2;0;1;0;1;0;1;2;-12,72508;-60,22636;SR-RO;UOP01;DEL04
274064;08/03/2020;domingo;15:35:00;PE;407;126;PETROLINA;Desobediência às normas de trânsito pelo condutor;Colisão lateral;Com Vítimas Feridas;Pleno dia;Crescente;Céu Claro;Simples;Rotatória;Sim;2;0;1;0;1;0;1;2;-9,384913;-40,5281;SR-PE;UOP01;DEL06
274065;08/03/2020;domingo;12:10:00;SC;101;107,4;PENHA;Falta de Atenção à Condução;Tombamento;Com Vítimas Feridas;Pleno dia;Crescente;Céu Claro;Dupla;Reta;Não;1;0;1;0;0;0;1;1;-26,81931;-48,6839;SR-SC;UOP02;DEL03
274066;08/03/2020;domingo;12:00:00;SC;101;38;JOINVILLE;Desobediência às normas de trânsito pelo condutor;Colisão transversal;Com Vítimas Feridas;Pleno dia;Crescente;Sol;Simples;Rotatória;Sim;2;0;1;0;1;0;1;2;-26,25473;-48,90561;SR-SC;UOP01;DEL03
274067;08/03/2020;domingo;12:00:00;SC;101;32;JOINVILLE;Desobediência às normas de trânsito pelo condutor;Colisão com objeto estático;Com Vítimas Feridas;Pleno dia;Decrescente;Céu Claro;Dupla;Reta;Não;1;0;0;1;0;0;1;1;-26,22699;-48,91657;SR-SC;UOP01;DEL03
274068;08/03/2020;domingo;14:45:00;PR;277;602,1;CASCAVEL;Ingestão de Álcool;Colisão traseira;Com Vítimas Feridas;Pleno dia;Decrescente;Céu Claro;Dupla;Reta;Não;2;0;1;0;1;0;1;2;-25,06873;-53,49093;SR-PR;UOP05;DEL04
274069;08/03/2020;domingo;14:20:00;MT;364;94,3;ALTO GARCAS;Não guardar distância de segurança;Colisão traseira;Com Vítimas Feridas;Pleno dia;Decrescente;Sol;Simples;Reta;Não;6;0;3;0;3;0;3;3;-16,85953;-53,74883;SR-MT;UOP04;DEL02
274070;08/03/2020;domingo;16:00:00;AL;316;242,7;ATALAIA;Não guardar distância de segurança;Colisão traseira;Com Vítimas Feridas;Pleno dia;Crescente;Céu Claro;Simples;Não Informado;Não;2;0;1;0;0;1;1;1;-9,507274;-36,02114;SR-AL;UOP01;DEL01
274071;08/03/2020;domingo;16:10:00;SC;470;8,7;NAVEGANTES;Ingestão de Álcool;Colisão transversal;Com Vítimas Feridas;Pleno dia;Crescente;Céu Claro;Simples;Reta;Não;3;0;2;0;1;0;2;2;-26,83688;-48,71885;SR-SC;UOP04;DEL04
274072;08/03/2020;domingo;16:20:00;ES;262;17,2;VIANA;Falta de Atenção à Condução;Colisão frontal;Com Vítimas Feridas;Pleno dia;Crescente;Nublado;Simples;Reta;Não;4;0;2;0;2;0;2;2;-20,38636;-40,47273;SR-ES;UOP01;DEL01
274073;08/03/2020;domingo;16:10:00;RS;101;85,3;OSORIO;Ultrapassagem Indevida;Saída de leito carroçável;Com Vítimas Feridas;Pleno dia;Crescente;Céu Claro;Dupla;Reta;Sim;3;0;2;1;0;0;3;1;-29,86833;-50,25172;SR-RS;UOP01;DEL03
274074;08/03/2020;domingo;16:30:00;ES;101;316,9;GUARAPARI;Falta de Atenção à Condução;Queda de ocupante de veículo;Com Vítimas Feridas;Pleno dia;Decrescente;Nublado;Simples;Reta;Não;1;0;1;0;0;0;1;1;-20,47804;-40,47131;SR-ES;UOP01;DEL03
274075;08/03/2020;domingo;16:00:00;PB;104;112,5;LAGOA SECA;Desobediência às normas de trânsito pelo condutor;Colisão transversal;Com Vítimas Feridas;Pleno dia;Decrescente;Sol;Simples;Interseção de vias;Sim;8;0;2;0;6;0;2;2;-7,145029;-35,85693;SR-PB;UOP04;DEL02
274076;08/03/2020;domingo;16:40:00;PR;376;4;SAO JOSE DOS PINHAIS;Falta de Atenção à Condução;Colisão traseira;Sem Vítimas;Pleno dia;Crescente;Sol;Dupla;Curva;Sim;2;0;0;0;2;0;0;2;-25,5307;-49,1958;SR-PR;UOP01;DEL01
274077;08/03/2020;domingo;16:00:00;SP;116;279;EMBU DAS ARTES;Ultrapassagem Indevida;Colisão lateral;Sem Vítimas;Pleno dia;Crescente;Chuva;Dupla;Desvio Temporário;Sim;3;0;0;0;2;1;0;2;-23,66234;-46,85293;SR-SP;UOP01;DEL04
274078;08/03/2020;domingo;16:15:00;MG;40;563;NOVA LIMA;Falta de Atenção à Condução;Colisão lateral;Com Vítimas Feridas;Pleno dia;Decrescente;Nublado;Dupla;Reta;Não;4;0;1;1;1;1;2;2;-20,15242;-43,96263;SR-MG;UOP02;DEL01
274079;08/03/2020;domingo;17:15:00;RS;290;30;SANTO ANTONIO DA PATRULHA;Falta de Atenção à Condução;Colisão traseira;Com Vítimas Feridas;Pleno dia;Decrescente;Céu Claro;Múltipla;Reta;Não;43;0;4;0;39;0;4;5;-29,88358;-50,55543;SR-RS;UOP01;DEL03
274080;08/03/2020;domingo;16:40:00;PR;277;7;PARANAGUA;Ingestão de Álcool;Saída de leito carroçável;Com Vítimas Feridas;Pleno dia;Decrescente;Céu Claro;Dupla;Reta;Não;9;0;4;0;5;0;4;3;-25,5682;-48,61529;SR-PR;UOP07;DEL01
274081;08/03/2020;domingo;16:20:00;SP;153;167,1;PROMISSAO;Não guardar distância de segurança;Colisão traseira;Com Vítimas Feridas;Pleno dia;Decrescente;Céu Claro;Simples;Não Informado;Não;2;0;1;0;1;0;1;2;-21,57027;-49,78358;SR-SP;UOP01;DEL07
274084;08/03/2020;domingo;15:30:00;PE;232;252;ARCOVERDE;Ultrapassagem Indevida;Colisão frontal;Com Vítimas Feridas;Pleno dia;Decrescente;Céu Claro;Simples;Curva;Sim;2;0;0;1;1;0;1;2;-8,43086;-37,06536;SR-PE;UOP02;DEL03
274085;08/03/2020;domingo;17:00:00;MG;381;851,4;POUSO ALEGRE;Condutor Dormindo;Colisão com objeto estático;Com Vítimas Fatais;Pleno dia;Crescente;Céu Claro;Dupla;Reta;Não;2;1;0;0;1;0;0;2;-22,24828;-45,88592;SR-MG;UOP01;DEL16
274086;08/03/2020;domingo;17:10:00;PE;408;86,5;PAUDALHO;Velocidade Incompatível;Saída de leito carroçável;Com Vítimas Feridas;Anoitecer;Crescente;Céu Claro;Dupla;Interseção de vias;Não;2;0;2;0;0;0;2;1;-7,96011;-35,09555;SR-PE;UOP01;DEL01
274087;08/03/2020;domingo;12:00:00;RJ;40;119;RIO DE JANEIRO;Falta de Atenção à Condução;Colisão lateral;Com Vítimas Feridas;Pleno dia;Crescente;Céu Claro;Múltipla;Reta;Sim;2;0;1;0;1;0;1;2;-22,76376;-43,28683;SR-RJ;UOP01;DEL01
274088;08/03/2020;domingo;17:30:00;SC;101;296,9;IMBITUBA;Restrição de Visibilidade;Colisão transversal;Com Vítimas Feridas;Pleno dia;Decrescente;Céu Claro;Simples;Viaduto;Sim;3;0;1;1;1;0;2;2;-28,30564;-48,72104;SR-SC;UOP03;DEL02
274089;08/03/2020;domingo;17:30:00;DF;70;10;BRASILIA;Desobediência às normas de trânsito pelo condutor;Colisão traseira;Com Vítimas Feridas;Anoitecer;Decrescente;Céu Claro;Dupla;Reta;Sim;3;0;2;0;0;1;2;1;-15,78707;-48,14071;SR-DF;UOP03;DEL01
274090;08/03/2020;domingo;17:30:00;PR;369;177;ROLANDIA;Desobediência às normas de trânsito pelo condutor;Colisão lateral;Com Vítimas Feridas;Pleno dia;Decrescente;Sol;Simples;Não Informado;Sim;2;0;0;1;1;0;1;2;-23,33692;-51,38833;SR-PR;UOP01;DEL07
274091;08/03/2020;domingo;12:00:00;MT;174;501;COMODORO;Falta de Atenção à Condução;Colisão transversal;Com Vítimas Feridas;Pleno dia;Crescente;Céu Claro;Simples;Reta;Não;2;0;0;1;1;0;1;2;-13,52999;-59,83118;SR-MT;UOP01;DEL04
274093;08/03/2020;domingo;16:00:00;RS;153;18,2;SEVERIANO DE ALMEIDA;Falta de Atenção à Condução;Colisão lateral;Com Vítimas Feridas;Pleno dia;Decrescente;Céu Claro;Simples;Reta;Não;2;0;1;0;1;0;1;2;-27,45756;-52,08853;SR-RS;UOP04;DEL08
274094;08/03/2020;domingo;18:00:00;ES;262;167,5;IBATIBA;Velocidade Incompatível;Colisão frontal;Com Vítimas Feridas;Anoitecer;Crescente;Garoa/Chuvisco;Simples;Curva;Não;2;0;0;1;1;0;1;2;-20,2531;-41,56634;SR-ES;UOP02;DEL01
274096;08/03/2020;domingo;18:20:00;PR;369;175,5;ROLANDIA;Falta de Atenção à Condução;Colisão transversal;Com Vítimas Feridas;Anoitecer;Crescente;Céu Claro;Simples;Interseção de vias;Sim;3;0;1;0;1;1;1;2;-23,32936;-51,34769;SR-PR;UOP01;DEL07
274097;08/03/2020;domingo;13:20:00;SC;470;103,1;APIUNA;Falta de Atenção à Condução;Tombamento;Com Vítimas Feridas;Pleno dia;Crescente;Céu Claro;Simples;Reta;Não;3;0;2;0;1;0;2;2;-27,0648;-49,40142;SR-SC;UOP02;DEL04