id;data_inversa;dia_semana;horario;uf;br;km;municipio;causa_acidente;tipo_acidente;classificacao_acidente;fase_dia;sentido_via;condicao_metereologica;tipo_pista;tracado_via;uso_solo;pessoas;mortos;feridos_leves;feridos_graves;ilesos;ignorados;feridos;veiculos;latitude;longitude;regional;delegacia;uop
274098;08/03/2020;domingo;18:40:00;SE;235;68,7;FREI PAULO;Ultrapassagem Indevida;Colisão frontal;Com Vítimas Fatais;Plena Noite;Decrescente;Céu Claro;Simples;Não Informado;Não;8;1;1;6;0;0;7;2;-10,5742;-37,50341;SR-SE;UOP02;DEL01
274099;08/03/2020;domingo;18:15:00;MG;381;500;BETIM;Desobediência às normas de trânsito pelo condutor;Colisão lateral;Sem Vítimas;Anoitecer;Crescente;Céu Claro;Dupla;Reta;Sim;2;0;0;0;2;0;0;2;-20,02513;-44,23113;SR-MG;UOP03;DEL01
274100;08/03/2020;domingo;15:45:00;SC;470;174,9;POUSO REDONDO;Falta de Atenção à Condução;Colisão transversal;Com Vítimas Feridas;Pleno dia;Decrescente;Céu Claro;Simples;Não Informado;Sim;4;0;3;0;1;0;3;2;-27,25818;-49,92915;SR-SC;UOP02;DEL04
274103;08/03/2020;domingo;18:30:00;PE;110;137,1;IBIMIRIM;Ingestão de Álcool;Colisão frontal;Com Vítimas Fatais;Plena Noite;Decrescente;Céu Claro;Simples;Reta;Não;2;1;1;0;0;0;1;2;-8,50895;-37,6065;SR-PE;UOP02;DEL03
274105;08/03/2020;domingo;18:50:00;RS;116;303;GUAIBA;Não guardar distância de segurança;Colisão traseira;Sem Vítimas;Anoitecer;Decrescente;Céu Claro;Simples;Reta;Não;2;0;0;0;2;0;0;2;-30,14752;-51,36495;SR-RS;UOP01;DEL02
274106;08/03/2020;domingo;19:05:00;SC;470;50,5;BLUMENAU;Desobediência às normas de trânsito pelo condutor;Colisão transversal;Com Vítimas Feridas;Plena Noite;Decrescente;Nublado;Simples;Reta;Sim;2;0;0;1;1;0;1;2;-26,85977;-49,07449;SR-SC;UOP01;DEL04
274107;08/03/2020;domingo;15:20:00;GO;364;68;CACHOEIRA ALTA;Carga excessiva e/ou mal acondicionada;Tombamento;Sem Vítimas;Pleno dia;Decrescente;Céu Claro;Simples;Reta;Não;1;0;0;0;1;0;0;1;-18,67082;-50,98822;SR-GO;UOP02;DEL05
274108;08/03/2020;domingo;19:00:00;RS;392;313,3;SAO SEPE;Falta de Atenção à Condução;Colisão lateral;Com Vítimas Feridas;Anoitecer;Crescente;Céu Claro;Simples;Curva;Não;4;0;3;0;1;0;3;2;-30,04662;-53,67564;SR-RS;UOP01;DEL09
274109;08/03/2020;domingo;18:20:00;RJ;101;295;ITABORAI;Falta de Atenção à Condução;Colisão lateral;Com Vítimas Feridas;Plena Noite;Crescente;Céu Claro;Dupla;Reta;Sim;2;0;1;0;0;1;1;2;-22,76365;-42,90224;SR-RJ;UOP03;DEL02
274110;08/03/2020;domingo;17:25:00;SC;101;336;TUBARAO;Objeto estático sobre o leito carroçável;Colisão traseira;Com Vítimas Feridas;Pleno dia;Decrescente;Céu Claro;Múltipla;Reta;Sim;8;0;2;0;6;0;2;2;-28,49634;-49,04413;SR-SC;UOP01;DEL02
274111;08/03/2020;domingo;19:00:00;PR;376;649;TIJUCAS DO SUL;Falta de Atenção à Condução;Colisão traseira;Com Vítimas Feridas;Pleno dia;Decrescente;Céu Claro;Dupla;Reta;Não;3;0;1;0;2;0;1;2;-25,84592;-49,09776;SR-PR;UOP05;DEL01
274112;08/03/2020;domingo;17:00:00;MT;364;375;SANTO ANTONIO DO LEVERGER;Ingestão de Álcool;Saída de leito carroçável;Sem Vítimas;Pleno dia;Crescente;Céu Claro;Dupla;Reta;Não;1;0;0;0;1;0;0;1;-15,70457;-55,71901;SR-MT;UOP02;DEL01
274113;08/03/2020;domingo;19:15:00;PR;476;122,9;CURITIBA;Falta de Atenção à Condução;Colisão traseira;Sem Vítimas;Plena Noite;Decrescente;Nublado;Dupla;Reta;Sim;4;0;0;0;4;0;0;2;-25,38577;-49,20338;SR-PR;UOP06;DEL01
274114;08/03/2020;domingo;18:10:00;RO;364;235,1;CACOAL;Ingestão de Álcool;Saída de leito carroçável;Sem Vítimas;Anoitecer;Decrescente;Nublado;Simples;Reta;Sim;1;0;0;0;1;0;0;1;-11,44969;-61,43134;SR-RO;UOP02;DEL02
274115;08/03/2020;domingo;19:00:00;MG;262;189,2;SAO DOMINGOS DO PRATA;Ultrapassagem Indevida;Colisão frontal;Com Vítimas Fatais;Plena Noite;Crescente;Céu Claro;Simples;Curva;Não;11;1;3;0;5;2;3;4;-19,88387;-43,05931;SR-MG;UOP01;DEL03
274116;08/03/2020;domingo;13:00:00;MT;174;19;PONTES E LACERDA;Falta de Atenção à Condução;Saída de leito carroçável;Sem Vítimas;Pleno dia;Crescente;Céu Claro;Simples;Reta;Não;1;0;0;0;0;1;0;1;-15;-59;SR-MT;UOP01;DEL04
274117;08/03/2020;domingo;16:10:00;MA;135;99,5;ITAPECURU MIRIM;Agressão Externa;Saída de leito carroçável;Com Vítimas Feridas;Pleno dia;Decrescente;Nublado;Simples;Reta;Não;3;0;2;1;0;0;3;1;-3,355166;-44,46633;SR-MA;UOP02;DEL01
274119;08/03/2020;domingo;19:10:00;TO;153;659,1;GURUPI;Defeito na Via;Saída de leito carroçável;Com Vítimas Feridas;Plena Noite;Crescente;Chuva;Simples;Não Informado;Não;1;0;1;0;0;0;1;1;-11,61367;-49,0447;SR-TO;UOP01;DEL02
274120;08/03/2020;domingo;18:20:00;PA;230;114;MARABA;Defeito na Via;Colisão traseira;Com Vítimas Feridas;Anoitecer;Crescente;Nublado;Simples;Não Informado;Sim;2;0;1;0;1;0;1;2;-5,364667;-49,06623;SR-PA;UOP01;DEL03
274121;08/03/2020;domingo;18:55:00;PR;116;26;CAMPINA GRANDE DO SUL;Defeito Mecânico no Veículo;Colisão com objeto estático;Com Vítimas Feridas;Plena Noite;Decrescente;Nublado;Dupla;Curva;Não;1;0;1;0;0;0;1;1;-25,10684;-48,78533;SR-PR;UOP02;DEL01
274122;08/03/2020;domingo;19:00:00;MG;381;500;BETIM;Defeito Mecânico no Veículo;Colisão traseira;Com Vítimas Feridas;Plena Noite;Crescente;Céu Claro;Dupla;Reta;Não;7;0;2;0;5;0;2;4;-20,02513;-44,23113;SR-MG;UOP03;DEL01
274123;08/03/2020;domingo;16:45:00;PR;163;112,3;CAPANEMA;Ingestão de Álcool;Saída de leito carroçável;Com Vítimas Feridas;Pleno dia;Decrescente;Céu Claro;Simples;Reta;Não;1;0;1;0;0;0;1;1;-25,61714;-53,67828;SR-PR;UOP02;DEL02
274124;08/03/2020;domingo;19:15:00;PR;376;170;MARINGA;Falta de Atenção à Condução;Colisão lateral;Com Vítimas Feridas;Plena Noite;Decrescente;Céu Claro;Dupla;Não Informado;Sim;2;0;1;0;0;1;1;2;-23,40903;-51,98846;SR-PR;UOP01;DEL09
274125;08/03/2020;domingo;17:00:00;RJ;116;182;NOVA IGUACU;Não guardar distância de segurança;Colisão traseira;Com Vítimas Feridas;Pleno dia;Decrescente;Céu Claro;Dupla;Reta;Sim;2;0;1;0;1;0;1;2;-22,75678;-43,43107;SR-RJ;UOP02;DEL01
274126;08/03/2020;domingo;19:50:00;PR;376;189;MARIALVA;Falta de Atenção à Condução;Colisão transversal;Com Vítimas Feridas;Plena Noite;Crescente;Céu Claro;Dupla;Retorno Regulamentado;Sim;3;0;0;2;1;0;2;2;-23,46733;-51,82668;SR-PR;UOP01;DEL09
274127;08/03/2020;domingo;18:50:00;RO;364;242,4;CACOAL;Deficiência ou não Acionamento do Sistema de Iluminação/Sinalização do Veículo;Colisão traseira;Com Vítimas Feridas;Plena Noite;Decrescente;Nublado;Simples;Não Informado;Sim;4;0;1;1;0;2;2;2;-11,44097;-61,4916;SR-RO;UOP02;DEL02
274128;08/03/2020;domingo;19:40:00;SE;235;37;AREIA BRANCA;Desobediência às normas de trânsito pelo condutor;Colisão frontal;Com Vítimas Feridas;Plena Noite;Crescente;Céu Claro;Simples;Curva;Não;2;0;1;0;1;0;1;2;-10,76965;-37,33732;SR-SE;UOP02;DEL01
274129;08/03/2020;domingo;19:10:00;CE;20;253;MADALENA;Falta de Atenção à Condução;Colisão transversal;Com Vítimas Fatais;Plena Noite;Crescente;Céu Claro;Simples;Reta;Não;2;1;0;0;0;1;0;2;-4,765107;-39,48922;SR-CE;UOP02;DEL02
274130;08/03/2020;domingo;19:00:00;MA;230;1;BARAO DE GRAJAU;Ingestão de Álcool;Colisão transversal;Com Vítimas Feridas;Plena Noite;Crescente;Céu Claro;Simples;Reta;Não;3;0;2;0;0;1;2;2;-6,757352;-43,01285;SR-PI;UOP01;DEL03
274131;08/03/2020;domingo;19:50:00;GO;153;250;SAO LUIZ DO NORTE;Falta de Atenção à Condução;Saída de leito carroçável;Com Vítimas Fatais;Plena Noite;Crescente;Céu Claro;Simples;Reta;Sim;3;1;2;0;0;0;2;1;-14,91664;-49,35759;SR-GO;UOP01;DEL07
274132;08/03/2020;domingo;20:27:00;SC;101;194;BIGUACU;Falta de Atenção do Pedestre;Atropelamento de Pedestre;Com Vítimas Feridas;Plena Noite;Crescente;Céu Claro;Dupla;Reta;Sim;2;0;1;0;1;0;1;1;-27,49815;-48,65661;SR-SC;UOP01;DEL01
274133;08/03/2020;domingo;19:55:00;BA;410;7;RIBEIRA DO POMBAL;Deficiência ou não Acionamento do Sistema de Iluminação/Sinalização do Veículo;Saída de leito carroçável;Com Vítimas Feridas;Plena Noite;Decrescente;Céu Claro;Simples;Reta;Não;3;0;2;0;0;1;2;2;-10,84373;-38,57592;SR-BA;UOP02;DEL07
274134;08/03/2020;domingo;19:30:00;SP;116;285,1;ITAPECERICA DA SERRA;Não guardar distância de segurança;Colisão traseira;Com Vítimas Feridas;Plena Noite;Decrescente;Céu Claro;Dupla;Não Informado;Sim;3;0;2;0;1;0;2;2;-23,70517;-46,87241;SR-SP;UOP01;DEL04
274135;08/03/2020;domingo;20:05:00;RJ;101;70;CAMPOS DOS GOYTACAZES;Falta de Atenção à Condução;Atropelamento de Pedestre;Com Vítimas Feridas;Plena Noite;Crescente;Céu Claro;Simples;Reta;Não;2;0;0;1;0;1;1;1;-21,78101;-41,37336;SR-RJ;UOP02;DEL08
274136;08/03/2020;domingo;19:30:00;MG;365;680;MONTE ALEGRE DE MINAS;Animais na Pista;Saída de leito carroçável;Com Vítimas Feridas;Plena Noite;Crescente;Céu Claro;Dupla;Curva;Não;1;0;1;0;0;0;1;1;-18,84915;-48,81914;SR-MG;UOP01;DEL15
274137;08/03/2020;domingo;20:20:00;PR;277;647,5;CEU AZUL;Ultrapassagem Indevida;Colisão frontal;Com Vítimas Fatais;Plena Noite;Crescente;Céu Claro;Simples;Reta;Não;4;1;0;0;1;2;0;2;-25,1749;-53,91381;SR-PR;UOP05;DEL04
274138;08/03/2020;domingo;18:15:00;AL;316;86,1;SANTANA DO IPANEMA;Velocidade Incompatível;Colisão traseira;Com Vítimas Feridas;Plena Noite;Decrescente;Céu Claro;Simples;Desvio Temporário;Não;6;0;2;1;3;0;3;2;-9,373238;-37,23533;SR-AL;UOP02;DEL03
274139;08/03/2020;domingo;18:40:00;MG;381;0,4;BETIM;Velocidade Incompatível;Colisão traseira;Com Vítimas Feridas;Plena Noite;Decrescente;Céu Claro;Dupla;Não Informado;Não;2;0;1;0;1;0;1;2;-19,96825;-44,19871;SR-MG;UOP03;DEL01
274140;08/03/2020;domingo;19:20:00;MG;40;624,5;CONSELHEIRO LAFAIETE;Falta de Atenção à Condução;Saída de leito carroçável;Com Vítimas Feridas;Plena Noite;Decrescente;Nublado;Simples;Reta;Não;2;0;1;0;1;0;1;1;-20,61106;-43,80635;SR-MG;UOP02;DEL05
274141;08/03/2020;domingo;20:30:00;RN;101;82,9;NATAL;Desobediência às normas de trânsito pelo condutor;Colisão lateral;Com Vítimas Feridas;Plena Noite;Decrescente;Céu Claro;Dupla;Reta;Sim;3;0;1;0;2;0;1;3;-5,767915;-35,27456;SR-RN;UOP01;DEL02
274142;08/03/2020;domingo;20:30:00;PB;405;5,3;UIRAUNA;Ingestão de Álcool;Colisão com objeto estático;Com Vítimas Feridas;Plena Noite;Crescente;Nublado;Simples;Interseção de vias;Não;1;0;0;1;0;0;1;1;-6,494732;-38,39441;SR-PB;UOP03;DEL03
274143;08/03/2020;domingo;17:20:00;SC;116;22,1;ITAIOPOLIS;Desobediência às normas de trânsito pelo condutor;Colisão frontal;Com Vítimas Fatais;Anoitecer;Decrescente;Céu Claro;Simples;Não Informado;Não;2;1;0;1;0;0;1;2;-26,25967;-49,91314;SR-SC;UOP01;DEL06
274144;08/03/2020;domingo;17:20:00;SC;116;8,4;MAFRA;Desobediência às normas de trânsito pelo condutor;Colisão frontal;Com Vítimas Fatais;Pleno dia;Crescente;Céu Claro;Simples;Não Informado;Sim;4;1;0;1;2;0;1;3;-26,15991;-49,84244;SR-SC;UOP01;DEL06
274146;08/03/2020;domingo;21:00:00;SC;101;39,3;JOINVILLE;Falta de Atenção à Condução;Colisão transversal;Com Vítimas Fatais;Plena Noite;Crescente;Céu Claro;Dupla;Interseção de vias;Sim;2;1;1;0;0;0;1;2;-26,30357;-48,88226;SR-SC;UOP01;DEL03
274147;08/03/2020;domingo;20:50:00;PB;104;87,5;REMIGIO;Desobediência às normas de trânsito pelo condutor;Colisão frontal;Com Vítimas Feridas;Plena Noite;Decrescente;Céu Claro;Simples;Reta;Sim;2;0;1;0;1;0;1;2;-6,96481;-35,79803;SR-PB;UOP04;DEL02
274149;08/03/2020;domingo;17:00:00;MG;116;138,8;PONTO DOS VOLANTES;Falta de Atenção à Condução;Capotamento;Com Vítimas Feridas;Pleno dia;Crescente;Chuva;Simples;Interseção de vias;Sim;2;0;2;0;0;0;2;1;-16,75731;-41,49999;SR-MG;UOP02;DEL11
274150;08/03/2020;domingo;21:00:00;PR;376;501;PONTA GROSSA;Falta de Atenção à Condução;Colisão lateral;Com Vítimas Feridas;Plena Noite;Decrescente;Céu Claro;Dupla;Não Informado;Não;10;0;4;0;5;1;4;4;-25,20895;-50,06445;SR-PR;UOP02;DEL03
274151;08/03/2020;domingo;11:30:00;RJ;101;443;MANGARATIBA;Defeito na Via;Saída de leito carroçável;Com Vítimas Feridas;Pleno dia;Crescente;Céu Claro;Simples;Curva;Não;2;0;1;1;0;0;2;1;-22,98108;-44,08442;SR-RJ;UOP01;DEL03
274152;08/03/2020;domingo;21:15:00;GO;452;151,3;ITUMBIARA;Desobediência às normas de trânsito pelo condutor;Colisão frontal;Com Vítimas Fatais;Plena Noite;Crescente;Céu Claro;Simples;Curva;Não;2;1;0;0;1;0;0;2;-18,30181;-49,57932;SR-GO;UOP02;DEL03
274153;08/03/2020;domingo;20:05:00;BA;101;188;CONCEICAO DA FEIRA;Velocidade Incompatível;Capotamento;Com Vítimas Feridas;Plena Noite;Decrescente;Céu Claro;Simples;Não Informado;Não;3;0;0;1;2;0;1;2;-12,57665;-38,98154;SR-BA;UOP03;DEL01
274154;08/03/2020;domingo;17:00:00;SC;282;537,6;CHAPECO;Velocidade Incompatível;Colisão com objeto estático;Com Vítimas Feridas;Pleno dia;Decrescente;Sol;Simples;Curva;Não;4;0;3;1;0;0;4;1;-26,99993;-52,66389;SR-SC;UOP01;DEL07
274155;22/02/2020;sábado;02:50:00;MG;365;665;MONTE ALEGRE DE MINAS;Condutor Dormindo;Capotamento;Com Vítimas Feridas;Plena Noite;Crescente;Garoa/Chuvisco;Dupla;Reta;Não;1;0;1;0;0;0;1;1;-18,89197;-48,68891;SR-MG;UOP01;DEL15
274156;08/03/2020;domingo;17:10:00;BA;101;603,1;MASCOTE;Mal Súbito;Saída de leito carroçável;Com Vítimas Fatais;Pleno dia;Crescente;Garoa/Chuvisco;Simples;Reta;Não;2;1;0;1;0;0;1;1;-15,68195;-39,43757;SR-BA;UOP02;DEL05
274157;08/03/2020;domingo;20:40:00;PR;376;450;TIBAGI;Velocidade Incompatível;Colisão com objeto estático;Sem Vítimas;Plena Noite;Crescente;Nublado;Dupla;Curva;Não;1;0;0;0;1;0;0;1;-24,93456;-50,40438;SR-PR;UOP04;DEL03
274158;08/03/2020;domingo;21:30:00;SC;101;213,4;PALHOCA;Objeto estático sobre o leito carroçável;Colisão com objeto estático;Com Vítimas Feridas;Plena Noite;Crescente;Céu Claro;Múltipla;Reta;Sim;1;0;1;0;0;0;1;1;-27,63697;-48,66514;SR-SC;UOP02;DEL01
274159;08/03/2020;domingo;21:30:00;MG;153;244;FRONTEIRA;Falta de Atenção à Condução;Colisão traseira;Sem Vítimas;Plena Noite;Decrescente;Céu Claro;Simples;Reta;Não;2;0;0;0;2;0;0;2;-20,27397;-49,18859;SR-MG;UOP02;DEL13
274161;08/03/2020;domingo;19:20:00;RS;392;19,1;RIO GRANDE;Velocidade Incompatível;Colisão traseira;Com Vítimas Feridas;Plena Noite;Crescente;Céu Claro;Dupla;Reta;Sim;3;0;1;0;1;1;1;2;-32,08786;-52,18745;SR-RS;UOP02;DEL07
274162;08/03/2020;domingo;21:15:00;MG;40;509;RIBEIRAO DAS NEVES;Falta de Atenção do Pedestre;Atropelamento de Pedestre;Com Vítimas Feridas;Plena Noite;Decrescente;Céu Claro;Dupla;Reta;Sim;2;0;1;1;0;0;2;1;-19,76729;-44,12856;SR-MG;UOP02;DEL01
274163;08/03/2020;domingo;18:00:00;MG;356;286;PATROCINIO DO MURIAE;Desobediência às normas de trânsito pelo condutor;Colisão frontal;Com Vítimas Feridas;Anoitecer;Crescente;Céu Claro;Simples;Não Informado;Não;3;0;1;1;1;0;2;2;-21,13056;-42,19703;SR-MG;UOP02;DEL07
274164;08/03/2020;domingo;20:30:00;ES;482;63;JERONIMO MONTEIRO;Ultrapassagem Indevida;Colisão frontal;Com Vítimas Feridas;Plena Noite;Decrescente;Céu Claro;Simples;Reta;Não;3;0;0;1;0;2;1;2;-20,79081;-41,38811;SR-ES;UOP02;DEL03
274166;08/03/2020;domingo;21:55:00;MG;365;620;UBERLANDIA;Defeito na Via;Queda de ocupante de veículo;Com Vítimas Feridas;Pleno dia;Crescente;Céu Claro;Dupla;Reta;Não;1;0;1;0;0;0;1;1;-18,9035;-48,28131;SR-MG;UOP01;DEL15
274167;08/03/2020;domingo;22:00:00;RJ;101;288;ITABORAI;Condutor Dormindo;Colisão traseira;Com Vítimas Feridas;Plena Noite;Decrescente;Céu Claro;Dupla;Reta;Não;3;0;1;1;1;0;2;2;-22,75934;-42,84321;SR-RJ;UOP03;DEL02
274168;08/03/2020;domingo;22:00:00;ES;101;25;CONCEICAO DA BARRA;Defeito Mecânico no Veículo;Saída de leito carroçável;Com Vítimas Feridas;Plena Noite;Decrescente;Céu Claro;Simples;Reta;Não;4;0;3;0;1;0;3;1;-18,3674;-39,95085;SR-ES;UOP02;DEL04
274169;08/03/2020;domingo;20:00:00;PR;277;706;SANTA TEREZINHA DE ITAIPU;Ingestão de Álcool;Saída de leito carroçável;Sem Vítimas;Plena Noite;Decrescente;Céu Claro;Dupla;Reta;Não;1;0;0;0;0;1;0;1;-25,43505;-54,3778;SR-PR;UOP01;DEL05
274170;08/03/2020;domingo;22:30:00;RN;101;106;PARNAMIRIM;Desobediência às normas de trânsito pelo condutor;Colisão transversal;Com Vítimas Feridas;Plena Noite;Decrescente;Céu Claro;Múltipla;Interseção de vias;Sim;4;0;2;0;2;0;2;2;-5,910564;-35,26131;SR-RN;UOP01;DEL01
274171;08/03/2020;domingo;09:54:00;RO;364;391;OURO PRETO DO OESTE;Defeito Mecânico no Veículo;Colisão com objeto estático;Sem Vítimas;Pleno dia;Crescente;Céu Claro;Simples;Desvio Temporário;Não;1;0;0;0;1;0;0;1;-10,66608;-62,2912;SR-RO;UOP02;DEL03
274172;08/03/2020;domingo;22:30:00;ES;101;264;SERRA;Ingestão de Álcool;Colisão traseira;Com Vítimas Feridas;Plena Noite;Crescente;Céu Claro;Simples;Reta;Sim;2;0;1;0;1;0;1;2;-20,17293;-40,26736;SR-ES;UOP01;DEL02
274173;08/03/2020;domingo;21:30:00;SC;101;213;PALHOCA;Defeito Mecânico no Veículo;Colisão com objeto em movimento;Com Vítimas Feridas;Plena Noite;Crescente;Céu Claro;Múltipla;Reta;Sim;1;0;1;0;0;0;1;1;-27,63697;-48,66514;SR-SC;UOP02;DEL01
274174;08/03/2020;domingo;19:45:00;RR;174;473;BOA VISTA;Animais na Pista;Atropelamento de Animal;Com Vítimas Feridas;Plena Noite;Decrescente;Céu Claro;Simples;Reta;Não;5;0;1;0;4;0;1;1;2,644442;-60,87522;SR-RR;UOP01;DEL01
274175;08/03/2020;domingo;22:16:00;PR;277;20,3;MORRETES;Falta de Atenção à Condução;Queda de ocupante de veículo;Com Vítimas Feridas;Plena Noite;Decrescente;Céu Claro;Dupla;Reta;Não;1;0;0;1;0;0;1;1;-25,55345;-48,66191;SR-PR;UOP07;DEL01
274177;08/03/2020;domingo;16:45:00;AC;364;157,1;BUJARI;Defeito na Via;Colisão lateral;Com Vítimas Feridas;Pleno dia;Decrescente;Sol;Simples;Reta;Não;3;0;2;0;1;0;2;2;-9,828768;-67,95675;SR-AC;UOP01;DEL01
274178;08/03/2020;domingo;19:30:00;PR;376;615;SAO JOSE DOS PINHAIS;Não guardar distância de segurança;Colisão traseira;Com Vítimas Feridas;Plena Noite;Decrescente;Nublado;Dupla;Reta;Sim;3;0;1;0;2;0;1;2;-25,56921;-49,1817;SR-PR;UOP04;DEL01
274179;08/03/2020;domingo;23:00:00;GO;60;96,5;ANAPOLIS;Ingestão de Álcool;Colisão lateral;Com Vítimas Feridas;Plena Noite;Crescente;Céu Claro;Dupla;Reta;Sim;3;0;0;1;2;0;1;2;-16,371;-48,9422;SR-GO;UOP01;DEL02
274180;08/03/2020;domingo;23:00:00;SC;101;195;BIGUACU;Desobediência às normas de trânsito pelo condutor;Queda de ocupante de veículo;Com Vítimas Feridas;Plena Noite;Decrescente;Céu Claro;Dupla;Reta;Não;1;0;0;1;0;0;1;1;-27,50471;-48,65011;SR-SC;UOP01;DEL01
274181;08/03/2020;domingo;18:50:00;MG;381;852,3;POUSO ALEGRE;Velocidade Incompatível;Colisão frontal;Com Vítimas Feridas;Anoitecer;Crescente;Ignorado;Dupla;Reta;Não;4;0;2;0;1;1;2;2;-22,25763;-45,88902;SR-MG;UOP01;DEL16
274182;08/03/2020;domingo;22:30:00;PR;369;508,5;CASCAVEL;Velocidade Incompatível;Tombamento;Com Vítimas Feridas;Plena Noite;Decrescente;Céu Claro;Simples;Reta;Não;1;0;0;1;0;0;1;1;-24,844;-53,3169;SR-PR;UOP01;DEL04
274183;08/03/2020;domingo;22:55:00;SP;116;468,8;JACUPIRANGA;Falta de Atenção à Condução;Tombamento;Com Vítimas Feridas;Plena Noite;Decrescente;Céu Claro;Dupla;Reta;Não;1;0;1;0;0;0;1;1;-24,65092;-47,94065;SR-SP;UOP01;DEL05
274184;08/03/2020;domingo;20:50:00;PB;230;458,9;SOUSA;Ingestão de Álcool;Colisão transversal;Com Vítimas Feridas;Plena Noite;Crescente;Garoa/Chuvisco;Simples;Interseção de vias;Não;4;0;2;2;0;0;4;2;-6,7774;-38,1808;SR-PB;UOP03;DEL03
274185;08/03/2020;domingo;19:50:00;MT;70;730;CACERES;Falta de Atenção à Condução;Colisão transversal;Com Vítimas Feridas;Plena Noite;Decrescente;Céu Claro;Simples;Reta;Sim;2;0;1;0;1;0;1;2;-16,15478;-57,61816;SR-MT;UOP01;DEL03
274186;08/03/2020;domingo;22:00:00;PR;153;12,2;JACAREZINHO;Defeito na Via;Queda de ocupante de veículo;Com Vítimas Feridas;Plena Noite;Decrescente;Céu Claro;Simples;Desvio Temporário;Não;1;0;1;0;0;0;1;1;-23,09307;-49,93832;SR-PR;UOP05;DEL07
274187;08/03/2020;domingo;14:45:00;RO;435;91,8;COLORADO DO OESTE;Falta de Atenção à Condução;Colisão traseira;Com Vítimas Feridas;Pleno dia;Crescente;Céu Claro;Simples;Reta;Não;1;0;0;1;0;0;1;1;-13,17563;-60,54488;SR-RO;UOP02;DEL04
274188;08/03/2020;domingo;22:40:00;SP;116;4;GUARULHOS;Defeito Mecânico no Veículo;Incêndio;Sem Vítimas;Plena Noite;Crescente;Nublado;Dupla;Desvio Temporário;Sim;1;0;0;0;1;0;0;1;-23,46326;-46,53373;SR-SP;UOP01;DEL01
274189;08/03/2020;domingo;19:20:00;MA;135;129,4;MIRANDA DO NORTE;Falta de Atenção à Condução;Colisão frontal;Com Vítimas Feridas;Plena Noite;Crescente;Céu Claro;Simples;Reta;Sim;3;0;0;2;1;0;2;2;-3,5845;-44,57513;SR-MA;UOP02;DEL01
274190;09/03/2020;segunda-feira;00:00:00;PR;277;589;CASCAVEL;Desobediência às normas de trânsito pelo condutor;Colisão traseira;Com Vítimas Feridas;Plena Noite;Decrescente;Céu Claro;Simples;Reta;Não;2;0;1;0;0;1;1;2;-24,97777;-53,44689;SR-PR;UOP01;DEL04
274191;09/03/2020;segunda-feira;00:10:00;MG;262;678,9;ARAXA;Ingestão de Álcool;Saída de leito carroçável;Com Vítimas Feridas;Plena Noite;Crescente;Nublado;Dupla;Interseção de vias;Não;1;0;0;1;0;0;1;1;-19,55319;-46,89261;SR-MG;UOP01;DEL08
274192;09/03/2020;segunda-feira;00:30:00;RJ;116;265;BARRA MANSA;Pista Escorregadia;Capotamento;Com Vítimas Feridas;Plena Noite;Crescente;Chuva;Dupla;Curva;Sim;4;0;1;1;2;0;2;1;-22,58785;-44,08578;SR-RJ;UOP02;DEL07
274193;09/03/2020;segunda-feira;00:35:00;PR;277;328,4;GUARAPUAVA;Falta de Atenção à Condução;Saída de leito carroçável;Com Vítimas Feridas;Plena Noite;Decrescente;Céu Claro;Simples;Curva;Não;2;0;2;0;0;0;2;1;-25,37745;-51,28942;SR-PR;UOP01;DEL08
274194;09/03/2020;segunda-feira;00:45:00;PR;277;330,8;GUARAPUAVA;Velocidade Incompatível;Saída de leito carroçável;Com Vítimas Fatais;Plena Noite;Decrescente;Céu Claro;Simples;Não Informado;Sim;1;1;0;0;0;0;0;1;-25,35261;-51,36561;SR-PR;UOP01;DEL08
274195;09/03/2020;segunda-feira;01:00:00;SC;101;107,7;PENHA;Ingestão de álcool e/ou substâncias psicoativas pelo pedestre;Colisão transversal;Sem Vítimas;Plena Noite;Crescente;Nublado;Dupla;Reta;Não;2;0;0;0;2;0;0;2;-26,82422;-48,68853;SR-SC;UOP02;DEL03
274196;09/03/2020;segunda-feira;01:25:00;RN;304;297;MACAIBA;Ingestão de Álcool;Colisão com objeto estático;Com Vítimas Feridas;Plena Noite;Decrescente;Céu Claro;Dupla;Reta;Sim;1;0;1;0;0;0;1;1;-5,865341;-35,34069;SR-RN;UOP02;DEL01
274198;09/03/2020;segunda-feira;01:00:00;RS;290;192,4;MINAS DO LEAO;Animais na Pista;Atropelamento de Animal;Com Vítimas Feridas;Plena Noite;Decrescente;Céu Claro;Simples;Reta;Não;3;0;2;0;1;0;2;1;-30,16003;-52,13471;SR-RS;UOP03;DEL02
274199;09/03/2020;segunda-feira;02:25:00;SC;101;229,3;PALHOCA;Desobediência às normas de trânsito pelo condutor;Colisão com objeto estático;Com Vítimas Feridas;Plena Noite;Crescente;Céu Claro;Dupla;Curva;Sim;1;0;1;0;0;0;1;1;-27,76889;-48,63205;SR-SC;UOP02;DEL01