id;data_inversa;dia_semana;horario;uf;br;km;municipio;causa_acidente;tipo_acidente;classificacao_acidente;fase_dia;sentido_via;condicao_metereologica;tipo_pista;tracado_via;uso_solo;pessoas;mortos;feridos_leves;feridos_graves;ilesos;ignorados;feridos;veiculos;latitude;longitude;regional;delegacia;uop
274200;09/03/2020;segunda-feira;03:00:00;GO;40;105;CRISTALINA;Animais na Pista;Saída de leito carroçável;Com Vítimas Feridas;Plena Noite;Crescente;Céu Claro;Dupla;Curva;Não;2;0;2;0;0;0;2;1;-16,82259;-47,55127;SR-DF;UOP04;DEL01
274201;09/03/2020;segunda-feira;02:30:00;DF;70;3,7;BRASILIA;Ingestão de Álcool;Saída de leito carroçável;Com Vítimas Feridas;Plena Noite;Decrescente;Céu Claro;Dupla;Reta;Sim;4;0;3;1;0;0;4;1;-15,80245;-48,08039;SR-DF;UOP03;DEL01
274202;09/03/2020;segunda-feira;00:40:00;BA;116;875,2;VITORIA DA CONQUISTA;Não guardar distância de segurança;Colisão traseira;Com Vítimas Feridas;Plena Noite;Decrescente;Garoa/Chuvisco;Simples;Não Informado;Não;3;0;2;0;1;0;2;2;-15,24687;-41,10973;SR-BA;UOP03;DEL08
274203;09/03/2020;segunda-feira;02:30:00;SC;101;361;SANGAO;Ingestão de Álcool;Colisão com objeto estático;Com Vítimas Fatais;Plena Noite;Decrescente;Céu Claro;Dupla;Reta;Sim;1;1;0;0;0;0;0;1;-28,6721;-49,12274;SR-SC;UOP01;DEL02
274205;09/03/2020;segunda-feira;04:50:00;SP;381;33;BRAGANCA PAULISTA;Velocidade Incompatível;Saída de leito carroçável;Com Vítimas Feridas;Plena Noite;Decrescente;Céu Claro;Dupla;Não Informado;Sim;1;0;0;1;0;0;1;1;-23,0728;-46,56674;SR-SP;UOP01;DEL03
274206;09/03/2020;segunda-feira;03:50:00;SC;470;225,9;SAO CRISTOVAO DO SUL;Condutor Dormindo;Saída de leito carroçável;Com Vítimas Feridas;Plena Noite;Crescente;Céu Claro;Simples;Reta;Não;2;0;1;0;1;0;1;1;-27,32802;-50,35148;SR-SC;UOP03;DEL05
274207;09/03/2020;segunda-feira;04:20:00;SC;101;323;PESCARIA BRAVA;Falta de Atenção à Condução;Saída de leito carroçável;Com Vítimas Feridas;Amanhecer;Crescente;Céu Claro;Múltipla;Curva;Sim;1;0;1;0;0;0;1;1;-28,4289;-48,92255;SR-SC;UOP01;DEL02
274208;09/03/2020;segunda-feira;02:00:00;RS;386;13,1;FREDERICO WESTPHALEN;Condutor Dormindo;Saída de leito carroçável;Com Vítimas Feridas;Plena Noite;Crescente;Céu Claro;Simples;Curva;Não;1;0;1;0;0;0;1;1;-27,22404;-53,32817;SR-RS;UOP02;DEL08
274209;09/03/2020;segunda-feira;06:20:00;PR;116;125;FAZENDA RIO GRANDE;Desobediência às normas de trânsito pelo condutor;Colisão lateral;Com Vítimas Feridas;Amanhecer;Decrescente;Céu Claro;Dupla;Reta;Sim;2;0;1;0;1;0;1;2;-25,59505;-49,31631;SR-PR;UOP03;DEL01
274210;09/03/2020;segunda-feira;05:20:00;MG;381;408;BOM JESUS DO AMPARO;Sinalização da via insuficiente ou inadequada;Colisão frontal;Com Vítimas Feridas;Amanhecer;Decrescente;Céu Claro;Simples;Não Informado;Não;2;0;0;1;1;0;1;2;-19,72516;-43,56958;SR-MG;UOP01;DEL01
274211;22/02/2020;sábado;04:45:00;SC;158;131,1;CAIBI;Condutor Dormindo;Colisão frontal;Com Vítimas Feridas;Plena Noite;Crescente;Céu Claro;Simples;Curva;Não;7;0;1;3;3;0;4;2;-27,04935;-53,22965;SR-SC;UOP02;DEL07
274212;09/03/2020;segunda-feira;06:45:00;SC;470;8,3;NAVEGANTES;Falta de Atenção à Condução;Colisão transversal;Com Vítimas Feridas;Pleno dia;Crescente;Céu Claro;Simples;Reta;Não;2;0;0;1;1;0;1;2;-26,83688;-48,71885;SR-SC;UOP04;DEL04
274213;09/03/2020;segunda-feira;05:45:00;SC;280;51;GUARAMIRIM;Falta de Atenção à Condução;Tombamento;Com Vítimas Feridas;Amanhecer;Decrescente;Céu Claro;Simples;Interseção de vias;Não;1;0;1;0;0;0;1;1;-26,46539;-48,95544;SR-SC;UOP03;DEL03
274214;09/03/2020;segunda-feira;06:30:00;MG;40;524;CONTAGEM;Não guardar distância de segurança;Colisão traseira;Com Vítimas Feridas;Pleno dia;Crescente;Céu Claro;Dupla;Reta;Sim;3;0;1;1;1;0;2;2;-19,87545;-44,05346;SR-MG;UOP02;DEL01
274215;09/03/2020;segunda-feira;06:50:00;SP;116;226;GUARULHOS;Falta de Atenção à Condução;Colisão traseira;Com Vítimas Feridas;Pleno dia;Crescente;Céu Claro;Dupla;Reta;Sim;2;0;1;0;1;0;1;2;-23,49233;-46,55128;SR-SP;UOP01;DEL01
274216;08/03/2020;domingo;22:00:00;RR;174;216;RORAINOPOLIS;Animais na Pista;Atropelamento de Animal;Com Vítimas Feridas;Plena Noite;Crescente;Céu Claro;Simples;Reta;Não;3;0;3;0;0;0;3;1;0,976774;-60,40754;SR-RR;UOP01;DEL01
274217;09/03/2020;segunda-feira;05:50:00;SC;280;48,3;GUARAMIRIM;Falta de Atenção à Condução;Colisão transversal;Com Vítimas Feridas;Amanhecer;Decrescente;Céu Claro;Simples;Não Informado;Não;2;0;0;1;1;0;1;2;-26,45609;-48,93023;SR-SC;UOP03;DEL03
274218;09/03/2020;segunda-feira;06:49:00;GO;60;388;RIO VERDE;Falta de Atenção à Condução;Colisão transversal;Com Vítimas Feridas;Pleno dia;Crescente;Céu Claro;Múltipla;Reta;Sim;3;0;2;0;1;0;2;2;-17,81909;-50,94323;SR-GO;UOP01;DEL04
274219;09/03/2020;segunda-feira;05:50:00;SC;282;442,1;PONTE SERRADA;Defeito Mecânico no Veículo;Colisão com objeto estático;Com Vítimas Fatais;Amanhecer;Decrescente;Céu Claro;Simples;Ponte;Não;2;1;1;0;0;0;1;1;-26,92963;-51,87466;SR-SC;UOP05;DEL07
274220;09/03/2020;segunda-feira;05:40:00;SE;101;36;CAPELA;Defeito Mecânico no Veículo;Incêndio;Sem Vítimas;Amanhecer;Crescente;Céu Claro;Simples;Reta;Não;1;0;0;0;0;1;0;1;-10,4923;-36,94471;SR-SE;UOP02;DEL02
274222;09/03/2020;segunda-feira;07:20:00;MG;365;626,9;UBERLANDIA;Velocidade Incompatível;Colisão traseira;Com Vítimas Feridas;Pleno dia;Decrescente;Céu Claro;Dupla;Ponte;Sim;2;0;1;0;1;0;1;2;-18,90659;-48,33469;SR-MG;UOP01;DEL15
274223;09/03/2020;segunda-feira;07:00:00;GO;40;16;LUZIANIA;Desobediência às normas de trânsito pelo condutor;Tombamento;Com Vítimas Feridas;Pleno dia;Decrescente;Céu Claro;Dupla;Reta;Sim;1;0;1;0;0;0;1;1;-16,1671;-47,93016;SR-DF;UOP01;DEL01
274224;09/03/2020;segunda-feira;05:50:00;SP;116;181,8;SANTA ISABEL;Ingestão de Álcool;Saída de leito carroçável;Sem Vítimas;Pleno dia;Decrescente;Céu Claro;Dupla;Reta;Não;1;0;0;0;1;0;0;1;-23,34071;-46,15362;SR-SP;UOP01;DEL02
274225;09/03/2020;segunda-feira;07:15:00;PB;230;375,7;CONDADO;Agressão Externa;Colisão com objeto estático;Com Vítimas Feridas;Pleno dia;Decrescente;Céu Claro;Simples;Reta;Sim;3;0;2;0;0;1;2;1;-6,9088;-37,5918;SR-PB;UOP02;DEL03
274226;09/03/2020;segunda-feira;06:50:00;SP;116;226,8;SAO PAULO;Falta de Atenção à Condução;Queda de ocupante de veículo;Com Vítimas Feridas;Amanhecer;Crescente;Céu Claro;Múltipla;Curva;Sim;2;0;2;0;0;0;2;1;-23,49627;-46,55906;SR-SP;UOP01;DEL01
274229;09/03/2020;segunda-feira;07:30:00;PB;101;20;MAMANGUAPE;Velocidade Incompatível;Saída de leito carroçável;Com Vítimas Feridas;Pleno dia;Decrescente;Céu Claro;Dupla;Não Informado;Não;4;0;4;0;0;0;4;1;-6,663237;-35,11434;SR-PB;UOP03;DEL01
274230;09/03/2020;segunda-feira;07:32:00;PB;230;20;JOAO PESSOA;Falta de Atenção à Condução;Colisão traseira;Com Vítimas Feridas;Pleno dia;Decrescente;Sol;Dupla;Reta;Sim;2;0;1;0;1;0;1;2;-7,1337;-34,8544;SR-PB;UOP01;DEL01
274231;09/03/2020;segunda-feira;07:30:00;PR;277;78;SAO JOSE DOS PINHAIS;Não guardar distância de segurança;Colisão traseira;Sem Vítimas;Pleno dia;Decrescente;Sol;Dupla;Reta;Sim;2;0;0;0;2;0;0;2;-25,51328;-49,12433;SR-PR;UOP01;DEL01
274232;09/03/2020;segunda-feira;07:30:00;RS;116;267;CANOAS;Falta de Atenção à Condução;Colisão traseira;Com Vítimas Feridas;Pleno dia;Crescente;Céu Claro;Múltipla;Reta;Sim;2;0;1;0;1;0;1;2;-29,94142;-51,17697;SR-RS;UOP01;DEL01
274233;09/03/2020;segunda-feira;00:30:00;SC;101;18;JOINVILLE;Velocidade Incompatível;Colisão com objeto estático;Sem Vítimas;Plena Noite;Decrescente;Céu Claro;Dupla;Curva;Não;3;0;0;0;3;0;0;3;-26,12855;-48,88878;SR-SC;UOP01;DEL03
274234;09/03/2020;segunda-feira;07:46:00;GO;50;278,5;CATALAO;Desobediência às normas de trânsito pelo condutor;Colisão transversal;Com Vítimas Feridas;Pleno dia;Crescente;Céu Claro;Simples;Reta;Sim;3;0;1;1;0;1;2;2;-18,1696;-47,92;SR-GO;UOP01;DEL06
274235;08/03/2020;domingo;17:45:00;PR;476;209,8;LAPA;Falta de Atenção à Condução;Tombamento;Com Vítimas Feridas;Anoitecer;Decrescente;Céu Claro;Simples;Curva;Não;1;0;1;0;0;0;1;1;-25,78474;-49,84497;SR-PR;UOP05;DEL03
274236;09/03/2020;segunda-feira;08:00:00;PE;101;94;CABO DE SANTO AGOSTINHO;Defeito Mecânico no Veículo;Colisão frontal;Com Vítimas Feridas;Pleno dia;Decrescente;Céu Claro;Simples;Reta;Sim;3;0;1;1;1;0;2;2;-8,248291;-35,00698;SR-PE;UOP03;DEL01
274237;09/03/2020;segunda-feira;08:10:00;CE;116;3;FORTALEZA;Não guardar distância de segurança;Engavetamento;Com Vítimas Feridas;Pleno dia;Decrescente;Chuva;Dupla;Reta;Não;3;0;1;0;2;0;1;3;-3,778665;-38,5149;SR-CE;UOP02;DEL01
274238;09/03/2020;segunda-feira;07:10:00;BA;101;110;ALAGOINHAS;Defeito na Via;Colisão lateral;Com Vítimas Feridas;Pleno dia;Crescente;Nublado;Simples;Ponte;Não;2;0;1;0;1;0;1;2;-12,16492;-38,47703;SR-BA;UOP04;DEL01
274239;09/03/2020;segunda-feira;08:15:00;PE;232;5,8;RECIFE;Falta de Atenção à Condução;Colisão lateral;Com Vítimas Feridas;Pleno dia;Crescente;Sol;Dupla;Reta;Sim;2;0;1;0;1;0;1;2;-8,067958;-34,94535;SR-PE;UOP01;DEL01
274240;09/03/2020;segunda-feira;07:50:00;CE;116;152,1;RUSSAS;Defeito na Via;Colisão lateral;Com Vítimas Feridas;Pleno dia;Crescente;Céu Claro;Simples;Não Informado;Não;3;0;0;1;2;0;1;3;-4,853716;-38,03846;SR-CE;UOP01;DEL03
274242;09/03/2020;segunda-feira;08:20:00;SC;280;297;PORTO UNIAO;Velocidade Incompatível;Colisão traseira;Com Vítimas Feridas;Pleno dia;Crescente;Céu Claro;Dupla;Reta;Não;2;0;1;0;1;0;1;2;-26,28202;-50,99183;SR-SC;UOP04;DEL06
274243;09/03/2020;segunda-feira;08:30:00;PR;153;334;IRATI;Desobediência às normas de trânsito pelo condutor;Colisão lateral;Com Vítimas Feridas;Pleno dia;Decrescente;Sol;Simples;Reta;Sim;2;0;1;0;1;0;1;2;-25,48123;-50,64073;SR-PR;UOP02;DEL08
274244;09/03/2020;segunda-feira;07:50:00;MG;365;620,5;UBERLANDIA;Falta de Atenção à Condução;Engavetamento;Com Vítimas Feridas;Pleno dia;Decrescente;Céu Claro;Dupla;Reta;Sim;4;0;1;0;3;0;1;3;-18,88635;-48,26725;SR-MG;UOP01;DEL15
274245;09/03/2020;segunda-feira;08:50:00;RS;290;93;PORTO ALEGRE;Falta de Atenção à Condução;Colisão traseira;Com Vítimas Feridas;Pleno dia;Crescente;Céu Claro;Múltipla;Curva;Sim;5;0;2;0;3;0;2;3;-29,97084;-51,18773;SR-RS;UOP01;DEL01
274246;09/03/2020;segunda-feira;08:35:00;SC;101;24,9;JOINVILLE;Mal Súbito;Tombamento;Com Vítimas Feridas;Pleno dia;Decrescente;Céu Claro;Simples;Reta;Não;1;0;1;0;0;0;1;1;-26,17483;-48,90768;SR-SC;UOP01;DEL03
274248;09/03/2020;segunda-feira;09:00:00;PB;230;11;CABEDELO;Falta de Atenção à Condução;Colisão traseira;Com Vítimas Feridas;Pleno dia;Crescente;Céu Claro;Dupla;Reta;Sim;2;0;1;0;0;1;1;2;-7,0596;-34,8506;SR-PB;UOP01;DEL01
274249;09/03/2020;segunda-feira;08:00:00;RS;386;299,8;POUSO NOVO;Não guardar distância de segurança;Engavetamento;Com Vítimas Feridas;Pleno dia;Decrescente;Céu Claro;Simples;Reta;Não;7;0;1;0;6;0;1;3;-29,16711;-52,22103;SR-RS;UOP01;DEL04
274250;09/03/2020;segunda-feira;09:00:00;PR;376;450,5;TIBAGI;Defeito na Via;Saída de leito carroçável;Com Vítimas Feridas;Pleno dia;Decrescente;Céu Claro;Dupla;Curva;Não;2;0;2;0;0;0;2;1;-24,93456;-50,40438;SR-PR;UOP04;DEL03
274251;09/03/2020;segunda-feira;05:15:00;RR;432;197;CANTA;Condutor Dormindo;Colisão frontal;Com Vítimas Fatais;Amanhecer;Crescente;Céu Claro;Simples;Reta;Não;5;2;3;0;0;0;3;2;2,661266;-60,59092;SR-RR;UOP01;DEL01
274252;09/03/2020;segunda-feira;09:00:00;CE;116;14;FORTALEZA;Desobediência às normas de trânsito pelo condutor;Colisão lateral;Com Vítimas Feridas;Pleno dia;Decrescente;Céu Claro;Dupla;Reta;Não;2;0;1;0;1;0;1;2;-3,869734;-38,49827;SR-CE;UOP02;DEL01
274253;09/03/2020;segunda-feira;08:40:00;PR;277;122,3;BALSA NOVA;Defeito Mecânico no Veículo;Queda de ocupante de veículo;Com Vítimas Feridas;Pleno dia;Decrescente;Céu Claro;Dupla;Reta;Não;2;0;2;0;0;0;2;1;-25,44658;-49,57059;SR-PR;UOP03;DEL03
274254;09/03/2020;segunda-feira;07:40:00;BA;407;0,5;JUAZEIRO;Falta de Atenção à Condução;Engavetamento;Sem Vítimas;Pleno dia;Decrescente;Sol;Simples;Reta;Sim;4;0;0;0;2;2;0;4;-9,409546;-40,50534;SR-PE;UOP01;DEL06
274255;08/03/2020;domingo;14:20:00;MG;381;671,5;PERDOES;Velocidade Incompatível;Saída de leito carroçável;Com Vítimas Feridas;Pleno dia;Crescente;Chuva;Dupla;Não Informado;Não;2;0;1;0;1;0;1;2;-21,08945;-45,06864;SR-MG;UOP02;DEL04
274256;08/03/2020;domingo;13:50:00;MG;381;674;PERDOES;Restrição de Visibilidade;Saída de leito carroçável;Com Vítimas Feridas;Pleno dia;Decrescente;Chuva;Dupla;Curva;Não;1;0;1;0;0;0;1;1;-21,08886;-45,06701;SR-MG;UOP02;DEL04
274257;09/03/2020;segunda-feira;09:10:00;RJ;101;293;ITABORAI;Defeito Mecânico no Veículo;Colisão com objeto em movimento;Sem Vítimas;Pleno dia;Crescente;Céu Claro;Dupla;Interseção de vias;Sim;2;0;0;0;2;0;0;2;-22,7562;-42,88724;SR-RJ;UOP03;DEL02
274258;09/03/2020;segunda-feira;09:25:00;CE;116;21,9;AQUIRAZ;Desobediência às normas de trânsito pelo condutor;Colisão transversal;Com Vítimas Feridas;Pleno dia;Decrescente;Céu Claro;Dupla;Reta;Sim;2;0;1;0;1;0;1;2;-3,954296;-38,51238;SR-CE;UOP02;DEL01
274259;09/03/2020;segunda-feira;08:00:00;PE;232;18,5;JABOATAO DOS GUARARAPES;Falta de Atenção à Condução;Saída de leito carroçável;Com Vítimas Feridas;Pleno dia;Decrescente;Sol;Dupla;Curva;Não;2;0;1;0;1;0;1;1;-8,095652;-35,04582;SR-PE;UOP01;DEL01
274260;09/03/2020;segunda-feira;02:00:00;GO;153;146,3;CAMPINORTE;Defeito na Via;Saída de leito carroçável;Com Vítimas Feridas;Plena Noite;Crescente;Céu Claro;Simples;Reta;Não;1;0;1;0;0;0;1;1;-14,04727;-49,08893;SR-GO;UOP01;DEL07
274261;09/03/2020;segunda-feira;09:25:00;PI;316;315,1;PICOS;Defeito Mecânico no Veículo;Colisão traseira;Com Vítimas Feridas;Pleno dia;Crescente;Sol;Simples;Reta;Sim;3;0;1;1;1;0;2;2;-7,079619;-41,43184;SR-PI;UOP01;DEL04
274262;09/03/2020;segunda-feira;09:25:00;BA;324;610;SIMOES FILHO;Não guardar distância de segurança;Colisão lateral;Com Vítimas Feridas;Pleno dia;Crescente;Céu Claro;Dupla;Reta;Não;3;0;1;0;2;0;1;3;-12,82932;-38,41113;SR-BA;UOP01;DEL01
274263;09/03/2020;segunda-feira;08:18:00;MT;70;537,5;VARZEA GRANDE;Falta de Atenção à Condução;Colisão transversal;Com Vítimas Feridas;Pleno dia;Crescente;Sol;Simples;Rotatória;Sim;2;0;1;0;1;0;1;2;-15,6492;-56,19565;SR-MT;UOP02;DEL05
274264;08/03/2020;domingo;19:00:00;PI;343;107;COCAL;Ingestão de Álcool;Tombamento;Com Vítimas Feridas;Plena Noite;Decrescente;Chuva;Simples;Reta;Não;1;0;1;0;0;0;1;1;-3,630409;-41,68169;SR-PI;UOP01;DEL05
274265;09/03/2020;segunda-feira;08:00:00;PA;10;317;IRITUIA;Falta de Atenção do Pedestre;Atropelamento de Pedestre;Com Vítimas Fatais;Pleno dia;Crescente;Céu Claro;Simples;Reta;Não;2;1;0;0;0;1;0;1;-1,659146;-47,49362;SR-PA;UOP02;DEL01
274267;09/03/2020;segunda-feira;08:20:00;PR;376;303;MAUA DA SERRA;Desobediência às normas de trânsito pelo condutor;Saída de leito carroçável;Com Vítimas Feridas;Pleno dia;Crescente;Céu Claro;Dupla;Reta;Não;2;0;1;0;1;0;1;1;-23,94941;-51,11941;SR-PR;UOP02;DEL07
274268;09/03/2020;segunda-feira;10:40:00;SP;153;222,8;MARILIA;Desobediência às normas de trânsito pelo condutor;Colisão frontal;Com Vítimas Feridas;Pleno dia;Decrescente;Sol;Simples;Reta;Não;3;0;1;1;1;0;2;2;-22,01436;-49,90916;SR-SP;UOP02;DEL07
274269;09/03/2020;segunda-feira;10:20:00;SC;101;412,6;ARARANGUA;Falta de Atenção à Condução;Colisão lateral;Sem Vítimas;Pleno dia;Crescente;Sol;Simples;Retorno Regulamentado;Sim;2;0;0;0;2;0;0;2;-28,9438;-49,50171;SR-SC;UOP02;DEL02
274270;09/03/2020;segunda-feira;07:00:00;MG;262;369;JUATUBA;Velocidade Incompatível;Tombamento;Sem Vítimas;Pleno dia;Crescente;Sol;Múltipla;Viaduto;Sim;1;0;0;0;1;0;0;1;-19,95818;-44,33979;SR-MG;UOP03;DEL01
274271;09/03/2020;segunda-feira;10:40:00;BA;324;599;SIMOES FILHO;Falta de Atenção à Condução;Atropelamento de Pedestre;Com Vítimas Feridas;Pleno dia;Decrescente;Céu Claro;Múltipla;Desvio Temporário;Não;2;0;0;1;0;1;1;1;-12,74195;-38,43854;SR-BA;UOP01;DEL01
274272;09/03/2020;segunda-feira;10:00:00;RJ;101;314;SAO GONCALO;Falta de Atenção à Condução;Saída de leito carroçável;Com Vítimas Fatais;Pleno dia;Crescente;Céu Claro;Dupla;Reta;Sim;1;1;0;0;0;0;0;1;-22,81649;-43,07728;SR-RJ;UOP01;DEL02
274273;09/03/2020;segunda-feira;10:32:00;AL;104;88,8;RIO LARGO;Desobediência às normas de trânsito pelo condutor;Colisão transversal;Com Vítimas Feridas;Pleno dia;Decrescente;Céu Claro;Dupla;Reta;Não;2;0;1;0;1;0;1;2;-9,483752;-35,81816;SR-AL;UOP01;DEL01
274274;09/03/2020;segunda-feira;10:30:00;MG;381;496,3;BETIM;Não guardar distância de segurança;Colisão traseira;Com Vítimas Feridas;Pleno dia;Decrescente;Sol;Dupla;Não Informado;Sim;4;0;2;0;2;0;2;3;-19,99676;-44,20959;SR-MG;UOP03;DEL01
274275;09/03/2020;segunda-feira;09:50:00;CE;222;3,2;FORTALEZA;Defeito na Via;Tombamento;Com Vítimas Fatais;Pleno dia;Decrescente;Nublado;Múltipla;Reta;Sim;2;1;0;0;1;0;0;2;-3,7405;-38,59678;SR-CE;UOP01;DEL01
274276;09/03/2020;segunda-feira;11:20:00;RJ;101;295;ITABORAI;Falta de Atenção à Condução;Saída de leito carroçável;Com Vítimas Feridas;Pleno dia;Decrescente;Sol;Dupla;Reta;Sim;1;0;1;0;0;0;1;1;-22,76365;-42,90224;SR-RJ;UOP03;DEL02
274277;09/03/2020;segunda-feira;09:30:00;MA;10;247;IMPERATRIZ;Não guardar distância de segurança;Colisão traseira;Sem Vítimas;Pleno dia;Crescente;Nublado;Simples;Reta;Sim;2;0;0;0;2;0;0;2;-5,573772;-47,44389;SR-MA;UOP01;DEL04
274278;09/03/2020;segunda-feira;11:00:00;PE;104;65,6;CARUARU;Falta de Atenção à Condução;Colisão traseira;Com Vítimas Feridas;Pleno dia;Crescente;Sol;Dupla;Desvio Temporário;Sim;2;0;1;0;1;0;1;2;-8,2867;-35,9838;SR-PE;UOP01;DEL02
274279;09/03/2020;segunda-feira;11:25:00;MG;116;415;GOVERNADOR VALADARES;Falta de Atenção à Condução;Colisão transversal;Com Vítimas Feridas;Pleno dia;Decrescente;Céu Claro;Simples;Reta;Sim;2;0;2;0;0;0;2;2;-18,88401;-41,94924;SR-MG;UOP01;DEL06
274280;09/03/2020;segunda-feira;09:50:00;CE;20;405;CAUCAIA;Defeito Mecânico no Veículo;Incêndio;Sem Vítimas;Pleno dia;Decrescente;Nublado;Simples;Reta;Não;1;0;0;0;0;1;0;1;-3,77408;-38,67808;SR-CE;UOP01;DEL01
274283;09/03/2020;segunda-feira;12:40:00;SP;116;215;GUARULHOS;Mal Súbito;Queda de ocupante de veículo;Com Vítimas Feridas;Pleno dia;Crescente;Céu Claro;Dupla;Reta;Sim;1;0;1;0;0;0;1;1;-23,44696;-46,45394;SR-SP;UOP01;DEL01
274284;05/03/2020;quinta-feira;15:00:00;SP;116;189,6;SANTA ISABEL;Ingestão de Álcool;Saída de leito carroçável;Sem Vítimas;Pleno dia;Decrescente;Céu Claro;Dupla;Reta;Sim;1;0;0;0;1;0;0;1;-23,36435;-46,22489;SR-SP;UOP01;DEL02
274285;09/03/2020;segunda-feira;07:30:00;MT;174;414;NOVA LACERDA;Defeito Mecânico no Veículo;Incêndio;Sem Vítimas;Pleno dia;Decrescente;Céu Claro;Simples;Curva;Não;1;0;0;0;1;0;0;1;-14,27927;-59,68339;SR-MT;UOP01;DEL04
274286;09/03/2020;segunda-feira;12:50:00;SC;280;30,2;ARAQUARI;Desobediência às normas de trânsito pelo condutor;Colisão traseira;Com Vítimas Feridas;Pleno dia;Decrescente;Sol;Simples;Reta;Sim;3;0;2;0;1;0;2;2;-26,41646;-48,77149;SR-SC;UOP03;DEL03
274287;09/03/2020;segunda-feira;11:30:00;SC;282;370;ERVAL VELHO;Falta de Atenção à Condução;Colisão transversal;Com Vítimas Feridas;Pleno dia;Crescente;Céu Claro;Simples;Rotatória;Sim;2;0;1;0;1;0;1;2;-27,26866;-51,44377;SR-SC;UOP07;DEL07
274288;09/03/2020;segunda-feira;12:45:00;RS;116;232;NOVO HAMBURGO;Falta de Atenção à Condução;Colisão lateral;Com Vítimas Feridas;Pleno dia;Decrescente;Céu Claro;Simples;Curva;Não;2;0;1;0;1;0;1;2;-29,633;-51,14325;SR-RS;UOP02;DEL01
274289;09/03/2020;segunda-feira;12:50:00;RS;293;3;PELOTAS;Ultrapassagem Indevida;Colisão lateral;Com Vítimas Feridas;Pleno dia;Crescente;Sol;Simples;Não Informado;Sim;2;0;1;0;1;0;1;2;-31,74064;-52,36444;SR-RS;UOP01;DEL07
274290;09/03/2020;segunda-feira;10:50:00;SC;470;240;SAO CRISTOVAO DO SUL;Ultrapassagem Indevida;Colisão lateral;Com Vítimas Feridas;Pleno dia;Crescente;Céu Claro;Simples;Reta;Não;2;0;1;0;1;0;1;2;-27,30611;-50,48195;SR-SC;UOP03;DEL05
274291;09/03/2020;segunda-feira;13:00:00;GO;40;11,9;LUZIANIA;Falta de Atenção à Condução;Colisão transversal;Com Vítimas Feridas;Pleno dia;Decrescente;Céu Claro;Dupla;Reta;Sim;2;0;0;1;0;1;1;2;-16,13834;-47,95164;SR-DF;UOP01;DEL01
274292;09/03/2020;segunda-feira;12:20:00;DF;80;9;BRASILIA;Não guardar distância de segurança;Colisão traseira;Com Vítimas Feridas;Pleno dia;Crescente;Céu Claro;Dupla;Reta;Sim;2;0;1;0;1;0;1;2;-15,73106;-48,15939;SR-DF;UOP03;DEL01
274293;09/03/2020;segunda-feira;13:05:00;SC;101;207,6;SAO JOSE;Falta de Atenção à Condução;Colisão traseira;Com Vítimas Feridas;Pleno dia;Decrescente;Céu Claro;Múltipla;Reta;Sim;2;0;1;0;1;0;1;2;-27,60001;-48,62265;SR-SC;UOP01;DEL01
274294;09/03/2020;segunda-feira;13:10:00;BA;324;1;FEIRA DE SANTANA;Não guardar distância de segurança;Colisão traseira;Sem Vítimas;Pleno dia;Decrescente;Sol;Dupla;Reta;Sim;3;0;0;0;3;0;0;2;-12,26711;-38,96699;SR-BA;UOP01;DEL02
274295;09/03/2020;segunda-feira;12:00:00;PR;277;96;CURITIBA;Velocidade Incompatível;Colisão com objeto estático;Com Vítimas Feridas;Pleno dia;Decrescente;Sol;Dupla;Reta;Sim;1;0;1;0;0;0;1;1;-25,43056;-49,33222;SR-PR;UOP04;DEL01
274296;09/03/2020;segunda-feira;09:45:00;MG;50;178,1;UBERABA;Falta de Atenção à Condução;Engavetamento;Sem Vítimas;Pleno dia;Crescente;Céu Claro;Dupla;Reta;Sim;3;0;0;0;3;0;0;3;-19,77904;-47,93966;SR-MG;UOP01;DEL13
274297;09/03/2020;segunda-feira;12:56:00;PR;476;130;CURITIBA;Falta de Atenção do Pedestre;Atropelamento de Pedestre;Com Vítimas Feridas;Pleno dia;Decrescente;Sol;Dupla;Reta;Sim;2;0;1;0;1;0;1;1;-25,44956;-49,23643;SR-PR;UOP06;DEL01
274298;09/03/2020;segunda-feira;11:30:00;BA;116;859;VITORIA DA CONQUISTA;Ultrapassagem Indevida;Colisão lateral;Com Vítimas Feridas;Pleno dia;Crescente;Nublado;Simples;Reta;Não;4;0;0;1;2;1;1;2;-15,12192;-41,03357;SR-BA;UOP03;DEL08
274299;09/03/2020;segunda-feira;12:15:00;TO;153;669;GURUPI;Falta de Atenção à Condução;Colisão traseira;Com Vítimas Feridas;Pleno dia;Decrescente;Céu Claro;Dupla;Retorno Regulamentado;Sim;2;0;1;0;1;0;1;2;-11,70103;-49,07272;SR-TO;UOP01;DEL02
274300;09/03/2020;segunda-feira;10:05:00;PR;277;348,8;GUARAPUAVA;Falta de Atenção à Condução;Colisão transversal;Com Vítimas Feridas;Pleno dia;Decrescente;Sol;Simples;Interseção de vias;Sim;2;0;2;0;0;0;2;1;-25,38506;-51,51373;SR-PR;UOP01;DEL08