id;data_inversa;dia_semana;horario;uf;br;km;municipio;causa_acidente;tipo_acidente;classificacao_acidente;fase_dia;sentido_via;condicao_metereologica;tipo_pista;tracado_via;uso_solo;pessoas;mortos;feridos_leves;feridos_graves;ilesos;ignorados;feridos;veiculos;latitude;longitude;regional;delegacia;uop
274706;11/03/2020;quarta-feira;10:00:00;SC;158;105;CUNHA PORA;Agressão Externa;Saída de leito carroçável;Com Vítimas Feridas;Pleno dia;Crescente;Céu Claro;Simples;Curva;Não;1;0;1;0;0;0;1;1;-26,86898;-53,16248;SR-SC;UOP02;DEL07
274707;11/03/2020;quarta-feira;12:00:00;RO;364;710,6;PORTO VELHO;Não guardar distância de segurança;Colisão traseira;Sem Vítimas;Pleno dia;Decrescente;Céu Claro;Dupla;Retorno Regulamentado;Sim;2;0;0;0;2;0;0;2;-8,783387;-63,86206;SR-RO;UOP01;DEL01
274708;15/01/2020;quarta-feira;09:30:00;PR;376;592,3;CURITIBA;Não guardar distância de segurança;Engavetamento;Com Vítimas Feridas;Pleno dia;Crescente;Sol;Dupla;Reta;Sim;5;0;0;1;4;0;1;5;-25,46834;-49,35525;SR-PR;DEL7/1;UOP04/PR
274709;11/03/2020;quarta-feira;06:30:00;ES;262;34,9;DOMINGOS MARTINS;Defeito Mecânico no Veículo;Saída de leito carroçável;Com Vítimas Feridas;Pleno dia;Decrescente;Céu Claro;Simples;Curva;Não;1;0;0;1;0;0;1;1;-20,3731;-40,59176;SR-ES;UOP01;DEL01
274710;11/03/2020;quarta-feira;13:30:00;GO;414;439,5;ANAPOLIS;Não guardar distância de segurança;Colisão traseira;Com Vítimas Feridas;Pleno dia;Decrescente;Céu Claro;Simples;Rotatória;Sim;2;0;1;0;1;0;1;2;-16,28129;-48,94259;SR-GO;UOP01;DEL02
274712;11/03/2020;quarta-feira;12:00:00;PR;369;202,1;APUCARANA;Desobediência às normas de trânsito pelo condutor;Colisão lateral;Com Vítimas Feridas;Pleno dia;Decrescente;Céu Claro;Simples;Interseção de vias;Sim;1;0;1;0;0;0;1;1;-23,54438;-51,45393;SR-PR;UOP03;DEL07
274713;26/02/2020;quarta-feira;21:30:00;MA;230;402;BALSAS;Ingestão de álcool e/ou substâncias psicoativas pelo pedestre;Colisão frontal;Com Vítimas Feridas;Plena Noite;Crescente;Chuva;Simples;Reta;Sim;3;0;1;0;1;1;1;2;-7,508571;-46,03159;SR-MA;UOP01;DEL05
274714;11/03/2020;quarta-feira;13:50:00;GO;60;92,5;ANAPOLIS;Falta de Atenção à Condução;Colisão lateral;Com Vítimas Feridas;Pleno dia;Crescente;Sol;Múltipla;Reta;Sim;2;0;1;0;1;0;1;2;-16,353;-48,9178;SR-GO;UOP01;DEL02
274715;11/03/2020;quarta-feira;14:25:00;SP;153;62;SAO JOSE DO RIO PRETO;Restrição de Visibilidade;Colisão lateral;Com Vítimas Feridas;Pleno dia;Crescente;Céu Claro;Dupla;Não Informado;Sim;2;0;1;0;1;0;1;2;-20,81325;-49,35676;SR-SP;UOP01;DEL09
274716;11/03/2020;quarta-feira;13:02:00;DF;20;16,2;BRASILIA;Falta de Atenção à Condução;Colisão lateral;Com Vítimas Feridas;Pleno dia;Crescente;Céu Claro;Dupla;Reta;Não;2;0;0;1;1;0;1;2;-15,62567;-47,72516;SR-DF;UOP01;DEL02
274717;11/03/2020;quarta-feira;13:35:00;PE;101;52;PAULISTA;Falta de Atenção à Condução;Colisão traseira;Com Vítimas Feridas;Pleno dia;Crescente;Céu Claro;Dupla;Reta;Sim;3;0;2;0;0;1;2;2;-7,923588;-34,89607;SR-PE;UOP02;DEL01
274718;11/03/2020;quarta-feira;13:50:00;PE;101;80;JABOATAO DOS GUARARAPES;Falta de Atenção à Condução;Colisão lateral;Sem Vítimas;Pleno dia;Decrescente;Céu Claro;Dupla;Retorno Regulamentado;Sim;2;0;0;0;2;0;0;2;-8,151126;-34,94289;SR-PE;UOP03;DEL01
274720;11/03/2020;quarta-feira;14:45:00;PE;424;1;ARCOVERDE;Falta de Atenção à Condução;Colisão lateral;Com Vítimas Feridas;Pleno dia;Decrescente;Sol;Simples;Reta;Sim;2;0;1;0;1;0;1;2;-8,438928;-37,05827;SR-PE;UOP02;DEL03
274721;11/03/2020;quarta-feira;12:00:00;MA;10;257,2;IMPERATRIZ;Desobediência às normas de trânsito pelo condutor;Colisão transversal;Com Vítimas Feridas;Pleno dia;Decrescente;Céu Claro;Simples;Interseção de vias;Sim;2;0;1;0;1;0;1;2;-5,490634;-47,47197;SR-MA;UOP01;DEL04
274722;27/01/2020;segunda-feira;11:20:00;RS;285;294,7;PASSO FUNDO;Desobediência às normas de trânsito pelo condutor;Colisão transversal;Com Vítimas Feridas;Pleno dia;Crescente;Garoa/Chuvisco;Simples;Rotatória;Não;3;0;1;0;2;0;1;2;-28,23455;-52,38497;SR-RS;DEL08;UOP03/RS
274723;24/02/2020;segunda-feira;19:08:00;MS;163;24;MUNDO NOVO;Não guardar distância de segurança;Queda de ocupante de veículo;Com Vítimas Fatais;Plena Noite;Crescente;Nublado;Simples;Reta;Não;5;1;3;0;0;1;3;3;-23,89253;-54,31121;SR-MS;UOP02;DEL09
274724;11/03/2020;quarta-feira;14:00:00;PR;277;479,3;NOVA LARANJEIRAS;Falta de Atenção à Condução;Colisão lateral;Com Vítimas Feridas;Pleno dia;Decrescente;Céu Claro;Simples;Curva;Não;2;0;1;0;1;0;1;2;-25,29255;-52,57591;SR-PR;UOP03;DEL04
274725;02/03/2020;segunda-feira;15:35:00;MT;70;509,9;CUIABA;Não guardar distância de segurança;Colisão traseira;Com Vítimas Feridas;Pleno dia;Decrescente;Céu Claro;Simples;Curva;Não;2;0;1;0;1;0;1;2;-15,69312;-56,09762;SR-MT;UOP02;DEL01
274726;15/02/2020;sábado;01:45:00;MS;158;309;TRES LAGOAS;Defeito Mecânico no Veículo;Incêndio;Sem Vítimas;Plena Noite;Decrescente;Céu Claro;Simples;Não Informado;Não;1;0;0;0;1;0;0;1;-21,02192;-51,89047;SR-MS;UOP01;DEL07
274727;11/03/2020;quarta-feira;14:20:00;SP;116;444,9;REGISTRO;Falta de Atenção à Condução;Colisão transversal;Sem Vítimas;Pleno dia;Crescente;Céu Claro;Dupla;Reta;Sim;2;0;0;0;2;0;0;2;-24,49746;-47,84203;SR-SP;UOP01;DEL05
274728;08/03/2020;domingo;02:00:00;SP;381;85;SAO PAULO;Ingestão de Álcool;Colisão traseira;Com Vítimas Fatais;Plena Noite;Decrescente;Nublado;Dupla;Desvio Temporário;Sim;2;1;0;0;1;0;0;2;-23,44934;-46,56984;SR-SP;UOP01;DEL03
274729;11/03/2020;quarta-feira;14:40:00;TO;NA;NA;PALMAS;Desobediência às normas de trânsito pelo condutor;Colisão transversal;Sem Vítimas;Pleno dia;Não Informado;Céu Claro;Múltipla;Reta;Sim;2;0;0;0;2;0;0;2;-10,19062;-48,33712;Não Informado;DEL01;TO
274730;28/02/2020;sexta-feira;10:40:00;MS;163;484,3;CAMPO GRANDE;Falta de Atenção à Condução;Colisão lateral;Com Vítimas Feridas;Pleno dia;Crescente;Céu Claro;Dupla;Interseção de vias;Sim;2;0;1;0;1;0;1;2;-20,44748;-54,54095;SR-MS;UOP02;DEL01
274731;11/03/2020;quarta-feira;15:05:00;PR;277;233,1;FERNANDES PINHEIRO;Ingestão de álcool e/ou substâncias psicoativas pelo pedestre;Atropelamento de Pedestre;Com Vítimas Feridas;Pleno dia;Decrescente;Céu Claro;Simples;Reta;Não;6;0;1;0;5;0;1;1;-25,464;-50,568;SR-PR;UOP02;DEL08
274732;11/03/2020;quarta-feira;13:45:00;RJ;101;326;NITEROI;Falta de Atenção à Condução;Colisão com objeto estático;Com Vítimas Feridas;Pleno dia;Crescente;Céu Claro;Dupla;Reta;Sim;2;0;1;0;1;0;1;2;-22,87206;-43,1461;SR-RJ;UOP01;DEL02
274734;23/02/2020;domingo;20:00:00;PR;277;106;CAMPO LARGO;Pista Escorregadia;Queda de ocupante de veículo;Com Vítimas Feridas;Plena Noite;Decrescente;Ignorado;Dupla;Reta;Não;1;0;1;0;0;0;1;1;-25,43373;-49,40716;SR-PR;UOP04;DEL01
274735;11/03/2020;quarta-feira;15:40:00;PR;369;85,5;CORNELIO PROCOPIO;Desobediência às normas de trânsito pelo condutor;Colisão transversal;Com Vítimas Feridas;Pleno dia;Decrescente;Céu Claro;Simples;Curva;Sim;2;0;1;0;1;0;1;2;-23,17382;-50,62028;SR-PR;UOP04;DEL07
274736;11/03/2020;quarta-feira;16:30:00;ES;101;265,4;SERRA;Ingestão de Álcool;Capotamento;Com Vítimas Feridas;Pleno dia;Crescente;Sol;Múltipla;Desvio Temporário;Sim;1;0;1;0;0;0;1;1;-20,18168;-40,26536;SR-ES;UOP01;DEL02
274737;28/02/2020;sexta-feira;20:06:00;MT;70;47;BARRA DO GARCAS;Falta de Atenção à Condução;Colisão frontal;Com Vítimas Fatais;Plena Noite;Crescente;Chuva;Simples;Curva;Não;14;1;7;4;2;0;11;3;-15,74586;-52,61387;SR-MT;UOP01;DEL07
274738;11/03/2020;quarta-feira;15:15:00;SC;101;131;BALNEARIO CAMBORIU;Falta de Atenção à Condução;Tombamento;Com Vítimas Feridas;Pleno dia;Decrescente;Céu Claro;Dupla;Reta;Sim;1;0;0;1;0;0;1;1;-26,99064;-48,66311;SR-SC;UOP03;DEL04
274739;11/03/2020;quarta-feira;16:10:00;RS;470;225,7;GARIBALDI;Desobediência às normas de trânsito pelo condutor;Colisão transversal;Com Vítimas Feridas;Pleno dia;Crescente;Sol;Simples;Não Informado;Não;3;0;2;0;1;0;2;2;-29,21454;-51,51763;SR-RS;UOP01;DEL06
274740;11/03/2020;quarta-feira;16:15:00;RS;386;396;TRIUNFO;Desobediência às normas de trânsito pelo condutor;Colisão lateral;Com Vítimas Feridas;Pleno dia;Crescente;Céu Claro;Simples;Não Informado;Não;3;0;1;0;1;1;1;2;-29,73257;-51,63193;SR-RS;UOP02;DEL04
274742;11/03/2020;quarta-feira;16:50:00;SC;101;123;ITAJAI;Desobediência às normas de trânsito pelo condutor;Colisão transversal;Com Vítimas Feridas;Pleno dia;Decrescente;Céu Claro;Simples;Interseção de vias;Sim;2;0;1;0;1;0;1;2;-26,93669;-48,69877;SR-SC;UOP04;DEL04
274743;11/03/2020;quarta-feira;14:40:00;MS;163;511;JARAGUARI;Falta de Atenção à Condução;Saída de leito carroçável;Com Vítimas Feridas;Pleno dia;Crescente;Céu Claro;Simples;Não Informado;Não;1;0;1;0;0;0;1;1;-20,23667;-54,47892;SR-MS;UOP02;DEL01
274744;11/03/2020;quarta-feira;15:50:00;MT;163;756;SORRISO;Avarias e/ou desgaste excessivo no pneu;Saída de leito carroçável;Sem Vítimas;Pleno dia;Decrescente;Céu Claro;Simples;Reta;Não;1;0;0;0;1;0;0;1;-12,62504;-55,76969;SR-MT;UOP01;DEL06
274745;11/03/2020;quarta-feira;13:30:00;ES;393;6,5;CACHOEIRO DE ITAPEMIRIM;Velocidade Incompatível;Saída de leito carroçável;Sem Vítimas;Pleno dia;Crescente;Céu Claro;Simples;Curva;Não;1;0;0;0;0;1;0;1;-20,8293;-41,2071;SR-ES;UOP02;DEL03
274746;11/03/2020;quarta-feira;17:30:00;SP;116;160,9;JACAREI;Velocidade Incompatível;Tombamento;Sem Vítimas;Pleno dia;Decrescente;Céu Claro;Simples;Curva;Sim;1;0;0;0;1;0;0;1;-23,27102;-45,96788;SR-SP;UOP01;DEL02
274747;11/03/2020;quarta-feira;17:25:00;ES;101;301;VIANA;Falta de Atenção à Condução;Colisão lateral;Com Vítimas Feridas;Pleno dia;Decrescente;Céu Claro;Dupla;Curva;Sim;2;0;1;0;1;0;1;2;-20,36278;-40,44013;SR-ES;UOP01;DEL01
274748;11/03/2020;quarta-feira;17:10:00;SP;153;80;BADY BASSITT;Condutor Dormindo;Saída de leito carroçável;Com Vítimas Feridas;Pleno dia;Crescente;Céu Claro;Simples;Não Informado;Não;1;0;1;0;0;0;1;1;-20,9091;-49,48022;SR-SP;UOP01;DEL09
274749;11/03/2020;quarta-feira;17:15:00;ES;101;310,4;VIANA;Ingestão de Álcool;Colisão lateral;Com Vítimas Feridas;Pleno dia;Decrescente;Céu Claro;Simples;Reta;Não;2;0;1;0;1;0;1;2;-20,4259;-40,46037;SR-ES;UOP01;DEL03
274750;11/03/2020;quarta-feira;14:00:00;MT;70;720,4;CACERES;Não guardar distância de segurança;Colisão frontal;Com Vítimas Feridas;Pleno dia;Crescente;Chuva;Simples;Reta;Não;5;0;2;0;2;1;2;2;-16,20834;-57,57476;SR-MT;UOP01;DEL03
274751;11/03/2020;quarta-feira;16:30:00;RS;392;22,7;RIO GRANDE;Falta de Atenção à Condução;Tombamento;Com Vítimas Feridas;Pleno dia;Decrescente;Céu Claro;Dupla;Reta;Não;1;0;1;0;0;0;1;1;-32,08904;-52,21737;SR-RS;UOP02;DEL07
274752;11/03/2020;quarta-feira;18:15:00;SP;153;64;SAO JOSE DO RIO PRETO;Velocidade Incompatível;Colisão traseira;Com Vítimas Feridas;Anoitecer;Decrescente;Céu Claro;Dupla;Não Informado;Sim;2;0;1;0;1;0;1;2;-20,82919;-49,36046;SR-SP;UOP01;DEL09
274753;11/03/2020;quarta-feira;18:00:00;MG;365;2;MONTES CLAROS;Avarias e/ou desgaste excessivo no pneu;Colisão traseira;Com Vítimas Feridas;Anoitecer;Decrescente;Chuva;Simples;Reta;Não;2;0;1;0;1;0;1;2;-16,72628;-43,88021;SR-MG;UOP01;DEL12
274754;11/03/2020;quarta-feira;16:28:00;RJ;101;53;CAMPOS DOS GOYTACAZES;Falta de Atenção à Condução;Tombamento;Com Vítimas Feridas;Pleno dia;Decrescente;Céu Claro;Simples;Reta;Não;1;0;1;0;0;0;1;1;-21,66048;-41,31129;SR-RJ;UOP01;DEL08
274755;11/03/2020;quarta-feira;17:30:00;PR;376;460;PONTA GROSSA;Velocidade Incompatível;Saída de leito carroçável;Com Vítimas Fatais;Pleno dia;Crescente;Céu Claro;Dupla;Curva;Não;1;1;0;0;0;0;0;1;-25,00668;-50,35542;SR-PR;UOP01;DEL03
274756;11/03/2020;quarta-feira;17:10:00;MG;116;524,7;CARATINGA;Não guardar distância de segurança;Colisão traseira;Com Vítimas Feridas;Pleno dia;Crescente;Céu Claro;Simples;Interseção de vias;Sim;4;0;2;0;1;1;2;4;-19,76027;-42,13399;SR-MG;UOP02;DEL06
274758;11/03/2020;quarta-feira;17:30:00;BA;101;717,9;EUNAPOLIS;Falta de Atenção à Condução;Colisão traseira;Com Vítimas Feridas;Plena Noite;Decrescente;Chuva;Simples;Interseção de vias;Sim;2;0;1;0;1;0;1;2;-16,37206;-39,5812;SR-BA;UOP01;DEL09
274759;11/03/2020;quarta-feira;18:30:00;CE;222;115,8;ITAPAJE;Restrição de Visibilidade;Colisão frontal;Com Vítimas Feridas;Plena Noite;Crescente;Céu Claro;Simples;Não Informado;Não;2;0;1;0;1;0;1;2;-3,745047;-39,53631;SR-CE;UOP03;DEL04
274760;11/03/2020;quarta-feira;17:48:00;PI;316;11;TERESINA;Falta de Atenção à Condução;Colisão traseira;Sem Vítimas;Pleno dia;Crescente;Céu Claro;Dupla;Reta;Sim;8;0;0;0;8;0;0;2;-5,191739;-42,76076;SR-PI;UOP02;DEL01
274762;11/03/2020;quarta-feira;18:20:00;ES;101;92;JAGUARE;Desobediência às normas de trânsito pelo condutor;Queda de ocupante de veículo;Com Vítimas Feridas;Anoitecer;Decrescente;Nublado;Simples;Reta;Não;1;0;0;1;0;0;1;1;-18,91447;-39,9639;SR-ES;UOP02;DEL04
274763;11/03/2020;quarta-feira;14:50:00;RJ;101;474,3;ANGRA DOS REIS;Condutor Dormindo;Colisão com objeto estático;Sem Vítimas;Pleno dia;Decrescente;Céu Claro;Simples;Curva;Não;1;0;0;0;1;0;0;1;-22,99695;-44,25137;SR-RJ;UOP02;DEL03
274764;11/03/2020;quarta-feira;18:45:00;RS;470;218,9;BENTO GONCALVES;Ingestão de Substâncias Psicoativas;Colisão frontal;Com Vítimas Feridas;Anoitecer;Decrescente;Céu Claro;Simples;Não Informado;Não;8;0;0;1;7;0;1;2;-29,18739;-51,52057;SR-RS;UOP01;DEL06
274765;11/03/2020;quarta-feira;17:30:00;MG;381;605,9;OLIVEIRA;Falta de Atenção à Condução;Colisão lateral;Sem Vítimas;Pleno dia;Crescente;Céu Claro;Dupla;Curva;Não;2;0;0;0;2;0;0;2;-20,66758;-44,73784;SR-MG;UOP01;DEL04
274766;11/03/2020;quarta-feira;18:50:00;SC;101;207,5;SAO JOSE;Desobediência às normas de trânsito pelo condutor;Colisão traseira;Com Vítimas Feridas;Plena Noite;Crescente;Céu Claro;Múltipla;Não Informado;Sim;3;0;1;0;2;0;1;3;-27,60001;-48,62265;SR-SC;UOP01;DEL01
274767;11/03/2020;quarta-feira;19:00:00;RS;116;246;SAO LEOPOLDO;Falta de Atenção à Condução;Colisão traseira;Com Vítimas Feridas;Plena Noite;Decrescente;Céu Claro;Dupla;Reta;Sim;2;0;1;0;1;0;1;2;-29,75875;-51,15187;SR-RS;UOP02;DEL01
274768;11/03/2020;quarta-feira;18:30:00;CE;304;45;ARACATI;Desobediência às normas de trânsito pelo condutor;Colisão transversal;Com Vítimas Feridas;Plena Noite;Decrescente;Ignorado;Simples;Retorno Regulamentado;Sim;5;0;0;1;4;0;1;3;-4,578123;-37,8067;SR-CE;UOP03;DEL03
274769;11/03/2020;quarta-feira;17:25:00;MA;135;14,4;SAO LUIS;Não guardar distância de segurança;Colisão traseira;Com Vítimas Feridas;Pleno dia;Decrescente;Nublado;Dupla;Reta;Sim;5;0;2;0;3;0;2;2;-2,691269;-44,30196;SR-MA;UOP01;DEL01
274770;11/03/2020;quarta-feira;15:15:00;GO;50;115,5;CRISTALINA;Desobediência às normas de trânsito pelo condutor;Colisão lateral;Com Vítimas Feridas;Pleno dia;Crescente;Nublado;Dupla;Não Informado;Não;2;0;1;0;1;0;1;2;-16,90546;-47,68221;SR-DF;UOP04;DEL01
274771;11/03/2020;quarta-feira;18:00:00;AL;101;223,5;PORTO REAL DO COLEGIO;Desobediência às normas de trânsito pelo pedestre;Atropelamento de Pedestre;Com Vítimas Feridas;Plena Noite;Crescente;Céu Claro;Dupla;Reta;Não;2;0;1;0;1;0;1;1;-10,07374;-36,6944;SR-AL;UOP02;DEL02
274772;11/03/2020;quarta-feira;20:05:00;MG;251;512,5;FRANCISCO SA;Pista Escorregadia;Saída de leito carroçável;Com Vítimas Feridas;Plena Noite;Crescente;Chuva;Simples;Não Informado;Não;18;0;2;2;14;0;4;1;-16,64935;-43,7043;SR-MG;UOP01;DEL12
274773;11/03/2020;quarta-feira;18:25:00;RN;304;35,6;MOSSORO;Defeito na Via;Colisão com objeto estático;Com Vítimas Feridas;Pleno dia;Crescente;Céu Claro;Dupla;Rotatória;Sim;1;0;1;0;0;0;1;1;-5,161495;-37,35068;SR-RN;UOP02;DEL04
274775;11/03/2020;quarta-feira;21:00:00;GO;153;296;RIALMA;Ingestão de Álcool;Colisão lateral;Com Vítimas Feridas;Pleno dia;Decrescente;Chuva;Simples;Não Informado;Não;3;0;1;0;2;0;1;2;-15,25525;-49,55017;SR-GO;UOP02;DEL02
274776;11/03/2020;quarta-feira;20:50:00;SP;116;198;ARUJA;Desobediência às normas de trânsito pelo condutor;Atropelamento de Pedestre;Com Vítimas Fatais;Plena Noite;Decrescente;Céu Claro;Dupla;Não Informado;Não;2;1;0;0;0;1;0;1;-23,39985;-46,30163;SR-SP;UOP01;DEL01
274777;11/03/2020;quarta-feira;20:40:00;PE;408;99;SAO LOURENCO DA MATA;Desobediência às normas de trânsito pelo condutor;Colisão lateral;Sem Vítimas;Plena Noite;Decrescente;Nublado;Dupla;Reta;Não;1;0;0;0;0;1;0;1;-8,041336;-35,02531;SR-PE;UOP01;DEL01
274778;11/03/2020;quarta-feira;21:00:00;PR;116;122;CURITIBA;Falta de Atenção à Condução;Tombamento;Com Vítimas Feridas;Plena Noite;Crescente;Céu Claro;Dupla;Reta;Sim;1;0;0;1;0;0;1;1;-25,56857;-49,31023;SR-PR;UOP03;DEL01
274779;11/03/2020;quarta-feira;18:38:00;PE;232;408,3;SERRA TALHADA;Falta de Atenção à Condução;Atropelamento de Pedestre;Com Vítimas Feridas;Plena Noite;Decrescente;Céu Claro;Simples;Desvio Temporário;Sim;3;0;1;1;1;0;2;1;-7,983439;-38,28315;SR-PE;UOP01;DEL04
274780;11/03/2020;quarta-feira;15:40:00;SC;282;504,9;XANXERE;Pista Escorregadia;Tombamento;Com Vítimas Feridas;Pleno dia;Decrescente;Céu Claro;Simples;Não Informado;Sim;2;0;1;0;1;0;1;2;-26,88428;-52,40847;SR-SC;UOP01;DEL07
274781;11/03/2020;quarta-feira;20:00:00;RJ;101;317,7;SAO GONCALO;Avarias e/ou desgaste excessivo no pneu;Tombamento;Com Vítimas Feridas;Plena Noite;Crescente;Céu Claro;Dupla;Reta;Sim;2;0;2;0;0;0;2;1;-22,83708;-43,09492;SR-RJ;UOP01;DEL02
274782;11/03/2020;quarta-feira;21:40:00;SP;116;145,7;SAO JOSE DOS CAMPOS;Falta de Atenção à Condução;Colisão traseira;Com Vítimas Feridas;Plena Noite;Decrescente;Céu Claro;Múltipla;Não Informado;Sim;2;0;1;0;1;0;1;2;-23,18698;-45,85481;SR-SP;UOP01;DEL02
274783;11/03/2020;quarta-feira;18:50:00;PI;343;348,4;TERESINA;Desobediência às normas de trânsito pelo condutor;Colisão transversal;Com Vítimas Feridas;Plena Noite;Decrescente;Céu Claro;Simples;Interseção de vias;Sim;3;0;2;0;1;0;2;2;-5,120096;-42,78909;SR-PI;UOP01;DEL01
274784;11/03/2020;quarta-feira;22:00:00;PE;408;85,8;SAO LOURENCO DA MATA;Falta de Atenção à Condução;Atropelamento de Animal;Sem Vítimas;Plena Noite;Crescente;Céu Claro;Dupla;Reta;Não;4;0;0;0;0;4;0;1;-7,954301;-35,10253;SR-PE;UOP01;DEL01
274785;11/03/2020;quarta-feira;20:00:00;MG;40;823,2;SIMAO PEREIRA;Falta de Atenção do Pedestre;Atropelamento de Pedestre;Com Vítimas Fatais;Plena Noite;Crescente;Céu Claro;Dupla;Desvio Temporário;Não;2;1;0;0;0;1;0;1;-21,96149;-43,29868;SR-MG;UOP01;DEL05
274786;11/03/2020;quarta-feira;18:20:00;RS;116;158,1;CAXIAS DO SUL;Falta de Atenção do Pedestre;Atropelamento de Pedestre;Com Vítimas Feridas;Anoitecer;Decrescente;Céu Claro;Simples;Não Informado;Não;2;0;1;0;1;0;1;1;-29,22016;-51,16867;SR-RS;UOP01;DEL05
274787;11/03/2020;quarta-feira;19:45:00;TO;230;32;NAZARE;Carga excessiva e/ou mal acondicionada;Tombamento;Sem Vítimas;Plena Noite;Decrescente;Céu Claro;Simples;Não Informado;Não;2;0;0;0;2;0;0;1;-6,404914;-47,63617;SR-TO;UOP05;DEL02
274788;01/02/2020;sábado;02:30:00;PI;343;147,9;PIRACURUCA;Desobediência às normas de trânsito pelo pedestre;Atropelamento de Pedestre;Com Vítimas Fatais;Plena Noite;Decrescente;Nublado;Simples;Reta;Não;2;1;0;0;0;1;0;1;-3,967359;-41,74706;SR-PI;DEL17/2;UOP01/PI
274789;11/03/2020;quarta-feira;19:50:00;PR;476;111,5;COLOMBO;Falta de Atenção à Condução;Queda de ocupante de veículo;Com Vítimas Feridas;Plena Noite;Crescente;Nublado;Simples;Curva;Não;1;0;1;0;0;0;1;1;-25,31506;-49,15355;SR-PR;UOP06;DEL01
274790;11/03/2020;quarta-feira;23:30:00;SP;153;342,5;OURINHOS;Desobediência às normas de trânsito pelo condutor;Colisão lateral;Com Vítimas Feridas;Plena Noite;Crescente;Céu Claro;Dupla;Reta;Sim;3;0;0;1;1;1;1;2;-22,95144;-49,90986;SR-SP;UOP03;DEL07
274791;11/03/2020;quarta-feira;20:27:00;MT;174;286;PONTES E LACERDA;Falta de Atenção à Condução;Colisão traseira;Com Vítimas Feridas;Plena Noite;Crescente;Céu Claro;Simples;Reta;Não;4;0;1;1;2;0;2;2;-15,26829;-59,29733;SR-MT;UOP01;DEL04
274792;11/03/2020;quarta-feira;16:30:00;SC;282;549;CHAPECO;Ingestão de Álcool;Saída de leito carroçável;Sem Vítimas;Pleno dia;Crescente;Céu Claro;Simples;Reta;Não;1;0;0;0;1;0;0;1;-26,96266;-52,76227;SR-SC;UOP01;DEL07
274793;11/03/2020;quarta-feira;09:20:00;AL;423;57;AGUA BRANCA;Animais na Pista;Atropelamento de Animal;Com Vítimas Feridas;Plena Noite;Decrescente;Céu Claro;Simples;Não Informado;Não;2;0;1;0;1;0;1;1;-9,281823;-37,78263;SR-AL;UOP02;DEL03
274794;11/03/2020;quarta-feira;20:10:00;MG;50;61;UBERLANDIA;Defeito Mecânico no Veículo;Incêndio;Sem Vítimas;Plena Noite;Crescente;Céu Claro;Dupla;Reta;Não;2;0;0;0;2;0;0;1;-18,81603;-48,25003;SR-MG;UOP02;DEL15
274795;11/03/2020;quarta-feira;21:15:00;BA;101;710,3;EUNAPOLIS;Animais na Pista;Atropelamento de Animal;Com Vítimas Fatais;Plena Noite;Crescente;Chuva;Simples;Reta;Não;1;1;0;0;0;0;0;1;-16,32431;-39,59297;SR-BA;UOP01;DEL09
274796;11/03/2020;quarta-feira;19:30:00;PI;230;168;SAO JOAO DA VARJOTA;Defeito na Via;Capotamento;Sem Vítimas;Plena Noite;Crescente;Nublado;Simples;Curva;Não;1;0;0;0;1;0;0;1;-6,932483;-41,88557;SR-PI;UOP01;DEL04
274797;11/03/2020;quarta-feira;23:05:00;GO;40;3,3;VALPARAISO DE GOIAS;Falta de Atenção à Condução;Colisão traseira;Sem Vítimas;Plena Noite;Crescente;Céu Claro;Dupla;Reta;Não;2;0;0;0;2;0;0;2;-16,07608;-47,98567;SR-DF;UOP01;DEL01
274798;11/03/2020;quarta-feira;23:30:00;RJ;356;63;ITAPERUNA;Defeito Mecânico no Veículo;Saída de leito carroçável;Com Vítimas Feridas;Plena Noite;Crescente;Céu Claro;Simples;Curva;Não;1;0;1;0;0;0;1;1;-21,33357;-41,71118;SR-RJ;UOP03;DEL08
274799;11/03/2020;quarta-feira;21:30:00;SC;282;183,4;BOCAINA DO SUL;Animais na Pista;Colisão com objeto estático;Com Vítimas Feridas;Plena Noite;Decrescente;Céu Claro;Simples;Reta;Não;4;0;2;2;0;0;4;1;-27,73362;-49,9683;SR-SC;UOP01;DEL05
274800;11/03/2020;quarta-feira;23:40:00;MG;356;272,2;EUGENOPOLIS;Velocidade Incompatível;Saída de leito carroçável;Sem Vítimas;Plena Noite;Crescente;Céu Claro;Simples;Curva;Não;1;0;0;0;0;1;0;1;-21,13766;-42,31069;SR-MG;UOP02;DEL07
274801;12/03/2020;quinta-feira;00:40:00;BA;101;948;MUCURI;Falta de Atenção à Condução;Colisão lateral;Com Vítimas Feridas;Plena Noite;Crescente;Chuva;Simples;Reta;Não;2;0;0;1;1;0;1;2;-18,1684;-39,91874;SR-BA;UOP02;DEL09
274802;12/03/2020;quinta-feira;00:50:00;PR;277;729,1;FOZ DO IGUACU;Defeito Mecânico no Veículo;Tombamento;Com Vítimas Feridas;Plena Noite;Decrescente;Céu Claro;Dupla;Reta;Sim;1;0;0;1;0;0;1;1;-25,50681;-54,58652;SR-PR;UOP02;DEL05