id;data_inversa;dia_semana;horario;uf;br;km;municipio;causa_acidente;tipo_acidente;classificacao_acidente;fase_dia;sentido_via;condicao_metereologica;tipo_pista;tracado_via;uso_solo;pessoas;mortos;feridos_leves;feridos_graves;ilesos;ignorados;feridos;veiculos;latitude;longitude;regional;delegacia;uop
274803;11/03/2020;quarta-feira;23:25:00;SC;282;660,5;SAO MIGUEL DO OESTE;Falta de Atenção à Condução;Saída de leito carroçável;Com Vítimas Feridas;Plena Noite;Crescente;Céu Claro;Simples;Curva;Não;1;0;1;0;0;0;1;1;-26,67506;-53,56607;SR-SC;UOP03;DEL07
274804;12/03/2020;quinta-feira;01:10:00;PR;369;417;JURANDA;Condutor Dormindo;Saída de leito carroçável;Com Vítimas Feridas;Plena Noite;Crescente;Céu Claro;Simples;Curva;Não;2;0;2;0;0;0;2;1;-24,3685;-52,7668;SR-PR;UOP04;DEL04
274805;12/03/2020;quinta-feira;00:20:00;SP;116;166,3;JACAREI;Não guardar distância de segurança;Saída de leito carroçável;Sem Vítimas;Plena Noite;Decrescente;Céu Claro;Dupla;Reta;Sim;2;0;0;0;1;1;0;1;-23,30103;-46,01686;SR-SP;UOP01;DEL02
274806;12/03/2020;quinta-feira;00:40:00;GO;153;583,5;PIRACANJUBA;Avarias e/ou desgaste excessivo no pneu;Tombamento;Com Vítimas Feridas;Plena Noite;Decrescente;Céu Claro;Dupla;Não Informado;Não;2;0;1;0;1;0;1;1;-17,4071;-49,2247;SR-GO;UOP01;DEL03
274807;11/03/2020;quarta-feira;13:15:00;SC;101;384,9;ICARA;Falta de Atenção à Condução;Saída de leito carroçável;Com Vítimas Feridas;Pleno dia;Decrescente;Céu Claro;Múltipla;Reta;Sim;1;0;1;0;0;0;1;1;-28,76851;-49,30255;SR-SC;UOP02;DEL02
274808;12/03/2020;quinta-feira;01:10:00;PE;101;41,6;IGARASSU;Pista Escorregadia;Colisão com objeto estático;Com Vítimas Feridas;Plena Noite;Decrescente;Chuva;Simples;Não Informado;Sim;1;0;1;0;0;0;1;1;-7,830383;-34,91427;SR-PE;UOP02;DEL01
274809;12/03/2020;quinta-feira;00:30:00;MT;163;648;LUCAS DO RIO VERDE;Falta de Atenção à Condução;Saída de leito carroçável;Com Vítimas Feridas;Plena Noite;Decrescente;Nublado;Simples;Curva;Não;1;0;0;1;0;0;1;1;-13,49408;-56,05191;SR-MT;UOP01;DEL06
274810;12/03/2020;quinta-feira;01:35:00;SP;116;212;GUARULHOS;Ingestão de Álcool;Colisão traseira;Com Vítimas Feridas;Plena Noite;Decrescente;Céu Claro;Múltipla;Reta;Sim;2;0;1;0;1;0;1;2;-23,43655;-46,42911;SR-SP;UOP01;DEL01
274811;12/03/2020;quinta-feira;02:40:00;SC;101;96;BALNEARIO PICARRAS;Agressão Externa;Incêndio;Sem Vítimas;Plena Noite;Decrescente;Céu Claro;Simples;Reta;Sim;1;0;0;0;0;1;0;1;-26,71843;-48,70233;SR-SC;UOP02;DEL03
274812;11/03/2020;quarta-feira;16:40:00;GO;452;125;BOM JESUS DE GOIAS;Defeito na Via;Tombamento;Sem Vítimas;Pleno dia;Crescente;Céu Claro;Simples;Reta;Não;1;0;0;0;1;0;0;1;-18,19733;-49,78138;SR-GO;UOP02;DEL03
274813;12/03/2020;quinta-feira;04:10:00;SC;101;374;ICARA;Defeito Mecânico no Veículo;Incêndio;Sem Vítimas;Plena Noite;Decrescente;Céu Claro;Dupla;Reta;Não;1;0;0;0;1;0;0;1;-28,71534;-49,22723;SR-SC;UOP01;DEL02
274814;12/03/2020;quinta-feira;04:00:00;MG;381;404;BOM JESUS DO AMPARO;Falta de Atenção à Condução;Colisão transversal;Com Vítimas Feridas;Plena Noite;Decrescente;Céu Claro;Simples;Reta;Não;3;0;1;0;2;0;1;2;-19,74219;-43,50487;SR-MG;UOP01;DEL01
274815;12/03/2020;quinta-feira;02:40:00;PE;232;66;GRAVATA;Falta de Atenção à Condução;Colisão lateral;Com Vítimas Feridas;Plena Noite;Decrescente;Nublado;Dupla;Curva;Não;2;0;1;0;1;0;1;2;-8,173267;-35,45883;SR-PE;UOP04;DEL01
274816;11/03/2020;quarta-feira;23:00:00;BA;101;58;ENTRE RIOS;Falta de Atenção à Condução;Saída de leito carroçável;Com Vítimas Feridas;Plena Noite;Crescente;Céu Claro;Simples;Reta;Não;1;0;1;0;0;0;1;1;-11,96029;-38,09467;SR-BA;UOP04;DEL01
274817;12/03/2020;quinta-feira;05:00:00;MG;40;586,7;ITABIRITO;Velocidade Incompatível;Tombamento;Sem Vítimas;Amanhecer;Crescente;Céu Claro;Simples;Reta;Não;1;0;0;0;1;0;0;1;-20,35149;-43,91313;SR-MG;UOP02;DEL01
274818;12/03/2020;quinta-feira;05:00:00;RJ;40;93;DUQUE DE CAXIAS;Condutor Dormindo;Colisão traseira;Com Vítimas Feridas;Amanhecer;Crescente;Céu Claro;Simples;Reta;Não;3;0;1;0;2;0;1;2;-22,55543;-43,2583;SR-RJ;UOP01;DEL01
274819;12/03/2020;quinta-feira;05:40:00;GO;20;173;ALVORADA DO NORTE;Desobediência às normas de trânsito pelo condutor;Saída de leito carroçável;Com Vítimas Feridas;Amanhecer;Crescente;Garoa/Chuvisco;Simples;Reta;Não;1;0;1;0;0;0;1;1;-14,52641;-46,53415;SR-DF;UOP02;DEL02
274820;12/03/2020;quinta-feira;06:10:00;PR;277;2,1;PARANAGUA;Falta de Atenção à Condução;Queda de ocupante de veículo;Com Vítimas Feridas;Pleno dia;Crescente;Sol;Simples;Reta;Sim;1;0;1;0;0;0;1;1;-25,53129;-48,5503;SR-PR;UOP07;DEL01
274821;12/03/2020;quinta-feira;05:40:00;SP;116;285;ITAPECERICA DA SERRA;Desobediência às normas de trânsito pelo condutor;Colisão transversal;Com Vítimas Feridas;Amanhecer;Decrescente;Céu Claro;Simples;Interseção de vias;Não;2;0;1;0;0;1;1;2;-23,68361;-46,85813;SR-SP;UOP01;DEL04
274822;12/03/2020;quinta-feira;05:20:00;PR;163;185,5;SANTA TEREZA DO OESTE;Condutor Dormindo;Saída de leito carroçável;Com Vítimas Feridas;Amanhecer;Crescente;Céu Claro;Dupla;Reta;Não;1;0;1;0;0;0;1;1;-25,13566;-53,5836;SR-PR;UOP06;DEL04
274823;12/03/2020;quinta-feira;06:02:00;PR;277;597,1;CASCAVEL;Avarias e/ou desgaste excessivo no pneu;Tombamento;Com Vítimas Feridas;Amanhecer;Crescente;Céu Claro;Dupla;Reta;Não;1;0;1;0;0;0;1;1;-24,99514;-53,51419;SR-PR;UOP01;DEL04
274824;12/03/2020;quinta-feira;03:10:00;PR;376;328,3;ORTIGUEIRA;Falta de Atenção à Condução;Saída de leito carroçável;Sem Vítimas;Plena Noite;Decrescente;Céu Claro;Simples;Curva;Não;1;0;0;0;1;0;0;1;-24,07955;-51,05923;SR-PR;UOP02;DEL07
274825;12/03/2020;quinta-feira;05:10:00;MA;316;533,2;CAXIAS;Ingestão de Substâncias Psicoativas;Colisão com objeto estático;Com Vítimas Feridas;Amanhecer;Crescente;Céu Claro;Simples;Não Informado;Não;1;0;0;1;0;0;1;1;-4,829645;-43,50286;SR-MA;UOP02;DEL03
274828;12/03/2020;quinta-feira;05:30:00;PR;476;232,9;LAPA;Velocidade Incompatível;Tombamento;Com Vítimas Feridas;Amanhecer;Crescente;Céu Claro;Simples;Curva;Não;1;0;0;1;0;0;1;1;-25,88307;-49,99879;SR-PR;UOP05;DEL03
274829;12/03/2020;quinta-feira;06:30:00;GO;40;130;CRISTALINA;Não guardar distância de segurança;Colisão traseira;Com Vítimas Feridas;Pleno dia;Crescente;Céu Claro;Dupla;Reta;Não;2;0;2;0;0;0;2;2;-16,90881;-47,35007;SR-DF;UOP04;DEL01
274830;12/03/2020;quinta-feira;07:05:00;RS;470;232,8;GARIBALDI;Desobediência às normas de trânsito pelo condutor;Colisão transversal;Com Vítimas Feridas;Pleno dia;Decrescente;Céu Claro;Simples;Não Informado;Não;2;0;1;0;1;0;1;2;-29,23579;-51,51193;SR-RS;UOP01;DEL06
274831;12/03/2020;quinta-feira;06:40:00;MG;40;528,8;CONTAGEM;Não guardar distância de segurança;Colisão traseira;Com Vítimas Feridas;Pleno dia;Crescente;Céu Claro;Dupla;Reta;Sim;2;0;1;0;1;0;1;2;-19,91435;-44,04033;SR-MG;UOP02;DEL01
274832;12/03/2020;quinta-feira;06:30:00;PE;101;135,8;ESCADA;Fenômenos da Natureza;Colisão com objeto estático;Com Vítimas Feridas;Pleno dia;Decrescente;Chuva;Dupla;Curva;Não;1;0;1;0;0;0;1;1;-8,411476;-35,296;SR-PE;UOP03;DEL01
274833;12/03/2020;quinta-feira;07:00:00;SP;153;61,4;SAO JOSE DO RIO PRETO;Falta de Atenção à Condução;Colisão traseira;Com Vítimas Feridas;Pleno dia;Decrescente;Céu Claro;Dupla;Reta;Sim;2;0;1;0;1;0;1;2;-20,80503;-49,35575;SR-SP;UOP01;DEL09
274834;12/03/2020;quinta-feira;06:50:00;SP;116;146,7;SAO JOSE DOS CAMPOS;Falta de Atenção à Condução;Colisão lateral;Com Vítimas Feridas;Pleno dia;Decrescente;Céu Claro;Múltipla;Desvio Temporário;Sim;2;0;1;0;1;0;1;2;-23,19123;-45,86328;SR-SP;UOP01;DEL02
274835;12/03/2020;quinta-feira;05:30:00;GO;60;56;ABADIANIA;Ingestão de Álcool;Saída de leito carroçável;Sem Vítimas;Pleno dia;Decrescente;Céu Claro;Dupla;Reta;Não;1;0;0;0;1;0;0;1;-16,1894;-48,67;SR-GO;UOP01;DEL02
274837;12/03/2020;quinta-feira;07:30:00;PR;277;345,5;GUARAPUAVA;Falta de Atenção à Condução;Colisão transversal;Com Vítimas Feridas;Pleno dia;Crescente;Sol;Simples;Não Informado;Sim;5;0;3;0;2;0;3;2;-25,33928;-51,4288;SR-PR;UOP01;DEL08
274838;12/03/2020;quinta-feira;05:55:00;PB;101;124;CAAPORA;Velocidade Incompatível;Saída de leito carroçável;Sem Vítimas;Amanhecer;Crescente;Chuva;Dupla;Não Informado;Não;1;0;0;0;0;1;0;1;-7,467469;-34,97726;SR-PB;UOP01;DEL01
274839;12/03/2020;quinta-feira;06:50:00;GO;60;16;ALEXANIA;Falta de Atenção à Condução;Colisão traseira;Com Vítimas Feridas;Pleno dia;Decrescente;Céu Claro;Dupla;Curva;Não;2;0;1;0;1;0;1;2;-16,11366;-48,36868;SR-DF;UOP02;DEL01
274840;12/03/2020;quinta-feira;07:30:00;SP;116;391,5;MIRACATU;Defeito Mecânico no Veículo;Colisão com objeto estático;Com Vítimas Feridas;Pleno dia;Decrescente;Céu Claro;Dupla;Curva;Não;1;0;1;0;0;0;1;1;-24,28027;-47,42835;SR-SP;UOP02;DEL04
274841;12/03/2020;quinta-feira;07:30:00;RJ;101;316;SAO GONCALO;Falta de Atenção à Condução;Colisão lateral;Com Vítimas Feridas;Pleno dia;Crescente;Céu Claro;Dupla;Desvio Temporário;Sim;2;0;2;0;0;0;2;2;-22,82836;-43,09209;SR-RJ;UOP01;DEL02
274842;12/03/2020;quinta-feira;08:00:00;PR;153;349;REBOUCAS;Falta de Atenção à Condução;Colisão transversal;Com Vítimas Feridas;Pleno dia;Crescente;Céu Claro;Simples;Não Informado;Sim;2;0;1;0;1;0;1;2;-25,60375;-50,69206;SR-PR;UOP02;DEL08
274843;11/03/2020;quarta-feira;12:30:00;MG;251;230,3;SANTA CRUZ DE SALINAS;Ultrapassagem Indevida;Colisão frontal;Com Vítimas Feridas;Pleno dia;Crescente;Céu Claro;Simples;Reta;Não;3;0;2;0;1;0;2;3;-15,96745;-41,70259;SR-MG;UOP02;DEL11
274844;12/03/2020;quinta-feira;07:40:00;RO;364;711;PORTO VELHO;Não guardar distância de segurança;Colisão traseira;Sem Vítimas;Pleno dia;Crescente;Sol;Múltipla;Reta;Sim;2;0;0;0;2;0;0;2;-8,781539;-63,86531;SR-RO;UOP01;DEL01
274845;12/03/2020;quinta-feira;07:55:00;RJ;116;179;NOVA IGUACU;Falta de Atenção à Condução;Colisão transversal;Com Vítimas Feridas;Pleno dia;Decrescente;Céu Claro;Simples;Reta;Sim;2;0;1;0;0;1;1;2;-22,7699;-43,40804;SR-RJ;UOP02;DEL01
274846;12/03/2020;quinta-feira;06:45:00;MG;381;481;BETIM;Falta de Atenção à Condução;Colisão traseira;Com Vítimas Feridas;Pleno dia;Decrescente;Céu Claro;Múltipla;Reta;Sim;5;0;0;2;2;1;2;3;-19,95932;-44,08826;SR-MG;UOP03;DEL01
274847;12/03/2020;quinta-feira;08:30:00;PE;101;5,8;GOIANA;Defeito na Via;Colisão com objeto estático;Com Vítimas Feridas;Pleno dia;Crescente;Nublado;Dupla;Reta;Não;1;0;1;0;0;0;1;1;-7,541764;-34,99139;SR-PE;UOP02;DEL01
274848;12/03/2020;quinta-feira;07:30:00;GO;153;98;SANTA TEREZA DE GOIAS;Falta de Atenção à Condução;Colisão frontal;Com Vítimas Feridas;Pleno dia;Crescente;Garoa/Chuvisco;Dupla;Reta;Não;5;0;1;1;3;0;2;3;-13,63815;-49,04092;SR-GO;UOP01;DEL07
274850;12/03/2020;quinta-feira;08:50:00;RS;386;328,2;MARQUES DE SOUZA;Falta de Atenção à Condução;Tombamento;Com Vítimas Feridas;Pleno dia;Crescente;Céu Claro;Simples;Reta;Não;1;0;1;0;0;0;1;1;-29,33602;-52,08705;SR-RS;UOP01;DEL04
274851;12/03/2020;quinta-feira;09:20:00;SP;116;211;GUARULHOS;Não guardar distância de segurança;Colisão lateral;Com Vítimas Feridas;Pleno dia;Crescente;Céu Claro;Dupla;Desvio Temporário;Sim;2;0;2;0;0;0;2;1;-23,43243;-46,41944;SR-SP;UOP01;DEL01
274852;12/03/2020;quinta-feira;09:00:00;RJ;116;133;MAGE;Falta de Atenção à Condução;Colisão traseira;Com Vítimas Feridas;Pleno dia;Decrescente;Sol;Dupla;Reta;Sim;2;0;1;0;1;0;1;2;-22,65418;-43,14383;SR-RJ;UOP02;DEL04
274853;12/03/2020;quinta-feira;09:30:00;SP;116;269;TABOAO DA SERRA;Falta de Atenção à Condução;Colisão lateral;Com Vítimas Feridas;Pleno dia;Crescente;Céu Claro;Dupla;Reta;Sim;3;0;2;0;1;0;2;2;-23,61593;-46,78826;SR-SP;UOP01;DEL04
274854;12/03/2020;quinta-feira;07:55:00;PR;277;334,4;GUARAPUAVA;Avarias e/ou desgaste excessivo no pneu;Saída de leito carroçável;Com Vítimas Feridas;Pleno dia;Crescente;Sol;Dupla;Não Informado;Não;3;0;3;0;0;0;3;1;-25,3658;-51,34538;SR-PR;UOP01;DEL08
274856;12/03/2020;quinta-feira;09:30:00;RS;116;429,5;CRISTAL;Falta de Atenção à Condução;Colisão com objeto estático;Sem Vítimas;Pleno dia;Crescente;Sol;Simples;Curva;Não;1;0;0;0;1;0;0;1;-31,00408;-52,05172;SR-RS;UOP02;DEL02
274858;12/03/2020;quinta-feira;09:50:00;AL;101;115,5;PILAR;Desobediência às normas de trânsito pelo condutor;Colisão frontal;Com Vítimas Feridas;Pleno dia;Crescente;Nublado;Simples;Não Informado;Não;5;0;2;0;3;0;2;2;-9,642675;-36,02458;SR-AL;UOP01;DEL02
274859;12/03/2020;quinta-feira;10:00:00;SP;116;218,5;GUARULHOS;Velocidade Incompatível;Colisão traseira;Com Vítimas Feridas;Pleno dia;Crescente;Sol;Múltipla;Reta;Sim;3;0;1;1;0;1;2;3;-23,45797;-46,47993;SR-SP;UOP01;DEL01
274860;12/03/2020;quinta-feira;03:20:00;BA;101;817,8;ITAMARAJU;Velocidade Incompatível;Saída de leito carroçável;Com Vítimas Fatais;Plena Noite;Crescente;Chuva;Simples;Curva;Não;29;2;25;1;1;0;26;1;-17,10627;-39,5606;SR-BA;UOP01;DEL09
274861;12/03/2020;quinta-feira;10:30:00;MG;116;273,9;TEOFILO OTONI;Falta de Atenção à Condução;Colisão lateral;Sem Vítimas;Pleno dia;Crescente;Nublado;Simples;Retorno Regulamentado;Sim;3;0;0;0;3;0;0;2;-17,82616;-41,5062;SR-MG;UOP01;DEL11
274862;11/03/2020;quarta-feira;06:40:00;PR;476;269,8;SAO MATEUS DO SUL;Condutor Dormindo;Colisão frontal;Sem Vítimas;Amanhecer;Crescente;Céu Claro;Simples;Reta;Sim;3;0;0;0;3;0;0;3;-25,8989;-50,32935;SR-PR;UOP05;DEL03
274863;12/03/2020;quinta-feira;11:15:00;ES;101;265,3;SERRA;Não guardar distância de segurança;Colisão traseira;Com Vítimas Feridas;Pleno dia;Crescente;Céu Claro;Múltipla;Reta;Sim;5;0;2;0;3;0;2;2;-20,18168;-40,26536;SR-ES;UOP01;DEL02
274864;12/03/2020;quinta-feira;11:20:00;PR;373;276,5;PRUDENTOPOLIS;Carga excessiva e/ou mal acondicionada;Saída de leito carroçável;Com Vítimas Feridas;Pleno dia;Crescente;Sol;Simples;Não Informado;Não;1;0;1;0;0;0;1;1;-25,25755;-51,07658;SR-PR;UOP01;DEL03
274865;12/03/2020;quinta-feira;11:25:00;ES;101;284,9;CARIACICA;Desobediência às normas de trânsito pelo condutor;Colisão lateral;Com Vítimas Feridas;Pleno dia;Crescente;Nublado;Dupla;Não Informado;Sim;2;0;1;0;1;0;1;2;-20,25063;-40,3724;SR-ES;UOP01;DEL01
274866;12/03/2020;quinta-feira;11:04:00;AL;101;68;MESSIAS;Pista Escorregadia;Saída de leito carroçável;Sem Vítimas;Pleno dia;Decrescente;Chuva;Dupla;Curva;Não;2;0;0;0;2;0;0;2;-9,349247;-35,83289;SR-AL;UOP02;DEL01
274867;12/03/2020;quinta-feira;09:44:00;RJ;101;206;CASIMIRO DE ABREU;Falta de Atenção à Condução;Colisão transversal;Com Vítimas Feridas;Pleno dia;Crescente;Céu Claro;Simples;Reta;Sim;2;0;0;1;1;0;1;2;-22,47673;-42,20173;SR-RJ;UOP04;DEL02
274868;12/03/2020;quinta-feira;11:20:00;PE;101;40;ITAPISSUMA;Falta de Atenção à Condução;Colisão lateral;Sem Vítimas;Pleno dia;Decrescente;Nublado;Dupla;Reta;Sim;2;0;0;0;1;1;0;2;-7,821475;-34,91654;SR-PE;UOP02;DEL01
274869;12/03/2020;quinta-feira;10:30:00;PE;232;29,7;MORENO;Defeito Mecânico no Veículo;Saída de leito carroçável;Sem Vítimas;Pleno dia;Decrescente;Chuva;Dupla;Curva;Não;1;0;0;0;1;0;0;1;-8,111943;-35,14148;SR-PE;UOP04;DEL01
274870;12/03/2020;quinta-feira;11:55:00;GO;60;235,5;INDIARA;Defeito Mecânico no Veículo;Tombamento;Com Vítimas Feridas;Pleno dia;Crescente;Céu Claro;Dupla;Desvio Temporário;Não;1;0;1;0;0;0;1;1;-17,0794;-49,8299;SR-GO;UOP02;DEL01
274871;12/03/2020;quinta-feira;12:20:00;PI;316;312,6;PICOS;Falta de Atenção à Condução;Colisão com objeto estático;Sem Vítimas;Pleno dia;Decrescente;Céu Claro;Simples;Reta;Sim;1;0;0;0;1;0;0;1;-7,080925;-41,45826;SR-PI;UOP01;DEL04
274872;12/03/2020;quinta-feira;12:12:00;SC;470;65;INDAIAL;Desobediência às normas de trânsito pelo condutor;Colisão transversal;Com Vítimas Feridas;Pleno dia;Crescente;Céu Claro;Simples;Reta;Sim;2;0;2;0;0;0;2;2;-26,87041;-49,21186;SR-SC;UOP01;DEL04
274873;12/03/2020;quinta-feira;11:50:00;SC;470;115,3;IBIRAMA;Falta de Atenção à Condução;Colisão traseira;Com Vítimas Feridas;Pleno dia;Decrescente;Céu Claro;Simples;Reta;Não;2;0;1;0;1;0;1;2;-27,08042;-49,48535;SR-SC;UOP02;DEL04
274874;12/03/2020;quinta-feira;12:30:00;SC;470;162,1;TROMBUDO CENTRAL;Falta de Atenção à Condução;Colisão lateral;Com Vítimas Fatais;Pleno dia;Decrescente;Céu Claro;Simples;Reta;Não;2;1;0;0;1;0;0;2;-27,28237;-49,81781;SR-SC;UOP02;DEL04
274875;12/03/2020;quinta-feira;11:45:00;PE;101;34,9;IGARASSU;Defeito Mecânico no Veículo;Capotamento;Sem Vítimas;Pleno dia;Decrescente;Sol;Dupla;Reta;Não;2;0;0;0;1;1;0;1;-7,770928;-34,93525;SR-PE;UOP02;DEL01
274876;12/03/2020;quinta-feira;12:10:00;PR;476;119;CURITIBA;Falta de Atenção à Condução;Colisão transversal;Com Vítimas Feridas;Pleno dia;Decrescente;Céu Claro;Múltipla;Interseção de vias;Sim;2;0;2;0;0;0;2;2;-25,3642;-49,18583;SR-PR;UOP06;DEL01
274877;12/03/2020;quinta-feira;11:40:00;MT;163;688;LUCAS DO RIO VERDE;Desobediência às normas de trânsito pelo condutor;Colisão transversal;Com Vítimas Feridas;Pleno dia;Crescente;Céu Claro;Dupla;Rotatória;Sim;2;0;1;0;1;0;1;2;-13,06939;-55,92683;SR-MT;UOP01;DEL06
274879;12/03/2020;quinta-feira;13:00:00;PE;232;50,8;VITORIA DE SANTO ANTAO;Defeito na Via;Colisão com objeto estático;Com Vítimas Feridas;Pleno dia;Decrescente;Chuva;Dupla;Reta;Não;3;0;1;0;2;0;1;1;-8,141062;-35,32323;SR-PE;UOP04;DEL01
274880;12/03/2020;quinta-feira;10:45:00;SC;101;423,9;ARARANGUA;Falta de Atenção à Condução;Saída de leito carroçável;Sem Vítimas;Pleno dia;Crescente;Céu Claro;Múltipla;Reta;Não;1;0;0;0;1;0;0;1;-29,01107;-49,57414;SR-SC;UOP02;DEL02
274881;12/03/2020;quinta-feira;11:05:00;TO;153;660,5;GURUPI;Defeito na Via;Engavetamento;Sem Vítimas;Pleno dia;Decrescente;Céu Claro;Simples;Reta;Não;3;0;0;0;3;0;0;3;-11,62238;-49,04761;SR-TO;UOP01;DEL02
274882;12/03/2020;quinta-feira;09:30:00;MG;40;525,1;CONTAGEM;Falta de Atenção à Condução;Colisão lateral;Sem Vítimas;Pleno dia;Crescente;Céu Claro;Dupla;Reta;Não;2;0;0;0;1;1;0;2;-19,88362;-44,05039;SR-MG;UOP02;DEL01
274883;12/03/2020;quinta-feira;11:45:00;SC;280;55,2;GUARAMIRIM;Falta de Atenção à Condução;Colisão transversal;Com Vítimas Feridas;Pleno dia;Crescente;Céu Claro;Simples;Reta;Sim;2;0;1;0;1;0;1;2;-26,47584;-48,99379;SR-SC;UOP03;DEL03
274884;12/03/2020;quinta-feira;11:20:00;MT;70;381;CAMPO VERDE;Falta de Atenção à Condução;Colisão traseira;Com Vítimas Feridas;Pleno dia;Crescente;Céu Claro;Simples;Reta;Sim;2;0;1;0;1;0;1;2;-15,55272;-55,16941;SR-MT;UOP01;DEL05
274885;12/03/2020;quinta-feira;12:40:00;PR;116;109;SAO JOSE DOS PINHAIS;Falta de Atenção à Condução;Queda de ocupante de veículo;Com Vítimas Feridas;Pleno dia;Crescente;Céu Claro;Dupla;Não Informado;Não;1;0;0;1;0;0;1;1;-25,56846;-49,17789;SR-PR;UOP04;DEL01
274886;12/03/2020;quinta-feira;13:10:00;PR;476;153;ARAUCARIA;Falta de Atenção à Condução;Colisão transversal;Com Vítimas Feridas;Pleno dia;Decrescente;Sol;Simples;Reta;Sim;4;0;2;0;2;0;2;2;-25,57731;-49,39234;SR-PR;UOP04;DEL01
274887;12/03/2020;quinta-feira;13:30:00;PE;101;35;IGARASSU;Falta de Atenção à Condução;Saída de leito carroçável;Sem Vítimas;Pleno dia;Decrescente;Nublado;Dupla;Reta;Não;1;0;0;0;1;0;0;1;-7,779522;-34,93231;SR-PE;UOP02;DEL01
274888;12/03/2020;quinta-feira;13:30:00;PE;101;86,6;JABOATAO DOS GUARARAPES;Falta de Atenção à Condução;Colisão lateral;Com Vítimas Feridas;Pleno dia;Crescente;Céu Claro;Simples;Reta;Sim;3;0;1;0;2;0;1;3;-8,1847;-34,96817;SR-PE;UOP03;DEL01
274889;12/03/2020;quinta-feira;11:20:00;PR;277;167,9;PALMEIRA;Desobediência às normas de trânsito pelo condutor;Saída de leito carroçável;Com Vítimas Feridas;Pleno dia;Decrescente;Céu Claro;Dupla;Reta;Não;1;0;0;1;0;0;1;1;-25,46815;-49,90431;SR-PR;UOP03;DEL03
274890;12/03/2020;quinta-feira;14:00:00;RJ;116;189;QUEIMADOS;Falta de Atenção à Condução;Colisão traseira;Com Vítimas Feridas;Pleno dia;Decrescente;Céu Claro;Simples;Reta;Não;2;0;1;0;1;0;1;2;-22,73773;-43,5533;SR-RJ;UOP02;DEL01
274892;12/03/2020;quinta-feira;11:00:00;SC;282;217,5;LAGES;Desobediência às normas de trânsito pelo condutor;Colisão transversal;Com Vítimas Feridas;Pleno dia;Decrescente;Céu Claro;Dupla;Interseção de vias;Sim;2;0;1;0;1;0;1;2;-27,79792;-50,30294;SR-SC;UOP01;DEL05
274893;12/03/2020;quinta-feira;14:15:00;BA;242;222;ITABERABA;Falta de Atenção à Condução;Saída de leito carroçável;Com Vítimas Feridas;Pleno dia;Decrescente;Chuva;Simples;Curva;Não;1;0;0;1;0;0;1;1;-12,52109;-40,23315;SR-BA;UOP02;DEL06
274894;12/03/2020;quinta-feira;14:25:00;SE;101;21,4;MALHADA DOS BOIS;Falta de Atenção à Condução;Colisão traseira;Com Vítimas Feridas;Pleno dia;Decrescente;Céu Claro;Simples;Curva;Não;5;0;1;0;4;0;1;2;-10,36934;-36,91236;SR-SE;UOP02;DEL02
274895;12/03/2020;quinta-feira;14:05:00;CE;116;326,3;JAGUARIBE;Pista Escorregadia;Saída de leito carroçável;Com Vítimas Feridas;Pleno dia;Decrescente;Chuva;Simples;Curva;Não;1;0;1;0;0;0;1;1;-6,041117;-38,64591;SR-CE;UOP02;DEL05
274897;12/03/2020;quinta-feira;14:20:00;MG;40;276,3;TRES MARIAS;Desobediência às normas de trânsito pelo condutor;Colisão transversal;Com Vítimas Feridas;Pleno dia;Decrescente;Sol;Simples;Desvio Temporário;Sim;3;0;0;2;1;0;2;2;-18,20603;-45,23123;SR-MG;UOP02;DEL14
274898;12/03/2020;quinta-feira;12:00:00;RS;386;217,5;TIO HUGO;Condutor Dormindo;Saída de leito carroçável;Com Vítimas Feridas;Pleno dia;Decrescente;Céu Claro;Simples;Curva;Não;1;0;0;1;0;0;1;1;-28,59289;-52,60382;SR-RS;UOP03;DEL04
274900;12/03/2020;quinta-feira;12:40:00;SC;101;375,5;ICARA;Condutor Dormindo;Saída de leito carroçável;Com Vítimas Feridas;Pleno dia;Crescente;Céu Claro;Múltipla;Reta;Não;1;0;1;0;0;0;1;1;-28,73619;-49,24727;SR-SC;UOP01;DEL02
274901;12/03/2020;quinta-feira;15:15:00;SC;101;209;SAO JOSE;Desobediência às normas de trânsito pelo condutor;Colisão traseira;Com Vítimas Feridas;Pleno dia;Decrescente;Céu Claro;Múltipla;Reta;Sim;2;0;0;1;1;0;1;2;-27,61001;-48,63895;SR-SC;UOP01;DEL01
274902;12/03/2020;quinta-feira;15:04:00;SC;116;1,9;MAFRA;Defeito Mecânico no Veículo;Incêndio;Sem Vítimas;Pleno dia;Crescente;Céu Claro;Simples;Reta;Sim;1;0;0;0;1;0;0;1;-26,11709;-49,78695;SR-SC;UOP01;DEL06
274903;12/03/2020;quinta-feira;11:40:00;MS;158;97;PARANAIBA;Falta de Atenção à Condução;Danos eventuais;Sem Vítimas;Pleno dia;Crescente;Céu Claro;Dupla;Reta;Sim;3;0;0;0;1;2;0;1;-19,69628;-51,17701;SR-MS;UOP01;DEL08