id;data_inversa;dia_semana;horario;uf;br;km;municipio;causa_acidente;tipo_acidente;classificacao_acidente;fase_dia;sentido_via;condicao_metereologica;tipo_pista;tracado_via;uso_solo;pessoas;mortos;feridos_leves;feridos_graves;ilesos;ignorados;feridos;veiculos;latitude;longitude;regional;delegacia;uop
274905;12/03/2020;quinta-feira;15:00:00;RJ;101;487;ANGRA DOS REIS;Falta de Atenção à Condução;Colisão transversal;Com Vítimas Feridas;Pleno dia;Crescente;Nublado;Dupla;Reta;Sim;3;0;2;0;1;0;2;2;-22,96829;-44,29865;SR-RJ;UOP03;DEL03
274906;12/03/2020;quinta-feira;16:00:00;MG;262;175,8;SAO DOMINGOS DO PRATA;Condutor Dormindo;Saída de leito carroçável;Com Vítimas Feridas;Pleno dia;Crescente;Céu Claro;Simples;Curva;Não;1;0;1;0;0;0;1;1;-19,93201;-42,95477;SR-MG;UOP01;DEL03
274907;12/03/2020;quinta-feira;15:00:00;SC;470;139;RIO DO SUL;Falta de Atenção à Condução;Colisão transversal;Com Vítimas Feridas;Pleno dia;Crescente;Céu Claro;Simples;Reta;Não;2;0;1;0;1;0;1;2;-27,21756;-49,65461;SR-SC;UOP02;DEL04
274908;12/03/2020;quinta-feira;16:10:00;GO;70;41;COCALZINHO DE GOIAS;Defeito na Via;Saída de leito carroçável;Com Vítimas Feridas;Pleno dia;Decrescente;Céu Claro;Dupla;Reta;Sim;2;0;2;0;0;0;2;1;-15,77388;-48,54192;SR-DF;UOP03;DEL01
274909;12/03/2020;quinta-feira;16:15:00;PR;277;730,4;FOZ DO IGUACU;Não guardar distância de segurança;Queda de ocupante de veículo;Com Vítimas Feridas;Pleno dia;Decrescente;Céu Claro;Simples;Reta;Sim;1;0;1;0;0;0;1;1;-25,50826;-54,59239;SR-PR;UOP02;DEL05
274911;12/03/2020;quinta-feira;16:35:00;SC;116;12,3;MAFRA;Falta de Atenção à Condução;Colisão transversal;Com Vítimas Feridas;Pleno dia;Decrescente;Céu Claro;Simples;Não Informado;Não;3;0;1;0;2;0;1;2;-26,17878;-49,86721;SR-SC;UOP01;DEL06
274912;12/03/2020;quinta-feira;14:30:00;PR;277;529,3;CAMPO BONITO;Desobediência às normas de trânsito pelo condutor;Colisão transversal;Com Vítimas Feridas;Pleno dia;Crescente;Céu Claro;Simples;Reta;Não;3;0;1;1;0;1;2;2;-25,09194;-52,95223;SR-PR;UOP02;DEL04
274913;12/03/2020;quinta-feira;16:40:00;PB;101;112;PEDRAS DE FOGO;Pista Escorregadia;Saída de leito carroçável;Com Vítimas Feridas;Anoitecer;Decrescente;Chuva;Dupla;Rotatória;Não;4;0;4;0;0;0;4;1;-7,369871;-34,95429;SR-PB;UOP01;DEL01
274916;12/03/2020;quinta-feira;16:30:00;PE;101;70,1;RECIFE;Falta de Atenção do Pedestre;Atropelamento de Pedestre;Com Vítimas Feridas;Pleno dia;Decrescente;Céu Claro;Dupla;Reta;Sim;2;0;0;1;1;0;1;1;-8,068526;-34,94251;SR-PE;UOP01;DEL01
274917;12/03/2020;quinta-feira;16:30:00;MG;381;671,7;PERDOES;Condutor Dormindo;Saída de leito carroçável;Com Vítimas Feridas;Pleno dia;Crescente;Céu Claro;Dupla;Reta;Não;1;0;1;0;0;0;1;1;-21,06626;-45,05252;SR-MG;UOP02;DEL04
274918;12/03/2020;quinta-feira;16:30:00;RJ;101;59;CAMPOS DOS GOYTACAZES;Desobediência às normas de trânsito pelo condutor;Colisão traseira;Com Vítimas Feridas;Pleno dia;Crescente;Chuva;Simples;Interseção de vias;Sim;2;0;1;0;1;0;1;2;-21,71875;-41,31246;SR-RJ;UOP01;DEL08
274919;12/03/2020;quinta-feira;16:50:00;SC;101;194,3;SAO JOSE;Não guardar distância de segurança;Colisão transversal;Com Vítimas Feridas;Pleno dia;Crescente;Sol;Múltipla;Não Informado;Sim;3;0;2;0;1;0;2;2;-27,49734;-48,65718;SR-SC;UOP01;DEL01
274920;12/03/2020;quinta-feira;17:00:00;ES;262;107,5;VENDA NOVA DO IMIGRANTE;Desobediência às normas de trânsito pelo condutor;Colisão frontal;Com Vítimas Feridas;Pleno dia;Decrescente;Céu Claro;Simples;Reta;Sim;2;0;0;2;0;0;2;2;-20,32992;-41,15344;SR-ES;UOP02;DEL01
274921;12/03/2020;quinta-feira;16:20:00;RJ;40;109;DUQUE DE CAXIAS;Não guardar distância de segurança;Colisão traseira;Com Vítimas Feridas;Pleno dia;Decrescente;Céu Claro;Múltipla;Reta;Sim;2;0;0;1;1;0;1;2;-22,67375;-43,28638;SR-RJ;UOP01;DEL01
274924;12/03/2020;quinta-feira;17:15:00;ES;259;50,3;COLATINA;Desobediência às normas de trânsito pelo condutor;Colisão transversal;Com Vítimas Feridas;Anoitecer;Crescente;Céu Claro;Simples;Curva;Sim;2;0;0;1;1;0;1;2;-19,50906;-40,606;SR-ES;UOP01;DEL02
274925;12/03/2020;quinta-feira;17:39:00;RS;392;346;SANTA MARIA;Falta de Atenção à Condução;Colisão transversal;Com Vítimas Feridas;Pleno dia;Crescente;Céu Claro;Simples;Reta;Sim;2;0;2;0;0;0;2;2;-29,76987;-53,78434;SR-RS;UOP01;DEL09
274926;12/03/2020;quinta-feira;17:00:00;MG;40;350,5;FELIXLANDIA;Condutor Dormindo;Saída de leito carroçável;Com Vítimas Feridas;Pleno dia;Decrescente;Sol;Simples;Curva;Não;2;0;0;2;0;0;2;1;-18,72488;-44,93873;SR-MG;UOP01;DEL02
274927;12/03/2020;quinta-feira;16:50:00;RJ;116;67,2;TERESOPOLIS;Falta de Atenção à Condução;Colisão transversal;Com Vítimas Feridas;Pleno dia;Crescente;Nublado;Simples;Reta;Sim;2;0;1;0;1;0;1;2;-22,29372;-42,93354;SR-RJ;UOP01;DEL04
274929;12/03/2020;quinta-feira;18:10:00;DF;70;8;BRASILIA;Falta de Atenção do Pedestre;Atropelamento de Pedestre;Com Vítimas Feridas;Anoitecer;Crescente;Céu Claro;Dupla;Não Informado;Sim;2;0;1;1;0;0;2;1;-15,78497;-48,12211;SR-DF;UOP03;DEL01
274930;12/03/2020;quinta-feira;16:10:00;SC;282;381;HERVAL DOESTE;Defeito Mecânico no Veículo;Saída de leito carroçável;Com Vítimas Feridas;Pleno dia;Decrescente;Céu Claro;Simples;Reta;Não;1;0;0;1;0;0;1;1;-27,20498;-51,50144;SR-SC;UOP07;DEL07
274931;12/03/2020;quinta-feira;11:30:00;BA;101;419,4;MARAU;Ultrapassagem Indevida;Colisão transversal;Com Vítimas Fatais;Pleno dia;Decrescente;Chuva;Simples;Não Informado;Não;3;1;2;0;0;0;2;2;-14,22999;-39,31917;SR-BA;UOP03;DEL05
274932;12/03/2020;quinta-feira;17:30:00;MG;40;749,6;SANTOS DUMONT;Falta de Atenção à Condução;Tombamento;Com Vítimas Feridas;Pleno dia;Decrescente;Céu Claro;Simples;Curva;Não;1;0;0;1;0;0;1;1;-21,44787;-43,55739;SR-MG;UOP01;DEL05
274933;12/03/2020;quinta-feira;18:10:00;PR;376;153;MANDAGUACU;Desobediência às normas de trânsito pelo condutor;Colisão transversal;Com Vítimas Feridas;Plena Noite;Decrescente;Céu Claro;Dupla;Não Informado;Não;2;0;1;1;0;0;2;2;-23,32908;-52,11162;SR-PR;UOP01;DEL09
274934;12/03/2020;quinta-feira;17:30:00;RJ;393;265;BARRA DO PIRAI;Defeito Mecânico no Veículo;Colisão com objeto estático;Sem Vítimas;Pleno dia;Crescente;Céu Claro;Simples;Reta;Não;2;0;0;0;2;0;0;1;-22,477;-43,88451;SR-RJ;UOP02;DEL05
274935;12/03/2020;quinta-feira;18:43:00;SC;101;205;SAO JOSE;Velocidade Incompatível;Colisão traseira;Com Vítimas Feridas;Pleno dia;Crescente;Céu Claro;Múltipla;Reta;Não;2;0;0;1;1;0;1;2;-27,58313;-48,61533;SR-SC;UOP01;DEL01
274936;12/03/2020;quinta-feira;14:55:00;MG;381;768,7;CAMPANHA;Defeito Mecânico no Veículo;Saída de leito carroçável;Com Vítimas Feridas;Pleno dia;Decrescente;Sol;Dupla;Não Informado;Não;2;0;2;0;0;0;2;1;-21,7737;-45,42762;SR-MG;UOP02;DEL16
274938;12/03/2020;quinta-feira;10:45:00;PA;316;28;BENEVIDES;Pista Escorregadia;Saída de leito carroçável;Com Vítimas Feridas;Pleno dia;Decrescente;Chuva;Dupla;Curva;Sim;1;0;1;0;0;0;1;1;-1,311219;-48,22115;SR-PA;UOP01;DEL01
274939;12/03/2020;quinta-feira;17:05:00;MT;364;365;CUIABA;Velocidade Incompatível;Capotamento;Com Vítimas Feridas;Anoitecer;Crescente;Céu Claro;Dupla;Reta;Não;1;0;1;0;0;0;1;1;-15,72958;-55,66877;SR-MT;UOP02;DEL01
274940;12/03/2020;quinta-feira;18:15:00;PA;163;1002;SANTAREM;Desobediência às normas de trânsito pelo condutor;Colisão transversal;Com Vítimas Feridas;Anoitecer;Crescente;Céu Claro;Simples;Reta;Sim;2;0;1;0;1;0;1;2;-2,442533;-54,73106;SR-PA;UOP01;DEL05
274941;12/03/2020;quinta-feira;18:50:00;PA;230;126,6;MARABA;Animais na Pista;Atropelamento de Animal;Com Vítimas Feridas;Plena Noite;Decrescente;Céu Claro;Simples;Desvio Temporário;Não;1;0;0;1;0;0;1;1;-5,375056;-49,15661;SR-PA;UOP01;DEL03
274942;12/03/2020;quinta-feira;17:30:00;MT;364;241;JUSCIMEIRA;Falta de Atenção à Condução;Saída de leito carroçável;Com Vítimas Feridas;Anoitecer;Crescente;Céu Claro;Dupla;Curva;Sim;1;0;0;1;0;0;1;1;-16,17086;-54,79227;SR-MT;UOP01;DEL02
274943;12/03/2020;quinta-feira;18:30:00;GO;364;194;JATAI;Defeito na Via;Queda de ocupante de veículo;Com Vítimas Feridas;Anoitecer;Decrescente;Céu Claro;Dupla;Não Informado;Não;1;0;1;0;0;0;1;1;-17,92217;-51,70408;SR-GO;UOP01;DEL05
274944;12/03/2020;quinta-feira;15:40:00;PR;277;729;FOZ DO IGUACU;Desobediência às normas de trânsito pelo condutor;Colisão com objeto estático;Sem Vítimas;Pleno dia;Crescente;Céu Claro;Dupla;Não Informado;Sim;1;0;0;0;1;0;0;1;-25,5075;-54,5838;SR-PR;UOP02;DEL05
274945;12/03/2020;quinta-feira;18:45:00;ES;101;70;SAO MATEUS;Desobediência às normas de trânsito pelo condutor;Colisão frontal;Com Vítimas Feridas;Plena Noite;Crescente;Nublado;Simples;Reta;Não;2;0;1;0;1;0;1;2;-18,74454;-39,86165;SR-ES;UOP02;DEL04
274946;12/03/2020;quinta-feira;18:30:00;GO;60;325;ACREUNA;Falta de Atenção à Condução;Saída de leito carroçável;Com Vítimas Feridas;Plena Noite;Crescente;Céu Claro;Dupla;Reta;Não;5;0;4;0;1;0;4;1;-17,5204;-50,4872;SR-GO;UOP01;DEL04
274947;12/03/2020;quinta-feira;19:10:00;PR;369;156,1;LONDRINA;Defeito Mecânico no Veículo;Tombamento;Com Vítimas Feridas;Plena Noite;Crescente;Céu Claro;Dupla;Não Informado;Sim;2;0;1;1;0;0;2;1;-23,29116;-51,21778;SR-PR;UOP01;DEL07
274948;12/03/2020;quinta-feira;18:00:00;MT;70;523;VARZEA GRANDE;Desobediência às normas de trânsito pelo condutor;Colisão frontal;Com Vítimas Feridas;Plena Noite;Crescente;Céu Claro;Simples;Reta;Sim;2;0;1;0;1;0;1;2;-15,65987;-56,18745;SR-MT;UOP02;DEL05
274949;12/03/2020;quinta-feira;16:40:00;SC;470;97,5;APIUNA;Não guardar distância de segurança;Colisão com objeto estático;Com Vítimas Feridas;Pleno dia;Crescente;Céu Claro;Simples;Curva;Sim;1;0;1;0;0;0;1;1;-27,02662;-49,37812;SR-SC;UOP01;DEL04
274951;25/02/2020;terça-feira;16:15:00;MG;116;782,7;LEOPOLDINA;Velocidade Incompatível;Tombamento;Com Vítimas Feridas;Pleno dia;Decrescente;Nublado;Simples;Curva;Não;2;0;1;1;0;0;2;1;-21,62704;-42,69997;SR-MG;UOP01;DEL07
274952;12/03/2020;quinta-feira;17:45:00;SC;280;56,5;GUARAMIRIM;Desobediência às normas de trânsito pelo condutor;Colisão transversal;Com Vítimas Feridas;Pleno dia;Crescente;Nublado;Simples;Reta;Não;3;0;0;1;1;1;1;2;-26,47933;-49,00825;SR-SC;UOP03;DEL03
274953;12/03/2020;quinta-feira;18:05:00;MT;163;844;SINOP;Avarias e/ou desgaste excessivo no pneu;Tombamento;Com Vítimas Feridas;Anoitecer;Crescente;Nublado;Simples;Reta;Não;2;0;2;0;0;0;2;1;-11,90745;-55,50727;SR-MT;UOP02;DEL06
274955;12/03/2020;quinta-feira;18:00:00;PR;376;391;IMBAU;Falta de Atenção à Condução;Saída de leito carroçável;Com Vítimas Feridas;Anoitecer;Decrescente;Céu Claro;Dupla;Curva;Não;1;0;1;0;0;0;1;1;-24,48747;-50,73423;SR-PR;UOP04;DEL03
274956;12/03/2020;quinta-feira;20:00:00;MG;365;616;UBERLANDIA;Falta de Atenção do Pedestre;Atropelamento de Pedestre;Com Vítimas Feridas;Plena Noite;Decrescente;Céu Claro;Dupla;Reta;Sim;2;0;0;2;0;0;2;1;-18,8846;-48,26594;SR-MG;UOP01;DEL15
274957;12/03/2020;quinta-feira;19:50:00;PR;369;177,5;ROLANDIA;Animais na Pista;Atropelamento de Animal;Com Vítimas Feridas;Plena Noite;Crescente;Nublado;Simples;Reta;Sim;1;0;0;1;0;0;1;1;-23,34533;-51,38658;SR-PR;UOP01;DEL07
274958;12/03/2020;quinta-feira;19:25:00;PR;476;118;COLOMBO;Falta de Atenção do Pedestre;Atropelamento de Pedestre;Com Vítimas Feridas;Plena Noite;Decrescente;Céu Claro;Múltipla;Não Informado;Sim;3;0;0;2;0;1;2;1;-25,35634;-49,18083;SR-PR;UOP06;DEL01
274959;12/03/2020;quinta-feira;19:28:00;PR;277;7,4;PARANAGUA;Não guardar distância de segurança;Colisão lateral;Com Vítimas Feridas;Plena Noite;Decrescente;Céu Claro;Dupla;Reta;Não;2;0;1;0;1;0;1;2;-25,5682;-48,61529;SR-PR;UOP07;DEL01
274960;12/03/2020;quinta-feira;20:10:00;SC;280;55;GUARAMIRIM;Não guardar distância de segurança;Colisão traseira;Com Vítimas Feridas;Plena Noite;Crescente;Céu Claro;Simples;Reta;Sim;2;0;0;1;1;0;1;2;-26,47584;-48,99379;SR-SC;UOP03;DEL03
274961;12/03/2020;quinta-feira;20:40:00;PR;369;173;ROLANDIA;Ingestão de Álcool;Tombamento;Com Vítimas Feridas;Plena Noite;Decrescente;Céu Claro;Múltipla;Não Informado;Sim;1;0;0;1;0;0;1;1;-23,31029;-51,36943;SR-PR;UOP01;DEL07
274963;12/03/2020;quinta-feira;20:30:00;AL;104;37,1;UNIAO DOS PALMARES;Animais na Pista;Atropelamento de Animal;Com Vítimas Feridas;Plena Noite;Crescente;Garoa/Chuvisco;Simples;Reta;Não;2;0;1;0;1;0;1;1;-9,174913;-36,02935;SR-AL;UOP02;DEL01
274964;12/03/2020;quinta-feira;18:00:00;PR;369;199;APUCARANA;Velocidade Incompatível;Tombamento;Com Vítimas Feridas;Pleno dia;Crescente;Céu Claro;Simples;Curva;Sim;1;0;0;1;0;0;1;1;-23,52307;-51,44369;SR-PR;UOP03;DEL07
274965;12/03/2020;quinta-feira;19:55:00;PR;163;286;MARECHAL CANDIDO RONDON;Desobediência às normas de trânsito pelo condutor;Colisão frontal;Com Vítimas Feridas;Plena Noite;Crescente;Céu Claro;Dupla;Não Informado;Sim;2;0;0;1;1;0;1;2;-24,552;-54,041;SR-PR;UOP04;DEL06
274966;12/03/2020;quinta-feira;14:30:00;MA;135;13;SAO LUIS;Pista Escorregadia;Danos eventuais;Sem Vítimas;Pleno dia;Crescente;Chuva;Dupla;Desvio Temporário;Sim;1;0;0;0;1;0;0;1;-2,680535;-44,29512;SR-MA;UOP01;DEL01
274967;12/03/2020;quinta-feira;21:40:00;PR;373;222,3;IMBITUVA;Velocidade Incompatível;Saída de leito carroçável;Com Vítimas Feridas;Plena Noite;Decrescente;Céu Claro;Simples;Reta;Não;1;0;1;0;0;0;1;1;-25,1829;-50,59238;SR-PR;UOP01;DEL03
274968;12/03/2020;quinta-feira;11:30:00;MT;163;682;LUCAS DO RIO VERDE;Falta de Atenção à Condução;Saída de leito carroçável;Com Vítimas Feridas;Pleno dia;Crescente;Nublado;Simples;Reta;Não;3;0;2;0;1;0;2;1;-13,22457;-56,00446;SR-MT;UOP01;DEL06
274969;12/03/2020;quinta-feira;22:00:00;MG;381;487;BETIM;Falta de Atenção à Condução;Colisão traseira;Sem Vítimas;Plena Noite;Crescente;Céu Claro;Múltipla;Reta;Sim;3;0;0;0;2;1;0;2;-19,95587;-44,1461;SR-MG;UOP03;DEL01
274970;12/03/2020;quinta-feira;21:45:00;MG;365;476,2;PATROCINIO;Falta de Atenção à Condução;Colisão lateral;Com Vítimas Feridas;Plena Noite;Decrescente;Céu Claro;Dupla;Reta;Não;2;0;1;0;0;1;1;2;-18,91384;-47,04104;SR-MG;UOP01;DEL10
274971;12/03/2020;quinta-feira;20:30:00;GO;153;595;PIRACANJUBA;Defeito na Via;Saída de leito carroçável;Com Vítimas Feridas;Pleno dia;Decrescente;Céu Claro;Dupla;Não Informado;Não;1;0;1;0;0;0;1;1;-17,5077;-49,2157;SR-GO;UOP01;DEL03
274972;12/03/2020;quinta-feira;21:45:00;MG;381;487;CONTAGEM;Falta de Atenção à Condução;Colisão com objeto estático;Sem Vítimas;Plena Noite;Crescente;Céu Claro;Múltipla;Reta;Sim;1;0;0;0;0;1;0;1;-19,95587;-44,1461;SR-MG;UOP03;DEL01
274973;12/03/2020;quinta-feira;22:20:00;SC;282;5;SAO JOSE;Desobediência às normas de trânsito pelo condutor;Colisão lateral;Com Vítimas Feridas;Plena Noite;Decrescente;Céu Claro;Múltipla;Reta;Sim;3;0;2;0;1;0;2;2;-27,58843;-48,61292;SR-SC;UOP01;DEL01
274974;12/03/2020;quinta-feira;19:00:00;RJ;40;41;AREAL;Ingestão de Álcool;Atropelamento de Pedestre;Com Vítimas Feridas;Plena Noite;Decrescente;Céu Claro;Dupla;Reta;Não;3;0;0;1;1;1;1;1;-22,24771;-43,10582;SR-RJ;UOP01;DEL06
274975;12/03/2020;quinta-feira;22:05:00;MG;116;709;MURIAE;Falta de Atenção à Condução;Tombamento;Com Vítimas Feridas;Plena Noite;Crescente;Nublado;Simples;Curva;Não;1;0;1;0;0;0;1;1;-21,14823;-42,38251;SR-MG;UOP02;DEL07
274976;12/03/2020;quinta-feira;22:15:00;TO;153;146,3;ARAGUAINA;Ingestão de Álcool;Capotamento;Com Vítimas Feridas;Plena Noite;Decrescente;Nublado;Dupla;Reta;Sim;1;0;0;1;0;0;1;1;-7,213378;-48,24431;SR-TO;UOP04;DEL02
274978;12/03/2020;quinta-feira;19:15:00;RJ;116;270;BARRA MANSA;Falta de Atenção à Condução;Atropelamento de Pedestre;Com Vítimas Feridas;Plena Noite;Crescente;Céu Claro;Simples;Reta;Sim;3;0;1;1;1;0;2;1;-22,56923;-44,12024;SR-RJ;UOP02;DEL07
274979;12/03/2020;quinta-feira;22:50:00;RJ;116;178;NOVA IGUACU;Não guardar distância de segurança;Tombamento;Com Vítimas Feridas;Plena Noite;Crescente;Céu Claro;Dupla;Reta;Sim;1;0;1;0;0;0;1;1;-22,77496;-43,40081;SR-RJ;UOP02;DEL01
274980;12/03/2020;quinta-feira;20:49:00;SC;282;543;CHAPECO;Falta de Atenção à Condução;Colisão frontal;Com Vítimas Feridas;Plena Noite;Crescente;Céu Claro;Simples;Reta;Não;2;0;1;0;1;0;1;2;-26,99939;-52,71783;SR-SC;UOP01;DEL07
274981;12/03/2020;quinta-feira;22:50:00;PB;230;2,9;CABEDELO;Falta de Atenção à Condução;Colisão lateral;Com Vítimas Feridas;Plena Noite;Crescente;Chuva;Dupla;Reta;Sim;3;0;1;1;1;0;2;2;-6,9837;-34,8295;SR-PB;UOP01;DEL01
274982;12/03/2020;quinta-feira;21:00:00;BA;135;147;RIACHAO DAS NEVES;Animais na Pista;Atropelamento de Animal;Sem Vítimas;Plena Noite;Decrescente;Céu Claro;Simples;Reta;Não;1;0;0;0;1;0;0;1;-11,89851;-44,86688;SR-BA;UOP01;DEL10
274983;12/03/2020;quinta-feira;22:40:00;PR;163;175,2;LINDOESTE;Condutor Dormindo;Colisão com objeto estático;Com Vítimas Feridas;Plena Noite;Decrescente;Céu Claro;Simples;Reta;Não;2;0;1;1;0;0;2;1;-25,21735;-53,59538;SR-PR;UOP06;DEL04
274984;12/03/2020;quinta-feira;22:45:00;SC;101;206;SAO JOSE;Falta de Atenção à Condução;Colisão traseira;Com Vítimas Feridas;Plena Noite;Decrescente;Céu Claro;Múltipla;Reta;Sim;3;0;2;0;1;0;2;2;-27,59194;-48,61825;SR-SC;UOP01;DEL01
274985;12/03/2020;quinta-feira;12:00:00;ES;262;3,9;CARIACICA;Desobediência às normas de trânsito pelo condutor;Colisão lateral;Com Vítimas Feridas;Pleno dia;Crescente;Nublado;Dupla;Reta;Sim;2;0;1;0;1;0;1;2;-20,33374;-40,36911;SR-ES;UOP01;DEL01
274986;12/03/2020;quinta-feira;23:50:00;CE;403;124,9;SOBRAL;Condutor Dormindo;Saída de leito carroçável;Com Vítimas Feridas;Plena Noite;Decrescente;Nublado;Simples;Reta;Não;1;0;1;0;0;0;1;1;-3,738168;-40,48001;SR-CE;UOP01;DEL04
274987;12/03/2020;quinta-feira;22:10:00;PB;230;200,1;POCINHOS;Ingestão de Álcool;Colisão com objeto estático;Sem Vítimas;Plena Noite;Decrescente;Chuva;Simples;Reta;Não;2;0;0;0;2;0;0;1;-7,1037;-36,2363;SR-PB;UOP02;DEL02
274988;12/03/2020;quinta-feira;23:40:00;RJ;116;144;DUQUE DE CAXIAS;Avarias e/ou desgaste excessivo no pneu;Tombamento;Sem Vítimas;Plena Noite;Decrescente;Céu Claro;Simples;Não Informado;Sim;1;0;0;0;1;0;0;1;-22,65738;-43,24725;SR-RJ;UOP02;DEL04
274989;12/03/2020;quinta-feira;23:40:00;PA;230;120,8;MARABA;Pista Escorregadia;Queda de ocupante de veículo;Com Vítimas Feridas;Plena Noite;Crescente;Chuva;Dupla;Curva;Sim;2;0;0;1;1;0;1;1;-5,351318;-49,12054;SR-PA;UOP01;DEL03
274990;12/03/2020;quinta-feira;22:00:00;MG;381;645,9;SANTO ANTONIO DO AMPARO;Defeito na Via;Tombamento;Sem Vítimas;Plena Noite;Crescente;Céu Claro;Dupla;Reta;Não;1;0;0;0;1;0;0;1;-20,95264;-44,87821;SR-MG;UOP01;DEL04
274991;13/03/2020;sexta-feira;00:10:00;RS;116;247;SAO LEOPOLDO;Falta de Atenção à Condução;Queda de ocupante de veículo;Com Vítimas Feridas;Plena Noite;Crescente;Céu Claro;Dupla;Reta;Sim;1;0;1;0;0;0;1;1;-29,76733;-51,15353;SR-RS;UOP02;DEL01
274992;12/03/2020;quinta-feira;22:40:00;RS;386;322,8;MARQUES DE SOUZA;Falta de Atenção à Condução;Colisão frontal;Com Vítimas Fatais;Plena Noite;Crescente;Céu Claro;Simples;Reta;Não;3;2;0;0;1;0;0;2;-29,29716;-52,1142;SR-RS;UOP01;DEL04
274993;12/03/2020;quinta-feira;23:45:00;MG;381;505;BETIM;Defeito Mecânico no Veículo;Incêndio;Sem Vítimas;Plena Noite;Decrescente;Céu Claro;Múltipla;Não Informado;Sim;1;0;0;0;1;0;0;1;-20,04478;-44,27276;SR-MG;UOP03;DEL01
274994;12/03/2020;quinta-feira;22:30:00;MG;381;289,9;ANTONIO DIAS;Ingestão de Álcool;Colisão lateral;Com Vítimas Feridas;Plena Noite;Decrescente;Chuva;Simples;Curva;Não;4;0;2;0;2;0;2;2;-19,63794;-42,82138;SR-MG;UOP02;DEL03
274995;13/03/2020;sexta-feira;01:10:00;PB;101;38,9;MAMANGUAPE;Ingestão de Álcool;Colisão com objeto estático;Com Vítimas Feridas;Plena Noite;Decrescente;Chuva;Simples;Interseção de vias;Sim;1;0;1;0;0;0;1;1;-6,842195;-35,13599;SR-PB;UOP03;DEL01
274996;13/03/2020;sexta-feira;01:30:00;BA;116;842;VITORIA DA CONQUISTA;Falta de Atenção à Condução;Colisão traseira;Com Vítimas Feridas;Plena Noite;Decrescente;Nublado;Simples;Não Informado;Não;2;0;0;1;1;0;1;2;-14,93088;-40,88736;SR-BA;UOP01;DEL08
274997;13/03/2020;sexta-feira;01:30:00;RS;470;2,2;BARRACAO;Falta de Atenção à Condução;Saída de leito carroçável;Com Vítimas Feridas;Plena Noite;Crescente;Céu Claro;Simples;Não Informado;Não;2;0;1;0;1;0;1;1;-27,61456;-51,47493;SR-RS;UOP05;DEL08
274998;13/03/2020;sexta-feira;02:30:00;SC;470;2,7;NAVEGANTES;Condutor Dormindo;Tombamento;Com Vítimas Feridas;Plena Noite;Crescente;Céu Claro;Dupla;Reta;Não;1;0;1;0;0;0;1;1;-26,86855;-48,67483;SR-SC;UOP04;DEL04
274999;13/03/2020;sexta-feira;01:30:00;PI;135;349;BOM JESUS;Falta de Atenção do Pedestre;Atropelamento de Pedestre;Com Vítimas Fatais;Plena Noite;Crescente;Céu Claro;Simples;Reta;Não;2;1;0;0;0;1;0;1;-9,071874;-44,33026;SR-PI;UOP02;DEL03
275000;13/03/2020;sexta-feira;04:40:00;RJ;116;189;QUEIMADOS;Ingestão de álcool e/ou substâncias psicoativas pelo pedestre;Colisão lateral;Com Vítimas Feridas;Plena Noite;Crescente;Céu Claro;Dupla;Reta;Não;1;0;1;0;0;0;1;1;-22,73487;-43,5541;SR-RJ;UOP02;DEL01
275001;13/03/2020;sexta-feira;04:50:00;DF;40;7,6;BRASILIA;Ingestão de Álcool;Capotamento;Sem Vítimas;Plena Noite;Decrescente;Nublado;Dupla;Reta;Sim;1;0;0;0;1;0;0;1;-16,03867;-47,97969;SR-DF;UOP01;DEL01
275002;13/03/2020;sexta-feira;05:25:00;SC;470;50,7;BLUMENAU;Falta de Atenção à Condução;Colisão com objeto estático;Com Vítimas Feridas;Plena Noite;Decrescente;Céu Claro;Simples;Reta;Sim;1;0;1;0;0;0;1;1;-26,85977;-49,07449;SR-SC;UOP01;DEL04
275003;13/03/2020;sexta-feira;05:45:00;PR;376;625,9;SAO JOSE DOS PINHAIS;Falta de Atenção à Condução;Queda de ocupante de veículo;Com Vítimas Feridas;Amanhecer;Crescente;Nublado;Simples;Rotatória;Não;1;0;1;0;0;0;1;1;-25,65218;-49,15731;SR-PR;UOP01;DEL01
275004;13/03/2020;sexta-feira;05:10:00;PE;428;25,9;CABROBO;Não guardar distância de segurança;Colisão traseira;Com Vítimas Feridas;Amanhecer;Crescente;Céu Claro;Simples;Reta;Não;6;0;4;0;2;0;4;2;-8,490193;-39,44032;SR-PE;UOP03;DEL05
275005;13/03/2020;sexta-feira;05:30:00;RS;470;154;NOVA PRATA;Ingestão de Álcool;Colisão traseira;Com Vítimas Feridas;Amanhecer;Decrescente;Céu Claro;Simples;Reta;Sim;3;0;1;0;2;0;1;2;-28,77711;-51,61127;SR-RS;UOP02;DEL06
275006;13/03/2020;sexta-feira;05:00:00;SC;101;225;PALHOCA;Ingestão de Álcool;Colisão traseira;Com Vítimas Feridas;Amanhecer;Crescente;Céu Claro;Dupla;Reta;Não;3;0;1;0;2;0;1;2;-27,73292;-48,64096;SR-SC;UOP02;DEL01