id;data_inversa;dia_semana;horario;uf;br;km;municipio;causa_acidente;tipo_acidente;classificacao_acidente;fase_dia;sentido_via;condicao_metereologica;tipo_pista;tracado_via;uso_solo;pessoas;mortos;feridos_leves;feridos_graves;ilesos;ignorados;feridos;veiculos;latitude;longitude;regional;delegacia;uop
275215;13/03/2020;sexta-feira;19:05:00;MS;163;12,5;MUNDO NOVO;Falta de Atenção do Pedestre;Atropelamento de Pedestre;Com Vítimas Feridas;Anoitecer;Crescente;Céu Claro;Simples;Reta;Não;2;0;1;0;1;0;1;1;-23,96187;-54,32158;SR-MS;UOP02;DEL09
275216;13/03/2020;sexta-feira;21:35:00;MG;365;163;PIRAPORA;Animais na Pista;Atropelamento de Animal;Com Vítimas Feridas;Plena Noite;Decrescente;Céu Claro;Simples;Reta;Sim;2;0;1;0;1;0;1;2;-17,36147;-44,91972;SR-MG;UOP01;DEL12
275217;13/03/2020;sexta-feira;20:20:00;AL;316;84,8;SANTANA DO IPANEMA;Desobediência às normas de trânsito pelo condutor;Colisão lateral;Com Vítimas Feridas;Plena Noite;Decrescente;Céu Claro;Simples;Não Informado;Sim;2;0;1;0;1;0;1;2;-9,366813;-37,25183;SR-AL;UOP02;DEL03
275218;11/03/2020;quarta-feira;15:00:00;MS;163;682;RIO VERDE DE MATO GROSSO;Condutor Dormindo;Colisão traseira;Com Vítimas Feridas;Pleno dia;Crescente;Céu Claro;Simples;Reta;Sim;2;0;1;0;1;0;1;2;-18,89992;-54,84253;SR-MS;UOP02;DEL06
275219;13/03/2020;sexta-feira;22:10:00;MG;381;482;BETIM;Ingestão de Álcool;Colisão traseira;Com Vítimas Feridas;Plena Noite;Decrescente;Céu Claro;Múltipla;Desvio Temporário;Sim;3;0;1;0;2;0;1;3;-19,95553;-44,09721;SR-MG;UOP03;DEL01
275220;15/02/2020;sábado;15:00:00;SC;282;385,2;JOACABA;Falta de Atenção à Condução;Colisão traseira;Com Vítimas Feridas;Pleno dia;Decrescente;Céu Claro;Simples;Não Informado;Não;3;0;0;1;1;1;1;2;-27,19443;-51,51587;SR-SC;UOP07;DEL07
275221;13/03/2020;sexta-feira;22:05:00;RS;470;206;BENTO GONCALVES;Velocidade Incompatível;Saída de leito carroçável;Com Vítimas Feridas;Plena Noite;Decrescente;Céu Claro;Simples;Curva;Não;2;0;1;1;0;0;2;1;-29,08977;-51,55618;SR-RS;UOP01;DEL06
275222;13/03/2020;sexta-feira;22:40:00;SE;101;93;NOSSA SENHORA DO SOCORRO;Falta de Atenção à Condução;Colisão com objeto estático;Sem Vítimas;Pleno dia;Decrescente;Céu Claro;Dupla;Reta;Sim;1;0;0;0;0;1;0;1;-10,90212;-37,14495;SR-SE;UOP01;DEL01
275224;13/03/2020;sexta-feira;23:30:00;ES;101;98,7;JAGUARE;Não guardar distância de segurança;Colisão traseira;Com Vítimas Feridas;Plena Noite;Crescente;Nublado;Simples;Reta;Não;2;0;2;0;0;0;2;1;-18,96369;-39,98758;SR-ES;UOP02;DEL04
275225;13/03/2020;sexta-feira;22:40:00;SC;101;158;PORTO BELO;Desobediência às normas de trânsito pelo condutor;Colisão traseira;Com Vítimas Feridas;Plena Noite;Crescente;Céu Claro;Dupla;Retorno Regulamentado;Não;4;0;3;0;1;0;3;4;-27,19096;-48,61259;SR-SC;UOP03;DEL04
275226;13/03/2020;sexta-feira;11:40:00;MA;10;289;IMPERATRIZ;Desobediência às normas de trânsito pelo condutor;Colisão lateral;Com Vítimas Feridas;Pleno dia;Decrescente;Chuva;Simples;Curva;Não;4;0;1;0;3;0;1;2;-5,206996;-47,51788;SR-MA;UOP01;DEL04
275227;13/03/2020;sexta-feira;16:20:00;MG;153;47;MONTE ALEGRE DE MINAS;Condutor Dormindo;Colisão traseira;Com Vítimas Feridas;Pleno dia;Decrescente;Céu Claro;Dupla;Curva;Não;2;0;1;0;1;0;1;2;-18,7962;-49,08248;SR-MG;UOP03;DEL15
275229;14/03/2020;sábado;00:20:00;RS;116;265;CANOAS;Defeito Mecânico no Veículo;Colisão lateral;Com Vítimas Feridas;Plena Noite;Decrescente;Céu Claro;Dupla;Reta;Sim;3;0;2;0;1;0;2;2;-29,92342;-51,17781;SR-RS;UOP01;DEL01
275230;13/03/2020;sexta-feira;17:20:00;MG;262;449;NOVA SERRANA;Falta de Atenção à Condução;Colisão traseira;Com Vítimas Feridas;Pleno dia;Crescente;Céu Claro;Simples;Reta;Não;3;0;1;1;1;0;2;2;-19,87111;-44,97974;SR-MG;UOP03;DEL08
275231;13/03/2020;sexta-feira;22:30:00;BA;101;16,4;RIO REAL;Falta de Atenção à Condução;Saída de leito carroçável;Sem Vítimas;Plena Noite;Crescente;Céu Claro;Dupla;Reta;Não;2;0;0;0;0;2;0;1;-11,67529;-37,89905;SR-SE;UOP03;DEL02
275232;14/03/2020;sábado;01:20:00;SP;116;223;GUARULHOS;Ingestão de Álcool;Colisão traseira;Com Vítimas Feridas;Plena Noite;Decrescente;Céu Claro;Múltipla;Reta;Sim;2;0;1;0;0;1;1;2;-23,47658;-46,52637;SR-SP;UOP01;DEL01
275233;14/03/2020;sábado;01:20:00;DF;20;22,2;BRASILIA;Velocidade Incompatível;Saída de leito carroçável;Sem Vítimas;Plena Noite;Decrescente;Céu Claro;Dupla;Reta;Sim;1;0;0;0;1;0;0;1;-15,59834;-47,67619;SR-DF;UOP01;DEL02
275234;14/03/2020;sábado;01:10:00;MG;381;493,5;BETIM;Ingestão de Álcool;Colisão com objeto estático;Com Vítimas Feridas;Plena Noite;Decrescente;Céu Claro;Múltipla;Reta;Sim;2;0;2;0;0;0;2;1;-19,96464;-44,17225;SR-MG;UOP03;DEL01
275235;13/03/2020;sexta-feira;23:45:00;MT;163;1022;PEIXOTO DE AZEVEDO;Falta de Atenção à Condução;Saída de leito carroçável;Com Vítimas Feridas;Plena Noite;Decrescente;Nublado;Simples;Reta;Não;1;0;1;0;0;0;1;1;-10,31226;-55,03464;SR-MT;UOP02;DEL06
275236;13/03/2020;sexta-feira;22:45:00;PR;277;69;SAO JOSE DOS PINHAIS;Falta de Atenção à Condução;Colisão lateral;Com Vítimas Feridas;Plena Noite;Decrescente;Nublado;Dupla;Reta;Não;2;0;1;0;1;0;1;2;-25,53715;-49,07077;SR-PR;UOP06;DEL01
275237;14/03/2020;sábado;01:30:00;PR;277;64;SAO JOSE DOS PINHAIS;Ingestão de Álcool;Saída de leito carroçável;Sem Vítimas;Plena Noite;Decrescente;Nublado;Dupla;Reta;Não;1;0;0;0;1;0;0;1;-25,55704;-49,02613;SR-PR;UOP06;DEL01
275239;14/03/2020;sábado;02:45:00;RS;472;116,9;BOA VISTA DO BURICA;Falta de Atenção à Condução;Colisão traseira;Com Vítimas Feridas;Plena Noite;Decrescente;Céu Claro;Simples;Reta;Não;3;0;2;0;1;0;2;2;-27,67578;-54,11333;SR-RS;UOP01;DEL10
275240;14/03/2020;sábado;03:00:00;RJ;101;276;TANGUA;Ingestão de Álcool;Colisão com objeto em movimento;Com Vítimas Feridas;Plena Noite;Decrescente;Céu Claro;Dupla;Reta;Sim;4;0;1;1;2;0;2;2;-22,73796;-42,73872;SR-RJ;UOP03;DEL02
275241;14/03/2020;sábado;03:00:00;RJ;493;19;MAGE;Falta de Atenção à Condução;Colisão transversal;Com Vítimas Feridas;Plena Noite;Decrescente;Céu Claro;Simples;Reta;Sim;2;0;1;0;1;0;1;2;-22,66373;-43,03325;SR-RJ;UOP02;DEL04
275242;14/03/2020;sábado;03:50:00;PR;376;471,1;PONTA GROSSA;Condutor Dormindo;Saída de leito carroçável;Com Vítimas Feridas;Plena Noite;Decrescente;Céu Claro;Dupla;Reta;Não;1;0;0;1;0;0;1;1;-25,0434;-50,26076;SR-PR;UOP01;DEL03
275243;13/03/2020;sexta-feira;23:00:00;ES;262;44,7;MARECHAL FLORIANO;Ingestão de Álcool;Tombamento;Sem Vítimas;Plena Noite;Decrescente;Chuva;Simples;Interseção de vias;Sim;1;0;0;0;0;1;0;1;-20,38909;-40,66912;SR-ES;UOP01;DEL01
275244;14/03/2020;sábado;03:20:00;GO;50;120;IPAMERI;Condutor Dormindo;Saída de leito carroçável;Com Vítimas Feridas;Plena Noite;Crescente;Céu Claro;Dupla;Não Informado;Não;1;0;1;0;0;0;1;1;-16,9309;-47,7117;SR-GO;UOP01;DEL06
275245;14/03/2020;sábado;05:00:00;ES;101;288;CARIACICA;Ingestão de Álcool;Colisão frontal;Com Vítimas Feridas;Plena Noite;Crescente;Ignorado;Dupla;Reta;Não;6;0;1;0;5;0;1;2;-20,2716;-40,39092;SR-ES;UOP01;DEL01
275246;14/03/2020;sábado;05:00:00;PR;376;181,5;MARINGA;Falta de Atenção à Condução;Saída de leito carroçável;Com Vítimas Fatais;Amanhecer;Crescente;Céu Claro;Dupla;Reta;Sim;2;1;0;0;1;0;0;2;-23,42938;-51,89184;SR-PR;UOP01;DEL09
275247;14/03/2020;sábado;05:10:00;PR;376;177,9;MARINGA;Falta de Atenção à Condução;Queda de ocupante de veículo;Com Vítimas Feridas;Plena Noite;Crescente;Nublado;Dupla;Reta;Sim;1;0;1;0;0;0;1;1;-23,4156;-51,924;SR-PR;UOP01;DEL09
275248;14/03/2020;sábado;04:30:00;SC;470;149,9;AGRONOMICA;Velocidade Incompatível;Colisão com objeto estático;Com Vítimas Feridas;Plena Noite;Crescente;Céu Claro;Simples;Não Informado;Sim;1;0;1;0;0;0;1;1;-27,2521;-49,70213;SR-SC;UOP02;DEL04
275249;14/03/2020;sábado;03:15:00;SC;470;119;IBIRAMA;Defeito Mecânico no Veículo;Incêndio;Sem Vítimas;Plena Noite;Crescente;Céu Claro;Simples;Reta;Sim;1;0;0;0;1;0;0;1;-27,08397;-49,52066;SR-SC;UOP02;DEL04
275250;14/03/2020;sábado;05:50:00;CE;222;129;ITAPAJE;Velocidade Incompatível;Tombamento;Sem Vítimas;Pleno dia;Decrescente;Céu Claro;Simples;Curva;Sim;1;0;0;0;1;0;0;1;-3,707476;-39,62331;SR-CE;UOP03;DEL04
275251;14/03/2020;sábado;05:30:00;SC;470;138;RIO DO SUL;Falta de Atenção à Condução;Colisão com objeto estático;Sem Vítimas;Amanhecer;Decrescente;Céu Claro;Simples;Reta;Sim;1;0;0;0;1;0;0;1;-27,19502;-49,62496;SR-SC;UOP02;DEL04
275252;14/03/2020;sábado;05:30:00;ES;101;155,7;LINHARES;Pista Escorregadia;Saída de leito carroçável;Com Vítimas Feridas;Amanhecer;Decrescente;Garoa/Chuvisco;Simples;Reta;Não;1;0;1;0;0;0;1;1;-19,43842;-40,08914;SR-ES;UOP01;DEL04
275253;14/03/2020;sábado;05:15:00;SC;158;106,8;CUNHA PORA;Ingestão de Álcool;Colisão com objeto estático;Sem Vítimas;Plena Noite;Crescente;Céu Claro;Simples;Curva;Não;1;0;0;0;0;1;0;1;-26,88047;-53,17374;SR-SC;UOP02;DEL07
275254;14/03/2020;sábado;05:00:00;GO;60;137;GOIANIA;Falta de Atenção à Condução;Queda de ocupante de veículo;Com Vítimas Feridas;Amanhecer;Crescente;Céu Claro;Simples;Reta;Sim;1;0;1;0;0;0;1;1;-16,603;-49,2023;SR-GO;UOP01;DEL01
275255;14/03/2020;sábado;04:40:00;MA;10;144;PORTO FRANCO;Objeto estático sobre o leito carroçável;Colisão com objeto estático;Com Vítimas Feridas;Plena Noite;Crescente;Chuva;Simples;Rotatória;Não;2;0;1;0;0;1;1;1;-6,460998;-47,39648;SR-MA;UOP02;DEL04
275257;14/03/2020;sábado;04:50:00;RJ;40;59;PETROPOLIS;Velocidade Incompatível;Saída de leito carroçável;Com Vítimas Feridas;Plena Noite;Crescente;Céu Claro;Dupla;Curva;Sim;1;0;1;0;0;0;1;1;-22,38629;-43,13543;SR-RJ;UOP01;DEL06
275258;14/03/2020;sábado;05:30:00;SC;101;234,2;PALHOCA;Condutor Dormindo;Colisão com objeto estático;Sem Vítimas;Amanhecer;Crescente;Céu Claro;Dupla;Curva;Não;1;0;0;0;1;0;0;1;-27,81044;-48,63537;SR-SC;UOP02;DEL01
275259;14/03/2020;sábado;05:30:00;RS;285;253;AGUA SANTA;Objeto estático sobre o leito carroçável;Capotamento;Com Vítimas Feridas;Amanhecer;Crescente;Céu Claro;Simples;Reta;Não;4;0;4;0;0;0;4;1;-28,29782;-52,01007;SR-RS;UOP03;DEL08
275261;14/03/2020;sábado;05:40:00;MG;381;709,9;NEPOMUCENO;Falta de Atenção à Condução;Saída de leito carroçável;Com Vítimas Feridas;Amanhecer;Decrescente;Céu Claro;Dupla;Reta;Não;1;0;1;0;0;0;1;1;-21,37772;-45,1942;SR-MG;UOP02;DEL04
275262;14/03/2020;sábado;05:20:00;RO;364;44,3;VILHENA;Restrição de Visibilidade;Colisão transversal;Com Vítimas Feridas;Amanhecer;Decrescente;Nevoeiro/Neblina;Simples;Reta;Não;2;0;0;1;1;0;1;2;-12,60211;-60,34375;SR-RO;UOP01;DEL04
275264;14/03/2020;sábado;06:45:00;ES;101;259;SERRA;Avarias e/ou desgaste excessivo no pneu;Saída de leito carroçável;Sem Vítimas;Pleno dia;Decrescente;Nublado;Dupla;Reta;Sim;1;0;0;0;0;1;0;1;-20,1384;-40,29221;SR-ES;UOP01;DEL02
275265;14/03/2020;sábado;05:02:00;PI;343;7,1;PARNAIBA;Ingestão de Álcool;Colisão frontal;Com Vítimas Feridas;Amanhecer;Decrescente;Nublado;Simples;Reta;Sim;2;0;1;0;0;1;1;2;-2,898292;-41,71621;SR-PI;UOP01;DEL05
275266;14/03/2020;sábado;06:30:00;RJ;116;176;NOVA IGUACU;Ingestão de Álcool;Queda de ocupante de veículo;Com Vítimas Feridas;Pleno dia;Decrescente;Céu Claro;Múltipla;Curva;Não;2;0;1;0;1;0;1;1;-22,78395;-43,38195;SR-RJ;UOP02;DEL01
275267;14/03/2020;sábado;07:10:00;RJ;493;19;GUAPIMIRIM;Velocidade Incompatível;Colisão traseira;Com Vítimas Feridas;Pleno dia;Crescente;Ignorado;Simples;Ponte;Sim;2;0;0;1;1;0;1;2;-22,66552;-43,02801;SR-RJ;UOP02;DEL04
275268;14/03/2020;sábado;07:30:00;SC;280;54,9;GUARAMIRIM;Falta de Atenção à Condução;Colisão transversal;Com Vítimas Feridas;Pleno dia;Crescente;Céu Claro;Simples;Reta;Sim;2;0;1;0;1;0;1;2;-26,4772;-48,99661;SR-SC;UOP03;DEL03
275269;14/03/2020;sábado;07:30:00;RN;406;168;SAO GONCALO DO AMARANTE;Falta de Atenção à Condução;Tombamento;Com Vítimas Feridas;Pleno dia;Decrescente;Nublado;Dupla;Reta;Sim;2;0;2;0;0;0;2;1;-5,752695;-35,31535;SR-RN;UOP01;DEL02
275270;14/03/2020;sábado;07:10:00;RS;392;344,8;SANTA MARIA;Ingestão de Álcool;Saída de leito carroçável;Sem Vítimas;Pleno dia;Crescente;Céu Claro;Simples;Curva;Não;1;0;0;0;1;0;0;1;-29,78777;-53,78226;SR-RS;UOP01;DEL09
275271;14/03/2020;sábado;04:00:00;PR;277;114;CAMPO LARGO;Defeito Mecânico no Veículo;Incêndio;Sem Vítimas;Plena Noite;Crescente;Nublado;Dupla;Reta;Sim;1;0;0;0;0;1;0;1;-25,44658;-49,48588;SR-PR;UOP03;DEL03
275272;14/03/2020;sábado;07:40:00;MG;381;346;BELA VISTA DE MINAS;Velocidade Incompatível;Queda de ocupante de veículo;Com Vítimas Feridas;Amanhecer;Crescente;Chuva;Simples;Curva;Não;2;0;2;0;0;0;2;1;-19,85741;-43,12344;SR-MG;UOP01;DEL03
275273;14/03/2020;sábado;04:40:00;SC;282;219,3;LAGES;Falta de Atenção à Condução;Colisão frontal;Com Vítimas Feridas;Plena Noite;Crescente;Nublado;Simples;Reta;Sim;3;0;2;0;1;0;2;2;-27,79552;-50,32361;SR-SC;UOP01;DEL05
275274;14/03/2020;sábado;07:00:00;DF;70;2,2;BRASILIA;Desobediência às normas de trânsito pelo condutor;Colisão traseira;Com Vítimas Feridas;Pleno dia;Decrescente;Céu Claro;Dupla;Reta;Não;2;0;1;0;1;0;1;2;-15,79805;-48,07323;SR-DF;UOP03;DEL01
275275;14/03/2020;sábado;07:40:00;PR;376;545,8;PALMEIRA;Falta de Atenção à Condução;Colisão lateral;Com Vítimas Feridas;Pleno dia;Decrescente;Céu Claro;Dupla;Reta;Não;5;0;1;2;1;1;3;2;-25,44564;-49,74249;SR-PR;UOP03;DEL03
275276;14/03/2020;sábado;06:25:00;MG;40;800,3;MATIAS BARBOSA;Falta de Atenção à Condução;Colisão com objeto estático;Com Vítimas Feridas;Amanhecer;Crescente;Garoa/Chuvisco;Dupla;Não Informado;Não;1;0;1;0;0;0;1;1;-21,83023;-43,37334;SR-MG;UOP01;DEL05
275277;14/01/2020;terça-feira;07:00:00;PR;277;599;CASCAVEL;Ingestão de Substâncias Psicoativas;Colisão com objeto estático;Com Vítimas Feridas;Pleno dia;Crescente;Nublado;Dupla;Reta;Sim;1;0;1;0;0;0;1;1;-24,99682;-53,51625;SR-PR;DEL7/4;UOP01/PR
275278;14/03/2020;sábado;03:00:00;SP;116;278,7;ITAPECERICA DA SERRA;Falta de Atenção à Condução;Colisão lateral;Com Vítimas Fatais;Plena Noite;Crescente;Céu Claro;Dupla;Curva;Sim;3;1;0;0;1;1;0;3;-23,65566;-46,84984;SR-SP;UOP01;DEL04
275279;14/03/2020;sábado;07:00:00;BA;324;533;FEIRA DE SANTANA;Falta de Atenção à Condução;Capotamento;Com Vítimas Feridas;Pleno dia;Crescente;Nublado;Dupla;Curva;Não;2;0;1;0;1;0;1;1;-12,3445;-38,84017;SR-BA;UOP01;DEL01
275280;10/03/2020;terça-feira;21:50:00;SP;116;222;GUARULHOS;Mal Súbito;Queda de ocupante de veículo;Com Vítimas Fatais;Plena Noite;Crescente;Nublado;Múltipla;Reta;Não;1;1;0;0;0;0;0;1;-23,47093;-46,51631;SR-SP;UOP01;DEL01
275281;13/03/2020;sexta-feira;12:00:00;PR;163;9,1;BARRACAO;Carga excessiva e/ou mal acondicionada;Colisão com objeto estático;Sem Vítimas;Pleno dia;Decrescente;Céu Claro;Simples;Reta;Sim;1;0;0;0;1;0;0;1;-26,25252;-53,63496;SR-PR;UOP02;DEL02
275282;14/03/2020;sábado;06:00:00;SP;116;513,4;CAJATI;Falta de Atenção à Condução;Tombamento;Com Vítimas Feridas;Pleno dia;Decrescente;Céu Claro;Dupla;Curva;Não;1;0;1;0;0;0;1;1;-24,8511;-48,21802;SR-SP;UOP02;DEL05
275283;13/03/2020;sexta-feira;22:35:00;SC;280;120,8;SAO BENTO DO SUL;Velocidade Incompatível;Tombamento;Com Vítimas Feridas;Plena Noite;Crescente;Nublado;Simples;Rotatória;Não;1;0;1;0;0;0;1;1;-26,26094;-49,44274;SR-SC;UOP03;DEL06
275285;14/03/2020;sábado;07:20:00;PR;376;601;CURITIBA;Falta de Atenção à Condução;Colisão traseira;Com Vítimas Feridas;Pleno dia;Crescente;Sol;Dupla;Reta;Não;2;0;1;0;1;0;1;2;-25,53705;-49,31404;SR-PR;UOP04;DEL01
275286;14/03/2020;sábado;07:25:00;MT;163;834;SINOP;Falta de Atenção à Condução;Saída de leito carroçável;Com Vítimas Feridas;Pleno dia;Crescente;Nublado;Dupla;Reta;Sim;1;0;1;0;0;0;1;1;-11,99586;-55,51709;SR-MT;UOP01;DEL06
275287;14/03/2020;sábado;08:15:00;RS;290;487,3;ROSARIO DO SUL;Falta de Atenção à Condução;Colisão lateral;Com Vítimas Feridas;Pleno dia;Crescente;Céu Claro;Simples;Reta;Não;3;0;1;0;2;0;1;3;-30,23955;-54,99247;SR-RS;UOP02;DEL11
275288;08/03/2020;domingo;17:55:00;MS;158;101,8;PARANAIBA;Falta de Atenção à Condução;Colisão traseira;Com Vítimas Feridas;Plena Noite;Crescente;Céu Claro;Simples;Ponte;Não;2;0;1;0;1;0;1;2;-19,74422;-51,12853;SR-MS;UOP01;DEL08
275289;14/03/2020;sábado;07:09:00;SP;116;154;SAO JOSE DOS CAMPOS;Falta de Atenção à Condução;Colisão traseira;Sem Vítimas;Pleno dia;Decrescente;Céu Claro;Dupla;Reta;Não;2;0;0;0;2;0;0;2;-23,23904;-45,92062;SR-SP;UOP01;DEL02
275290;14/03/2020;sábado;08:50:00;PA;316;22;BENEVIDES;Defeito na Via;Colisão traseira;Com Vítimas Feridas;Pleno dia;Decrescente;Céu Claro;Dupla;Reta;Sim;3;0;0;1;2;0;1;2;-1,353446;-48,25703;SR-PA;UOP01;DEL01
275291;13/03/2020;sexta-feira;21:00:00;BA;242;366;PALMEIRAS;Falta de Atenção à Condução;Tombamento;Sem Vítimas;Plena Noite;Decrescente;Céu Claro;Simples;Desvio Temporário;Não;1;0;0;0;1;0;0;1;-12,46767;-41,43878;SR-BA;UOP01;DEL06
275292;14/03/2020;sábado;07:30:00;RS;116;141,1;CAXIAS DO SUL;Velocidade Incompatível;Colisão com objeto estático;Sem Vítimas;Pleno dia;Crescente;Sol;Simples;Não Informado;Não;1;0;0;0;0;1;0;1;-29,11202;-51,1117;SR-RS;UOP01;DEL05
275293;01/03/2020;domingo;12:30:00;MS;60;373,1;CAMPO GRANDE;Falta de Atenção à Condução;Colisão frontal;Com Vítimas Feridas;Pleno dia;Crescente;Céu Claro;Simples;Curva;Não;3;0;2;1;0;0;3;2;-20,57742;-54,70866;SR-MS;UOP04;DEL01
275295;14/03/2020;sábado;06:50:00;PR;277;104;CAMPO LARGO;Desobediência às normas de trânsito pelo condutor;Colisão traseira;Com Vítimas Feridas;Pleno dia;Crescente;Sol;Dupla;Retorno Regulamentado;Não;2;0;0;1;1;0;1;2;-25,49679;-49,34265;SR-PR;UOP04;DEL01
275296;14/03/2020;sábado;08:00:00;PR;116;66;CAMPINA GRANDE DO SUL;Pista Escorregadia;Derramamento de carga;Sem Vítimas;Pleno dia;Decrescente;Céu Claro;Dupla;Curva;Não;2;0;0;0;1;1;0;2;-25,31034;-49,01213;SR-PR;UOP02;DEL01
275297;14/03/2020;sábado;07:45:00;PB;230;473,3;SOUSA;Desobediência às normas de trânsito pelo condutor;Colisão com objeto estático;Com Vítimas Fatais;Pleno dia;Decrescente;Céu Claro;Simples;Reta;Não;8;1;4;1;2;0;5;3;-6,8131;-38,31;SR-PB;UOP03;DEL03
275298;14/03/2020;sábado;07:00:00;MG;381;777;CAMPANHA;Objeto estático sobre o leito carroçável;Colisão com objeto estático;Sem Vítimas;Pleno dia;Crescente;Céu Claro;Dupla;Reta;Não;1;0;0;0;1;0;0;1;-21,82473;-45,49551;SR-MG;UOP02;DEL16
275299;14/03/2020;sábado;10:10:00;PB;230;148,2;CAMPINA GRANDE;Falta de Atenção à Condução;Colisão lateral;Com Vítimas Feridas;Pleno dia;Crescente;Nublado;Dupla;Reta;Sim;2;0;1;1;0;0;2;2;-7,238;-35,8656;SR-PB;UOP01;DEL02
275300;14/03/2020;sábado;10:05:00;ES;262;5,5;CARIACICA;Não guardar distância de segurança;Colisão traseira;Com Vítimas Feridas;Pleno dia;Decrescente;Céu Claro;Dupla;Reta;Não;2;0;0;1;1;0;1;2;-20,33707;-40,3865;SR-ES;UOP01;DEL01
275302;14/03/2020;sábado;10:40:00;PR;116;115,9;CURITIBA;Falta de Atenção à Condução;Queda de ocupante de veículo;Com Vítimas Feridas;Pleno dia;Crescente;Céu Claro;Múltipla;Reta;Sim;2;0;1;0;1;0;1;1;-25,55013;-49,30486;SR-PR;UOP03;DEL01
275303;14/03/2020;sábado;11:15:00;SC;101;302;LAGUNA;Ingestão de Álcool;Saída de leito carroçável;Com Vítimas Feridas;Pleno dia;Decrescente;Céu Claro;Múltipla;Reta;Sim;1;0;1;0;0;0;1;1;-28,37649;-48,76361;SR-SC;UOP03;DEL02
275304;14/03/2020;sábado;10:45:00;ES;259;50;COLATINA;Falta de Atenção à Condução;Colisão transversal;Com Vítimas Feridas;Pleno dia;Crescente;Céu Claro;Simples;Interseção de vias;Sim;2;0;2;0;0;0;2;2;-19,5101;-40,60615;SR-ES;UOP01;DEL02
275305;14/03/2020;sábado;11:25:00;PE;101;68,6;RECIFE;Agressão Externa;Danos eventuais;Sem Vítimas;Pleno dia;Crescente;Nublado;Múltipla;Reta;Sim;2;0;0;0;1;1;0;1;-8,050743;-34,94581;SR-PE;UOP01;DEL01
275306;14/03/2020;sábado;07:00:00;MT;70;530;VARZEA GRANDE;Falta de Atenção à Condução;Colisão frontal;Com Vítimas Fatais;Pleno dia;Decrescente;Céu Claro;Simples;Desvio Temporário;Não;3;1;0;1;1;0;1;3;-15,64921;-56,19486;SR-MT;UOP02;DEL05
275307;14/03/2020;sábado;05:30:00;AM;319;691;HUMAITA;Ingestão de Álcool;Saída de leito carroçável;Sem Vítimas;Amanhecer;Decrescente;Céu Claro;Simples;Reta;Não;1;0;0;0;0;1;0;1;-7,661363;-63,08112;SR-RO;UOP03;DEL01
275308;14/03/2020;sábado;11:45:00;PR;369;202,2;APUCARANA;Desobediência às normas de trânsito pelo condutor;Colisão lateral;Com Vítimas Feridas;Pleno dia;Crescente;Céu Claro;Dupla;Reta;Sim;2;0;1;0;1;0;1;2;-23,54507;-51,45336;SR-PR;UOP03;DEL07
275309;14/03/2020;sábado;11:25:00;PB;101;88;JOAO PESSOA;Falta de Atenção à Condução;Tombamento;Com Vítimas Feridas;Pleno dia;Crescente;Sol;Dupla;Reta;Sim;3;0;2;0;0;1;2;1;-7,1647;-34,89994;SR-PB;UOP01;DEL01
275310;14/03/2020;sábado;10:30:00;PR;476;130;CURITIBA;Velocidade Incompatível;Colisão traseira;Com Vítimas Feridas;Pleno dia;Crescente;Céu Claro;Dupla;Reta;Sim;4;0;1;0;3;0;1;3;-25,44956;-49,23643;SR-PR;UOP06;DEL01
275311;14/03/2020;sábado;08:40:00;MT;163;837;SINOP;Defeito na Via;Saída de leito carroçável;Com Vítimas Feridas;Pleno dia;Decrescente;Céu Claro;Simples;Reta;Sim;1;0;1;0;0;0;1;1;-11,96896;-55,51696;SR-MT;UOP02;DEL06
275312;14/03/2020;sábado;12:20:00;ES;259;25,1;COLATINA;Defeito na Via;Capotamento;Com Vítimas Feridas;Pleno dia;Decrescente;Nublado;Simples;Reta;Não;4;0;1;0;3;0;1;1;-19,61948;-40,47748;SR-ES;UOP01;DEL02
275314;13/03/2020;sexta-feira;21:20:00;PI;135;446;MONTE ALEGRE DO PIAUI;Ingestão de Álcool;Saída de leito carroçável;Com Vítimas Feridas;Plena Noite;Crescente;Céu Claro;Simples;Reta;Não;1;0;0;1;0;0;1;1;-9,558813;-44,87191;SR-PI;UOP02;DEL03
275315;14/03/2020;sábado;05:45:00;PB;230;22;JOAO PESSOA;Falta de Atenção à Condução;Tombamento;Com Vítimas Feridas;Pleno dia;Crescente;Nublado;Dupla;Reta;Sim;1;0;1;0;0;0;1;1;-7,1495;-34,8517;SR-PB;UOP01;DEL01
275316;14/03/2020;sábado;12:25:00;SC;101;208,2;SAO JOSE;Não guardar distância de segurança;Colisão traseira;Com Vítimas Feridas;Pleno dia;Decrescente;Céu Claro;Múltipla;Reta;Sim;4;0;1;0;3;0;1;4;-27,60328;-48,63202;SR-SC;UOP01;DEL01
275317;14/03/2020;sábado;12:25:00;ES;101;0;VITORIA;Falta de Atenção à Condução;Colisão transversal;Com Vítimas Feridas;Pleno dia;Crescente;Céu Claro;Múltipla;Interseção de vias;Sim;2;0;1;0;1;0;1;2;-20,3154;-40,3018;SR-ES;UOP01;DEL02
275319;14/03/2020;sábado;09:20:00;MG;40;525;CONTAGEM;Avarias e/ou desgaste excessivo no pneu;Tombamento;Com Vítimas Feridas;Pleno dia;Crescente;Céu Claro;Dupla;Reta;Sim;1;0;1;0;0;0;1;1;-19,88362;-44,05039;SR-MG;UOP02;DEL01