id;data_inversa;dia_semana;horario;uf;br;km;municipio;causa_acidente;tipo_acidente;classificacao_acidente;fase_dia;sentido_via;condicao_metereologica;tipo_pista;tracado_via;uso_solo;pessoas;mortos;feridos_leves;feridos_graves;ilesos;ignorados;feridos;veiculos;latitude;longitude;regional;delegacia;uop
275424;14/03/2020;sábado;20:00:00;MG;365;767;ITUIUTABA;Falta de Atenção do Pedestre;Atropelamento de Pedestre;Com Vítimas Fatais;Plena Noite;Crescente;Céu Claro;Simples;Reta;Não;2;1;0;0;0;1;0;1;-18,96264;-49,58255;SR-MG;UOP03;DEL15
275425;14/03/2020;sábado;19:30:00;SC;470;137,5;RIO DO SUL;Velocidade Incompatível;Colisão frontal;Com Vítimas Feridas;Plena Noite;Crescente;Céu Claro;Simples;Curva;Sim;2;0;1;0;1;0;1;2;-27,2032;-49,63506;SR-SC;UOP02;DEL04
275427;14/03/2020;sábado;20:14:00;TO;153;622,5;ALIANCA DO TOCANTINS;Falta de Atenção do Pedestre;Atropelamento de Pedestre;Com Vítimas Fatais;Plena Noite;Crescente;Céu Claro;Simples;Reta;Não;2;1;0;0;1;0;0;1;-11,31478;-48,94255;SR-TO;UOP01;DEL02
275428;14/03/2020;sábado;20:30:00;MG;262;376;JUATUBA;Desobediência às normas de trânsito pelo condutor;Colisão frontal;Com Vítimas Feridas;Plena Noite;Crescente;Nublado;Dupla;Reta;Sim;2;0;0;1;1;0;1;2;-19,93036;-44,4039;SR-MG;UOP03;DEL01
275429;14/03/2020;sábado;20:35:00;PR;277;720,6;FOZ DO IGUACU;Ingestão de Álcool;Capotamento;Com Vítimas Feridas;Plena Noite;Decrescente;Céu Claro;Dupla;Reta;Sim;1;0;0;1;0;0;1;1;-25,48751;-54,50318;SR-PR;UOP01;DEL05
275431;14/03/2020;sábado;19:10:00;RO;364;343;JI-PARANA;Desobediência às normas de trânsito pelo condutor;Colisão lateral;Com Vítimas Feridas;Anoitecer;Crescente;Nublado;Múltipla;Reta;Sim;2;0;0;1;1;0;1;2;-10,87879;-61,94499;SR-RO;UOP01;DEL02
275432;14/03/2020;sábado;20:30:00;SC;101;131,7;BALNEARIO CAMBORIU;Falta de Atenção à Condução;Saída de leito carroçável;Com Vítimas Feridas;Plena Noite;Decrescente;Céu Claro;Múltipla;Reta;Sim;3;0;2;0;1;0;2;1;-26,99064;-48,66311;SR-SC;UOP03;DEL04
275433;14/03/2020;sábado;20:30:00;SC;282;101,8;ALFREDO WAGNER;Ingestão de Álcool;Saída de leito carroçável;Com Vítimas Feridas;Plena Noite;Decrescente;Céu Claro;Simples;Reta;Não;1;0;1;0;0;0;1;1;-27,69463;-49,30532;SR-SC;UOP03;DEL01
275434;14/03/2020;sábado;21:30:00;PR;376;189;MARIALVA;Ingestão de Álcool;Saída de leito carroçável;Sem Vítimas;Plena Noite;Crescente;Céu Claro;Dupla;Reta;Não;1;0;0;0;1;0;0;1;-23,47123;-51,81952;SR-PR;UOP01;DEL09
275435;14/03/2020;sábado;20:00:00;SC;101;236,3;PALHOCA;Falta de Atenção à Condução;Colisão lateral;Com Vítimas Feridas;Plena Noite;Decrescente;Céu Claro;Dupla;Reta;Não;2;0;1;0;1;0;1;2;-27,82629;-48,63035;SR-SC;UOP02;DEL01
275436;14/03/2020;sábado;21:00:00;MG;251;352;PADRE CARVALHO;Falta de Atenção à Condução;Queda de ocupante de veículo;Com Vítimas Fatais;Plena Noite;Decrescente;Céu Claro;Simples;Reta;Não;1;1;0;0;0;0;0;1;-16,28139;-42,5458;SR-MG;UOP01;DEL12
275437;14/03/2020;sábado;19:00:00;RO;364;239,1;CACOAL;Desobediência às normas de trânsito pelo condutor;Colisão transversal;Sem Vítimas;Plena Noite;Crescente;Nublado;Simples;Reta;Sim;3;0;0;0;3;0;0;2;-11,43425;-61,46267;SR-RO;UOP02;DEL02
275438;14/03/2020;sábado;20:00:00;MT;163;667;LUCAS DO RIO VERDE;Falta de Atenção à Condução;Saída de leito carroçável;Com Vítimas Feridas;Plena Noite;Crescente;Chuva;Simples;Reta;Não;1;0;1;0;0;0;1;1;-13,34792;-56,05872;SR-MT;UOP01;DEL06
275439;14/03/2020;sábado;21:00:00;SC;470;37,7;GASPAR;Velocidade Incompatível;Tombamento;Com Vítimas Feridas;Plena Noite;Crescente;Céu Claro;Simples;Não Informado;Sim;1;0;1;0;0;0;1;1;-26,90683;-48,97843;SR-SC;UOP01;DEL04
275440;14/03/2020;sábado;19:50:00;MT;364;380;CUIABA;Defeito Mecânico no Veículo;Saída de leito carroçável;Com Vítimas Feridas;Plena Noite;Decrescente;Céu Claro;Dupla;Rotatória;Não;1;0;1;0;0;0;1;1;-15,70337;-55,76422;SR-MT;UOP02;DEL01
275441;14/03/2020;sábado;19:55:00;RS;386;186,5;SANTO ANTONIO DO PLANALTO;Desobediência às normas de trânsito pelo condutor;Colisão transversal;Sem Vítimas;Plena Noite;Decrescente;Céu Claro;Simples;Reta;Não;3;0;0;0;2;1;0;2;-28,34728;-52,71674;SR-RS;UOP01;DEL08
275442;14/03/2020;sábado;21:10:00;SE;101;151;ESTANCIA;Ingestão de Álcool;Colisão transversal;Com Vítimas Feridas;Plena Noite;Crescente;Vento;Simples;Reta;Sim;2;0;1;0;0;1;1;2;-11,26151;-37,44123;SR-SE;UOP01;DEL02
275443;14/03/2020;sábado;20:20:00;RS;472;187,6;SANTO CRISTO;Deficiência ou não Acionamento do Sistema de Iluminação/Sinalização do Veículo;Colisão com objeto estático;Com Vítimas Feridas;Plena Noite;Decrescente;Céu Claro;Simples;Reta;Não;3;0;2;0;1;0;2;2;-27,83773;-54,62147;SR-RS;UOP01;DEL10
275444;14/03/2020;sábado;21:00:00;ES;101;138,5;LINHARES;Falta de Atenção do Pedestre;Atropelamento de Pedestre;Com Vítimas Fatais;Plena Noite;Decrescente;Céu Claro;Simples;Reta;Não;5;1;0;0;1;3;0;1;-19,30186;-40,08372;SR-ES;UOP01;DEL04
275445;14/03/2020;sábado;18:30:00;RJ;101;313;SAO GONCALO;Falta de Atenção à Condução;Atropelamento de Pedestre;Com Vítimas Feridas;Plena Noite;Crescente;Nublado;Dupla;Reta;Sim;2;0;1;0;0;1;1;1;-22,81049;-43,06983;SR-RJ;UOP01;DEL02
275446;14/03/2020;sábado;20:30:00;BA;242;881;LUIS EDUARDO MAGALHAES;Não guardar distância de segurança;Colisão lateral;Com Vítimas Fatais;Plena Noite;Decrescente;Céu Claro;Dupla;Reta;Sim;2;1;0;0;1;0;0;2;-12,08917;-45,7791;SR-BA;UOP01;DEL10
275447;14/03/2020;sábado;19:30:00;GO;40;0,5;VALPARAISO DE GOIAS;Ingestão de Álcool;Colisão traseira;Sem Vítimas;Amanhecer;Crescente;Céu Claro;Dupla;Reta;Sim;2;0;0;0;0;2;0;2;-16,05827;-47,98266;SR-DF;UOP01;DEL01
275448;14/03/2020;sábado;22:10:00;PE;423;61,7;LAJEDO;Ingestão de Álcool;Colisão traseira;Com Vítimas Feridas;Plena Noite;Crescente;Céu Claro;Simples;Reta;Sim;2;0;1;0;1;0;1;2;-8,658057;-36,32867;SR-PE;UOP01;DEL03
275449;14/03/2020;sábado;21:15:00;SC;101;417,6;ARARANGUA;Falta de Atenção do Pedestre;Atropelamento de Pedestre;Com Vítimas Feridas;Plena Noite;Decrescente;Nublado;Dupla;Reta;Não;2;0;1;0;0;1;1;1;-28,97376;-49,53023;SR-SC;UOP02;DEL02
275451;14/03/2020;sábado;19:00:00;MT;174;6;PONTES E LACERDA;Falta de Atenção à Condução;Colisão lateral;Com Vítimas Feridas;Plena Noite;Decrescente;Céu Claro;Simples;Interseção de vias;Sim;3;0;1;0;2;0;1;2;-15,22672;-59,34947;SR-MT;UOP01;DEL04
275452;06/03/2020;sexta-feira;18:30:00;BA;324;622;SALVADOR;Não guardar distância de segurança;Colisão com objeto em movimento;Sem Vítimas;Anoitecer;Decrescente;Ignorado;Múltipla;Reta;Não;3;0;0;0;3;0;0;3;-12,92806;-38,46835;SR-BA;UOP01;DEL01
275453;14/03/2020;sábado;20:50:00;BA;101;122;ALAGOINHAS;Defeito na Via;Queda de ocupante de veículo;Com Vítimas Feridas;Plena Noite;Crescente;Nublado;Simples;Curva;Não;1;0;0;1;0;0;1;1;-12,1525;-38,51801;SR-BA;UOP04;DEL01
275454;14/03/2020;sábado;21:30:00;PA;153;45;SAO DOMINGOS DO ARAGUAIA;Falta de Atenção à Condução;Colisão transversal;Com Vítimas Fatais;Plena Noite;Crescente;Chuva;Simples;Interseção de vias;Não;3;1;1;0;1;0;1;2;-5,516862;-48,73663;SR-PA;UOP01;DEL03
275455;14/03/2020;sábado;22:10:00;PR;369;138,7;IBIPORA;Falta de Atenção à Condução;Colisão lateral;Com Vítimas Feridas;Plena Noite;Decrescente;Céu Claro;Dupla;Não Informado;Sim;3;0;1;0;0;2;1;2;-23,27363;-51,05617;SR-PR;UOP01;DEL07
275457;14/03/2020;sábado;22:00:00;ES;262;2,1;CARIACICA;Falta de Atenção à Condução;Colisão traseira;Com Vítimas Feridas;Plena Noite;Decrescente;Céu Claro;Dupla;Reta;Sim;4;0;1;1;1;1;2;2;-20,33276;-40,36078;SR-ES;UOP01;DEL01
275458;14/03/2020;sábado;20:30:00;AL;424;102,7;MARECHAL DEODORO;Condutor Dormindo;Saída de leito carroçável;Sem Vítimas;Plena Noite;Crescente;Céu Claro;Simples;Interseção de vias;Não;1;0;0;0;1;0;0;1;-9,666703;-35,84489;SR-AL;UOP01;DEL02
275459;14/03/2020;sábado;23:15:00;PE;101;46,8;IGARASSU;Falta de Atenção do Pedestre;Atropelamento de Pedestre;Com Vítimas Feridas;Plena Noite;Crescente;Céu Claro;Dupla;Reta;Sim;2;0;1;0;0;1;1;1;-7,87831;-34,90552;SR-PE;UOP02;DEL01
275460;14/03/2020;sábado;22:50:00;PR;376;17,2;MARINGA;Falta de Atenção à Condução;Tombamento;Com Vítimas Feridas;Plena Noite;Decrescente;Céu Claro;Dupla;Curva;Sim;1;0;1;0;0;0;1;1;-23,43231;-51,8868;SR-PR;UOP01;DEL09
275461;14/03/2020;sábado;21:30:00;PA;163;986;SANTAREM;Desobediência às normas de trânsito pelo condutor;Colisão transversal;Com Vítimas Feridas;Plena Noite;Decrescente;Nublado;Simples;Reta;Sim;2;0;0;2;0;0;2;2;-2,592714;-54,71976;SR-PA;UOP01;DEL05
275462;14/03/2020;sábado;22:40:00;SC;101;125;ITAJAI;Falta de Atenção à Condução;Colisão lateral;Sem Vítimas;Plena Noite;Decrescente;Nublado;Dupla;Curva;Não;3;0;0;0;3;0;0;2;-26,94802;-48,68339;SR-SC;UOP04;DEL04
275463;14/03/2020;sábado;23:20:00;PB;101;81,5;BAYEUX;Desobediência às normas de trânsito pelo condutor;Colisão traseira;Sem Vítimas;Plena Noite;Crescente;Céu Claro;Dupla;Reta;Não;2;0;0;0;0;2;0;2;-7,125086;-34,94513;SR-PB;UOP01;DEL01
275464;14/03/2020;sábado;22:40:00;SC;282;502,6;XANXERE;Ingestão de Álcool;Colisão com objeto estático;Sem Vítimas;Plena Noite;Crescente;Céu Claro;Dupla;Não Informado;Sim;1;0;0;0;0;1;0;1;-26,88458;-52,39091;SR-SC;UOP01;DEL07
275465;14/03/2020;sábado;23:40:00;DF;60;18,3;BRASILIA;Falta de Atenção à Condução;Colisão traseira;Com Vítimas Feridas;Plena Noite;Crescente;Nublado;Dupla;Reta;Não;2;0;1;0;1;0;1;2;-15,96779;-48,18356;SR-DF;UOP02;DEL01
275466;14/03/2020;sábado;22:30:00;PA;222;89,1;RONDON DO PARA;Desobediência às normas de trânsito pelo condutor;Colisão frontal;Com Vítimas Fatais;Plena Noite;Decrescente;Chuva;Simples;Reta;Não;1;1;0;0;0;0;0;1;-4,697186;-47,95911;SR-PA;UOP02;DEL02
275467;14/03/2020;sábado;23:45:00;PR;116;127;FAZENDA RIO GRANDE;Falta de Atenção à Condução;Colisão lateral;Com Vítimas Feridas;Plena Noite;Crescente;Céu Claro;Dupla;Reta;Sim;2;0;1;0;1;0;1;2;-25,61275;-49,3186;SR-PR;UOP03;DEL01
275468;14/03/2020;sábado;23:40:00;SC;470;66;INDAIAL;Falta de Atenção à Condução;Saída de leito carroçável;Com Vítimas Feridas;Plena Noite;Decrescente;Céu Claro;Simples;Não Informado;Não;1;0;0;1;0;0;1;1;-26,87041;-49,22184;SR-SC;UOP01;DEL04
275469;14/03/2020;sábado;23:00:00;DF;20;20;BRASILIA;Agressão Externa;Capotamento;Sem Vítimas;Plena Noite;Decrescente;Céu Claro;Dupla;Não Informado;Sim;1;0;0;0;1;0;0;1;-15,60688;-47,69107;SR-DF;UOP01;DEL02
275470;14/03/2020;sábado;23:24:00;ES;101;356,7;ANCHIETA;Ingestão de Álcool;Colisão frontal;Com Vítimas Fatais;Plena Noite;Decrescente;Céu Claro;Simples;Reta;Não;2;1;0;0;1;0;0;2;-20,69097;-40,6932;SR-ES;UOP01;DEL03
275471;15/03/2020;domingo;23:30:00;RJ;101;112;CAMPOS DOS GOYTACAZES;Desobediência às normas de trânsito pelo condutor;Tombamento;Com Vítimas Feridas;Plena Noite;Decrescente;Céu Claro;Dupla;Reta;Não;1;0;1;0;0;0;1;1;-21,9704;-41,65214;SR-RJ;UOP02;DEL08
275472;15/03/2020;domingo;00:40:00;RS;290;214,2;PANTANO GRANDE;Ingestão de Álcool;Colisão com objeto estático;Com Vítimas Feridas;Plena Noite;Crescente;Céu Claro;Simples;Interseção de vias;Sim;1;0;1;0;0;0;1;1;-30,18642;-52,35638;SR-RS;UOP03;DEL02
275473;14/03/2020;sábado;23:00:00;SC;101;420;ARARANGUA;Ingestão de Álcool;Colisão frontal;Com Vítimas Feridas;Plena Noite;Decrescente;Céu Claro;Simples;Reta;Sim;6;0;2;0;4;0;2;2;-28,9938;-49,55081;SR-SC;UOP02;DEL02
275474;14/03/2020;sábado;20:00:00;SC;282;570,8;NOVA ERECHIM;Objeto estático sobre o leito carroçável;Colisão com objeto estático;Com Vítimas Feridas;Plena Noite;Decrescente;Céu Claro;Simples;Desvio Temporário;Não;1;0;1;0;0;0;1;1;-26,89006;-52,93306;SR-SC;UOP02;DEL07
275475;15/03/2020;domingo;00:30:00;PR;116;122,9;CURITIBA;Falta de Atenção à Condução;Colisão traseira;Sem Vítimas;Plena Noite;Crescente;Nublado;Dupla;Curva;Não;2;0;0;0;2;0;0;2;-25,61134;-49,31916;SR-PR;UOP03;DEL01
275477;14/03/2020;sábado;22:40:00;AL;316;63,1;MARAVILHA;Animais na Pista;Atropelamento de Animal;Sem Vítimas;Plena Noite;Decrescente;Céu Claro;Simples;Reta;Não;3;0;0;0;3;0;0;1;-9,261748;-37,40761;SR-AL;UOP02;DEL03
275478;15/03/2020;domingo;00:19:00;MT;364;543;ROSARIO OESTE;Falta de Atenção à Condução;Queda de ocupante de veículo;Sem Vítimas;Plena Noite;Decrescente;Chuva;Dupla;Reta;Não;1;0;0;0;0;1;0;1;-14,90512;-56,46799;SR-MT;UOP01;DEL01
275479;15/03/2020;domingo;00:15:00;PI;343;266;CAMPO MAIOR;Falta de Atenção à Condução;Tombamento;Com Vítimas Feridas;Plena Noite;Crescente;Ignorado;Simples;Curva;Sim;1;0;1;0;0;0;1;1;-4,840245;-42,17417;SR-PI;UOP03;DEL01
275480;15/03/2020;domingo;02:20:00;RS;392;348;SANTA MARIA;Ingestão de Álcool;Saída de leito carroçável;Com Vítimas Feridas;Plena Noite;Crescente;Céu Claro;Simples;Reta;Sim;1;0;0;1;0;0;1;1;-29,7524;-53,78978;SR-RS;UOP01;DEL09
275481;14/03/2020;sábado;18:50:00;MS;267;363;MARACAJU;Sinalização da via insuficiente ou inadequada;Colisão com objeto estático;Com Vítimas Feridas;Plena Noite;Decrescente;Céu Claro;Simples;Retorno Regulamentado;Não;1;0;1;0;0;0;1;1;-21,64398;-55,13387;SR-MS;UOP02;DEL02
275482;15/03/2020;domingo;03:30:00;SC;101;415;ARARANGUA;Falta de Atenção à Condução;Colisão com objeto estático;Sem Vítimas;Plena Noite;Crescente;Nublado;Simples;Rotatória;Não;1;0;0;0;1;0;0;1;-28,96041;-49,51653;SR-SC;UOP02;DEL02
275483;15/03/2020;domingo;04:30:00;MG;381;936,7;EXTREMA;Velocidade Incompatível;Colisão com objeto estático;Com Vítimas Feridas;Amanhecer;Crescente;Céu Claro;Dupla;Curva;Não;1;0;1;0;0;0;1;1;-22,81511;-46,29124;SR-MG;UOP03;DEL16
275484;15/03/2020;domingo;03:45:00;MT;163;1028;PEIXOTO DE AZEVEDO;Ingestão de Álcool;Colisão traseira;Com Vítimas Fatais;Plena Noite;Decrescente;Nublado;Simples;Não Informado;Sim;2;1;0;0;1;0;0;2;-10,25812;-55,00012;SR-MT;UOP02;DEL06
275485;15/03/2020;domingo;05:00:00;PR;369;88,5;CORNELIO PROCOPIO;Ingestão de Álcool;Colisão com objeto estático;Com Vítimas Feridas;Amanhecer;Crescente;Céu Claro;Dupla;Curva;Sim;1;0;1;0;0;0;1;1;-23,20242;-50,65531;SR-PR;UOP04;DEL07
275486;15/03/2020;domingo;05:10:00;PE;428;184;PETROLINA;Velocidade Incompatível;Colisão transversal;Com Vítimas Feridas;Amanhecer;Crescente;Céu Claro;Simples;Interseção de vias;Sim;3;0;0;2;0;1;2;2;-9,340092;-40,47032;SR-PE;UOP01;DEL06
275487;15/03/2020;domingo;03:30:00;SC;101;287,9;IMBITUBA;Ingestão de Álcool;Saída de leito carroçável;Com Vítimas Feridas;Plena Noite;Crescente;Céu Claro;Múltipla;Reta;Não;1;0;1;0;0;0;1;1;-28,23766;-48,7006;SR-SC;UOP03;DEL02
275489;29/02/2020;sábado;05:00:00;BA;110;20;PAULO AFONSO;Condutor Dormindo;Saída de leito carroçável;Com Vítimas Feridas;Amanhecer;Decrescente;Nublado;Simples;Reta;Não;3;0;2;1;0;0;3;1;-9,629628;-38,2222;SR-BA;UOP01;DEL07
275491;15/03/2020;domingo;08:30:00;SP;381;24,6;BRAGANCA PAULISTA;Velocidade Incompatível;Colisão com objeto estático;Com Vítimas Feridas;Pleno dia;Crescente;Céu Claro;Dupla;Curva;Não;2;0;2;0;0;0;2;1;-23,01316;-46,52386;SR-SP;UOP01;DEL03
275493;15/03/2020;domingo;08:10:00;ES;262;6;CARIACICA;Falta de Atenção à Condução;Colisão lateral;Com Vítimas Feridas;Pleno dia;Crescente;Céu Claro;Dupla;Reta;Sim;2;0;0;1;1;0;1;2;-20,34007;-40,39451;SR-ES;UOP01;DEL01
275494;15/03/2020;domingo;09:15:00;BA;116;657;JEQUIE;Não guardar distância de segurança;Colisão traseira;Com Vítimas Feridas;Pleno dia;Crescente;Nublado;Simples;Curva;Não;2;0;1;0;1;0;1;2;-13,67278;-40,0967;SR-BA;UOP01;DEL03
275495;15/03/2020;domingo;08:45:00;SC;116;12,3;MAFRA;Desobediência às normas de trânsito pelo condutor;Tombamento;Com Vítimas Feridas;Pleno dia;Decrescente;Sol;Simples;Rotatória;Não;1;0;1;0;0;0;1;1;-26,17878;-49,86721;SR-SC;UOP01;DEL06
275496;15/03/2020;domingo;07:05:00;SC;280;276;IRINEOPOLIS;Velocidade Incompatível;Saída de leito carroçável;Com Vítimas Feridas;Pleno dia;Crescente;Céu Claro;Simples;Reta;Não;4;0;4;0;0;0;4;1;-26,29126;-50,79052;SR-SC;UOP04;DEL06
275497;15/03/2020;domingo;09:40:00;MG;262;437;NOVA SERRANA;Falta de Atenção à Condução;Colisão traseira;Com Vítimas Feridas;Pleno dia;Crescente;Céu Claro;Dupla;Reta;Não;3;0;1;1;1;0;2;2;-19,8967;-44,86717;SR-MG;UOP03;DEL08
275498;15/03/2020;domingo;10:20:00;MG;365;488,7;PATROCINIO;Falta de Atenção à Condução;Colisão lateral;Com Vítimas Feridas;Pleno dia;Crescente;Sol;Simples;Reta;Não;5;0;4;0;1;0;4;2;-18,93717;-47,21714;SR-MG;UOP01;DEL10
275499;15/03/2020;domingo;05:15:00;MG;40;751,4;SANTOS DUMONT;Falta de Atenção à Condução;Saída de leito carroçável;Com Vítimas Feridas;Amanhecer;Crescente;Céu Claro;Simples;Reta;Não;1;0;1;0;0;0;1;1;-21,46538;-43,56168;SR-MG;UOP01;DEL05
275500;15/03/2020;domingo;13:30:00;BA;20;169,2;SAO DESIDERIO;Velocidade Incompatível;Capotamento;Com Vítimas Feridas;Pleno dia;Decrescente;Céu Claro;Simples;Desvio Temporário;Não;2;0;0;2;0;0;2;1;-12,46281;-45,88245;SR-BA;UOP01;DEL10
275501;15/03/2020;domingo;13:00:00;CE;230;63,9;VARZEA ALEGRE;Falta de Atenção à Condução;Colisão transversal;Com Vítimas Feridas;Pleno dia;Crescente;Nublado;Simples;Não Informado;Não;2;0;0;1;1;0;1;2;-6,746732;-39,15944;SR-CE;UOP01;DEL05
275502;15/03/2020;domingo;12:45:00;SC;101;209;SAO JOSE;Falta de Atenção à Condução;Colisão lateral;Com Vítimas Feridas;Pleno dia;Decrescente;Sol;Dupla;Reta;Sim;2;0;2;0;0;0;2;2;-27,61328;-48,64265;SR-SC;UOP01;DEL01
275503;15/03/2020;domingo;12:45:00;BA;101;861;TEIXEIRA DE FREITAS;Velocidade Incompatível;Colisão frontal;Com Vítimas Feridas;Pleno dia;Crescente;Céu Claro;Simples;Curva;Não;4;0;2;1;1;0;3;2;-17,40825;-39,67764;SR-BA;UOP02;DEL09
275504;15/03/2020;domingo;10:40:00;PI;316;57;MONSENHOR GIL;Desobediência às normas de trânsito pelo condutor;Colisão transversal;Com Vítimas Feridas;Pleno dia;Crescente;Sol;Simples;Reta;Não;3;0;0;1;1;1;1;3;-5,54844;-42,61484;SR-PI;UOP02;DEL01
275505;15/03/2020;domingo;13:00:00;SP;116;122,1;CACAPAVA;Defeito Mecânico no Veículo;Tombamento;Com Vítimas Feridas;Pleno dia;Decrescente;Sol;Dupla;Reta;Não;2;0;2;0;0;0;2;1;-23,08192;-45,66155;SR-SP;UOP01;DEL06
275506;15/03/2020;domingo;11:00:00;RJ;393;155;TRES RIOS;Ingestão de Álcool;Tombamento;Sem Vítimas;Pleno dia;Decrescente;Céu Claro;Simples;Rotatória;Não;1;0;0;0;1;0;0;1;-22,10629;-43,07716;SR-RJ;UOP02;DEL06
275507;15/03/2020;domingo;07:00:00;SC;101;217;PALHOCA;Ingestão de Álcool;Capotamento;Com Vítimas Feridas;Pleno dia;Crescente;Céu Claro;Dupla;Reta;Sim;1;0;1;0;0;0;1;1;-27,66779;-48,67394;SR-SC;UOP02;DEL01
275508;15/03/2020;domingo;14:00:00;SC;101;216,5;PALHOCA;Falta de Atenção à Condução;Colisão transversal;Sem Vítimas;Pleno dia;Crescente;Céu Claro;Dupla;Reta;Sim;2;0;0;0;2;0;0;2;-27,65981;-48,67748;SR-SC;UOP02;DEL01
275509;15/03/2020;domingo;12:50:00;SP;116;313,5;SAO LOURENCO DA SERRA;Ingestão de Álcool;Colisão com objeto estático;Sem Vítimas;Pleno dia;Crescente;Céu Claro;Dupla;Reta;Não;1;0;0;0;1;0;0;1;-23,88914;-46,98017;SR-SP;UOP01;DEL04
275510;15/03/2020;domingo;10:20:00;RS;471;163,9;RIO PARDO;Falta de Atenção à Condução;Colisão transversal;Com Vítimas Feridas;Pleno dia;Decrescente;Nublado;Simples;Reta;Não;8;0;4;0;4;0;4;2;-29,89859;-52,39234;SR-RS;UOP03;DEL02
275511;15/03/2020;domingo;06:10:00;RS;116;258,9;CANOAS;Ingestão de Álcool;Colisão lateral;Sem Vítimas;Pleno dia;Decrescente;Céu Claro;Dupla;Reta;Sim;2;0;0;0;2;0;0;2;-29,86151;-51,18092;SR-RS;UOP02;DEL01
275512;15/03/2020;domingo;13:40:00;SC;101;141,5;ITAPEMA;Avarias e/ou desgaste excessivo no pneu;Tombamento;Com Vítimas Feridas;Pleno dia;Decrescente;Sol;Dupla;Curva;Não;2;0;2;0;0;0;2;1;-27,04762;-48,59996;SR-SC;UOP03;DEL04
275513;18/02/2020;terça-feira;01:00:00;BA;135;172;BARREIRAS;Velocidade Incompatível;Colisão frontal;Com Vítimas Fatais;Plena Noite;Decrescente;Céu Claro;Simples;Reta;Não;2;1;0;1;0;0;1;2;-12,10952;-44,98423;SR-BA;UOP01;DEL10
275514;15/03/2020;domingo;10:50:00;AP;210;100;PORTO GRANDE;Falta de Atenção à Condução;Colisão com objeto estático;Sem Vítimas;Pleno dia;Crescente;Chuva;Dupla;Retorno Regulamentado;Sim;1;0;0;0;1;0;0;1;0,6832413;-51,36559;SR-AP;UOP01;DEL01
275515;15/03/2020;domingo;13:00:00;PE;101;178,9;JOAQUIM NABUCO;Animais na Pista;Saída de leito carroçável;Com Vítimas Feridas;Pleno dia;Crescente;Chuva;Dupla;Curva;Não;1;0;1;0;0;0;1;1;-8,626228;-35,55747;SR-PE;UOP03;DEL01
275516;15/03/2020;domingo;11:45:00;PE;101;69,7;RECIFE;Falta de Atenção do Pedestre;Atropelamento de Pedestre;Com Vítimas Feridas;Pleno dia;Crescente;Céu Claro;Dupla;Reta;Não;3;0;1;0;1;1;1;1;-8,059516;-34,94581;SR-PE;UOP01;DEL01
275517;15/03/2020;domingo;14:00:00;PR;116;87;PIRAQUARA;Falta de Atenção à Condução;Queda de ocupante de veículo;Com Vítimas Feridas;Pleno dia;Crescente;Céu Claro;Dupla;Curva;Não;2;0;2;0;0;0;2;1;-25,44107;-49,09244;SR-PR;UOP01;DEL01
275518;15/03/2020;domingo;07:50:00;MG;381;828,3;SAO SEBASTIAO DA BELA VISTA;Não guardar distância de segurança;Colisão lateral;Com Vítimas Feridas;Pleno dia;Crescente;Céu Claro;Dupla;Reta;Não;2;0;1;0;1;0;1;2;-22,11369;-45,74918;SR-MG;UOP01;DEL16
275519;15/03/2020;domingo;13:40:00;PE;101;73;RECIFE;Velocidade Incompatível;Saída de leito carroçável;Com Vítimas Feridas;Pleno dia;Decrescente;Céu Claro;Dupla;Curva;Sim;2;0;2;0;0;0;2;2;-8,10267;-34,94832;SR-PE;UOP01;DEL01
275520;15/03/2020;domingo;11:15:00;MT;163;812;SINOP;Defeito Mecânico no Veículo;Incêndio;Sem Vítimas;Pleno dia;Decrescente;Nublado;Simples;Reta;Não;1;0;0;0;1;0;0;1;-12,18814;-55,53088;SR-MT;UOP01;DEL06
275521;15/03/2020;domingo;14:10:00;GO;153;425,2;ANAPOLIS;Falta de Atenção à Condução;Colisão traseira;Com Vítimas Feridas;Pleno dia;Crescente;Nublado;Dupla;Não Informado;Não;3;0;2;0;0;1;2;2;-16,22028;-49,01413;SR-GO;UOP01;DEL02
275522;15/03/2020;domingo;11:25:00;MG;381;926,1;ITAPEVA;Pista Escorregadia;Tombamento;Com Vítimas Feridas;Pleno dia;Crescente;Céu Claro;Dupla;Não Informado;Não;1;0;1;0;0;0;1;1;-22,76845;-46,2076;SR-MG;UOP03;DEL16
275523;15/03/2020;domingo;11:25:00;MG;381;929,3;ITAPEVA;Velocidade Incompatível;Saída de leito carroçável;Com Vítimas Feridas;Pleno dia;Crescente;Nublado;Dupla;Curva;Não;1;0;0;1;0;0;1;1;-22,77104;-46,2369;SR-MG;UOP03;DEL16
275524;15/03/2020;domingo;14:50:00;SC;470;44;BLUMENAU;Defeito Mecânico no Veículo;Tombamento;Com Vítimas Feridas;Pleno dia;Decrescente;Céu Claro;Simples;Curva;Não;2;0;2;0;0;0;2;1;-26,87066;-49,0219;SR-SC;UOP01;DEL04