id;data_inversa;dia_semana;horario;uf;br;km;municipio;causa_acidente;tipo_acidente;classificacao_acidente;fase_dia;sentido_via;condicao_metereologica;tipo_pista;tracado_via;uso_solo;pessoas;mortos;feridos_leves;feridos_graves;ilesos;ignorados;feridos;veiculos;latitude;longitude;regional;delegacia;uop
275630;15/03/2020;domingo;20:20:00;SC;470;58;BLUMENAU;Falta de Atenção à Condução;Colisão traseira;Sem Vítimas;Plena Noite;Crescente;Céu Claro;Simples;Reta;Não;2;0;0;0;2;0;0;2;-26,88388;-49,14562;SR-SC;UOP01;DEL04
275631;15/03/2020;domingo;21:00:00;PR;116;93;SAO JOSE DOS PINHAIS;Falta de Atenção à Condução;Saída de leito carroçável;Sem Vítimas;Plena Noite;Crescente;Nublado;Dupla;Reta;Não;1;0;0;0;1;0;0;1;-25,48228;-49,10589;SR-PR;UOP01;DEL01
275632;15/03/2020;domingo;18:15:00;SC;280;72;JARAGUA DO SUL;Não guardar distância de segurança;Colisão traseira;Com Vítimas Feridas;Plena Noite;Decrescente;Céu Claro;Simples;Reta;Sim;5;0;1;0;4;0;1;4;-26,45955;-49,14342;SR-SC;UOP03;DEL03
275633;15/03/2020;domingo;20:15:00;MG;40;490;ESMERALDAS;Não guardar distância de segurança;Colisão lateral;Com Vítimas Feridas;Plena Noite;Crescente;Céu Claro;Dupla;Reta;Não;2;0;1;0;1;0;1;2;-19,61999;-44,20674;SR-MG;UOP01;DEL02
275634;15/03/2020;domingo;20:10:00;SC;280;24,8;ARAQUARI;Desobediência às normas de trânsito pelo condutor;Colisão transversal;Com Vítimas Feridas;Plena Noite;Crescente;Céu Claro;Simples;Reta;Não;2;0;1;0;0;1;1;2;-26,37725;-48,71953;SR-SC;UOP03;DEL03
275635;15/03/2020;domingo;22:08:00;SP;116;207;GUARULHOS;Falta de Atenção à Condução;Saída de leito carroçável;Com Vítimas Feridas;Plena Noite;Crescente;Garoa/Chuvisco;Dupla;Reta;Sim;2;0;1;0;1;0;1;1;-23,4194;-46,38302;SR-SP;UOP01;DEL01
275636;15/03/2020;domingo;22:00:00;PB;230;15;JOAO PESSOA;Ingestão de Álcool;Queda de ocupante de veículo;Com Vítimas Feridas;Plena Noite;Crescente;Nublado;Dupla;Reta;Sim;1;0;1;0;0;0;1;1;-7,093;-34,8482;SR-PB;UOP01;DEL01
275637;15/03/2020;domingo;20:00:00;BA;101;588;CAMACAN;Falta de Atenção à Condução;Colisão transversal;Com Vítimas Fatais;Plena Noite;Crescente;Céu Claro;Simples;Reta;Sim;2;1;0;0;0;1;0;2;-15,57185;-39,40626;SR-BA;UOP02;DEL05
275638;15/03/2020;domingo;15:00:00;PA;222;239,6;MARABA;Defeito na Via;Queda de ocupante de veículo;Com Vítimas Feridas;Pleno dia;Crescente;Sol;Simples;Reta;Sim;3;0;2;0;0;1;2;1;-5,302089;-49,0723;SR-PA;UOP01;DEL03
275639;15/03/2020;domingo;21:50:00;SP;116;169,4;JACAREI;Velocidade Incompatível;Colisão com objeto estático;Com Vítimas Feridas;Plena Noite;Crescente;Chuva;Dupla;Reta;Não;4;0;2;0;2;0;2;3;-23,30743;-46,04938;SR-SP;UOP01;DEL02
275641;15/03/2020;domingo;21:30:00;PR;476;132;CURITIBA;Ingestão de Álcool;Engavetamento;Com Vítimas Feridas;Plena Noite;Decrescente;Céu Claro;Múltipla;Reta;Sim;5;0;1;0;4;0;1;4;-25,47356;-49,25691;SR-PR;UOP03;DEL01
275643;15/03/2020;domingo;22:50:00;MG;50;179,5;UBERABA;Defeito na Via;Queda de ocupante de veículo;Com Vítimas Feridas;Plena Noite;Crescente;Nublado;Dupla;Túnel;Sim;1;0;0;1;0;0;1;1;-19,77827;-47,93141;SR-MG;UOP01;DEL13
275644;15/03/2020;domingo;22:30:00;MG;50;192,5;UBERABA;Velocidade Incompatível;Tombamento;Com Vítimas Feridas;Plena Noite;Crescente;Nublado;Dupla;Desvio Temporário;Não;1;0;0;1;0;0;1;1;-19,87188;-47,85892;SR-MG;UOP01;DEL13
275645;15/03/2020;domingo;22:45:00;SP;381;39;ATIBAIA;Falta de Atenção à Condução;Colisão traseira;Com Vítimas Feridas;Plena Noite;Crescente;Garoa/Chuvisco;Dupla;Reta;Não;3;0;2;0;1;0;2;2;-23,12158;-46,57472;SR-SP;UOP01;DEL03
275646;15/03/2020;domingo;22:10:00;SC;116;219,8;CORREIA PINTO;Desobediência às normas de trânsito pelo condutor;Colisão transversal;Com Vítimas Feridas;Plena Noite;Crescente;Céu Claro;Simples;Reta;Sim;2;0;1;0;1;0;1;2;-27,58573;-50,36555;SR-SC;UOP03;DEL05
275648;15/03/2020;domingo;23:00:00;PR;116;121,3;CURITIBA;Falta de Atenção à Condução;Colisão com objeto estático;Com Vítimas Feridas;Plena Noite;Crescente;Céu Claro;Dupla;Reta;Não;1;0;0;1;0;0;1;1;-25,55993;-49,30744;SR-PR;UOP03;DEL01
275649;15/03/2020;domingo;23:10:00;PB;230;19,8;JOAO PESSOA;Ingestão de Álcool;Colisão com objeto estático;Sem Vítimas;Plena Noite;Crescente;Céu Claro;Dupla;Curva;Sim;1;0;0;0;1;0;0;1;-7,1281;-34,8466;SR-PB;UOP01;DEL01
275650;15/03/2020;domingo;23:45:00;RS;290;301,1;CACHOEIRA DO SUL;Falta de Atenção do Pedestre;Atropelamento de Pedestre;Com Vítimas Fatais;Plena Noite;Decrescente;Garoa/Chuvisco;Simples;Reta;Não;3;1;0;0;2;0;0;1;-30,31972;-53,21812;SR-RS;UOP02;DEL09
275651;15/03/2020;domingo;17:22:00;SC;280;90,7;CORUPA;Defeito Mecânico no Veículo;Saída de leito carroçável;Com Vítimas Feridas;Anoitecer;Decrescente;Céu Claro;Simples;Não Informado;Não;26;0;18;5;2;1;23;1;-26,39646;-49,29645;SR-SC;UOP03;DEL06
275652;15/03/2020;domingo;22:30:00;MG;365;658;MONTE ALEGRE DE MINAS;Velocidade Incompatível;Saída de leito carroçável;Com Vítimas Feridas;Plena Noite;Decrescente;Céu Claro;Dupla;Reta;Não;2;0;2;0;0;0;2;1;-18,88872;-48,62436;SR-MG;UOP01;DEL15
275653;16/03/2020;segunda-feira;00:12:00;RJ;40;114;DUQUE DE CAXIAS;Falta de Atenção à Condução;Tombamento;Com Vítimas Feridas;Plena Noite;Decrescente;Nublado;Múltipla;Reta;Sim;1;0;1;0;0;0;1;1;-22,71854;-43,28993;SR-RJ;UOP01;DEL01
275654;15/03/2020;domingo;18:30:00;MA;10;232,6;GOVERNADOR EDISON LOBAO;Desobediência às normas de trânsito pelo condutor;Colisão lateral;Com Vítimas Fatais;Plena Noite;Decrescente;Chuva;Simples;Reta;Não;1;1;0;0;0;0;0;1;-5,685401;-47,36909;SR-MA;UOP01;DEL04
275655;15/03/2020;domingo;22:10:00;RS;386;349;LAJEADO;Ingestão de Álcool;Saída de leito carroçável;Sem Vítimas;Plena Noite;Crescente;Céu Claro;Simples;Reta;Sim;1;0;0;0;1;0;0;1;-29,46548;-51,95509;SR-RS;UOP02;DEL04
275656;15/03/2020;domingo;09:30:00;MA;222;500,8;BURITICUPU;Defeito na Via;Saída de leito carroçável;Com Vítimas Fatais;Pleno dia;Crescente;Chuva;Simples;Reta;Não;2;1;0;0;1;0;0;1;-4,306302;-46,246;SR-MA;UOP01;DEL02
275657;15/03/2020;domingo;19:10:00;MA;10;257;IMPERATRIZ;Ultrapassagem Indevida;Colisão frontal;Com Vítimas Feridas;Plena Noite;Decrescente;Chuva;Simples;Reta;Sim;2;0;1;1;0;0;2;2;-5,490634;-47,47197;SR-MA;UOP01;DEL04
275658;16/03/2020;segunda-feira;00:20:00;RS;392;682,9;ROQUE GONZALES;Falta de Atenção à Condução;Colisão com objeto estático;Com Vítimas Fatais;Plena Noite;Crescente;Céu Claro;Simples;Rotatória;Não;3;1;0;0;0;2;0;1;-28,12226;-54,93808;SR-RS;UOP01;DEL10
275659;16/03/2020;segunda-feira;00:45:00;DF;80;9;BRASILIA;Condutor Dormindo;Colisão lateral;Com Vítimas Feridas;Plena Noite;Decrescente;Céu Claro;Simples;Reta;Não;2;0;1;0;1;0;1;2;-15,73106;-48,15939;SR-DF;UOP03;DEL01
275660;16/03/2020;segunda-feira;00:45:00;RJ;116;293;PORTO REAL;Defeito Mecânico no Veículo;Capotamento;Com Vítimas Feridas;Plena Noite;Decrescente;Chuva;Dupla;Desvio Temporário;Não;1;0;1;0;0;0;1;1;-22,45746;-44,29161;SR-RJ;UOP02;DEL07
275661;15/03/2020;domingo;23:30:00;MG;262;32;MANHUACU;Ingestão de Álcool;Colisão traseira;Com Vítimas Feridas;Plena Noite;Crescente;Céu Claro;Simples;Reta;Não;2;0;1;0;1;0;1;2;-20,25556;-41,99815;SR-MG;UOP04;DEL06
275662;16/03/2020;segunda-feira;00:58:00;SP;116;216;GUARULHOS;Falta de Atenção à Condução;Colisão com objeto estático;Sem Vítimas;Plena Noite;Decrescente;Céu Claro;Múltipla;Reta;Sim;1;0;0;0;0;1;0;1;-23,45057;-46,46258;SR-SP;UOP01;DEL01
275663;15/03/2020;domingo;23:45:00;PE;101;97;CABO DE SANTO AGOSTINHO;Falta de Atenção à Condução;Saída de leito carroçável;Sem Vítimas;Plena Noite;Crescente;Chuva;Dupla;Reta;Sim;1;0;0;0;0;1;0;1;-8,264895;-35,01806;SR-PE;UOP03;DEL01
275664;16/03/2020;segunda-feira;01:30:00;GO;20;93,2;VILA BOA;Animais na Pista;Atropelamento de Animal;Com Vítimas Feridas;Plena Noite;Crescente;Céu Claro;Simples;Reta;Não;3;0;2;1;0;0;3;1;-14,99792;-47,03061;SR-DF;UOP01;DEL02
275665;16/03/2020;segunda-feira;01:30:00;PR;376;453;TIBAGI;Defeito Mecânico no Veículo;Incêndio;Sem Vítimas;Plena Noite;Crescente;Céu Claro;Dupla;Não Informado;Não;1;0;0;0;1;0;0;1;-24,95627;-50,39211;SR-PR;UOP04;DEL03
275666;16/03/2020;segunda-feira;01:50:00;PE;232;100;BEZERROS;Ingestão de Álcool;Atropelamento de Pedestre;Com Vítimas Fatais;Plena Noite;Crescente;Chuva;Múltipla;Reta;Sim;3;1;0;0;1;1;0;1;-8,237912;-35,74298;SR-PE;UOP04;DEL01
275667;16/03/2020;segunda-feira;02:30:00;MG;381;588,5;CARMOPOLIS DE MINAS;Falta de Atenção do Pedestre;Atropelamento de Pedestre;Com Vítimas Fatais;Plena Noite;Decrescente;Céu Claro;Dupla;Reta;Sim;4;1;0;0;1;2;0;1;-20,55378;-44,66117;SR-MG;UOP01;DEL04
275668;16/03/2020;segunda-feira;00:00:00;PA;316;21;BENEVIDES;Falta de Atenção à Condução;Colisão transversal;Com Vítimas Fatais;Plena Noite;Decrescente;Nublado;Dupla;Retorno Regulamentado;Não;2;1;0;0;0;1;0;2;-1,360971;-48,26242;SR-PA;UOP01;DEL01
275669;16/03/2020;segunda-feira;00:30:00;MG;459;88,1;CONGONHAL;Falta de Atenção à Condução;Colisão transversal;Com Vítimas Feridas;Plena Noite;Crescente;Nublado;Simples;Curva;Não;5;0;1;3;1;0;4;2;-22,14925;-46,01881;SR-MG;UOP01;DEL09
275670;15/03/2020;domingo;23:40:00;RO;364;343;JI-PARANA;Falta de Atenção à Condução;Queda de ocupante de veículo;Com Vítimas Feridas;Plena Noite;Crescente;Ignorado;Múltipla;Retorno Regulamentado;Sim;1;0;1;0;0;0;1;1;-10,87879;-61,94499;SR-RO;UOP01;DEL02
275671;16/03/2020;segunda-feira;02:30:00;GO;452;121;BOM JESUS DE GOIAS;Condutor Dormindo;Saída de leito carroçável;Com Vítimas Fatais;Plena Noite;Crescente;Céu Claro;Simples;Reta;Não;1;1;0;0;0;0;0;1;-18,1957;-49,81924;SR-GO;UOP02;DEL03
275672;16/03/2020;segunda-feira;03:30:00;SC;101;191,3;BIGUACU;Falta de Atenção do Pedestre;Atropelamento de Pedestre;Com Vítimas Fatais;Plena Noite;Decrescente;Céu Claro;Dupla;Reta;Não;2;1;1;0;0;0;1;1;-27,4773;-48,64127;SR-SC;UOP01;DEL01
275673;16/03/2020;segunda-feira;04:30:00;SC;101;205;SAO JOSE;Falta de Atenção à Condução;Saída de leito carroçável;Sem Vítimas;Plena Noite;Decrescente;Céu Claro;Múltipla;Reta;Sim;1;0;0;0;0;1;0;1;-27,58313;-48,61533;SR-SC;UOP01;DEL01
275674;16/03/2020;segunda-feira;03:32:00;MG;153;182;FRUTAL;Falta de Atenção à Condução;Saída de leito carroçável;Com Vítimas Feridas;Plena Noite;Decrescente;Céu Claro;Simples;Curva;Não;1;0;0;1;0;0;1;1;-19,87197;-48,97351;SR-MG;UOP02;DEL13
275676;15/03/2020;domingo;17:20:00;BA;407;129;SENHOR DO BONFIM;Ingestão de Álcool;Colisão lateral;Sem Vítimas;Pleno dia;Crescente;Céu Claro;Simples;Reta;Sim;4;0;0;0;4;0;0;2;-10,47893;-40,1682;SR-BA;UOP01;DEL04
275677;16/03/2020;segunda-feira;05:20:00;GO;60;113;GOIANAPOLIS;Velocidade Incompatível;Colisão traseira;Com Vítimas Feridas;Amanhecer;Decrescente;Céu Claro;Dupla;Reta;Não;2;0;0;1;1;0;1;2;-16,4572;-49,0567;SR-GO;UOP01;DEL01
275678;16/03/2020;segunda-feira;04:27:00;RJ;40;124;DUQUE DE CAXIAS;Falta de Atenção à Condução;Engavetamento;Sem Vítimas;Amanhecer;Crescente;Céu Claro;Múltipla;Curva;Sim;3;0;0;0;3;0;0;3;-22,80795;-43,28912;SR-RJ;UOP02;DEL01
275679;16/03/2020;segunda-feira;05:20:00;MG;262;356;BETIM;Velocidade Incompatível;Saída de leito carroçável;Com Vítimas Feridas;Amanhecer;Crescente;Céu Claro;Dupla;Reta;Não;1;0;0;1;0;0;1;1;-19,96891;-44,18105;SR-MG;UOP03;DEL01
275680;16/03/2020;segunda-feira;04:45:00;BA;101;214;MURITIBA;Falta de Atenção à Condução;Colisão lateral;Com Vítimas Feridas;Amanhecer;Crescente;Céu Claro;Simples;Reta;Não;3;0;3;0;0;0;3;2;-12,65352;-39,12237;SR-BA;UOP03;DEL01
275681;16/03/2020;segunda-feira;06:00:00;DF;20;8,3;BRASILIA;Falta de Atenção à Condução;Colisão traseira;Com Vítimas Feridas;Amanhecer;Decrescente;Sol;Dupla;Desvio Temporário;Sim;4;0;1;0;2;1;1;4;-15,65839;-47,79153;SR-DF;UOP01;DEL02
275682;16/03/2020;segunda-feira;05:30:00;GO;70;0,2;AGUAS LINDAS DE GOIAS;Defeito Mecânico no Veículo;Colisão traseira;Sem Vítimas;Amanhecer;Decrescente;Céu Claro;Dupla;Desvio Temporário;Não;7;0;0;0;7;0;0;7;-15,78354;-48,2326;SR-DF;UOP03;DEL01
275683;16/03/2020;segunda-feira;04:30:00;AL;101;65,6;MESSIAS;Falta de Atenção à Condução;Colisão traseira;Com Vítimas Feridas;Amanhecer;Decrescente;Chuva;Dupla;Reta;Não;6;0;3;0;3;0;3;2;-9,324134;-35,82957;SR-AL;UOP02;DEL01
275684;16/03/2020;segunda-feira;05:00:00;BA;116;23;VITORIA DA CONQUISTA;Defeito Mecânico no Veículo;Incêndio;Sem Vítimas;Amanhecer;Decrescente;Nublado;Simples;Reta;Não;1;0;0;0;1;0;0;1;-14,851;-40,8485;SR-BA;UOP01;DEL08
275685;16/03/2020;segunda-feira;05:00:00;SC;470;145;RIO DO SUL;Velocidade Incompatível;Colisão transversal;Com Vítimas Feridas;Plena Noite;Decrescente;Céu Claro;Simples;Reta;Não;2;0;1;0;1;0;1;2;-27,2373;-49,68222;SR-SC;UOP02;DEL04
275686;16/03/2020;segunda-feira;05:50:00;BA;116;425;FEIRA DE SANTANA;Falta de Atenção à Condução;Colisão transversal;Com Vítimas Feridas;Pleno dia;Crescente;Céu Claro;Simples;Desvio Temporário;Sim;2;0;1;0;1;0;1;2;-12,23737;-38,98;SR-BA;UOP01;DEL02
275687;16/03/2020;segunda-feira;05:20:00;SC;280;56;GUARAMIRIM;Falta de Atenção à Condução;Colisão transversal;Com Vítimas Feridas;Amanhecer;Decrescente;Céu Claro;Simples;Reta;Sim;3;0;1;0;2;0;1;2;-26,47948;-49,00299;SR-SC;UOP03;DEL03
275688;16/03/2020;segunda-feira;06:30:00;PR;277;4,8;PARANAGUA;Defeito Mecânico no Veículo;Colisão traseira;Com Vítimas Feridas;Pleno dia;Decrescente;Céu Claro;Dupla;Reta;Sim;2;0;1;0;1;0;1;2;-25,5205;-48,5095;SR-PR;UOP07;DEL01
275689;16/03/2020;segunda-feira;06:25:00;AL;101;95,3;RIO LARGO;Pista Escorregadia;Engavetamento;Com Vítimas Feridas;Amanhecer;Crescente;Chuva;Simples;Não Informado;Não;3;0;1;0;2;0;1;3;-9,521545;-35,93868;SR-AL;UOP01;DEL01
275690;16/03/2020;segunda-feira;06:45:00;CE;116;19;FORTALEZA;Pista Escorregadia;Tombamento;Com Vítimas Feridas;Pleno dia;Crescente;Garoa/Chuvisco;Dupla;Reta;Sim;1;0;1;0;0;0;1;1;-3,913844;-38,50667;SR-CE;UOP02;DEL01
275692;16/03/2020;segunda-feira;05:10:00;GO;414;416,7;ABADIANIA;Pista Escorregadia;Colisão traseira;Com Vítimas Feridas;Amanhecer;Crescente;Céu Claro;Dupla;Curva;Não;3;0;2;0;1;0;2;2;-16,10363;-48,86669;SR-GO;UOP01;DEL02
275693;16/03/2020;segunda-feira;06:30:00;RJ;101;314;SAO GONCALO;Falta de Atenção à Condução;Colisão traseira;Com Vítimas Feridas;Pleno dia;Decrescente;Céu Claro;Múltipla;Reta;Não;4;0;3;0;1;0;3;1;-22,81649;-43,07728;SR-RJ;UOP01;DEL02
275695;16/03/2020;segunda-feira;04:30:00;RJ;40;125;RIO DE JANEIRO;Falta de Atenção à Condução;Tombamento;Sem Vítimas;Amanhecer;Crescente;Céu Claro;Simples;Curva;Sim;1;0;0;0;1;0;0;1;-22,81487;-43,28829;SR-RJ;UOP02;DEL01
275696;15/03/2020;domingo;21:20:00;RR;174;271;CARACARAI;Falta de Atenção do Pedestre;Atropelamento de Pedestre;Com Vítimas Fatais;Plena Noite;Crescente;Céu Claro;Simples;Reta;Não;2;1;0;0;0;1;0;1;1,32047;-60,58038;SR-RR;UOP01;DEL01
275697;16/03/2020;segunda-feira;05:20:00;BA;367;64,9;PORTO SEGURO;Velocidade Incompatível;Colisão traseira;Com Vítimas Feridas;Amanhecer;Crescente;Chuva;Simples;Reta;Não;2;0;0;1;1;0;1;2;-16,38612;-39,43322;SR-BA;UOP01;DEL09
275698;16/03/2020;segunda-feira;06:43:00;SC;116;132,6;SANTA CECILIA;Velocidade Incompatível;Saída de leito carroçável;Com Vítimas Feridas;Pleno dia;Crescente;Céu Claro;Simples;Reta;Não;5;0;5;0;0;0;5;1;-26,90777;-50,4412;SR-SC;UOP02;DEL06
275699;16/03/2020;segunda-feira;07:00:00;PR;116;116;CURITIBA;Não guardar distância de segurança;Engavetamento;Com Vítimas Feridas;Pleno dia;Decrescente;Céu Claro;Dupla;Reta;Sim;3;0;1;0;2;0;1;3;-25,55468;-49,27402;SR-PR;UOP03;DEL01
275701;16/03/2020;segunda-feira;06:30:00;SC;101;125,5;ITAJAI;Avarias e/ou desgaste excessivo no pneu;Tombamento;Com Vítimas Feridas;Pleno dia;Crescente;Céu Claro;Dupla;Reta;Sim;2;0;2;0;0;0;2;1;-26,94802;-48,68339;SR-SC;UOP04;DEL04
275702;15/03/2020;domingo;05:10:00;GO;60;108;GOIANAPOLIS;Ingestão de Álcool;Colisão traseira;Com Vítimas Feridas;Amanhecer;Decrescente;Ignorado;Múltipla;Reta;Sim;2;0;1;0;0;1;1;2;-16,4398;-49,0188;SR-GO;UOP01;DEL01
275703;16/03/2020;segunda-feira;03:20:00;MG;381;700,8;LAVRAS;Velocidade Incompatível;Saída de leito carroçável;Com Vítimas Feridas;Plena Noite;Crescente;Ignorado;Dupla;Desvio Temporário;Não;1;0;1;0;0;0;1;1;-21,31138;-45,16452;SR-MG;UOP02;DEL04
275704;15/03/2020;domingo;02:40:00;BA;116;733,7;BOA NOVA;Condutor Dormindo;Saída de leito carroçável;Com Vítimas Feridas;Plena Noite;Decrescente;Nublado;Simples;Desvio Temporário;Não;3;0;2;0;1;0;2;1;-14,298;-40,31405;SR-BA;UOP02;DEL08
275706;16/03/2020;segunda-feira;05:55:00;AL;104;22;UNIAO DOS PALMARES;Falta de Atenção à Condução;Saída de leito carroçável;Com Vítimas Feridas;Amanhecer;Decrescente;Nublado;Simples;Reta;Não;1;0;0;1;0;0;1;1;-9,073717;-36,03703;SR-AL;UOP02;DEL01
275707;16/03/2020;segunda-feira;07:10:00;PR;277;81,5;CURITIBA;Falta de Atenção à Condução;Colisão traseira;Com Vítimas Feridas;Pleno dia;Crescente;Céu Claro;Dupla;Reta;Sim;3;0;1;0;2;0;1;2;-25,56894;-49,18198;SR-PR;UOP04;DEL01
275709;16/03/2020;segunda-feira;07:00:00;PR;369;160;CAMBE;Não guardar distância de segurança;Colisão traseira;Com Vítimas Feridas;Amanhecer;Decrescente;Céu Claro;Dupla;Reta;Sim;4;0;1;0;3;0;1;2;-23,29686;-51,27234;SR-PR;UOP01;DEL07
275712;16/03/2020;segunda-feira;07:40:00;PE;101;78,1;JABOATAO DOS GUARARAPES;Falta de Atenção à Condução;Colisão lateral;Com Vítimas Feridas;Pleno dia;Decrescente;Chuva;Dupla;Curva;Sim;2;0;1;0;1;0;1;2;-8,134965;-34,94739;SR-PE;UOP01;DEL01
275714;16/03/2020;segunda-feira;07:20:00;RS;290;104;ELDORADO DO SUL;Não guardar distância de segurança;Engavetamento;Sem Vítimas;Pleno dia;Decrescente;Chuva;Dupla;Reta;Não;7;0;0;0;7;0;0;5;-29,99312;-51,2754;SR-RS;UOP01;DEL02
275715;16/03/2020;segunda-feira;08:00:00;ES;101;290;CARIACICA;Falta de Atenção à Condução;Queda de ocupante de veículo;Com Vítimas Feridas;Pleno dia;Crescente;Sol;Dupla;Reta;Sim;1;0;0;1;0;0;1;1;-20,28928;-40,39182;SR-ES;UOP01;DEL01
275717;16/03/2020;segunda-feira;07:55:00;RS;386;342,7;LAJEADO;Desobediência às normas de trânsito pelo condutor;Colisão transversal;Com Vítimas Feridas;Pleno dia;Decrescente;Nublado;Simples;Não Informado;Sim;2;0;1;0;1;0;1;2;-29,43455;-52,00429;SR-RS;UOP01;DEL04
275718;16/03/2020;segunda-feira;07:40:00;RJ;101;413;ITAGUAI;Falta de Atenção à Condução;Colisão traseira;Com Vítimas Feridas;Pleno dia;Crescente;Sol;Dupla;Reta;Sim;1;0;1;0;0;0;1;1;-22,89932;-43,86529;SR-RJ;UOP01;DEL03
275719;16/03/2020;segunda-feira;08:30:00;PR;277;13,7;PARANAGUA;Velocidade Incompatível;Capotamento;Com Vítimas Feridas;Pleno dia;Decrescente;Céu Claro;Dupla;Reta;Não;2;0;2;0;0;0;2;1;-25,5682;-48,61529;SR-PR;UOP07;DEL01
275720;15/03/2020;domingo;23:00:00;MG;153;209,9;FRUTAL;Condutor Dormindo;Saída de leito carroçável;Sem Vítimas;Plena Noite;Decrescente;Céu Claro;Dupla;Interseção de vias;Não;2;0;0;0;2;0;0;1;-20,07281;-49,073;SR-MG;UOP02;DEL13
275721;16/03/2020;segunda-feira;08:25:00;PR;116;124,2;CURITIBA;Mal Súbito;Colisão com objeto estático;Com Vítimas Feridas;Pleno dia;Crescente;Sol;Dupla;Reta;Sim;1;0;1;0;0;0;1;1;-25,62151;-49,31622;SR-PR;UOP03;DEL01
275722;16/03/2020;segunda-feira;08:30:00;SP;116;228;SAO PAULO;Falta de Atenção à Condução;Colisão transversal;Com Vítimas Feridas;Pleno dia;Crescente;Céu Claro;Múltipla;Não Informado;Sim;4;0;1;1;2;0;2;2;-23,50301;-46,56676;SR-SP;UOP01;DEL01
275723;16/03/2020;segunda-feira;08:20:00;BA;324;614;SALVADOR;Desobediência às normas de trânsito pelo condutor;Colisão lateral;Com Vítimas Feridas;Pleno dia;Crescente;Sol;Dupla;Reta;Sim;4;0;1;0;3;0;1;3;-12,86398;-38,4237;SR-BA;UOP01;DEL01
275724;16/03/2020;segunda-feira;08:55:00;SC;101;123;ITAJAI;Desobediência às normas de trânsito pelo pedestre;Atropelamento de Pedestre;Com Vítimas Feridas;Pleno dia;Crescente;Céu Claro;Dupla;Rotatória;Não;2;0;1;0;1;0;1;1;-26,93669;-48,69877;SR-SC;UOP04;DEL04
275725;16/03/2020;segunda-feira;08:30:00;PE;101;43;IGARASSU;Falta de Atenção à Condução;Colisão traseira;Com Vítimas Feridas;Pleno dia;Decrescente;Nublado;Dupla;Reta;Sim;2;0;1;0;1;0;1;2;-7,847538;-34,90977;SR-PE;UOP02;DEL01
275726;16/03/2020;segunda-feira;08:57:00;ES;101;245,4;SERRA;Sinalização da via insuficiente ou inadequada;Atropelamento de Pedestre;Com Vítimas Fatais;Pleno dia;Decrescente;Sol;Dupla;Ponte;Não;3;1;0;0;1;1;0;1;-20,05454;-40,3819;SR-ES;UOP01;DEL02
275727;16/03/2020;segunda-feira;07:20:00;SC;282;507,2;XANXERE;Defeito Mecânico no Veículo;Colisão frontal;Com Vítimas Feridas;Pleno dia;Decrescente;Sol;Simples;Desvio Temporário;Não;4;0;3;0;1;0;3;2;-26,88617;-52,43911;SR-SC;UOP01;DEL07
275728;16/03/2020;segunda-feira;08:35:00;RS;290;48;GLORINHA;Condutor Dormindo;Saída de leito carroçável;Com Vítimas Feridas;Pleno dia;Crescente;Chuva;Dupla;Reta;Não;1;0;1;0;0;0;1;1;-29,8986;-50,73918;SR-RS;UOP01;DEL03
275729;15/03/2020;domingo;03:00:00;MG;40;796,6;JUIZ DE FORA;Agressão Externa;Incêndio;Sem Vítimas;Plena Noite;Crescente;Céu Claro;Simples;Reta;Sim;2;0;0;0;1;1;0;1;-21,81147;-43,3962;SR-MG;UOP01;DEL05
275730;16/03/2020;segunda-feira;08:30:00;MG;40;523,7;CONTAGEM;Não guardar distância de segurança;Engavetamento;Com Vítimas Feridas;Pleno dia;Crescente;Sol;Dupla;Reta;Sim;6;0;3;0;3;0;3;4;-19,86875;-44,05962;SR-MG;UOP02;DEL01
275731;16/03/2020;segunda-feira;09:05:00;ES;101;292,7;CARIACICA;Falta de Atenção à Condução;Colisão traseira;Com Vítimas Feridas;Pleno dia;Crescente;Sol;Dupla;Reta;Sim;3;0;1;0;2;0;1;2;-20,30651;-40,39489;SR-ES;UOP01;DEL01
275732;23/02/2020;domingo;05:40:00;ES;393;4;CACHOEIRO DE ITAPEMIRIM;Ingestão de Álcool;Saída de leito carroçável;Com Vítimas Feridas;Amanhecer;Decrescente;Céu Claro;Simples;Curva;Não;4;0;4;0;0;0;4;1;-20,8269;-41,19268;SR-ES;UOP02;DEL03
275734;16/03/2020;segunda-feira;09:20:00;BA;324;531,5;FEIRA DE SANTANA;Falta de Atenção à Condução;Colisão frontal;Com Vítimas Feridas;Pleno dia;Decrescente;Céu Claro;Dupla;Curva;Não;3;0;1;0;2;0;1;3;-12,33362;-38,85454;SR-BA;UOP01;DEL01
275735;16/03/2020;segunda-feira;09:30:00;MG;40;615,7;CONGONHAS;Falta de Atenção à Condução;Colisão traseira;Com Vítimas Feridas;Pleno dia;Decrescente;Céu Claro;Simples;Viaduto;Não;2;0;1;0;1;0;1;2;-20,53766;-43,82078;SR-MG;UOP02;DEL05