id;data_inversa;dia_semana;horario;uf;br;km;municipio;causa_acidente;tipo_acidente;classificacao_acidente;fase_dia;sentido_via;condicao_metereologica;tipo_pista;tracado_via;uso_solo;pessoas;mortos;feridos_leves;feridos_graves;ilesos;ignorados;feridos;veiculos;latitude;longitude;regional;delegacia;uop
275847;16/03/2020;segunda-feira;19:40:00;SC;101;5,7;GARUVA;Falta de Atenção à Condução;Colisão traseira;Com Vítimas Feridas;Plena Noite;Decrescente;Céu Claro;Dupla;Não Informado;Não;3;0;1;0;2;0;1;2;-26,02403;-48,86159;SR-SC;UOP01;DEL03
275849;16/03/2020;segunda-feira;20:10:00;GO;40;97,8;CRISTALINA;Desobediência às normas de trânsito pelo condutor;Atropelamento de Pedestre;Com Vítimas Feridas;Plena Noite;Crescente;Céu Claro;Simples;Reta;Sim;2;0;1;0;0;1;1;1;-16,76463;-47,59576;SR-DF;UOP04;DEL01
275850;16/03/2020;segunda-feira;08:40:00;RJ;101;322;NITEROI;Falta de Atenção à Condução;Queda de ocupante de veículo;Sem Vítimas;Pleno dia;Decrescente;Céu Claro;Dupla;Reta;Não;1;0;0;0;0;1;0;1;-22,87892;-43,11068;SR-RJ;UOP01;DEL02
275851;16/03/2020;segunda-feira;14:40:00;RJ;101;325,3;NITEROI;Falta de Atenção à Condução;Colisão com objeto estático;Com Vítimas Feridas;Pleno dia;Crescente;Céu Claro;Múltipla;Reta;Não;2;0;0;1;1;0;1;2;-22,87256;-43,13882;SR-RJ;UOP01;DEL02
275852;16/03/2020;segunda-feira;17:00:00;RN;110;85,9;UPANEMA;Velocidade Incompatível;Saída de leito carroçável;Com Vítimas Feridas;Anoitecer;Decrescente;Chuva;Simples;Curva;Não;2;0;1;1;0;0;2;1;-5,542766;-37,32508;SR-RN;UOP01;DEL04
275853;16/03/2020;segunda-feira;20:30:00;GO;40;6,7;VALPARAISO DE GOIAS;Agressão Externa;Colisão traseira;Sem Vítimas;Plena Noite;Crescente;Céu Claro;Dupla;Reta;Sim;2;0;0;0;2;0;0;2;-16,10081;-47,97735;SR-DF;UOP01;DEL01
275854;16/03/2020;segunda-feira;20:30:00;MG;40;528,5;CONTAGEM;Ingestão de Álcool;Atropelamento de Pedestre;Com Vítimas Feridas;Plena Noite;Decrescente;Céu Claro;Dupla;Reta;Sim;3;0;1;0;1;1;1;1;-19,90883;-44,04437;SR-MG;UOP02;DEL01
275855;16/03/2020;segunda-feira;20:30:00;MG;365;741;ITUIUTABA;Condutor Dormindo;Colisão com objeto estático;Com Vítimas Feridas;Plena Noite;Decrescente;Céu Claro;Simples;Reta;Não;1;0;1;0;0;0;1;1;-18,91363;-49,38246;SR-MG;UOP03;DEL15
275856;16/03/2020;segunda-feira;20:40:00;SP;116;112,3;TAUBATE;Defeito Mecânico no Veículo;Tombamento;Com Vítimas Feridas;Plena Noite;Crescente;Céu Claro;Dupla;Reta;Sim;2;0;1;0;1;0;1;1;-23,04159;-45,57066;SR-SP;UOP01;DEL06
275857;16/03/2020;segunda-feira;20:55:00;RS;116;1;PORTO ALEGRE;Desobediência às normas de trânsito pelo condutor;Colisão transversal;Sem Vítimas;Plena Noite;Decrescente;Céu Claro;Dupla;Interseção de vias;Sim;2;0;0;0;2;0;0;2;-29,97541;-51,17793;SR-RS;UOP03;DEL05
275858;16/03/2020;segunda-feira;21:30:00;SC;101;120;ITAJAI;Condutor Dormindo;Queda de ocupante de veículo;Com Vítimas Feridas;Plena Noite;Decrescente;Nublado;Dupla;Reta;Sim;1;0;1;0;0;0;1;1;-26,91276;-48,712;SR-SC;UOP04;DEL04
275859;16/03/2020;segunda-feira;17:00:00;SC;101;306,7;LAGUNA;Pista Escorregadia;Capotamento;Com Vítimas Feridas;Pleno dia;Crescente;Chuva;Dupla;Reta;Não;2;0;2;0;0;0;2;1;-28,38437;-48,77113;SR-SC;UOP03;DEL02
275860;16/03/2020;segunda-feira;18:30:00;SC;101;306,5;LAGUNA;Pista Escorregadia;Colisão traseira;Com Vítimas Feridas;Anoitecer;Crescente;Chuva;Dupla;Reta;Não;3;0;1;0;2;0;1;3;-28,38437;-48,77113;SR-SC;UOP03;DEL02
275861;16/03/2020;segunda-feira;22:00:00;PE;101;60,9;RECIFE;Animais na Pista;Atropelamento de Animal;Com Vítimas Feridas;Plena Noite;Crescente;Nublado;Dupla;Reta;Sim;1;0;1;0;0;0;1;1;-7,983443;-34,93177;SR-PE;UOP02;DEL01
275862;16/03/2020;segunda-feira;19:30:00;RS;116;39,2;VACARIA;Ingestão de álcool e/ou substâncias psicoativas pelo pedestre;Atropelamento de Pedestre;Com Vítimas Feridas;Plena Noite;Crescente;Céu Claro;Simples;Interseção de vias;Sim;2;0;1;0;1;0;1;1;-28,51367;-50,9346;SR-RS;UOP03;DEL05
275863;16/03/2020;segunda-feira;21:00:00;PE;232;57,1;POMBOS;Falta de Atenção à Condução;Saída de leito carroçável;Sem Vítimas;Pleno dia;Decrescente;Céu Claro;Múltipla;Reta;Sim;1;0;0;0;0;1;0;1;-8,141213;-35,38181;SR-PE;UOP04;DEL01
275864;16/03/2020;segunda-feira;22:10:00;RS;290;10;OSORIO;Falta de Atenção à Condução;Colisão traseira;Com Vítimas Feridas;Plena Noite;Decrescente;Garoa/Chuvisco;Dupla;Reta;Não;2;0;0;1;1;0;1;2;-29,89139;-50,37371;SR-RS;UOP01;DEL03
275865;16/03/2020;segunda-feira;21:40:00;RS;386;349,9;ESTRELA;Falta de Atenção à Condução;Saída de leito carroçável;Com Vítimas Feridas;Plena Noite;Crescente;Céu Claro;Dupla;Reta;Sim;1;0;1;0;0;0;1;1;-29,46548;-51,95509;SR-RS;UOP02;DEL04
275866;16/03/2020;segunda-feira;14:15:00;ES;101;136;LINHARES;Mal Súbito;Queda de ocupante de veículo;Com Vítimas Feridas;Pleno dia;Crescente;Céu Claro;Simples;Reta;Sim;2;0;1;0;0;1;1;1;-19,28406;-40,08689;SR-ES;UOP01;DEL04
275867;23/02/2020;domingo;11:00:00;MA;10;242;IMPERATRIZ;Desobediência às normas de trânsito pelo condutor;Colisão traseira;Com Vítimas Feridas;Pleno dia;Decrescente;Céu Claro;Simples;Não Informado;Sim;2;0;1;0;1;0;1;2;-5,610982;-47,41887;SR-MA;UOP01;DEL04
275868;16/03/2020;segunda-feira;18:15:00;SC;282;33,2;AGUAS MORNAS;Velocidade Incompatível;Colisão frontal;Com Vítimas Feridas;Plena Noite;Crescente;Chuva;Simples;Curva;Não;5;0;2;2;1;0;4;2;-27,70659;-48,80814;SR-SC;UOP03;DEL01
275869;16/03/2020;segunda-feira;22:20:00;ES;101;79,1;SAO MATEUS;Ingestão de Substâncias Psicoativas;Colisão com objeto estático;Com Vítimas Feridas;Plena Noite;Crescente;Nublado;Simples;Não Informado;Não;2;0;0;1;0;1;1;2;-18,81418;-39,90122;SR-ES;UOP02;DEL04
275870;16/03/2020;segunda-feira;19:00:00;RR;432;196;CANTA;Carga excessiva e/ou mal acondicionada;Colisão lateral;Com Vítimas Fatais;Plena Noite;Decrescente;Céu Claro;Simples;Reta;Não;3;1;0;0;2;0;0;3;2,652438;-60,5906;SR-RR;UOP01;DEL01
275871;16/03/2020;segunda-feira;18:30:00;PR;280;273,7;MARMELEIRO;Velocidade Incompatível;Tombamento;Com Vítimas Feridas;Plena Noite;Crescente;Céu Claro;Simples;Curva;Não;1;0;0;1;0;0;1;1;-26,22841;-53,17598;SR-PR;UOP01;DEL02
275872;16/03/2020;segunda-feira;18:45:00;RO;364;668;CANDEIAS DO JAMARI;Defeito na Via;Queda de ocupante de veículo;Com Vítimas Feridas;Plena Noite;Crescente;Céu Claro;Simples;Reta;Não;3;0;0;1;2;0;1;2;-8,775756;-63,49732;SR-RO;UOP01;DEL01
275873;16/03/2020;segunda-feira;20:30:00;MG;381;924,5;ITAPEVA;Velocidade Incompatível;Colisão com objeto estático;Com Vítimas Feridas;Plena Noite;Crescente;Garoa/Chuvisco;Dupla;Curva;Não;2;0;1;0;1;0;1;1;-22,7705;-46,23491;SR-MG;UOP03;DEL16
275875;16/03/2020;segunda-feira;22:00:00;MT;70;522;VARZEA GRANDE;Velocidade Incompatível;Colisão traseira;Com Vítimas Feridas;Plena Noite;Decrescente;Céu Claro;Simples;Reta;Sim;4;0;2;0;0;2;2;1;-15,65769;-56,18912;SR-MT;UOP02;DEL05
275876;16/03/2020;segunda-feira;19:30:00;PI;343;447;AGUA BRANCA;Restrição de Visibilidade;Atropelamento de Pedestre;Com Vítimas Fatais;Plena Noite;Decrescente;Chuva;Simples;Reta;Não;2;1;0;0;0;1;0;1;-5,901682;-42,66535;SR-PI;UOP02;DEL01
275877;16/03/2020;segunda-feira;22:30:00;MS;262;453,8;DOIS IRMAOS DO BURITI;Desobediência às normas de trânsito pelo condutor;Colisão frontal;Com Vítimas Fatais;Plena Noite;Decrescente;Céu Claro;Simples;Reta;Não;2;1;0;0;1;0;0;2;-20,55229;-55,47859;SR-MS;UOP01;DEL03
275878;16/03/2020;segunda-feira;22:00:00;PI;407;602;ACAUA;Velocidade Incompatível;Colisão traseira;Com Vítimas Fatais;Plena Noite;Decrescente;Garoa/Chuvisco;Simples;Desvio Temporário;Não;3;1;0;1;1;0;1;2;-8,357587;-41,06943;SR-PI;UOP01;DEL04
275879;16/03/2020;segunda-feira;16:10:00;RJ;NA;NA;RIO BONITO;Desobediência às normas de trânsito pelo condutor;Colisão com objeto estático;Com Vítimas Feridas;Pleno dia;Não Informado;Céu Claro;Simples;Curva;Não;3;0;1;0;2;0;1;2;-22,72324;-42,61519;SR-RJ;UOP03;DEL02
275880;17/03/2020;terça-feira;01:00:00;RS;290;114;ELDORADO DO SUL;Defeito Mecânico no Veículo;Saída de leito carroçável;Com Vítimas Feridas;Plena Noite;Crescente;Céu Claro;Simples;Reta;Não;1;0;1;0;0;0;1;1;-30,04461;-51,34755;SR-RS;UOP01;DEL02
275881;17/03/2020;terça-feira;00:50:00;SE;101;198,5;CRISTINAPOLIS;Ingestão de Álcool;Colisão com objeto estático;Sem Vítimas;Plena Noite;Decrescente;Céu Claro;Simples;Reta;Sim;2;0;0;0;1;1;0;2;-11,47578;-37,75466;SR-SE;UOP03;DEL02
275882;17/03/2020;terça-feira;01:30:00;RJ;101;34;CAMPOS DOS GOYTACAZES;Animais na Pista;Atropelamento de Animal;Com Vítimas Feridas;Plena Noite;Crescente;Céu Claro;Simples;Reta;Não;1;0;1;0;0;0;1;1;-21,49946;-41,3402;SR-RJ;UOP01;DEL08
275883;17/03/2020;terça-feira;03:00:00;SC;101;121,2;ITAJAI;Ingestão de Álcool;Colisão lateral;Com Vítimas Feridas;Plena Noite;Decrescente;Nublado;Dupla;Reta;Não;3;0;1;0;2;0;1;2;-26,94335;-48,69199;SR-SC;UOP04;DEL04
275884;16/03/2020;segunda-feira;19:30:00;BA;324;245;JACOBINA;Animais na Pista;Atropelamento de Animal;Com Vítimas Feridas;Plena Noite;Crescente;Céu Claro;Simples;Desvio Temporário;Não;2;0;2;0;0;0;2;2;-11,13906;-40,59347;SR-BA;UOP02;DEL04
275885;17/03/2020;terça-feira;01:30:00;RJ;116;186;QUEIMADOS;Animais na Pista;Atropelamento de Animal;Com Vítimas Feridas;Plena Noite;Decrescente;Céu Claro;Dupla;Reta;Não;1;0;1;0;0;0;1;1;-22,74357;-43,51856;SR-RJ;UOP02;DEL01
275886;17/03/2020;terça-feira;00:20:00;GO;153;583;PROFESSOR JAMIL;Condutor Dormindo;Saída de leito carroçável;Sem Vítimas;Plena Noite;Decrescente;Céu Claro;Dupla;Reta;Não;1;0;0;0;1;0;0;1;-17,4071;-49,2247;SR-GO;UOP01;DEL03
275887;17/03/2020;terça-feira;04:00:00;MG;50;140,1;UBERABA;Condutor Dormindo;Saída de leito carroçável;Com Vítimas Feridas;Plena Noite;Decrescente;Céu Claro;Dupla;Reta;Não;1;0;1;0;0;0;1;1;-19,47658;-48,05333;SR-MG;UOP01;DEL13
275888;17/03/2020;terça-feira;04:30:00;PR;476;125;CURITIBA;Condutor Dormindo;Colisão com objeto estático;Sem Vítimas;Plena Noite;Decrescente;Nublado;Dupla;Não Informado;Sim;3;0;0;0;3;0;0;1;-25,42512;-49,2269;SR-PR;UOP06;DEL01
275889;17/03/2020;terça-feira;02:40:00;BA;324;542,8;AMELIA RODRIGUES;Velocidade Incompatível;Colisão com objeto estático;Com Vítimas Feridas;Plena Noite;Decrescente;Céu Claro;Dupla;Retorno Regulamentado;Sim;3;0;1;0;2;0;1;1;-12,40238;-38,75633;SR-BA;UOP01;DEL01
275890;17/03/2020;terça-feira;04:45:00;SP;381;60,5;MAIRIPORA;Animais na Pista;Atropelamento de Animal;Sem Vítimas;Plena Noite;Crescente;Chuva;Dupla;Curva;Sim;1;0;0;0;1;0;0;1;-23,28958;-46,5873;SR-SP;UOP01;DEL03
275891;17/03/2020;terça-feira;05:30:00;RS;386;304,6;POUSO NOVO;Velocidade Incompatível;Tombamento;Com Vítimas Feridas;Plena Noite;Crescente;Nevoeiro/Neblina;Simples;Não Informado;Não;1;0;1;0;0;0;1;1;-29,18725;-52,18945;SR-RS;UOP01;DEL04
275892;17/03/2020;terça-feira;06:06:00;RJ;40;65;PETROPOLIS;Pista Escorregadia;Saída de leito carroçável;Com Vítimas Feridas;Pleno dia;Decrescente;Céu Claro;Dupla;Reta;Não;2;0;1;0;1;0;1;1;-22,42362;-43,18234;SR-RJ;UOP03;DEL06
275893;17/03/2020;terça-feira;06:15:00;MG;40;527,8;CONTAGEM;Desobediência às normas de trânsito pelo condutor;Atropelamento de Pedestre;Com Vítimas Feridas;Amanhecer;Crescente;Céu Claro;Múltipla;Reta;Sim;6;0;1;1;4;0;2;3;-19,9015;-44,04939;SR-MG;UOP02;DEL01
275894;17/03/2020;terça-feira;03:00:00;RO;319;50,5;PORTO VELHO;Restrição de Visibilidade;Atropelamento de Pedestre;Com Vítimas Fatais;Amanhecer;Crescente;Céu Claro;Simples;Reta;Não;2;1;0;0;0;1;0;1;-8,712245;-63,9847;SR-RO;UOP01;DEL01
275895;17/03/2020;terça-feira;06:30:00;SP;381;79,6;SAO PAULO;Falta de Atenção à Condução;Colisão com objeto estático;Com Vítimas Feridas;Pleno dia;Crescente;Chuva;Dupla;Curva;Sim;2;0;1;0;1;0;1;1;-23,4032;-46,57565;SR-SP;UOP01;DEL03
275896;17/03/2020;terça-feira;06:50:00;DF;20;14,3;BRASILIA;Falta de Atenção à Condução;Colisão lateral;Com Vítimas Feridas;Pleno dia;Decrescente;Céu Claro;Dupla;Reta;Não;2;0;2;0;0;0;2;1;-15,63494;-47,74124;SR-DF;UOP01;DEL02
275897;17/03/2020;terça-feira;06:30:00;ES;101;297,5;VIANA;Não guardar distância de segurança;Colisão traseira;Sem Vítimas;Pleno dia;Decrescente;Céu Claro;Dupla;Reta;Sim;2;0;0;0;2;0;0;2;-20,3453;-40,41027;SR-ES;UOP01;DEL01
275898;17/03/2020;terça-feira;06:30:00;MG;40;551,9;NOVA LIMA;Velocidade Incompatível;Tombamento;Com Vítimas Feridas;Pleno dia;Crescente;Céu Claro;Simples;Reta;Sim;2;0;2;0;0;0;2;1;-20,05411;-43,97102;SR-MG;UOP02;DEL01
275899;17/03/2020;terça-feira;07:10:00;SP;116;276;TABOAO DA SERRA;Não guardar distância de segurança;Colisão traseira;Com Vítimas Feridas;Pleno dia;Crescente;Céu Claro;Dupla;Reta;Sim;2;0;1;0;1;0;1;2;-23,64262;-46,83811;SR-SP;UOP01;DEL04
275900;17/03/2020;terça-feira;07:17:00;PR;376;214,9;MANDAGUARI;Desobediência às normas de trânsito pelo condutor;Colisão traseira;Com Vítimas Fatais;Pleno dia;Crescente;Céu Claro;Dupla;Curva;Não;3;1;1;0;0;1;1;2;-23,58817;-51,64554;SR-PR;UOP03;DEL07
275901;17/03/2020;terça-feira;07:10:00;SP;153;41,9;ONDA VERDE;Desobediência às normas de trânsito pelo condutor;Colisão transversal;Com Vítimas Feridas;Pleno dia;Crescente;Céu Claro;Simples;Interseção de vias;Não;31;0;21;10;0;0;31;2;-20,63637;-49,33823;SR-SP;UOP01;DEL09
275902;17/03/2020;terça-feira;04:00:00;BA;101;896;CARAVELAS;Velocidade Incompatível;Tombamento;Sem Vítimas;Plena Noite;Decrescente;Nevoeiro/Neblina;Simples;Curva;Não;1;0;0;0;1;0;0;1;-17,75365;-39,76677;SR-BA;UOP02;DEL09
275903;17/03/2020;terça-feira;07:10:00;MG;381;483;BETIM;Não guardar distância de segurança;Colisão traseira;Com Vítimas Feridas;Amanhecer;Decrescente;Céu Claro;Múltipla;Não Informado;Sim;4;0;2;0;2;0;2;3;-19,95594;-44,10722;SR-MG;UOP03;DEL01
275904;17/03/2020;terça-feira;07:30:00;GO;60;101;ANAPOLIS;Desobediência às normas de trânsito pelo condutor;Colisão com objeto estático;Com Vítimas Feridas;Pleno dia;Decrescente;Céu Claro;Dupla;Retorno Regulamentado;Sim;2;0;2;0;0;0;2;1;-16,4046;-48,98031;SR-GO;UOP01;DEL02
275905;17/03/2020;terça-feira;04:30:00;RO;435;19,8;VILHENA;Defeito na Via;Colisão com objeto estático;Com Vítimas Feridas;Amanhecer;Crescente;Céu Claro;Simples;Reta;Não;1;0;1;0;0;0;1;1;-12,75217;-60,2904;SR-RO;UOP02;DEL04
275907;17/03/2020;terça-feira;07:30:00;ES;101;222;IBIRACU;Ultrapassagem Indevida;Colisão traseira;Com Vítimas Feridas;Pleno dia;Crescente;Céu Claro;Simples;Reta;Não;2;0;1;0;1;0;1;2;-19,86968;-40,40916;SR-ES;UOP01;DEL02
275909;17/03/2020;terça-feira;08:00:00;SP;116;217;GUARULHOS;Não guardar distância de segurança;Engavetamento;Com Vítimas Feridas;Pleno dia;Decrescente;Céu Claro;Múltipla;Reta;Sim;4;0;1;0;3;0;1;4;-23,45424;-46,47119;SR-SP;UOP01;DEL01
275910;17/03/2020;terça-feira;07:00:00;RJ;101;407;ITAGUAI;Mal Súbito;Colisão com objeto estático;Sem Vítimas;Pleno dia;Crescente;Chuva;Dupla;Viaduto;Sim;1;0;0;0;1;0;0;1;-22,85922;-43,75891;SR-RJ;UOP01;DEL03
275911;17/03/2020;terça-feira;07:45:00;PR;116;126;FAZENDA RIO GRANDE;Não guardar distância de segurança;Queda de ocupante de veículo;Com Vítimas Feridas;Pleno dia;Decrescente;Céu Claro;Dupla;Reta;Não;3;0;1;0;1;1;1;1;-25,6039;-49,31824;SR-PR;UOP03;DEL01
275912;17/03/2020;terça-feira;07:50:00;AL;104;91,3;RIO LARGO;Falta de Atenção à Condução;Colisão lateral;Com Vítimas Feridas;Pleno dia;Decrescente;Sol;Dupla;Reta;Não;2;0;1;0;1;0;1;2;-9,508989;-35,80777;SR-AL;UOP01;DEL01
275913;17/03/2020;terça-feira;08:00:00;PR;369;156,5;LONDRINA;Velocidade Incompatível;Colisão traseira;Com Vítimas Feridas;Pleno dia;Decrescente;Nublado;Dupla;Reta;Não;2;0;0;1;1;0;1;2;-23,29014;-51,22034;SR-PR;UOP01;DEL07
275914;17/03/2020;terça-feira;06:55:00;MG;251;489,6;FRANCISCO SA;Falta de Atenção à Condução;Colisão transversal;Com Vítimas Feridas;Pleno dia;Crescente;Céu Claro;Simples;Não Informado;Não;2;0;0;1;1;0;1;2;-16,52755;-43,57481;SR-MG;UOP01;DEL12
275916;17/03/2020;terça-feira;07:10:00;AC;364;123;RIO BRANCO;Falta de Atenção à Condução;Colisão traseira;Com Vítimas Feridas;Amanhecer;Crescente;Nublado;Dupla;Retorno Regulamentado;Sim;2;0;1;0;1;0;1;2;-10,01171;-67,78237;SR-AC;UOP01;DEL01
275917;15/02/2020;sábado;03:30:00;RS;472;141,4;TRES DE MAIO;Ingestão de Álcool;Saída de leito carroçável;Com Vítimas Feridas;Plena Noite;Crescente;Nublado;Simples;Curva;Não;2;0;2;0;0;0;2;1;-27,77591;-54,32825;SR-RS;UOP01;DEL10
275918;17/03/2020;terça-feira;06:50:00;PB;104;105,9;ESPERANCA;Pista Escorregadia;Colisão frontal;Com Vítimas Fatais;Pleno dia;Crescente;Sol;Simples;Reta;Não;2;1;0;0;1;0;0;2;-7,08939;-35,85454;SR-PB;UOP04;DEL02
275919;25/02/2020;terça-feira;09:30:00;PR;476;199,3;LAPA;Falta de Atenção à Condução;Colisão frontal;Sem Vítimas;Pleno dia;Crescente;Chuva;Simples;Reta;Sim;3;0;0;0;3;0;0;3;-25,77207;-49,74566;SR-PR;UOP05;DEL03
275920;17/03/2020;terça-feira;09:30:00;DF;40;8;BRASILIA;Velocidade Incompatível;Colisão transversal;Com Vítimas Feridas;Pleno dia;Crescente;Sol;Dupla;Retorno Regulamentado;Não;4;0;1;0;3;0;1;2;-16,03867;-47,97969;SR-DF;UOP01;DEL01
275921;17/03/2020;terça-feira;10:00:00;SP;116;220;GUARULHOS;Condutor Dormindo;Colisão traseira;Com Vítimas Feridas;Pleno dia;Crescente;Sol;Múltipla;Reta;Sim;2;0;1;0;1;0;1;2;-23,46459;-46,49832;SR-SP;UOP01;DEL01
275922;17/03/2020;terça-feira;07:35:00;MG;262;460,1;NOVA SERRANA;Falta de Atenção à Condução;Colisão traseira;Com Vítimas Feridas;Pleno dia;Decrescente;Céu Claro;Simples;Reta;Não;5;0;3;0;2;0;3;2;-19,82719;-45,07371;SR-MG;UOP03;DEL08
275923;17/03/2020;terça-feira;08:00:00;RS;116;40,4;VACARIA;Falta de Atenção à Condução;Colisão transversal;Com Vítimas Feridas;Pleno dia;Crescente;Céu Claro;Simples;Retorno Regulamentado;Sim;2;0;1;0;1;0;1;2;-28,51839;-50,93942;SR-RS;UOP03;DEL05
275924;17/03/2020;terça-feira;10:10:00;MA;316;590;TIMON;Falta de Atenção à Condução;Colisão transversal;Com Vítimas Fatais;Pleno dia;Crescente;Céu Claro;Simples;Não Informado;Não;7;1;0;2;4;0;2;2;-4,998977;-43,03959;SR-MA;UOP02;DEL03
275925;14/02/2020;sexta-feira;18:00:00;SC;153;5,4;AGUA DOCE;Desobediência às normas de trânsito pelo condutor;Colisão frontal;Com Vítimas Fatais;Pleno dia;Crescente;Nublado;Simples;Curva;Não;4;3;1;0;0;0;1;2;-26,64684;-51,51661;SR-SC;UOP06;DEL07
275926;17/03/2020;terça-feira;10:00:00;CE;222;310,5;TIANGUA;Desobediência às normas de trânsito pelo condutor;Colisão transversal;Com Vítimas Feridas;Pleno dia;Decrescente;Céu Claro;Simples;Interseção de vias;Sim;4;0;2;0;2;0;2;2;-3,706706;-40,97707;SR-CE;UOP02;DEL04
275927;17/03/2020;terça-feira;08:20:00;SC;101;257,9;GAROPABA;Falta de Atenção à Condução;Capotamento;Sem Vítimas;Pleno dia;Decrescente;Chuva;Dupla;Curva;Não;1;0;0;0;1;0;0;1;-27,99001;-48,67939;SR-SC;UOP03;DEL02
275928;17/03/2020;terça-feira;10:10:00;PR;277;540,7;IBEMA;Desobediência às normas de trânsito pelo condutor;Colisão frontal;Com Vítimas Fatais;Pleno dia;Crescente;Sol;Simples;Reta;Não;3;1;0;0;1;1;0;2;-25,10412;-53,04935;SR-PR;UOP02;DEL04
275929;17/03/2020;terça-feira;06:30:00;MG;40;790,7;JUIZ DE FORA;Defeito Mecânico no Veículo;Queda de ocupante de veículo;Com Vítimas Feridas;Amanhecer;Crescente;Nublado;Dupla;Reta;Não;2;0;1;0;1;0;1;1;-21,77131;-43,43619;SR-MG;UOP01;DEL05
275930;17/03/2020;terça-feira;10:40:00;SP;116;227,3;SAO PAULO;Mal Súbito;Colisão com objeto estático;Com Vítimas Feridas;Pleno dia;Decrescente;Sol;Múltipla;Reta;Sim;1;0;1;0;0;0;1;1;-23,49659;-46,55649;SR-SP;UOP01;DEL01
275931;17/03/2020;terça-feira;05:20:00;BA;116;326;ARACI;Desobediência às normas de trânsito pelo condutor;Colisão frontal;Com Vítimas Feridas;Amanhecer;Decrescente;Céu Claro;Simples;Reta;Não;2;0;1;1;0;0;2;2;-11,38289;-38,96583;SR-BA;UOP01;DEL02
275932;17/03/2020;terça-feira;10:10:00;PR;369;442,5;UBIRATA;Velocidade Incompatível;Colisão traseira;Com Vítimas Feridas;Pleno dia;Decrescente;Céu Claro;Simples;Não Informado;Não;4;0;2;0;2;0;2;3;-24,53159;-52,94787;SR-PR;UOP04;DEL04
275933;17/03/2020;terça-feira;09:40:00;ES;101;332,5;GUARAPARI;Velocidade Incompatível;Tombamento;Com Vítimas Feridas;Pleno dia;Crescente;Céu Claro;Dupla;Curva;Não;1;0;0;1;0;0;1;1;-20,60724;-40,50889;SR-ES;UOP01;DEL03
275934;17/03/2020;terça-feira;11:00:00;MG;116;676;MIRADOURO;Falta de Atenção à Condução;Colisão transversal;Com Vítimas Feridas;Pleno dia;Decrescente;Céu Claro;Simples;Rotatória;Sim;4;0;1;1;2;0;2;2;-20,89919;-42,34646;SR-MG;UOP02;DEL07
275935;17/03/2020;terça-feira;09:50:00;PR;277;157;PORTO AMAZONAS;Defeito Mecânico no Veículo;Tombamento;Com Vítimas Feridas;Pleno dia;Decrescente;Céu Claro;Simples;Rotatória;Não;2;0;1;0;1;0;1;1;-25,47289;-49,89596;SR-PR;UOP03;DEL03
275936;17/03/2020;terça-feira;10:30:00;PR;376;257;CALIFORNIA;Desobediência às normas de trânsito pelo condutor;Colisão lateral;Com Vítimas Feridas;Pleno dia;Crescente;Céu Claro;Simples;Reta;Sim;3;0;1;0;2;0;1;2;-23,68565;-51,34995;SR-PR;UOP03;DEL07
275939;17/03/2020;terça-feira;10:40:00;PR;116;125;FAZENDA RIO GRANDE;Falta de Atenção à Condução;Colisão lateral;Com Vítimas Feridas;Pleno dia;Crescente;Céu Claro;Dupla;Reta;Não;2;0;1;0;0;1;1;2;-25,59505;-49,31631;SR-PR;UOP03;DEL01
275940;17/03/2020;terça-feira;11:10:00;DF;70;7,9;BRASILIA;Velocidade Incompatível;Colisão com objeto estático;Com Vítimas Feridas;Pleno dia;Crescente;Nublado;Simples;Reta;Sim;1;0;1;0;0;0;1;1;-15,7876;-48,11443;SR-DF;UOP03;DEL01
275941;17/03/2020;terça-feira;10:10:00;SP;116;218;GUARULHOS;Mal Súbito;Colisão traseira;Com Vítimas Feridas;Pleno dia;Decrescente;Céu Claro;Múltipla;Reta;Não;2;0;1;0;1;0;1;2;-23,45797;-46,47993;SR-SP;UOP01;DEL01
275943;17/03/2020;terça-feira;10:50:00;PR;277;129;BALSA NOVA;Não guardar distância de segurança;Colisão traseira;Sem Vítimas;Pleno dia;Crescente;Céu Claro;Dupla;Reta;Não;2;0;0;0;2;0;0;2;-25,45628;-49,63437;SR-PR;UOP03;DEL03
275945;17/03/2020;terça-feira;11:05:00;MS;163;135;NAVIRAI;Falta de Atenção à Condução;Colisão transversal;Com Vítimas Feridas;Pleno dia;Decrescente;Céu Claro;Simples;Curva;Não;3;0;0;1;1;1;1;2;-23,01911;-54,30128;SR-MS;UOP01;DEL09
275946;17/03/2020;terça-feira;12:10:00;RJ;393;108;SAPUCAIA;Condutor Dormindo;Capotamento;Com Vítimas Feridas;Pleno dia;Crescente;Céu Claro;Simples;Reta;Sim;3;0;1;0;2;0;1;1;-21,88167;-42,68707;SR-RJ;UOP02;DEL06