id;data_inversa;dia_semana;horario;uf;br;km;municipio;causa_acidente;tipo_acidente;classificacao_acidente;fase_dia;sentido_via;condicao_metereologica;tipo_pista;tracado_via;uso_solo;pessoas;mortos;feridos_leves;feridos_graves;ilesos;ignorados;feridos;veiculos;latitude;longitude;regional;delegacia;uop
275947;17/03/2020;terça-feira;12:20:00;PE;101;53,7;PAULISTA;Falta de Atenção à Condução;Colisão traseira;Com Vítimas Feridas;Pleno dia;Crescente;Céu Claro;Múltipla;Reta;Sim;3;0;2;0;1;0;2;2;-7,95954;-34,87115;SR-PE;UOP02;DEL01
275948;17/03/2020;terça-feira;12:10:00;AL;101;51,9;FLEXEIRAS;Velocidade Incompatível;Tombamento;Com Vítimas Feridas;Pleno dia;Crescente;Céu Claro;Dupla;Curva;Não;2;0;0;1;0;1;1;1;-9,241987;-35,76001;SR-AL;UOP02;DEL01
275949;17/03/2020;terça-feira;12:15:00;SE;101;93;NOSSA SENHORA DO SOCORRO;Velocidade Incompatível;Tombamento;Com Vítimas Feridas;Pleno dia;Decrescente;Garoa/Chuvisco;Dupla;Reta;Sim;1;0;1;0;0;0;1;1;-10,90417;-37,14799;SR-SE;UOP01;DEL01
275950;17/03/2020;terça-feira;11:55:00;GO;153;357,3;JARAGUA;Desobediência às normas de trânsito pelo condutor;Colisão transversal;Com Vítimas Feridas;Pleno dia;Decrescente;Céu Claro;Simples;Interseção de vias;Sim;2;0;1;0;1;0;1;2;-15,73567;-49,32301;SR-GO;UOP02;DEL02
275951;17/03/2020;terça-feira;12:01:00;PR;376;326;ORTIGUEIRA;Desobediência às normas de trânsito pelo condutor;Tombamento;Com Vítimas Feridas;Pleno dia;Crescente;Céu Claro;Simples;Curva;Não;2;0;0;1;1;0;1;2;-24,06581;-51,06433;SR-PR;UOP02;DEL07
275952;17/03/2020;terça-feira;12:45:00;PE;101;42;IGARASSU;Falta de Atenção à Condução;Colisão transversal;Com Vítimas Feridas;Pleno dia;Crescente;Sol;Múltipla;Reta;Sim;4;0;1;1;1;1;2;2;-7,838874;-34,91197;SR-PE;UOP02;DEL01
275953;17/03/2020;terça-feira;11:50:00;PB;230;160,3;CAMPINA GRANDE;Não guardar distância de segurança;Colisão traseira;Sem Vítimas;Pleno dia;Decrescente;Céu Claro;Simples;Reta;Sim;2;0;0;0;2;0;0;2;-7,2436;-35,9375;SR-PB;UOP01;DEL02
275955;17/03/2020;terça-feira;11:20:00;RO;364;704,8;PORTO VELHO;Desobediência às normas de trânsito pelo condutor;Colisão traseira;Com Vítimas Feridas;Pleno dia;Crescente;Sol;Dupla;Reta;Sim;4;0;3;0;1;0;3;3;-8,800327;-63,80454;SR-RO;UOP01;DEL01
275956;14/03/2020;sábado;05:30:00;RJ;101;87,5;CAMPOS DOS GOYTACAZES;Velocidade Incompatível;Colisão com objeto estático;Com Vítimas Feridas;Amanhecer;Decrescente;Céu Claro;Dupla;Reta;Não;2;0;2;0;0;0;2;1;-21,82968;-41,4993;SR-RJ;UOP02;DEL08
275957;17/03/2020;terça-feira;12:45:00;RS;470;221,3;GARIBALDI;Avarias e/ou desgaste excessivo no pneu;Saída de leito carroçável;Com Vítimas Feridas;Pleno dia;Crescente;Céu Claro;Simples;Não Informado;Não;1;0;1;0;0;0;1;1;-29,19516;-51,5195;SR-RS;UOP01;DEL06
275958;13/03/2020;sexta-feira;17:15:00;RS;116;258;ESTEIO;Avarias e/ou desgaste excessivo no pneu;Saída de leito carroçável;Com Vítimas Feridas;Pleno dia;Decrescente;Céu Claro;Dupla;Reta;Não;1;0;1;0;0;0;1;1;-29,86151;-51,18092;SR-RS;UOP02;DEL01
275959;17/03/2020;terça-feira;12:40:00;RJ;116;78;TERESOPOLIS;Falta de Atenção à Condução;Queda de ocupante de veículo;Com Vítimas Feridas;Pleno dia;Crescente;Nublado;Simples;Reta;Não;1;0;1;0;0;0;1;1;-22,37409;-42,9526;SR-RJ;UOP01;DEL04
275960;17/03/2020;terça-feira;13:00:00;MA;10;133,9;PORTO FRANCO;Não guardar distância de segurança;Colisão lateral;Com Vítimas Feridas;Pleno dia;Crescente;Céu Claro;Simples;Reta;Não;2;0;0;1;1;0;1;2;-6,540191;-47,41722;SR-MA;UOP02;DEL04
275961;17/03/2020;terça-feira;12:30:00;RJ;40;96;DUQUE DE CAXIAS;Carga excessiva e/ou mal acondicionada;Tombamento;Com Vítimas Feridas;Pleno dia;Decrescente;Nublado;Simples;Curva;Não;1;0;1;0;0;0;1;1;-22,58195;-43,26253;SR-RJ;UOP01;DEL01
275962;17/03/2020;terça-feira;11:50:00;CE;222;214,1;FORQUILHA;Velocidade Incompatível;Saída de leito carroçável;Com Vítimas Feridas;Pleno dia;Decrescente;Céu Claro;Simples;Curva;Não;5;0;2;0;3;0;2;1;-3,771452;-40,28112;SR-CE;UOP01;DEL04
275963;17/03/2020;terça-feira;13:53:00;PA;316;71;CASTANHAL;Falta de Atenção à Condução;Colisão traseira;Com Vítimas Feridas;Pleno dia;Decrescente;Céu Claro;Simples;Reta;Não;2;0;0;1;1;0;1;2;-1,290629;-47,85734;SR-PA;UOP01;DEL01
275964;17/03/2020;terça-feira;12:50:00;BA;116;15,4;VITORIA DA CONQUISTA;Falta de Atenção à Condução;Colisão transversal;Com Vítimas Feridas;Pleno dia;Crescente;Sol;Simples;Retorno Regulamentado;Sim;2;0;1;0;1;0;1;2;-14,89962;-40,85444;SR-BA;UOP01;DEL08
275967;17/03/2020;terça-feira;14:00:00;PB;230;345;PATOS;Falta de Atenção do Pedestre;Saída de leito carroçável;Com Vítimas Feridas;Pleno dia;Crescente;Sol;Simples;Não Informado;Não;1;0;1;0;0;0;1;1;-6,9738;-37,3462;SR-PB;UOP01;DEL03
275968;17/03/2020;terça-feira;14:25:00;RS;392;719;PORTO XAVIER;Falta de Atenção à Condução;Colisão lateral;Com Vítimas Feridas;Pleno dia;Crescente;Sol;Simples;Reta;Sim;3;0;2;0;1;0;2;3;-27,91668;-55,1377;SR-RS;UOP01;DEL10
275969;17/03/2020;terça-feira;14:05:00;PR;158;531,2;PATO BRANCO;Velocidade Incompatível;Tombamento;Com Vítimas Feridas;Pleno dia;Crescente;Céu Claro;Simples;Reta;Não;4;0;0;1;1;2;1;2;-26,20228;-52,67822;SR-PR;UOP01;DEL02
275970;17/03/2020;terça-feira;13:50:00;ES;101;271;SERRA;Falta de Atenção à Condução;Colisão lateral;Com Vítimas Feridas;Pleno dia;Crescente;Céu Claro;Dupla;Reta;Sim;2;0;1;0;1;0;1;2;-20,23267;-40,27658;SR-ES;UOP01;DEL02
275971;17/03/2020;terça-feira;12:00:00;SC;163;83,9;GUARACIABA;Desobediência às normas de trânsito pelo condutor;Colisão lateral;Com Vítimas Feridas;Pleno dia;Decrescente;Céu Claro;Simples;Não Informado;Sim;2;0;1;0;1;0;1;2;-26,60221;-53,51657;SR-SC;UOP03;DEL07
275972;17/03/2020;terça-feira;13:20:00;SC;282;330,7;CAMPOS NOVOS;Desobediência às normas de trânsito pelo condutor;Colisão traseira;Com Vítimas Feridas;Pleno dia;Crescente;Céu Claro;Simples;Reta;Sim;5;0;2;0;3;0;2;3;-27,38458;-51,10658;SR-SC;UOP08;DEL07
275973;17/03/2020;terça-feira;09:50:00;MT;174;96,4;CACERES;Falta de Atenção à Condução;Colisão lateral;Sem Vítimas;Pleno dia;Crescente;Céu Claro;Simples;Reta;Não;5;0;0;0;5;0;0;2;-15,86121;-57,83904;SR-MT;UOP01;DEL03
275974;17/03/2020;terça-feira;14:00:00;MS;163;842;SONORA;Falta de Atenção à Condução;Saída de leito carroçável;Com Vítimas Feridas;Pleno dia;Decrescente;Céu Claro;Simples;Reta;Não;1;0;1;0;0;0;1;1;-17,55521;-54,74131;SR-MS;UOP01;DEL06
275975;17/03/2020;terça-feira;14:30:00;PE;424;91,9;GARANHUNS;Desobediência às normas de trânsito pelo condutor;Colisão transversal;Com Vítimas Feridas;Pleno dia;Crescente;Nublado;Simples;Curva;Sim;3;0;1;0;2;0;1;2;-8,904096;-36,49975;SR-PE;UOP01;DEL03
275976;17/03/2020;terça-feira;14:30:00;RJ;101;313,2;SAO GONCALO;Mal Súbito;Tombamento;Com Vítimas Feridas;Pleno dia;Crescente;Nublado;Dupla;Curva;Não;1;0;1;0;0;0;1;1;-22,81124;-43,0719;SR-RJ;UOP01;DEL02
275977;17/03/2020;terça-feira;14:45:00;ES;262;76,5;MARECHAL FLORIANO;Velocidade Incompatível;Colisão transversal;Com Vítimas Fatais;Pleno dia;Crescente;Chuva;Simples;Curva;Não;2;1;0;0;1;0;0;2;-20,41279;-40,90834;SR-ES;UOP02;DEL01
275978;17/03/2020;terça-feira;14:00:00;RO;364;703;PORTO VELHO;Desobediência às normas de trânsito pelo condutor;Colisão traseira;Com Vítimas Feridas;Pleno dia;Decrescente;Sol;Dupla;Reta;Sim;3;0;2;0;1;0;2;2;-8,800479;-63,80173;SR-RO;UOP01;DEL01
275979;17/03/2020;terça-feira;15:35:00;RJ;116;111;MAGE;Falta de Atenção à Condução;Colisão traseira;Com Vítimas Feridas;Pleno dia;Crescente;Chuva;Dupla;Reta;Não;8;0;5;1;2;0;6;4;-22,55838;-42,99482;SR-RJ;UOP02;DEL04
275981;17/03/2020;terça-feira;14:10:00;GO;50;280,6;CATALAO;Falta de Atenção à Condução;Colisão transversal;Com Vítimas Feridas;Pleno dia;Crescente;Céu Claro;Simples;Não Informado;Sim;2;0;1;0;1;0;1;2;-18,0093;-47,8085;SR-GO;UOP01;DEL06
275983;17/03/2020;terça-feira;15:20:00;ES;262;121,5;CONCEICAO DO CASTELO;Velocidade Incompatível;Tombamento;Com Vítimas Feridas;Pleno dia;Decrescente;Chuva;Simples;Curva;Não;1;0;1;0;0;0;1;1;-20,29366;-41,23019;SR-ES;UOP02;DEL01
275984;17/03/2020;terça-feira;15:20:00;MG;381;456;SABARA;Falta de Atenção à Condução;Colisão lateral;Com Vítimas Feridas;Pleno dia;Decrescente;Céu Claro;Simples;Reta;Não;2;0;1;0;1;0;1;2;-19,85863;-43,91292;SR-MG;UOP01;DEL01
275985;17/03/2020;terça-feira;14:00:00;PR;153;27,9;JACAREZINHO;Defeito Mecânico no Veículo;Incêndio;Sem Vítimas;Pleno dia;Decrescente;Céu Claro;Simples;Não Informado;Não;1;0;0;0;1;0;0;1;-23,20965;-49,98695;SR-PR;UOP05;DEL07
275986;17/03/2020;terça-feira;11:20:00;RJ;116;223;PIRAI;Carga excessiva e/ou mal acondicionada;Derramamento de carga;Sem Vítimas;Pleno dia;Decrescente;Céu Claro;Dupla;Desvio Temporário;Não;1;0;0;0;1;0;0;1;-22,66887;-43,82688;SR-RJ;UOP01;DEL07
275987;17/03/2020;terça-feira;15:30:00;PE;101;74,3;RECIFE;Falta de Atenção do Pedestre;Atropelamento de Pedestre;Com Vítimas Fatais;Pleno dia;Decrescente;Céu Claro;Dupla;Reta;Sim;2;1;0;0;0;1;0;1;-8,101465;-34,94902;SR-PE;UOP01;DEL01
275988;17/03/2020;terça-feira;15:45:00;MT;70;2;BARRA DO GARCAS;Desobediência às normas de trânsito pelo condutor;Colisão lateral;Com Vítimas Feridas;Pleno dia;Crescente;Céu Claro;Simples;Reta;Não;2;0;1;0;1;0;1;2;-15,8875;-52,26811;SR-MT;UOP01;DEL07
275989;17/03/2020;terça-feira;13:40:00;PE;101;108,4;CABO DE SANTO AGOSTINHO;Condutor Dormindo;Colisão com objeto estático;Com Vítimas Feridas;Pleno dia;Decrescente;Céu Claro;Simples;Curva;Não;2;0;1;0;0;1;1;1;-8,306702;-35,09303;SR-PE;UOP03;DEL01
275990;17/03/2020;terça-feira;15:00:00;MG;381;709,7;NEPOMUCENO;Defeito Mecânico no Veículo;Danos eventuais;Sem Vítimas;Pleno dia;Decrescente;Céu Claro;Dupla;Reta;Não;1;0;0;0;1;0;0;1;-21,37772;-45,1942;SR-MG;UOP02;DEL04
275991;17/03/2020;terça-feira;16:00:00;SC;101;116;ITAJAI;Não guardar distância de segurança;Colisão lateral;Com Vítimas Feridas;Pleno dia;Decrescente;Nublado;Dupla;Reta;Sim;2;0;2;0;0;0;2;2;-26,87906;-48,72604;SR-SC;UOP04;DEL04
275992;17/03/2020;terça-feira;14:20:00;SC;470;70;INDAIAL;Desobediência às normas de trânsito pelo condutor;Colisão transversal;Com Vítimas Feridas;Pleno dia;Decrescente;Nublado;Simples;Não Informado;Sim;2;0;0;1;1;0;1;2;-26,88937;-49,25448;SR-SC;UOP01;DEL04
275993;17/03/2020;terça-feira;15:05:00;PR;376;597;CURITIBA;Defeito Mecânico no Veículo;Incêndio;Sem Vítimas;Pleno dia;Decrescente;Sol;Dupla;Não Informado;Sim;1;0;0;0;1;0;0;1;-25,51057;-49,33885;SR-PR;UOP04;DEL01
275994;17/03/2020;terça-feira;16:50:00;CE;116;46,5;PACAJUS;Desobediência às normas de trânsito pelo condutor;Colisão transversal;Com Vítimas Feridas;Anoitecer;Crescente;Nublado;Dupla;Curva;Não;2;0;0;1;1;0;1;2;-4,139241;-38,47995;SR-CE;UOP02;DEL01
275995;17/03/2020;terça-feira;06:30:00;MG;365;155,4;PIRAPORA;Condutor Dormindo;Saída de leito carroçável;Com Vítimas Feridas;Pleno dia;Decrescente;Céu Claro;Simples;Curva;Não;1;0;1;0;0;0;1;1;-17,32423;-44,89663;SR-MG;UOP01;DEL12
275996;17/03/2020;terça-feira;16:45:00;PE;101;68,7;RECIFE;Ultrapassagem Indevida;Colisão lateral;Com Vítimas Feridas;Pleno dia;Decrescente;Céu Claro;Simples;Reta;Sim;2;0;1;0;1;0;1;2;-8,050743;-34,94581;SR-PE;UOP01;DEL01
275997;17/03/2020;terça-feira;17:10:00;PE;101;36;ITAPISSUMA;Falta de Atenção à Condução;Colisão transversal;Sem Vítimas;Anoitecer;Decrescente;Vento;Múltipla;Reta;Sim;2;0;0;0;1;1;0;2;-7,788367;-34,92982;SR-PE;UOP02;DEL01
275998;17/03/2020;terça-feira;17:25:00;SP;116;277;TABOAO DA SERRA;Não guardar distância de segurança;Colisão traseira;Com Vítimas Feridas;Pleno dia;Decrescente;Nublado;Dupla;Curva;Não;2;0;1;0;1;0;1;2;-23,64871;-46,84395;SR-SP;UOP01;DEL04
275999;17/03/2020;terça-feira;17:30:00;MG;40;552;NOVA LIMA;Desobediência às normas de trânsito pelo condutor;Colisão transversal;Com Vítimas Feridas;Pleno dia;Crescente;Chuva;Dupla;Reta;Sim;3;0;0;1;1;1;1;3;-20,06084;-43,97716;SR-MG;UOP02;DEL01
276000;17/03/2020;terça-feira;17:20:00;SP;153;176,6;LINS;Desobediência às normas de trânsito pelo condutor;Colisão com objeto estático;Com Vítimas Feridas;Pleno dia;Decrescente;Céu Claro;Simples;Reta;Não;1;0;1;0;0;0;1;1;-21,64888;-49,7887;SR-SP;UOP01;DEL07
276001;17/03/2020;terça-feira;17:45:00;BA;101;261;SANTO ANTONIO DE JESUS;Desobediência às normas de trânsito pelo condutor;Colisão lateral;Com Vítimas Feridas;Pleno dia;Decrescente;Céu Claro;Simples;Reta;Sim;3;0;2;0;0;1;2;2;-13,07287;-39,27407;SR-BA;UOP02;DEL01
276002;17/03/2020;terça-feira;16:30:00;SC;470;190,2;POUSO REDONDO;Avarias e/ou desgaste excessivo no pneu;Saída de leito carroçável;Com Vítimas Feridas;Pleno dia;Decrescente;Nublado;Simples;Curva;Não;1;0;1;0;0;0;1;1;-27,2815;-50,06977;SR-SC;UOP02;DEL04
276003;17/03/2020;terça-feira;12:40:00;CE;116;148;RUSSAS;Falta de Atenção à Condução;Colisão traseira;Com Vítimas Feridas;Pleno dia;Crescente;Céu Claro;Simples;Não Informado;Não;2;0;1;0;1;0;1;2;-4,830184;-38,05093;SR-CE;UOP01;DEL03
276004;17/03/2020;terça-feira;17:00:00;PA;230;116;MARABA;Ingestão de Álcool;Colisão traseira;Com Vítimas Feridas;Anoitecer;Crescente;Céu Claro;Dupla;Não Informado;Sim;3;0;1;0;2;0;1;3;-5,359475;-49,08301;SR-PA;UOP01;DEL03
276005;17/03/2020;terça-feira;16:00:00;RO;364;703;PORTO VELHO;Desobediência às normas de trânsito pelo condutor;Colisão transversal;Com Vítimas Feridas;Pleno dia;Crescente;Céu Claro;Dupla;Reta;Sim;2;0;0;1;1;0;1;2;-8,800215;-63,79558;SR-RO;UOP01;DEL01
276006;17/03/2020;terça-feira;14:05:00;AM;174;928;MANAUS;Condutor Dormindo;Saída de leito carroçável;Com Vítimas Feridas;Pleno dia;Decrescente;Nublado;Simples;Não Informado;Não;1;0;1;0;0;0;1;1;-2,590313;-60,03401;SR-AM;UOP01;DEL01
276007;17/03/2020;terça-feira;17:50:00;SP;116;223,1;GUARULHOS;Falta de Atenção à Condução;Colisão com objeto estático;Com Vítimas Feridas;Anoitecer;Crescente;Céu Claro;Dupla;Reta;Sim;3;0;2;0;1;0;2;1;-23,4756;-46,52466;SR-SP;UOP01;DEL01
276008;17/03/2020;terça-feira;12:50:00;SC;282;514,6;XAXIM;Velocidade Incompatível;Saída de leito carroçável;Com Vítimas Feridas;Pleno dia;Crescente;Céu Claro;Simples;Curva;Não;3;0;3;0;0;0;3;2;-26,91667;-52,4925;SR-SC;UOP01;DEL07
276009;17/03/2020;terça-feira;17:30:00;PR;277;9;PARANAGUA;Defeito Mecânico no Veículo;Saída de leito carroçável;Sem Vítimas;Anoitecer;Decrescente;Nublado;Dupla;Reta;Não;1;0;0;0;1;0;0;1;-25,56474;-48,60017;SR-PR;UOP07;DEL01
276010;17/03/2020;terça-feira;16:25:00;SP;116;137,8;SAO JOSE DOS CAMPOS;Defeito Mecânico no Veículo;Tombamento;Com Vítimas Feridas;Pleno dia;Decrescente;Céu Claro;Dupla;Reta;Não;1;0;1;0;0;0;1;1;-23,1567;-45,79423;SR-SP;UOP01;DEL06
276011;17/03/2020;terça-feira;16:05:00;ES;101;153;LINHARES;Não guardar distância de segurança;Colisão traseira;Com Vítimas Feridas;Pleno dia;Decrescente;Céu Claro;Simples;Reta;Não;3;0;1;0;2;0;1;2;-19,42334;-40,07872;SR-ES;UOP01;DEL04
276012;17/03/2020;terça-feira;18:00:00;RJ;101;464;ANGRA DOS REIS;Defeito na Via;Queda de ocupante de veículo;Com Vítimas Feridas;Anoitecer;Crescente;Céu Claro;Simples;Reta;Não;1;0;1;0;0;0;1;1;-23,02483;-44,21971;SR-RJ;UOP02;DEL03
276013;17/03/2020;terça-feira;18:05:00;ES;101;147,1;LINHARES;Desobediência às normas de trânsito pelo condutor;Colisão transversal;Com Vítimas Feridas;Anoitecer;Crescente;Céu Claro;Múltipla;Não Informado;Sim;2;0;1;0;1;0;1;2;-19,37887;-40,06658;SR-ES;UOP01;DEL04
276014;17/03/2020;terça-feira;17:50:00;BA;324;514;FEIRA DE SANTANA;Não guardar distância de segurança;Colisão traseira;Com Vítimas Feridas;Plena Noite;Crescente;Céu Claro;Simples;Reta;Sim;2;0;1;0;1;0;1;2;-12,23229;-38,95215;SR-BA;UOP01;DEL02
276015;17/03/2020;terça-feira;18:50:00;CE;222;222,2;SOBRAL;Restrição de Visibilidade;Tombamento;Com Vítimas Feridas;Plena Noite;Decrescente;Céu Claro;Simples;Reta;Sim;1;0;1;0;0;0;1;1;-3,721346;-40,32872;SR-CE;UOP01;DEL04
276016;17/03/2020;terça-feira;06:10:00;MG;40;505;RIBEIRAO DAS NEVES;Mal Súbito;Saída de leito carroçável;Com Vítimas Feridas;Pleno dia;Crescente;Céu Claro;Dupla;Curva;Sim;1;0;1;0;0;0;1;1;-19,73838;-44,14936;SR-MG;UOP01;DEL02
276017;17/03/2020;terça-feira;15:20:00;RO;364;422,8;JARU;Desobediência às normas de trânsito pelo condutor;Colisão lateral;Sem Vítimas;Pleno dia;Crescente;Nublado;Simples;Reta;Sim;4;0;0;0;4;0;0;2;-10,45975;-62,4558;SR-RO;UOP02;DEL03
276019;17/03/2020;terça-feira;16:30:00;RO;435;87;VILHENA;Defeito na Via;Capotamento;Com Vítimas Feridas;Pleno dia;Decrescente;Céu Claro;Simples;Reta;Não;3;0;3;0;0;0;3;1;-12,74864;-60,29216;SR-RO;UOP02;DEL04
276020;15/03/2020;domingo;03:30:00;DF;20;21;BRASILIA;Ingestão de Álcool;Colisão lateral;Com Vítimas Feridas;Plena Noite;Crescente;Céu Claro;Dupla;Não Informado;Sim;3;0;1;1;1;0;2;2;-15,60338;-47,68469;SR-DF;UOP01;DEL02
276021;17/03/2020;terça-feira;19:15:00;DF;40;2;BRASILIA;Falta de Atenção à Condução;Colisão lateral;Com Vítimas Feridas;Plena Noite;Crescente;Nublado;Dupla;Reta;Não;2;0;1;0;1;0;1;2;-15,99435;-47,98595;SR-DF;UOP01;DEL01
276022;17/03/2020;terça-feira;19:40:00;SP;153;68,7;SAO JOSE DO RIO PRETO;Animais na Pista;Atropelamento de Animal;Sem Vítimas;Plena Noite;Crescente;Céu Claro;Dupla;Reta;Não;1;0;0;0;1;0;0;1;-20,85059;-49,39065;SR-SP;UOP01;DEL09
276023;17/03/2020;terça-feira;18:30:00;SP;116;272;TABOAO DA SERRA;Falta de Atenção à Condução;Colisão transversal;Com Vítimas Feridas;Plena Noite;Crescente;Céu Claro;Dupla;Reta;Não;2;0;2;0;0;0;2;2;-23,61547;-46,78717;SR-SP;UOP01;DEL04
276024;08/03/2020;domingo;12:00:00;SC;101;136;BALNEARIO CAMBORIU;Não guardar distância de segurança;Colisão traseira;Com Vítimas Feridas;Pleno dia;Crescente;Céu Claro;Dupla;Reta;Sim;3;0;1;0;0;2;1;3;-27,00811;-48,61724;SR-SC;UOP03;DEL04
276025;17/03/2020;terça-feira;19:30:00;PR;373;415,1;CANDOI;Velocidade Incompatível;Colisão traseira;Com Vítimas Feridas;Plena Noite;Crescente;Céu Claro;Simples;Interseção de vias;Sim;6;0;3;1;2;0;4;2;-25,67309;-52,12498;SR-PR;UOP01;DEL08
276026;17/03/2020;terça-feira;20:10:00;SE;101;7,5;CEDRO DE SAO JOAO;Falta de Atenção à Condução;Tombamento;Com Vítimas Feridas;Plena Noite;Crescente;Céu Claro;Dupla;Não Informado;Não;1;0;1;0;0;0;1;1;-10,25586;-36,86127;SR-SE;UOP02;DEL02
276028;17/03/2020;terça-feira;17:35:00;AP;156;397;FERREIRA GOMES;Não guardar distância de segurança;Colisão traseira;Sem Vítimas;Anoitecer;Decrescente;Céu Claro;Simples;Reta;Não;8;0;0;0;2;6;0;2;0,9576755;-51,13392;SR-AP;UOP01;DEL01
276029;17/03/2020;terça-feira;14:00:00;PA;155;303;MARABA;Desobediência às normas de trânsito pelo condutor;Tombamento;Com Vítimas Feridas;Pleno dia;Crescente;Sol;Simples;Reta;Não;4;0;1;0;0;3;1;1;-5,708704;-49,1321;SR-PA;UOP01;DEL03
276030;17/03/2020;terça-feira;19:45:00;PR;376;3;SAO JOSE DOS PINHAIS;Falta de Atenção à Condução;Atropelamento de Pedestre;Com Vítimas Feridas;Plena Noite;Crescente;Nublado;Dupla;Não Informado;Sim;3;0;1;1;0;1;2;1;-25,53964;-49,19168;SR-PR;UOP01;DEL01
276031;17/03/2020;terça-feira;20:00:00;BA;101;423,9;MARAU;Desobediência às normas de trânsito pelo pedestre;Atropelamento de Pedestre;Com Vítimas Fatais;Plena Noite;Decrescente;Céu Claro;Simples;Ponte;Não;2;1;0;0;0;1;0;1;-14,25629;-39,28368;SR-BA;UOP03;DEL05
276032;17/03/2020;terça-feira;19:00:00;BA;101;913,9;MUCURI;Desobediência às normas de trânsito pelo condutor;Colisão frontal;Com Vítimas Feridas;Plena Noite;Crescente;Nublado;Simples;Reta;Não;4;0;3;0;1;0;3;2;-18,03101;-39,86412;SR-BA;UOP02;DEL09
276033;17/03/2020;terça-feira;19:00:00;PR;116;27,6;CAMPINA GRANDE DO SUL;Velocidade Incompatível;Colisão com objeto estático;Com Vítimas Feridas;Plena Noite;Decrescente;Garoa/Chuvisco;Dupla;Curva;Não;2;0;1;0;1;0;1;2;-25,1122;-48,80305;SR-PR;UOP02;DEL01
276034;17/03/2020;terça-feira;18:50:00;RO;364;235;CACOAL;Falta de Atenção à Condução;Colisão traseira;Com Vítimas Feridas;Plena Noite;Decrescente;Nublado;Simples;Reta;Sim;2;0;0;1;1;0;1;2;-11,45062;-61,43025;SR-RO;UOP02;DEL02
276035;17/03/2020;terça-feira;20:40:00;ES;101;287;CARIACICA;Defeito Mecânico no Veículo;Queda de ocupante de veículo;Com Vítimas Feridas;Pleno dia;Crescente;Céu Claro;Dupla;Reta;Não;1;0;1;0;0;0;1;1;-20,26494;-40,38472;SR-ES;UOP01;DEL01
276036;17/03/2020;terça-feira;20:30:00;PR;373;257,1;GUAMIRANGA;Desobediência às normas de trânsito pelo condutor;Colisão lateral;Com Vítimas Fatais;Plena Noite;Crescente;Nublado;Simples;Reta;Não;3;1;0;0;2;0;0;3;-25,1937;-50,92217;SR-PR;UOP01;DEL03
276037;17/03/2020;terça-feira;18:10:00;RS;153;46,2;ERECHIM;Não guardar distância de segurança;Colisão traseira;Com Vítimas Feridas;Pleno dia;Decrescente;Sol;Simples;Reta;Sim;4;0;2;1;1;0;3;3;-27,63947;-52,24218;SR-RS;UOP04;DEL08
276038;17/03/2020;terça-feira;21:10:00;ES;101;138;LINHARES;Velocidade Incompatível;Saída de leito carroçável;Sem Vítimas;Plena Noite;Decrescente;Céu Claro;Simples;Reta;Não;2;0;0;0;0;2;0;1;-19,30186;-40,08372;SR-ES;UOP01;DEL04
276039;17/03/2020;terça-feira;21:30:00;RS;448;3,5;ESTEIO;Defeito Mecânico no Veículo;Tombamento;Com Vítimas Feridas;Plena Noite;Decrescente;Céu Claro;Dupla;Reta;Não;2;0;2;0;0;0;2;1;-29,84648;-51,2068;SR-RS;UOP02;DEL01
276040;17/03/2020;terça-feira;21:15:00;RN;406;154;CEARA-MIRIM;Animais na Pista;Atropelamento de Animal;Sem Vítimas;Plena Noite;Decrescente;Céu Claro;Simples;Reta;Não;2;0;0;0;2;0;0;2;-5,670794;-35,40553;SR-RN;UOP01;DEL02
276041;02/03/2020;segunda-feira;09:37:00;AC;317;63,1;RIO BRANCO;Desobediência às normas de trânsito pelo condutor;Colisão traseira;Com Vítimas Feridas;Pleno dia;Crescente;Céu Claro;Simples;Reta;Não;3;0;0;1;2;0;1;2;-10,02802;-67,53233;SR-AC;UOP01;DEL01
276042;17/03/2020;terça-feira;20:45:00;PR;476;285,7;SAO MATEUS DO SUL;Desobediência às normas de trânsito pelo condutor;Colisão transversal;Com Vítimas Feridas;Plena Noite;Crescente;Céu Claro;Simples;Reta;Não;2;0;1;0;1;0;1;2;-25,90735;-50,44406;SR-PR;UOP05;DEL03
276043;17/03/2020;terça-feira;19:55:00;RS;116;382,9;CAMAQUA;Falta de Atenção à Condução;Colisão traseira;Sem Vítimas;Plena Noite;Decrescente;Nublado;Dupla;Reta;Não;2;0;0;0;2;0;0;2;-30,78167;-51,66219;SR-RS;UOP02;DEL02
276044;17/03/2020;terça-feira;20:30:00;PI;316;21;TERESINA;Animais na Pista;Atropelamento de Animal;Sem Vítimas;Plena Noite;Crescente;Céu Claro;Simples;Reta;Não;1;0;0;0;1;0;0;1;-5,267463;-42,72741;SR-PI;UOP02;DEL01