id;data_inversa;dia_semana;horario;uf;br;km;municipio;causa_acidente;tipo_acidente;classificacao_acidente;fase_dia;sentido_via;condicao_metereologica;tipo_pista;tracado_via;uso_solo;pessoas;mortos;feridos_leves;feridos_graves;ilesos;ignorados;feridos;veiculos;latitude;longitude;regional;delegacia;uop
276045;17/03/2020;terça-feira;19:00:00;AL;101;76,1;MESSIAS;Falta de Atenção à Condução;Saída de leito carroçável;Sem Vítimas;Plena Noite;Crescente;Garoa/Chuvisco;Dupla;Reta;Não;1;0;0;0;1;0;0;1;-9,413356;-35,84073;SR-AL;UOP01;DEL01
276046;17/03/2020;terça-feira;20:30:00;TO;153;149;ARAGUAINA;Ingestão de Álcool;Saída de leito carroçável;Sem Vítimas;Plena Noite;Decrescente;Nublado;Simples;Reta;Não;1;0;0;0;1;0;0;1;-7,239191;-48,25429;SR-TO;UOP04;DEL02
276047;17/03/2020;terça-feira;20:30:00;MG;40;339,8;FELIXLANDIA;Falta de Atenção do Pedestre;Atropelamento de Pedestre;Com Vítimas Feridas;Plena Noite;Crescente;Céu Claro;Simples;Reta;Não;2;0;0;1;1;0;1;1;-18,65103;-44,99951;SR-MG;UOP02;DEL14
276048;17/03/2020;terça-feira;22:15:00;SC;280;57,9;GUARAMIRIM;Falta de Atenção à Condução;Colisão transversal;Com Vítimas Feridas;Plena Noite;Decrescente;Chuva;Simples;Rotatória;Sim;2;0;1;0;1;0;1;2;-26,47811;-49,01259;SR-SC;UOP03;DEL03
276049;17/03/2020;terça-feira;20:15:00;SC;282;46,2;AGUAS MORNAS;Ultrapassagem Indevida;Capotamento;Com Vítimas Feridas;Plena Noite;Decrescente;Chuva;Simples;Não Informado;Não;2;0;1;0;1;0;1;1;-27,72104;-48,92515;SR-SC;UOP03;DEL01
276051;17/03/2020;terça-feira;11:15:00;PA;163;406;ITAITUBA;Pista Escorregadia;Colisão frontal;Com Vítimas Feridas;Pleno dia;Crescente;Chuva;Simples;Não Informado;Não;2;0;2;0;0;0;2;2;-6,254028;-55,61311;SR-PA;UOP01;DEL05
276052;17/03/2020;terça-feira;23:08:00;PR;476;269;SAO MATEUS DO SUL;Falta de Atenção à Condução;Colisão frontal;Com Vítimas Feridas;Plena Noite;Crescente;Nublado;Simples;Curva;Não;2;0;1;0;1;0;1;2;-25,8989;-50,32935;SR-PR;UOP05;DEL03
276054;17/03/2020;terça-feira;23:45:00;SP;116;165,2;JACAREI;Defeito Mecânico no Veículo;Incêndio;Com Vítimas Feridas;Plena Noite;Decrescente;Céu Claro;Dupla;Desvio Temporário;Não;2;0;1;0;1;0;1;1;-23,29618;-46,00658;SR-SP;UOP01;DEL02
276055;17/03/2020;terça-feira;22:30:00;MG;153;5;ARAPORA;Falta de Atenção à Condução;Colisão traseira;Com Vítimas Feridas;Plena Noite;Crescente;Céu Claro;Dupla;Não Informado;Não;2;0;0;1;1;0;1;2;-18,46041;-49,18806;SR-MG;UOP03;DEL15
276056;18/03/2020;quarta-feira;00:20:00;PR;153;341,4;REBOUCAS;Defeito Mecânico no Veículo;Incêndio;Sem Vítimas;Plena Noite;Decrescente;Céu Claro;Simples;Não Informado;Não;1;0;0;0;1;0;0;1;-25,53972;-50,66046;SR-PR;UOP02;DEL08
276057;18/03/2020;quarta-feira;00:15:00;PR;376;370,2;ORTIGUEIRA;Desobediência às normas de trânsito pelo condutor;Colisão lateral;Sem Vítimas;Plena Noite;Crescente;Ignorado;Simples;Reta;Não;2;0;0;0;1;1;0;2;-24,37448;-50,79479;SR-PR;UOP04;DEL03
276058;18/03/2020;quarta-feira;00:40:00;RS;285;477,8;CORONEL BARROS;Condutor Dormindo;Saída de leito carroçável;Com Vítimas Feridas;Plena Noite;Crescente;Céu Claro;Simples;Não Informado;Não;2;0;1;0;1;0;1;1;-28,38117;-54,07188;SR-RS;UOP01;DEL10
276059;17/03/2020;terça-feira;23:30:00;RN;304;35,2;MOSSORO;Falta de Atenção à Condução;Colisão lateral;Sem Vítimas;Plena Noite;Crescente;Nublado;Simples;Rotatória;Sim;5;0;0;0;5;0;0;2;-5,161495;-37,35068;SR-RN;UOP02;DEL04
276060;18/03/2020;quarta-feira;01:30:00;SC;101;176;BIGUACU;Ingestão de Álcool;Saída de leito carroçável;Com Vítimas Feridas;Plena Noite;Decrescente;Céu Claro;Dupla;Reta;Não;3;0;0;3;0;0;3;1;-27,34661;-48,63301;SR-SC;UOP01;DEL01
276061;18/03/2020;quarta-feira;03:00:00;MA;316;611,6;TIMON;Restrição de Visibilidade;Colisão frontal;Com Vítimas Feridas;Plena Noite;Crescente;Chuva;Simples;Reta;Sim;3;0;0;2;1;0;2;2;-5,075141;-42,85945;SR-MA;UOP02;DEL03
276062;18/03/2020;quarta-feira;02:44:00;SP;116;214,2;GUARULHOS;Desobediência às normas de trânsito pelo pedestre;Atropelamento de Pedestre;Com Vítimas Fatais;Plena Noite;Decrescente;Nublado;Múltipla;Reta;Sim;2;1;0;0;1;0;0;1;-23,44333;-46,44531;SR-SP;UOP01;DEL01
276064;18/03/2020;quarta-feira;04:35:00;RS;290;110;ELDORADO DO SUL;Ingestão de Álcool;Colisão lateral;Sem Vítimas;Plena Noite;Crescente;Céu Claro;Dupla;Reta;Não;2;0;0;0;2;0;0;2;-30,02355;-51,32109;SR-RS;UOP01;DEL02
276065;18/03/2020;quarta-feira;03:50:00;MS;463;1;DOURADOS;Agressão Externa;Tombamento;Com Vítimas Feridas;Plena Noite;Decrescente;Céu Claro;Simples;Não Informado;Não;1;0;0;1;0;0;1;1;-22,25906;-54,8137;SR-MS;UOP01;DEL04
276066;18/03/2020;quarta-feira;03:30:00;SC;101;140,2;BALNEARIO CAMBORIU;Desobediência às normas de trânsito pelo condutor;Colisão com objeto estático;Com Vítimas Feridas;Plena Noite;Decrescente;Céu Claro;Dupla;Não Informado;Não;2;0;0;1;1;0;1;2;-27,03881;-48,60025;SR-SC;UOP03;DEL04
276067;18/03/2020;quarta-feira;05:10:00;RJ;116;241;PIRAI;Fenômenos da Natureza;Colisão traseira;Com Vítimas Fatais;Amanhecer;Decrescente;Nevoeiro/Neblina;Dupla;Desvio Temporário;Não;2;1;1;0;0;0;1;2;-22,64242;-43,89766;SR-RJ;UOP01;DEL07
276068;18/03/2020;quarta-feira;05:30:00;CE;116;101,8;MORADA NOVA;Falta de Atenção à Condução;Colisão frontal;Com Vítimas Feridas;Pleno dia;Crescente;Céu Claro;Simples;Curva;Não;4;0;0;2;2;0;2;2;-4,537495;-38,30383;SR-CE;UOP02;DEL03
276069;18/03/2020;quarta-feira;05:25:00;ES;101;308;VIANA;Falta de Atenção à Condução;Atropelamento de Pedestre;Com Vítimas Feridas;Amanhecer;Crescente;Chuva;Simples;Reta;Não;2;0;1;0;0;1;1;1;-20,40809;-40,45835;SR-ES;UOP01;DEL03
276070;18/03/2020;quarta-feira;06:15:00;SC;101;53;JOINVILLE;Falta de Atenção à Condução;Saída de leito carroçável;Com Vítimas Feridas;Amanhecer;Crescente;Nublado;Dupla;Curva;Não;1;0;0;1;0;0;1;1;-26,40231;-48,8397;SR-SC;UOP01;DEL03
276071;17/03/2020;terça-feira;16:50:00;MG;381;234,2;SANTANA DO PARAISO;Falta de Atenção à Condução;Colisão transversal;Com Vítimas Feridas;Pleno dia;Crescente;Céu Claro;Simples;Reta;Não;2;0;1;0;1;0;1;2;-19,37972;-42,46158;SR-MG;UOP01;DEL06
276072;18/03/2020;quarta-feira;06:00:00;SC;101;208,3;SAO JOSE;Pista Escorregadia;Tombamento;Com Vítimas Feridas;Amanhecer;Crescente;Céu Claro;Múltipla;Não Informado;Sim;1;0;1;0;0;0;1;1;-27,60578;-48,63523;SR-SC;UOP01;DEL01
276073;18/03/2020;quarta-feira;06:20:00;SP;116;303,8;SAO LOURENCO DA SERRA;Falta de Atenção à Condução;Colisão lateral;Com Vítimas Feridas;Pleno dia;Decrescente;Nublado;Dupla;Reta;Não;2;0;1;0;0;1;1;2;-23,82761;-46,92631;SR-SP;UOP01;DEL04
276074;18/03/2020;quarta-feira;06:30:00;RS;392;203,5;SANTANA DA BOA VISTA;Velocidade Incompatível;Colisão com objeto estático;Com Vítimas Fatais;Amanhecer;Decrescente;Chuva;Simples;Curva;Não;3;1;1;1;0;0;2;2;-30,85644;-53,15761;SR-RS;UOP02;DEL09
276076;18/03/2020;quarta-feira;05:30:00;BA;324;567,1;SAO SEBASTIAO DO PASSE;Mal Súbito;Capotamento;Sem Vítimas;Amanhecer;Decrescente;Céu Claro;Dupla;Não Informado;Não;1;0;0;0;1;0;0;1;-12,5299;-38,60321;SR-BA;UOP01;DEL01
276078;18/03/2020;quarta-feira;07:00:00;RS;290;86;PORTO ALEGRE;Falta de Atenção à Condução;Colisão lateral;Com Vítimas Feridas;Pleno dia;Crescente;Nublado;Dupla;Reta;Sim;2;0;1;0;1;0;1;2;-29,96841;-51,11714;SR-RS;UOP01;DEL01
276079;17/03/2020;terça-feira;19:40:00;CE;116;174;RUSSAS;Falta de Atenção do Pedestre;Atropelamento de Pedestre;Com Vítimas Fatais;Plena Noite;Crescente;Céu Claro;Simples;Reta;Sim;2;1;0;0;1;0;0;1;-5,012131;-38,05022;SR-CE;UOP01;DEL03
276080;18/03/2020;quarta-feira;05:10:00;MG;381;711,5;CARMO DA CACHOEIRA;Carga excessiva e/ou mal acondicionada;Tombamento;Sem Vítimas;Amanhecer;Crescente;Céu Claro;Dupla;Curva;Não;1;0;0;0;1;0;0;1;-21,39314;-45,19816;SR-MG;UOP02;DEL04
276081;15/03/2020;domingo;03:45:00;PR;116;6;CAMPINA GRANDE DO SUL;Falta de Atenção à Condução;Saída de leito carroçável;Sem Vítimas;Plena Noite;Crescente;Nublado;Dupla;Reta;Sim;1;0;0;0;0;1;0;1;-25,3669;-49,0996;SR-PR;UOP01;DEL01
276082;18/03/2020;quarta-feira;01:50:00;SC;101;138,6;BALNEARIO CAMBORIU;Velocidade Incompatível;Saída de leito carroçável;Com Vítimas Feridas;Plena Noite;Crescente;Céu Claro;Dupla;Curva;Sim;1;0;1;0;0;0;1;1;-27,02849;-48,6049;SR-SC;UOP03;DEL04
276083;20/02/2020;quinta-feira;18:40:00;PA;316;62;CASTANHAL;Não guardar distância de segurança;Engavetamento;Sem Vítimas;Plena Noite;Crescente;Chuva;Dupla;Reta;Sim;3;0;0;0;3;0;0;3;-1,297869;-47,93764;SR-PA;UOP01;DEL01
276084;18/03/2020;quarta-feira;07:15:00;SP;153;61;SAO JOSE DO RIO PRETO;Defeito na Via;Tombamento;Com Vítimas Feridas;Pleno dia;Crescente;Sol;Dupla;Não Informado;Sim;1;0;1;0;0;0;1;1;-20,80503;-49,35575;SR-SP;UOP01;DEL09
276085;18/03/2020;quarta-feira;07:30:00;PR;376;654;TIJUCAS DO SUL;Defeito Mecânico no Veículo;Tombamento;Com Vítimas Feridas;Pleno dia;Crescente;Céu Claro;Dupla;Curva;Não;2;0;2;0;0;0;2;1;-25,84326;-49,05169;SR-PR;UOP05;DEL01
276086;14/03/2020;sábado;20:30:00;MG;381;508;SAO JOAQUIM DE BICAS;Falta de Atenção à Condução;Tombamento;Com Vítimas Feridas;Plena Noite;Decrescente;Céu Claro;Múltipla;Reta;Não;1;0;1;0;0;0;1;1;-20,06278;-44,29329;SR-MG;UOP03;DEL01
276087;18/03/2020;quarta-feira;08:00:00;MG;381;482,5;BETIM;Falta de Atenção à Condução;Tombamento;Com Vítimas Feridas;Pleno dia;Decrescente;Céu Claro;Múltipla;Reta;Sim;1;0;1;0;0;0;1;1;-19,95883;-44,07715;SR-MG;UOP03;DEL01
276088;18/03/2020;quarta-feira;08:20:00;RN;101;105;PARNAMIRIM;Falta de Atenção à Condução;Colisão traseira;Com Vítimas Feridas;Pleno dia;Decrescente;Céu Claro;Dupla;Reta;Sim;2;0;1;0;1;0;1;2;-5,901652;-35,25929;SR-RN;UOP01;DEL01
276089;18/03/2020;quarta-feira;07:45:00;RJ;116;164,3;SAO JOAO DE MERITI;Falta de Atenção à Condução;Queda de ocupante de veículo;Com Vítimas Feridas;Pleno dia;Crescente;Sol;Dupla;Reta;Sim;2;0;1;0;1;0;1;1;-22,81074;-43,28844;SR-RJ;UOP02;DEL01
276090;18/03/2020;quarta-feira;08:26:00;RS;386;357,1;ESTRELA;Avarias e/ou desgaste excessivo no pneu;Saída de leito carroçável;Com Vítimas Feridas;Pleno dia;Decrescente;Chuva;Dupla;Reta;Não;2;0;2;0;0;0;2;1;-29,52887;-51,92825;SR-RS;UOP02;DEL04
276091;18/03/2020;quarta-feira;06:40:00;MG;262;93,5;ABRE CAMPO;Condutor Dormindo;Tombamento;Com Vítimas Feridas;Amanhecer;Crescente;Céu Claro;Simples;Curva;Não;1;0;1;0;0;0;1;1;-20,31532;-42,46661;SR-MG;UOP03;DEL03
276094;18/03/2020;quarta-feira;08:35:00;ES;101;271;SERRA;Desobediência às normas de trânsito pelo condutor;Colisão transversal;Com Vítimas Feridas;Pleno dia;Crescente;Céu Claro;Múltipla;Reta;Sim;2;0;1;0;1;0;1;2;-20,23267;-40,27658;SR-ES;UOP01;DEL02
276095;18/03/2020;quarta-feira;08:00:00;SP;116;217;GUARULHOS;Falta de Atenção à Condução;Colisão com objeto estático;Com Vítimas Feridas;Pleno dia;Crescente;Nublado;Múltipla;Reta;Não;2;0;1;0;1;0;1;1;-23,45424;-46,47119;SR-SP;UOP01;DEL01
276096;18/03/2020;quarta-feira;08:30:00;SP;381;76;SAO PAULO;Não guardar distância de segurança;Colisão traseira;Com Vítimas Feridas;Pleno dia;Crescente;Céu Claro;Múltipla;Reta;Sim;2;0;1;0;1;0;1;2;-23,38372;-46,56502;SR-SP;UOP01;DEL03
276097;15/03/2020;domingo;06:00:00;SP;381;56,5;MAIRIPORA;Velocidade Incompatível;Saída de leito carroçável;Com Vítimas Feridas;Amanhecer;Crescente;Céu Claro;Dupla;Não Informado;Sim;5;0;0;1;1;3;1;1;-23,26433;-46,58512;SR-SP;UOP01;DEL03
276098;15/03/2020;domingo;03:40:00;RS;386;346;LAJEADO;Ingestão de Álcool;Saída de leito carroçável;Sem Vítimas;Plena Noite;Crescente;Céu Claro;Dupla;Reta;Sim;1;0;0;0;1;0;0;1;-29,44679;-51,97456;SR-RS;UOP01;DEL04
276099;18/03/2020;quarta-feira;09:00:00;RS;116;152,1;CAXIAS DO SUL;Desobediência às normas de trânsito pelo condutor;Colisão transversal;Com Vítimas Feridas;Pleno dia;Crescente;Nublado;Simples;Não Informado;Sim;2;0;1;0;1;0;1;2;-29,18413;-51,17081;SR-RS;UOP01;DEL05
276100;18/03/2020;quarta-feira;08:20:00;SC;153;86,4;CONCORDIA;Velocidade Incompatível;Colisão transversal;Com Vítimas Feridas;Pleno dia;Crescente;Chuva;Simples;Reta;Não;3;0;1;0;2;0;1;2;-27,14958;-51,91122;SR-SC;UOP05;DEL07
276101;15/03/2020;domingo;05:30:00;SC;116;169,2;PONTE ALTA DO NORTE;Condutor Dormindo;Saída de leito carroçável;Com Vítimas Feridas;Plena Noite;Crescente;Céu Claro;Simples;Não Informado;Não;2;0;2;0;0;0;2;1;-27,18342;-50,46443;SR-SC;UOP03;DEL05
276102;18/03/2020;quarta-feira;09:30:00;PR;163;71,9;PLANALTO;Velocidade Incompatível;Saída de leito carroçável;Com Vítimas Feridas;Pleno dia;Crescente;Chuva;Simples;Não Informado;Não;1;0;1;0;0;0;1;1;-25,78411;-53,79015;SR-PR;UOP02;DEL02
276103;18/03/2020;quarta-feira;07:00:00;RJ;40;87;PETROPOLIS;Falta de Atenção à Condução;Tombamento;Sem Vítimas;Pleno dia;Crescente;Céu Claro;Simples;Não Informado;Não;1;0;0;0;1;0;0;1;-22,54414;-43,23288;SR-RJ;UOP03;DEL06
276104;18/03/2020;quarta-feira;08:40:00;MG;262;779,9;UBERABA;Defeito Mecânico no Veículo;Incêndio;Com Vítimas Feridas;Pleno dia;Crescente;Céu Claro;Simples;Não Informado;Não;1;0;1;0;0;0;1;1;-19,76032;-47,84038;SR-MG;UOP01;DEL13
276106;15/03/2020;domingo;03:30:00;AM;174;898;MANAUS;Ingestão de Álcool;Saída de leito carroçável;Com Vítimas Feridas;Plena Noite;Crescente;Céu Claro;Simples;Curva;Não;2;0;2;0;0;0;2;1;-2,852485;-60,03577;SR-AM;UOP01;DEL01
276107;18/03/2020;quarta-feira;09:00:00;RJ;116;220,3;PIRAI;Carga excessiva e/ou mal acondicionada;Derramamento de carga;Sem Vítimas;Pleno dia;Crescente;Céu Claro;Simples;Curva;Não;1;0;0;0;1;0;0;1;-22,69306;-43,77363;SR-RJ;UOP01;DEL07
276108;29/02/2020;sábado;05:30:00;RN;226;255;TRIUNFO POTIGUAR;Animais na Pista;Atropelamento de Animal;Com Vítimas Feridas;Pleno dia;Decrescente;Céu Claro;Simples;Reta;Não;2;0;0;2;0;0;2;1;-5,879038;-37,17598;SR-RN;UOP01;DEL03
276109;15/03/2020;domingo;02:30:00;SC;470;44,8;GASPAR;Condutor Dormindo;Colisão com objeto estático;Com Vítimas Feridas;Plena Noite;Crescente;Céu Claro;Dupla;Não Informado;Não;1;0;1;0;0;0;1;1;-26,86747;-49,0301;SR-SC;UOP01;DEL04
276110;18/03/2020;quarta-feira;09:50:00;RO;174;13,7;VILHENA;Falta de Atenção à Condução;Colisão transversal;Com Vítimas Feridas;Pleno dia;Crescente;Céu Claro;Dupla;Interseção de vias;Sim;2;0;0;1;1;0;1;2;-12,7414;-60,13026;SR-RO;UOP01;DEL04
276112;18/03/2020;quarta-feira;10:50:00;MG;50;71,4;UBERLANDIA;Desobediência às normas de trânsito pelo condutor;Colisão lateral;Com Vítimas Feridas;Pleno dia;Crescente;Céu Claro;Dupla;Não Informado;Sim;1;0;1;0;0;0;1;1;-18,8514;-48,25346;SR-MG;UOP01;DEL15
276113;18/03/2020;quarta-feira;09:50:00;SP;381;19;BRAGANCA PAULISTA;Falta de Atenção à Condução;Tombamento;Sem Vítimas;Pleno dia;Crescente;Céu Claro;Múltipla;Não Informado;Não;1;0;0;0;1;0;0;1;-22,98125;-46,4945;SR-SP;UOP01;DEL03
276115;15/03/2020;domingo;04:30:00;PR;277;73;SAO JOSE DOS PINHAIS;Ingestão de Álcool;Queda de ocupante de veículo;Com Vítimas Feridas;Plena Noite;Decrescente;Nublado;Dupla;Não Informado;Não;3;0;2;0;0;1;2;1;-25,52124;-49,10648;SR-PR;UOP01;DEL01
276116;18/03/2020;quarta-feira;10:55:00;ES;101;377,5;ICONHA;Falta de Atenção à Condução;Colisão lateral;Com Vítimas Feridas;Pleno dia;Decrescente;Sol;Simples;Interseção de vias;Sim;2;0;0;1;1;0;1;2;-20,79427;-40,81173;SR-ES;UOP01;DEL03
276117;18/03/2020;quarta-feira;11:10:00;GO;40;1,6;VALPARAISO DE GOIAS;Não guardar distância de segurança;Tombamento;Com Vítimas Feridas;Pleno dia;Decrescente;Céu Claro;Dupla;Reta;Sim;1;0;1;0;0;0;1;1;-16,05824;-47,98282;SR-DF;UOP01;DEL01
276118;18/03/2020;quarta-feira;11:30:00;SC;101;209;SAO JOSE;Não guardar distância de segurança;Colisão lateral;Com Vítimas Feridas;Pleno dia;Crescente;Garoa/Chuvisco;Dupla;Não Informado;Sim;3;0;1;0;1;1;1;2;-27,61001;-48,63895;SR-SC;UOP01;DEL01
276119;18/03/2020;quarta-feira;11:40:00;SP;116;284;ITAPECERICA DA SERRA;Defeito Mecânico no Veículo;Tombamento;Com Vítimas Feridas;Pleno dia;Decrescente;Céu Claro;Dupla;Reta;Sim;2;0;2;0;0;0;2;1;-23,69998;-46,86777;SR-SP;UOP01;DEL04
276120;18/03/2020;quarta-feira;10:00:00;MT;364;105,7;ALTO GARCAS;Falta de Atenção à Condução;Tombamento;Com Vítimas Fatais;Pleno dia;Decrescente;Céu Claro;Simples;Reta;Não;2;1;0;0;1;0;0;2;-16,84418;-53,80288;SR-MT;UOP04;DEL02
276121;15/03/2020;domingo;08:20:00;PR;163;173,6;LINDOESTE;Desobediência às normas de trânsito pelo condutor;Colisão frontal;Com Vítimas Feridas;Pleno dia;Crescente;Sol;Simples;Não Informado;Não;11;0;3;4;4;0;7;3;-25,23379;-53,58963;SR-PR;UOP06;DEL04
276122;18/03/2020;quarta-feira;07:00:00;MG;40;728,2;SANTOS DUMONT;Velocidade Incompatível;Saída de leito carroçável;Com Vítimas Feridas;Pleno dia;Crescente;Nevoeiro/Neblina;Dupla;Curva;Não;2;0;2;0;0;0;2;1;-21,31842;-43,5869;SR-MG;UOP01;DEL05
276123;18/03/2020;quarta-feira;11:25:00;CE;116;163,9;RUSSAS;Defeito Mecânico no Veículo;Colisão frontal;Com Vítimas Feridas;Pleno dia;Crescente;Céu Claro;Simples;Curva;Sim;2;0;1;0;1;0;1;2;-4,938666;-37,98996;SR-CE;UOP01;DEL03
276124;18/03/2020;quarta-feira;10:10:00;MA;135;6,8;SAO LUIS;Falta de Atenção à Condução;Colisão lateral;Com Vítimas Feridas;Pleno dia;Crescente;Céu Claro;Dupla;Reta;Não;5;0;1;1;3;0;2;2;-2,619373;-44,31843;SR-MA;UOP01;DEL01
276125;27/02/2020;quinta-feira;20:20:00;MG;50;75,9;UBERLANDIA;Defeito Mecânico no Veículo;Atropelamento de Pedestre;Com Vítimas Feridas;Plena Noite;Crescente;Céu Claro;Dupla;Viaduto;Sim;3;0;0;2;0;1;2;1;-18,926;-48,22156;SR-MG;UOP01;DEL15
276126;18/03/2020;quarta-feira;12:15:00;BA;324;624;SALVADOR;Defeito Mecânico no Veículo;Queda de ocupante de veículo;Com Vítimas Feridas;Pleno dia;Crescente;Céu Claro;Múltipla;Reta;Sim;2;0;2;0;0;0;2;1;-12,93384;-38,47191;SR-BA;UOP01;DEL01
276127;15/03/2020;domingo;08:40:00;RJ;116;71,5;TERESOPOLIS;Falta de Atenção à Condução;Colisão lateral;Com Vítimas Feridas;Pleno dia;Decrescente;Céu Claro;Simples;Desvio Temporário;Sim;2;0;2;0;0;0;2;2;-22,35255;-42,94177;SR-RJ;UOP01;DEL04
276128;18/03/2020;quarta-feira;12:00:00;SC;101;342;TUBARAO;Não guardar distância de segurança;Colisão traseira;Com Vítimas Feridas;Pleno dia;Crescente;Céu Claro;Simples;Reta;Não;2;0;1;0;1;0;1;2;-28,51876;-49,05388;SR-SC;UOP01;DEL02
276129;18/03/2020;quarta-feira;12:20:00;AL;101;174,8;TEOTONIO VILELA;Pista Escorregadia;Colisão frontal;Com Vítimas Feridas;Pleno dia;Crescente;Chuva;Dupla;Reta;Sim;2;0;1;0;1;0;1;1;-9,902704;-36,35878;SR-AL;UOP02;DEL02
276130;18/03/2020;quarta-feira;11:45:00;SC;101;45;JOINVILLE;Falta de Atenção à Condução;Colisão traseira;Com Vítimas Feridas;Pleno dia;Crescente;Nublado;Simples;Reta;Sim;2;0;1;0;1;0;1;2;-26,33701;-48,85973;SR-SC;UOP01;DEL03
276131;12/03/2020;quinta-feira;19:30:00;PA;230;120;MARABA;Ingestão de Álcool;Colisão com objeto estático;Sem Vítimas;Plena Noite;Decrescente;Nublado;Dupla;Reta;Sim;2;0;0;0;2;0;0;1;-5,362302;-49,1241;SR-PA;UOP01;DEL03
276132;18/03/2020;quarta-feira;12:10:00;PB;101;84,2;BAYEUX;Desobediência às normas de trânsito pelo condutor;Colisão transversal;Sem Vítimas;Pleno dia;Decrescente;Sol;Simples;Interseção de vias;Sim;2;0;0;0;2;0;0;2;-7,139579;-34,92313;SR-PB;UOP01;DEL01
276133;18/03/2020;quarta-feira;12:55:00;PR;476;132,9;CURITIBA;Falta de Atenção à Condução;Engavetamento;Sem Vítimas;Pleno dia;Decrescente;Céu Claro;Múltipla;Não Informado;Sim;3;0;0;0;3;0;0;3;-25,46912;-49,25373;SR-PR;UOP03;DEL01
276134;18/03/2020;quarta-feira;11:40:00;RJ;40;78,2;PETROPOLIS;Avarias e/ou desgaste excessivo no pneu;Tombamento;Com Vítimas Feridas;Pleno dia;Crescente;Céu Claro;Dupla;Curva;Não;2;0;2;0;0;0;2;1;-22,48486;-43,22843;SR-RJ;UOP03;DEL06
276135;18/03/2020;quarta-feira;10:10:00;PI;343;225,1;COCAL DE TELHA;Falta de Atenção à Condução;Colisão transversal;Com Vítimas Feridas;Pleno dia;Crescente;Sol;Simples;Reta;Sim;2;0;0;1;1;0;1;2;-4,556586;-41,97268;SR-PI;UOP03;DEL01
276136;18/03/2020;quarta-feira;08:37:00;RO;364;812,9;PORTO VELHO;Falta de Atenção à Condução;Colisão traseira;Sem Vítimas;Pleno dia;Crescente;Céu Claro;Simples;Reta;Não;6;0;0;0;6;0;0;2;-9,273027;-64,50218;SR-RO;UOP02;DEL01
276137;15/03/2020;domingo;04:45:00;RS;290;215;PANTANO GRANDE;Ingestão de Álcool;Colisão com objeto estático;Com Vítimas Feridas;Plena Noite;Decrescente;Céu Claro;Simples;Reta;Sim;1;0;1;0;0;0;1;1;-30,18862;-52,36641;SR-RS;UOP03;DEL02
276138;18/03/2020;quarta-feira;13:05:00;BA;116;423,5;FEIRA DE SANTANA;Falta de Atenção à Condução;Colisão transversal;Com Vítimas Feridas;Pleno dia;Crescente;Céu Claro;Simples;Reta;Não;2;0;1;0;1;0;1;2;-12,2293;-38,96453;SR-BA;UOP01;DEL02
276139;15/03/2020;domingo;04:30:00;PR;116;120;FAZENDA RIO GRANDE;Falta de Atenção à Condução;Queda de ocupante de veículo;Com Vítimas Feridas;Plena Noite;Decrescente;Céu Claro;Dupla;Reta;Sim;1;0;1;0;0;0;1;1;-25,57094;-49,31093;SR-PR;UOP03;DEL01
276140;18/03/2020;quarta-feira;10:10:00;MG;116;531,8;CARATINGA;Falta de Atenção à Condução;Colisão traseira;Com Vítimas Feridas;Pleno dia;Decrescente;Nublado;Simples;Reta;Não;2;0;1;0;1;0;1;2;-19,81938;-42,13693;SR-MG;UOP02;DEL06
276141;18/03/2020;quarta-feira;13:20:00;PR;163;291,2;MARECHAL CANDIDO RONDON;Ultrapassagem Indevida;Colisão frontal;Com Vítimas Feridas;Pleno dia;Crescente;Chuva;Simples;Curva;Não;3;0;0;2;1;0;2;3;-24,51651;-54,08638;SR-PR;UOP04;DEL06
276142;18/03/2020;quarta-feira;13:10:00;ES;262;28;VIANA;Desobediência às normas de trânsito pelo condutor;Colisão frontal;Com Vítimas Feridas;Pleno dia;Decrescente;Nublado;Simples;Reta;Não;7;0;4;2;0;1;6;2;-20,38427;-40,55863;SR-ES;UOP01;DEL01
276143;18/03/2020;quarta-feira;13:35:00;MG;40;431,1;PARAOPEBA;Falta de Atenção à Condução;Saída de leito carroçável;Com Vítimas Feridas;Pleno dia;Decrescente;Céu Claro;Dupla;Reta;Não;5;0;5;0;0;0;5;1;-19,19728;-44,47966;SR-MG;UOP01;DEL02
276144;18/03/2020;quarta-feira;13:20:00;PE;232;217,5;PESQUEIRA;Pista Escorregadia;Colisão lateral;Com Vítimas Feridas;Pleno dia;Decrescente;Nublado;Simples;Reta;Não;2;0;2;0;0;0;2;2;-8,391817;-36,75611;SR-PE;UOP02;DEL03
276145;18/03/2020;quarta-feira;13:45:00;PR;467;91,9;CASCAVEL;Velocidade Incompatível;Saída de leito carroçável;Com Vítimas Feridas;Pleno dia;Decrescente;Chuva;Dupla;Curva;Não;2;0;1;0;1;0;1;1;-24,8515;-53,6035;SR-PR;UOP01;DEL04
276146;18/03/2020;quarta-feira;11:25:00;CE;222;7,9;CAUCAIA;Falta de Atenção à Condução;Saída de leito carroçável;Com Vítimas Feridas;Pleno dia;Decrescente;Nublado;Dupla;Reta;Sim;2;0;2;0;0;0;2;1;-3,736507;-38,65337;SR-CE;UOP01;DEL01