id;data_inversa;dia_semana;horario;uf;br;km;municipio;causa_acidente;tipo_acidente;classificacao_acidente;fase_dia;sentido_via;condicao_metereologica;tipo_pista;tracado_via;uso_solo;pessoas;mortos;feridos_leves;feridos_graves;ilesos;ignorados;feridos;veiculos;latitude;longitude;regional;delegacia;uop
276147;18/03/2020;quarta-feira;14:05:00;SE;101;93,6;NOSSA SENHORA DO SOCORRO;Desobediência às normas de trânsito pelo condutor;Colisão lateral;Com Vítimas Feridas;Pleno dia;Crescente;Céu Claro;Dupla;Reta;Não;2;0;1;0;1;0;1;2;-10,90212;-37,14495;SR-SE;UOP01;DEL01
276148;28/02/2020;sexta-feira;23:30:00;GO;364;173;JATAI;Condutor Dormindo;Colisão frontal;Com Vítimas Feridas;Plena Noite;Crescente;Nublado;Simples;Curva;Não;4;0;2;0;2;0;2;2;-18,00883;-51,56325;SR-GO;UOP01;DEL05
276151;18/03/2020;quarta-feira;08:40:00;SC;282;362;ERVAL VELHO;Velocidade Incompatível;Colisão frontal;Com Vítimas Fatais;Pleno dia;Crescente;Céu Claro;Simples;Curva;Não;2;1;0;0;1;0;0;2;-27,305;-51,38102;SR-SC;UOP07;DEL07
276152;18/03/2020;quarta-feira;11:20:00;PI;343;61,6;BURITI DOS LOPES;Defeito na Via;Saída de leito carroçável;Com Vítimas Feridas;Pleno dia;Decrescente;Céu Claro;Simples;Reta;Não;1;0;1;0;0;0;1;1;-3,251589;-41,79733;SR-PI;UOP01;DEL05
276153;18/03/2020;quarta-feira;08:25:00;RO;364;524;ARIQUEMES;Não guardar distância de segurança;Colisão traseira;Com Vítimas Feridas;Pleno dia;Decrescente;Nublado;Simples;Reta;Não;4;0;0;1;3;0;1;3;-9,843316;-63,05989;SR-RO;UOP01;DEL03
276154;18/03/2020;quarta-feira;08:50:00;PR;153;20,8;JACAREZINHO;Desobediência às normas de trânsito pelo condutor;Colisão transversal;Sem Vítimas;Pleno dia;Crescente;Céu Claro;Simples;Interseção de vias;Sim;3;0;0;0;3;0;0;2;-23,16516;-49,96055;SR-PR;UOP05;DEL07
276155;18/03/2020;quarta-feira;14:05:00;PE;232;85,8;GRAVATA;Falta de Atenção à Condução;Saída de leito carroçável;Com Vítimas Fatais;Pleno dia;Crescente;Céu Claro;Dupla;Reta;Sim;2;1;0;0;1;0;0;1;-8,209511;-35,61182;SR-PE;UOP04;DEL01
276156;18/03/2020;quarta-feira;13:20:00;ES;101;131,3;LINHARES;Falta de Atenção à Condução;Danos eventuais;Com Vítimas Feridas;Pleno dia;Crescente;Céu Claro;Simples;Não Informado;Não;5;0;1;0;4;0;1;4;-19,23897;-40,09171;SR-ES;UOP01;DEL04
276158;18/03/2020;quarta-feira;09:35:00;SC;280;170,9;MAFRA;Desobediência às normas de trânsito pelo condutor;Colisão traseira;Sem Vítimas;Pleno dia;Crescente;Nublado;Simples;Reta;Não;2;0;0;0;2;0;0;2;-26,14358;-49,81202;SR-SC;UOP01;DEL06
276159;18/03/2020;quarta-feira;13:15:00;SC;101;446,4;SANTA ROSA DO SUL;Velocidade Incompatível;Colisão lateral;Com Vítimas Feridas;Pleno dia;Decrescente;Céu Claro;Múltipla;Curva;Sim;2;0;1;0;1;0;1;2;-29,15546;-49,73064;SR-SC;UOP02;DEL02
276160;18/03/2020;quarta-feira;10:20:00;SC;280;209,2;TRES BARRAS;Falta de Atenção à Condução;Colisão transversal;Com Vítimas Feridas;Pleno dia;Decrescente;Nublado;Simples;Reta;Não;6;0;6;0;0;0;6;2;-26,1717;-50,15846;SR-SC;UOP04;DEL06
276161;18/03/2020;quarta-feira;13:00:00;MT;364;553,2;ROSARIO OESTE;Falta de Atenção à Condução;Saída de leito carroçável;Com Vítimas Feridas;Pleno dia;Crescente;Chuva;Dupla;Curva;Não;1;0;1;0;0;0;1;1;-14,78041;-56,36923;SR-MT;UOP01;DEL01
276162;16/03/2020;segunda-feira;16:45:00;GO;158;195;CAIAPONIA;Defeito na Via;Colisão traseira;Com Vítimas Feridas;Pleno dia;Decrescente;Sol;Simples;Não Informado;Não;2;0;1;0;1;0;1;2;-17,27299;-51,89495;SR-GO;UOP01;DEL05
276163;18/03/2020;quarta-feira;09:35:00;MG;381;748;TRES CORACOES;Falta de Atenção à Condução;Colisão traseira;Com Vítimas Feridas;Pleno dia;Decrescente;Céu Claro;Dupla;Reta;Não;2;0;2;0;0;0;2;2;-21,65637;-45,30182;SR-MG;UOP02;DEL16
276164;18/03/2020;quarta-feira;12:30:00;RO;425;100,6;NOVA MAMORE;Falta de Atenção à Condução;Colisão transversal;Com Vítimas Feridas;Pleno dia;Decrescente;Céu Claro;Simples;Reta;Sim;2;0;1;0;1;0;1;2;-10,41156;-65,33094;SR-RO;UOP04;DEL01
276165;18/03/2020;quarta-feira;15:30:00;PE;101;78,7;JABOATAO DOS GUARARAPES;Não guardar distância de segurança;Colisão traseira;Com Vítimas Feridas;Pleno dia;Decrescente;Sol;Dupla;Curva;Sim;3;0;2;0;1;0;2;2;-8,14125;-34,94641;SR-PE;UOP01;DEL01
276166;18/03/2020;quarta-feira;11:12:00;MG;40;588;ITABIRITO;Defeito na Via;Danos eventuais;Sem Vítimas;Pleno dia;Decrescente;Nublado;Dupla;Reta;Não;2;0;0;0;2;0;0;1;-20,35149;-43,91313;SR-MG;UOP02;DEL01
276167;18/03/2020;quarta-feira;12:10:00;RS;293;137;CANDIOTA;Desobediência às normas de trânsito pelo condutor;Colisão transversal;Sem Vítimas;Pleno dia;Decrescente;Chuva;Simples;Reta;Sim;2;0;0;0;2;0;0;2;-31,46954;-53,65592;SR-RS;UOP03;DEL11
276168;18/03/2020;quarta-feira;15:30:00;PR;376;474,5;PONTA GROSSA;Velocidade Incompatível;Saída de leito carroçável;Com Vítimas Feridas;Pleno dia;Crescente;Nublado;Dupla;Curva;Não;2;0;2;0;0;0;2;1;-25,04787;-50,23558;SR-PR;UOP01;DEL03
276169;18/03/2020;quarta-feira;16:03:00;PR;277;347;GUARAPUAVA;Falta de Atenção à Condução;Queda de ocupante de veículo;Com Vítimas Feridas;Pleno dia;Crescente;Chuva;Simples;Reta;Não;1;0;1;0;0;0;1;1;-25,33928;-51,4288;SR-PR;UOP01;DEL08
276170;06/01/2020;segunda-feira;19:30:00;RN;304;201,7;LAJES;Animais na Pista;Atropelamento de Animal;Com Vítimas Feridas;Plena Noite;Crescente;Céu Claro;Simples;Reta;Não;1;0;1;0;0;0;1;1;-5,715366;-36,18984;SR-RN;UOP03;DEL01
276172;18/03/2020;quarta-feira;16:00:00;ES;101;306;VIANA;Falta de Atenção à Condução;Tombamento;Com Vítimas Feridas;Pleno dia;Crescente;Chuva;Dupla;Curva;Sim;1;0;1;0;0;0;1;1;-20,39179;-40,46265;SR-ES;UOP01;DEL03
276174;18/03/2020;quarta-feira;15:40:00;PE;101;192,8;PALMARES;Pista Escorregadia;Capotamento;Com Vítimas Feridas;Pleno dia;Crescente;Chuva;Dupla;Curva;Não;2;0;1;0;1;0;1;1;-8,712823;-35,60956;SR-PE;UOP03;DEL01
276175;18/03/2020;quarta-feira;15:00:00;BA;415;27;ILHEUS;Falta de Atenção à Condução;Engavetamento;Com Vítimas Feridas;Pleno dia;Decrescente;Garoa/Chuvisco;Simples;Reta;Não;5;0;1;0;4;0;1;4;-14,79317;-39,21307;SR-BA;UOP01;DEL05
276176;18/03/2020;quarta-feira;16:15:00;PE;101;74,4;RECIFE;Não guardar distância de segurança;Engavetamento;Sem Vítimas;Pleno dia;Decrescente;Nublado;Dupla;Curva;Sim;3;0;0;0;3;0;0;3;-8,106338;-34,94857;SR-PE;UOP01;DEL01
276178;18/03/2020;quarta-feira;16:30:00;PE;104;47,3;CARUARU;Defeito na Via;Saída de leito carroçável;Com Vítimas Feridas;Pleno dia;Crescente;Chuva;Dupla;Reta;Não;1;0;1;0;0;0;1;1;-8,126172;-35,95448;SR-PE;UOP01;DEL02
276180;18/03/2020;quarta-feira;15:30:00;MS;163;88;ITAQUIRAI;Defeito Mecânico no Veículo;Colisão lateral;Com Vítimas Feridas;Pleno dia;Crescente;Nublado;Simples;Não Informado;Não;4;0;3;0;1;0;3;2;-23,38801;-54,21145;SR-MS;UOP01;DEL09
276181;18/03/2020;quarta-feira;16:20:00;SC;282;5;SAO JOSE;Falta de Atenção à Condução;Colisão com objeto estático;Com Vítimas Feridas;Pleno dia;Decrescente;Chuva;Dupla;Viaduto;Sim;1;0;1;0;0;0;1;1;-27,58617;-48,61734;SR-SC;UOP01;DEL01
276182;18/03/2020;quarta-feira;13:15:00;SC;280;23;ARAQUARI;Falta de Atenção à Condução;Tombamento;Com Vítimas Feridas;Pleno dia;Decrescente;Sol;Simples;Reta;Sim;1;0;1;0;0;0;1;1;-26,37146;-48,71189;SR-SC;UOP03;DEL03
276183;18/03/2020;quarta-feira;16:25:00;SP;116;115,1;TAUBATE;Avarias e/ou desgaste excessivo no pneu;Tombamento;Com Vítimas Feridas;Pleno dia;Crescente;Céu Claro;Dupla;Reta;Não;1;0;1;0;0;0;1;1;-23,0496;-45,59974;SR-SP;UOP01;DEL06
276184;18/03/2020;quarta-feira;16:15:00;GO;60;439;ANAPOLIS;Falta de Atenção à Condução;Colisão traseira;Com Vítimas Feridas;Pleno dia;Crescente;Céu Claro;Dupla;Reta;Sim;2;0;1;0;1;0;1;2;-16,30903;-48,92332;SR-GO;UOP01;DEL04
276185;18/03/2020;quarta-feira;16:30:00;PE;232;127,1;CARUARU;Pista Escorregadia;Saída de leito carroçável;Com Vítimas Feridas;Pleno dia;Decrescente;Chuva;Dupla;Curva;Sim;2;0;1;0;1;0;1;1;-8,306103;-35,96342;SR-PE;UOP02;DEL02
276187;18/03/2020;quarta-feira;16:30:00;PA;222;245,5;MARABA;Desobediência às normas de trânsito pelo condutor;Colisão transversal;Com Vítimas Feridas;Pleno dia;Decrescente;Céu Claro;Simples;Interseção de vias;Sim;2;0;0;1;1;0;1;2;-5,355886;-49,07942;SR-PA;UOP01;DEL03
276188;18/03/2020;quarta-feira;16:10:00;RJ;116;171,5;RIO DE JANEIRO;Falta de Atenção à Condução;Colisão com objeto estático;Com Vítimas Feridas;Pleno dia;Crescente;Céu Claro;Múltipla;Reta;Sim;1;0;1;0;0;0;1;1;-22,8041;-43,34639;SR-RJ;UOP02;DEL01
276189;18/03/2020;quarta-feira;16:20:00;SC;282;79;RANCHO QUEIMADO;Velocidade Incompatível;Saída de leito carroçável;Com Vítimas Feridas;Pleno dia;Crescente;Garoa/Chuvisco;Simples;Curva;Não;3;0;1;0;2;0;1;1;-27,6707;-49,15576;SR-SC;UOP03;DEL01
276190;18/03/2020;quarta-feira;07:15:00;SC;101;107;PENHA;Falta de Atenção à Condução;Colisão com objeto estático;Com Vítimas Feridas;Amanhecer;Crescente;Céu Claro;Dupla;Reta;Não;2;0;1;1;0;0;2;1;-26,81931;-48,6839;SR-SC;UOP02;DEL03
276191;08/03/2020;domingo;18:50:00;MS;163;812;PEDRO GOMES;Falta de Atenção à Condução;Colisão transversal;Com Vítimas Feridas;Plena Noite;Crescente;Céu Claro;Simples;Reta;Não;3;0;1;0;1;1;1;2;-17,81993;-54,7296;SR-MS;UOP01;DEL06
276192;18/03/2020;quarta-feira;15:18:00;MG;251;469,2;FRANCISCO SA;Velocidade Incompatível;Colisão lateral;Sem Vítimas;Pleno dia;Decrescente;Chuva;Simples;Curva;Não;8;0;0;0;8;0;0;3;-16,47846;-43,41953;SR-MG;UOP01;DEL12
276193;18/03/2020;quarta-feira;17:00:00;MG;381;365;SAO GONCALO DO RIO ABAIXO;Falta de Atenção à Condução;Danos eventuais;Com Vítimas Feridas;Pleno dia;Crescente;Chuva;Simples;Curva;Não;2;0;1;0;1;0;1;1;-19,85465;-43,26107;SR-MG;UOP01;DEL03
276194;04/03/2020;quarta-feira;09:00:00;CE;222;2;CAUCAIA;Ultrapassagem Indevida;Colisão transversal;Com Vítimas Feridas;Pleno dia;Crescente;Nublado;Simples;Reta;Sim;2;0;1;0;1;0;1;2;-3,734871;-38,67533;SR-CE;UOP01;DEL01
276195;18/03/2020;quarta-feira;16:42:00;PA;230;121;MARABA;Falta de Atenção à Condução;Colisão traseira;Sem Vítimas;Pleno dia;Decrescente;Céu Claro;Dupla;Curva;Não;3;0;0;0;2;1;0;2;-5,352974;-49,12144;SR-PA;UOP01;DEL03
276196;18/03/2020;quarta-feira;17:00:00;MG;381;381,9;SAO GONCALO DO RIO ABAIXO;Falta de Atenção à Condução;Colisão frontal;Com Vítimas Feridas;Pleno dia;Crescente;Ignorado;Simples;Reta;Não;3;0;1;1;0;1;2;2;-19,82692;-43,38406;SR-MG;UOP01;DEL01
276197;18/03/2020;quarta-feira;16:30:00;PR;467;105;CASCAVEL;Desobediência às normas de trânsito pelo condutor;Saída de leito carroçável;Com Vítimas Feridas;Pleno dia;Crescente;Chuva;Dupla;Curva;Não;1;0;1;0;0;0;1;1;-24,94146;-53,51948;SR-PR;UOP01;DEL04
276198;18/03/2020;quarta-feira;16:25:00;SC;101;205;SAO JOSE;Não guardar distância de segurança;Colisão lateral;Com Vítimas Feridas;Pleno dia;Decrescente;Nublado;Dupla;Reta;Sim;2;0;1;0;1;0;1;2;-27,58313;-48,61533;SR-SC;UOP01;DEL01
276199;18/03/2020;quarta-feira;17:15:00;MG;381;488,4;BETIM;Falta de Atenção do Pedestre;Atropelamento de Pedestre;Com Vítimas Feridas;Pleno dia;Decrescente;Céu Claro;Múltipla;Reta;Sim;2;0;1;0;1;0;1;1;-19,95657;-44,13414;SR-MG;UOP03;DEL01
276200;18/03/2020;quarta-feira;13:20:00;SC;282;424,5;VARGEM BONITA;Falta de Atenção à Condução;Colisão com objeto estático;Com Vítimas Feridas;Pleno dia;Crescente;Nublado;Simples;Curva;Não;4;0;4;0;0;0;4;1;-26,98801;-51,75312;SR-SC;UOP07;DEL07
276201;18/03/2020;quarta-feira;17:05:00;PE;101;45,9;IGARASSU;Falta de Atenção à Condução;Colisão transversal;Com Vítimas Feridas;Pleno dia;Crescente;Nublado;Múltipla;Reta;Sim;2;0;1;0;1;0;1;2;-7,871187;-34,90663;SR-PE;UOP02;DEL01
276202;18/03/2020;quarta-feira;13:00:00;SC;282;267;SAO JOSE DO CERRITO;Pista Escorregadia;Capotamento;Com Vítimas Feridas;Pleno dia;Decrescente;Garoa/Chuvisco;Simples;Curva;Não;1;0;1;0;0;0;1;1;-27,62454;-50,65185;SR-SC;UOP02;DEL05
276203;18/03/2020;quarta-feira;17:35:00;RO;364;362;OURO PRETO DO OESTE;Desobediência às normas de trânsito pelo condutor;Colisão traseira;Com Vítimas Feridas;Anoitecer;Crescente;Nublado;Simples;Desvio Temporário;Não;2;0;0;1;1;0;1;2;-10,77706;-62,07442;SR-RO;UOP01;DEL02
276204;18/03/2020;quarta-feira;17:25:00;RS;470;175,4;VERANOPOLIS;Falta de Atenção à Condução;Colisão traseira;Com Vítimas Feridas;Pleno dia;Decrescente;Nublado;Simples;Curva;Sim;8;0;1;0;7;0;1;6;-28,92409;-51,53831;SR-RS;UOP02;DEL06
276205;18/03/2020;quarta-feira;18:00:00;SP;116;273;TABOAO DA SERRA;Desobediência às normas de trânsito pelo condutor;Colisão lateral;Com Vítimas Feridas;Anoitecer;Decrescente;Céu Claro;Múltipla;Reta;Sim;3;0;2;0;1;0;2;2;-23,6281;-46,8187;SR-SP;UOP01;DEL04
276206;18/03/2020;quarta-feira;16:45:00;PR;153;305,2;IMBITUVA;Velocidade Incompatível;Colisão lateral;Com Vítimas Feridas;Pleno dia;Crescente;Chuva;Simples;Não Informado;Não;5;0;0;4;1;0;4;2;-25,24851;-50,6286;SR-PR;UOP02;DEL08
276207;18/03/2020;quarta-feira;18:30:00;PR;376;180,4;MARINGA;Falta de Atenção do Pedestre;Atropelamento de Pedestre;Com Vítimas Feridas;Plena Noite;Crescente;Céu Claro;Dupla;Reta;Sim;2;0;2;0;0;0;2;1;-23,42725;-51,89512;SR-PR;UOP01;DEL09
276208;18/03/2020;quarta-feira;18:40:00;DF;70;10;BRASILIA;Falta de Atenção do Pedestre;Atropelamento de Pedestre;Com Vítimas Feridas;Plena Noite;Decrescente;Céu Claro;Dupla;Reta;Sim;2;0;1;0;1;0;1;1;-15,78707;-48,14071;SR-DF;UOP03;DEL01
276209;16/03/2020;segunda-feira;17:50:00;MA;10;299;CIDELANDIA;Desobediência às normas de trânsito pelo condutor;Colisão traseira;Com Vítimas Feridas;Anoitecer;Crescente;Chuva;Dupla;Reta;Não;2;0;1;0;1;0;1;2;-5,122542;-47,54759;SR-MA;UOP03;DEL04
276210;18/03/2020;quarta-feira;18:05:00;BA;101;48,2;ESPLANADA;Pista Escorregadia;Saída de leito carroçável;Com Vítimas Feridas;Plena Noite;Decrescente;Chuva;Simples;Curva;Não;2;0;2;0;0;0;2;1;-11,8666;-37,9912;SR-SE;UOP03;DEL02
276211;18/03/2020;quarta-feira;18:40:00;ES;101;295,1;CARIACICA;Desobediência às normas de trânsito pelo condutor;Colisão lateral;Com Vítimas Feridas;Plena Noite;Crescente;Céu Claro;Dupla;Reta;Não;2;0;0;1;1;0;1;2;-20,33224;-40,40005;SR-ES;UOP01;DEL01
276212;18/03/2020;quarta-feira;18:00:00;MT;70;509;CUIABA;Falta de Atenção à Condução;Colisão transversal;Com Vítimas Feridas;Anoitecer;Decrescente;Céu Claro;Simples;Reta;Não;2;0;1;0;1;0;1;2;-15,66271;-55,97878;SR-MT;UOP02;DEL01
276213;18/03/2020;quarta-feira;18:50:00;PA;163;1002,5;SANTAREM;Falta de Atenção do Pedestre;Atropelamento de Pedestre;Com Vítimas Feridas;Plena Noite;Crescente;Céu Claro;Simples;Reta;Sim;2;0;2;0;0;0;2;1;-2,45567;-54,72855;SR-PA;UOP01;DEL05
276214;18/03/2020;quarta-feira;16:55:00;PE;423;97,4;GARANHUNS;Pista Escorregadia;Tombamento;Com Vítimas Feridas;Anoitecer;Crescente;Chuva;Simples;Não Informado;Sim;2;0;0;1;1;0;1;1;-8,876983;-36,50049;SR-PE;UOP01;DEL03
276215;18/03/2020;quarta-feira;18:30:00;BA;367;32,8;PORTO SEGURO;Falta de Atenção à Condução;Colisão traseira;Com Vítimas Feridas;Plena Noite;Crescente;Céu Claro;Simples;Reta;Sim;2;0;1;0;0;1;1;2;-16,42202;-39,14457;SR-BA;UOP01;DEL09
276216;18/03/2020;quarta-feira;18:20:00;SP;116;362;MIRACATU;Defeito Mecânico no Veículo;Tombamento;Sem Vítimas;Anoitecer;Crescente;Nublado;Dupla;Desvio Temporário;Não;12;0;0;0;1;11;0;12;-24,12202;-47,27048;SR-SP;UOP02;DEL04
276217;18/03/2020;quarta-feira;19:40:00;PR;277;72,8;SAO JOSE DOS PINHAIS;Ingestão de Álcool;Colisão traseira;Sem Vítimas;Plena Noite;Crescente;Garoa/Chuvisco;Dupla;Curva;Sim;2;0;0;0;2;0;0;2;-25,49409;-49,16792;SR-PR;UOP01;DEL01
276218;18/03/2020;quarta-feira;19:30:00;PR;476;132;CURITIBA;Falta de Atenção à Condução;Colisão traseira;Sem Vítimas;Plena Noite;Crescente;Nublado;Múltipla;Reta;Sim;2;0;0;0;2;0;0;2;-25,46072;-49,25049;SR-PR;UOP03;DEL01
276219;18/03/2020;quarta-feira;20:00:00;ES;262;90,1;DOMINGOS MARTINS;Falta de Atenção à Condução;Colisão frontal;Com Vítimas Feridas;Anoitecer;Crescente;Garoa/Chuvisco;Simples;Retorno Regulamentado;Sim;2;0;0;1;1;0;1;2;-20,38124;-41,02432;SR-ES;UOP02;DEL01
276220;18/03/2020;quarta-feira;18:40:00;MT;163;846;SINOP;Falta de Atenção à Condução;Colisão traseira;Sem Vítimas;Plena Noite;Decrescente;Céu Claro;Simples;Reta;Sim;2;0;0;0;2;0;0;2;-11,77342;-55,47234;SR-MT;UOP02;DEL06
276221;18/03/2020;quarta-feira;19:50:00;CE;116;46;PACAJUS;Desobediência às normas de trânsito pelo condutor;Colisão com objeto estático;Com Vítimas Feridas;Plena Noite;Crescente;Céu Claro;Dupla;Curva;Não;1;0;0;1;0;0;1;1;-4,139241;-38,47995;SR-CE;UOP02;DEL01
276222;18/03/2020;quarta-feira;18:00:00;RJ;493;97;SEROPEDICA;Falta de Atenção à Condução;Colisão lateral;Com Vítimas Feridas;Plena Noite;Decrescente;Céu Claro;Dupla;Reta;Sim;2;0;1;0;1;0;1;2;-22,7205;-43,7074;SR-RJ;UOP01;DEL03
276223;18/03/2020;quarta-feira;20:00:00;CE;222;8,3;CAUCAIA;Ingestão de Álcool;Saída de leito carroçável;Com Vítimas Feridas;Plena Noite;Decrescente;Céu Claro;Dupla;Reta;Sim;1;0;1;0;0;0;1;1;-3,753636;-38,63803;SR-CE;UOP01;DEL01
276224;18/03/2020;quarta-feira;19:20:00;RJ;116;216;PARACAMBI;Objeto estático sobre o leito carroçável;Colisão com objeto estático;Sem Vítimas;Plena Noite;Crescente;Céu Claro;Dupla;Reta;Não;3;0;0;0;3;0;0;1;-22,70521;-43,74067;SR-RJ;UOP03;DEL01
276225;18/03/2020;quarta-feira;09:25:00;MA;10;248,1;IMPERATRIZ;Animais na Pista;Atropelamento de Animal;Com Vítimas Feridas;Pleno dia;Decrescente;Céu Claro;Simples;Reta;Sim;2;0;2;0;0;0;2;1;-5,566143;-47,44903;SR-MA;UOP01;DEL04
276226;18/03/2020;quarta-feira;17:43:00;MG;381;680;PERDOES;Condutor Dormindo;Colisão frontal;Com Vítimas Fatais;Pleno dia;Decrescente;Céu Claro;Dupla;Reta;Não;5;1;0;4;0;0;4;2;-21,15538;-45,11395;SR-MG;UOP02;DEL04
276227;18/03/2020;quarta-feira;20:35:00;BA;101;745,2;ITABELA;Falta de Atenção do Pedestre;Atropelamento de Pedestre;Com Vítimas Fatais;Plena Noite;Crescente;Céu Claro;Simples;Não Informado;Não;4;1;0;0;2;1;0;1;-16,72722;-39,45434;SR-BA;UOP01;DEL09
276228;18/03/2020;quarta-feira;20:00:00;PE;101;57,7;RECIFE;Defeito Mecânico no Veículo;Incêndio;Sem Vítimas;Plena Noite;Crescente;Céu Claro;Dupla;Reta;Não;1;0;0;0;1;0;0;1;-7,9684;-34,91954;SR-PE;UOP02;DEL01
276229;18/03/2020;quarta-feira;20:40:00;MG;262;368,2;JUATUBA;Ingestão de álcool e/ou substâncias psicoativas pelo pedestre;Atropelamento de Pedestre;Com Vítimas Fatais;Plena Noite;Crescente;Nublado;Dupla;Reta;Sim;2;1;0;0;1;0;0;1;-19,96021;-44,33753;SR-MG;UOP03;DEL01
276230;18/03/2020;quarta-feira;16:00:00;MG;116;91,1;MEDINA;Velocidade Incompatível;Tombamento;Com Vítimas Feridas;Pleno dia;Decrescente;Sol;Simples;Não Informado;Não;2;0;1;1;0;0;2;2;-16,35806;-41,47023;SR-MG;UOP02;DEL11
276231;18/03/2020;quarta-feira;15:40:00;MG;40;474;SETE LAGOAS;Mal Súbito;Saída de leito carroçável;Com Vítimas Feridas;Pleno dia;Crescente;Céu Claro;Dupla;Reta;Não;1;0;1;0;0;0;1;1;-19,49805;-44,2793;SR-MG;UOP01;DEL02
276232;18/03/2020;quarta-feira;20:35:00;RN;304;40,6;MOSSORO;Não guardar distância de segurança;Colisão traseira;Com Vítimas Feridas;Plena Noite;Crescente;Céu Claro;Dupla;Reta;Sim;3;0;1;1;1;0;2;2;-5,196199;-37,3785;SR-RN;UOP01;DEL04
276233;18/03/2020;quarta-feira;19:40:00;RS;392;5,2;RIO GRANDE;Falta de Atenção à Condução;Colisão transversal;Com Vítimas Feridas;Plena Noite;Crescente;Chuva;Simples;Reta;Não;2;0;1;0;1;0;1;2;-32,07688;-52,10167;SR-RS;UOP02;DEL07
276234;18/03/2020;quarta-feira;14:10:00;RO;364;630;CANDEIAS DO JAMARI;Falta de Atenção à Condução;Colisão traseira;Com Vítimas Feridas;Pleno dia;Decrescente;Chuva;Simples;Curva;Não;5;0;2;0;3;0;2;2;-9,083021;-63,37152;SR-RO;UOP03;DEL03
276235;18/03/2020;quarta-feira;20:30:00;MS;163;679,8;RIO VERDE DE MATO GROSSO;Desobediência às normas de trânsito pelo condutor;Colisão transversal;Com Vítimas Feridas;Plena Noite;Decrescente;Céu Claro;Simples;Reta;Sim;2;0;1;1;0;0;2;2;-18,93218;-54,83112;SR-MS;UOP02;DEL06
276236;15/03/2020;domingo;04:55:00;DF;40;3;BRASILIA;Ingestão de Álcool;Saída de leito carroçável;Com Vítimas Feridas;Plena Noite;Crescente;Céu Claro;Dupla;Reta;Sim;1;0;1;0;0;0;1;1;-16,00314;-47,98394;SR-DF;UOP01;DEL01
276237;18/03/2020;quarta-feira;15:00:00;SC;470;147;RIO DO SUL;Falta de Atenção à Condução;Engavetamento;Com Vítimas Feridas;Pleno dia;Decrescente;Nublado;Simples;Reta;Não;4;0;1;0;3;0;1;3;-27,24344;-49,69002;SR-SC;UOP02;DEL04
276238;18/03/2020;quarta-feira;15:00:00;SC;470;192;POUSO REDONDO;Carga excessiva e/ou mal acondicionada;Tombamento;Com Vítimas Feridas;Pleno dia;Decrescente;Garoa/Chuvisco;Simples;Curva;Não;1;0;1;0;0;0;1;1;-27,29332;-50,07868;SR-SC;UOP02;DEL04
276239;18/03/2020;quarta-feira;19:00:00;SP;116;275,4;EMBU DAS ARTES;Defeito na Via;Queda de ocupante de veículo;Com Vítimas Feridas;Plena Noite;Decrescente;Ignorado;Dupla;Curva;Sim;1;0;1;0;0;0;1;1;-23,63639;-46,83252;SR-SP;UOP01;DEL04
276240;18/03/2020;quarta-feira;19:30:00;SC;470;103;APIUNA;Falta de Atenção à Condução;Colisão traseira;Sem Vítimas;Plena Noite;Decrescente;Nublado;Simples;Curva;Não;2;0;0;0;1;1;0;2;-27,0648;-49,40142;SR-SC;UOP02;DEL04
276241;18/03/2020;quarta-feira;20:40:00;PE;104;63;CARUARU;Ingestão de Álcool;Colisão traseira;Sem Vítimas;Plena Noite;Decrescente;Chuva;Dupla;Reta;Sim;2;0;0;0;2;0;0;2;-8,267406;-35,97863;SR-PE;UOP01;DEL02
276242;18/03/2020;quarta-feira;19:00:00;MG;262;800,8;UBERABA;Animais na Pista;Atropelamento de Animal;Com Vítimas Feridas;Plena Noite;Decrescente;Céu Claro;Dupla;Reta;Sim;3;0;2;1;0;0;3;1;-19,76939;-47,89698;SR-MG;UOP01;DEL13
276243;18/03/2020;quarta-feira;19:20:00;MG;40;727,1;OLIVEIRA FORTES;Agressão Externa;Colisão com objeto estático;Sem Vítimas;Plena Noite;Decrescente;Céu Claro;Dupla;Não Informado;Não;1;0;0;0;1;0;0;1;-21,33286;-43,58543;SR-MG;UOP01;DEL05
276244;18/03/2020;quarta-feira;21:30:00;PB;230;23;JOAO PESSOA;Avarias e/ou desgaste excessivo no pneu;Queda de ocupante de veículo;Com Vítimas Feridas;Plena Noite;Crescente;Céu Claro;Dupla;Não Informado;Sim;2;0;1;0;1;0;1;1;-7,135198;-34,79318;SR-PB;UOP01;DEL01
276245;18/03/2020;quarta-feira;19:30:00;SC;280;56,1;GUARAMIRIM;Falta de Atenção à Condução;Colisão transversal;Com Vítimas Feridas;Plena Noite;Crescente;Céu Claro;Simples;Interseção de vias;Sim;3;0;1;0;2;0;1;2;-26,47948;-49,00299;SR-SC;UOP03;DEL03
276247;18/03/2020;quarta-feira;17:40:00;RO;364;400;OURO PRETO DO OESTE;Falta de Atenção à Condução;Tombamento;Sem Vítimas;Anoitecer;Crescente;Chuva;Simples;Reta;Não;3;0;0;0;3;0;0;2;-10,60374;-62,34299;SR-RO;UOP02;DEL03