id;data_inversa;dia_semana;horario;uf;br;km;municipio;causa_acidente;tipo_acidente;classificacao_acidente;fase_dia;sentido_via;condicao_metereologica;tipo_pista;tracado_via;uso_solo;pessoas;mortos;feridos_leves;feridos_graves;ilesos;ignorados;feridos;veiculos;latitude;longitude;regional;delegacia;uop
276248;18/03/2020;quarta-feira;21:50:00;PB;104;128,8;CAMPINA GRANDE;Desobediência às normas de trânsito pelo condutor;Colisão transversal;Com Vítimas Feridas;Plena Noite;Decrescente;Garoa/Chuvisco;Simples;Retorno Regulamentado;Sim;2;0;0;1;1;0;1;2;-7,279038;-35,88873;SR-PB;UOP01;DEL02
276250;18/03/2020;quarta-feira;20:30:00;MG;40;431,8;PARAOPEBA;Defeito Mecânico no Veículo;Incêndio;Sem Vítimas;Plena Noite;Decrescente;Céu Claro;Dupla;Não Informado;Não;1;0;0;0;1;0;0;1;-19,19728;-44,47966;SR-MG;UOP01;DEL02
276251;18/03/2020;quarta-feira;21:30:00;ES;101;305;VIANA;Defeito Mecânico no Veículo;Colisão com objeto estático;Com Vítimas Feridas;Plena Noite;Decrescente;Nublado;Dupla;Curva;Não;1;0;0;1;0;0;1;1;-20,38392;-40,46125;SR-ES;UOP01;DEL01
276252;18/03/2020;quarta-feira;16:15:00;PR;476;248,7;LAPA;Pista Escorregadia;Danos eventuais;Sem Vítimas;Pleno dia;Decrescente;Chuva;Múltipla;Curva;Não;1;0;0;0;1;0;0;1;-25,86544;-50,14804;SR-PR;UOP05;DEL03
276253;18/03/2020;quarta-feira;23:40:00;PE;423;62,9;LAJEDO;Ingestão de Álcool;Colisão frontal;Com Vítimas Feridas;Plena Noite;Crescente;Chuva;Simples;Não Informado;Não;2;0;1;0;1;0;1;2;-8,66011;-36,33781;SR-PE;UOP01;DEL03
276254;18/03/2020;quarta-feira;23:30:00;BA;110;169;RIBEIRA DO POMBAL;Animais na Pista;Atropelamento de Animal;Com Vítimas Feridas;Plena Noite;Crescente;Céu Claro;Simples;Reta;Não;2;0;1;1;0;0;2;1;-10,83362;-38,53207;SR-BA;UOP02;DEL07
276255;18/03/2020;quarta-feira;23:44:00;MG;50;81;UBERLANDIA;Falta de Atenção do Pedestre;Atropelamento de Pedestre;Com Vítimas Fatais;Pleno dia;Crescente;Céu Claro;Dupla;Desvio Temporário;Sim;2;1;0;0;1;0;0;1;-18,98691;-48,21185;SR-MG;UOP01;DEL15
276257;19/03/2020;quinta-feira;00:05:00;GO;40;9;LUZIANIA;Ingestão de Álcool;Saída de leito carroçável;Com Vítimas Feridas;Plena Noite;Crescente;Céu Claro;Dupla;Reta;Sim;6;0;5;0;0;1;5;1;-16,12376;-47,96282;SR-DF;UOP01;DEL01
276258;18/03/2020;quarta-feira;20:40:00;PI;343;514;AMARANTE;Falta de Atenção à Condução;Colisão lateral;Com Vítimas Feridas;Plena Noite;Crescente;Céu Claro;Simples;Reta;Não;2;0;1;0;1;0;1;2;-6,313794;-42,81039;SR-PI;UOP01;DEL03
276259;19/03/2020;quinta-feira;00:30:00;SE;235;6;NOSSA SENHORA DO SOCORRO;Animais na Pista;Atropelamento de Animal;Com Vítimas Feridas;Plena Noite;Decrescente;Garoa/Chuvisco;Dupla;Desvio Temporário;Não;1;0;1;0;0;0;1;1;-10,90385;-37,12868;SR-SE;UOP01;DEL01
276260;18/03/2020;quarta-feira;17:45:00;MT;364;11,1;ALTO ARAGUAIA;Desobediência às normas de trânsito pelo condutor;Colisão lateral;Com Vítimas Fatais;Anoitecer;Crescente;Céu Claro;Simples;Não Informado;Não;3;1;0;1;1;0;1;3;-17,26767;-53,2974;SR-MT;UOP04;DEL02
276261;18/03/2020;quarta-feira;22:35:00;MS;267;175,5;NOVA ALVORADA DO SUL;Condutor Dormindo;Saída de leito carroçável;Com Vítimas Feridas;Plena Noite;Crescente;Chuva;Simples;Não Informado;Não;3;0;2;0;1;0;2;2;-21,61945;-53,68074;SR-MS;DEL2;UOP03/MS
276262;19/03/2020;quinta-feira;00:10:00;MT;364;401;CUIABA;Ingestão de Álcool;Colisão transversal;Sem Vítimas;Plena Noite;Crescente;Céu Claro;Dupla;Reta;Sim;5;0;0;0;5;0;0;2;-15,6721;-55,94649;SR-MT;UOP02;DEL01
276263;18/03/2020;quarta-feira;22:50:00;SP;116;50,1;LORENA;Desobediência às normas de trânsito pelo pedestre;Atropelamento de Pedestre;Com Vítimas Fatais;Plena Noite;Crescente;Céu Claro;Dupla;Reta;Não;2;1;0;0;1;0;0;1;-22,73674;-45,08545;SR-SP;UOP02;DEL08
276264;18/03/2020;quarta-feira;16:20:00;PR;116;24,3;CAMPINA GRANDE DO SUL;Falta de Atenção à Condução;Saída de leito carroçável;Sem Vítimas;Pleno dia;Decrescente;Nublado;Dupla;Curva;Não;1;0;0;0;1;0;0;1;-25,11286;-48,75762;SR-PR;UOP02;DEL01
276265;18/03/2020;quarta-feira;23:50:00;PR;277;475;LARANJEIRAS DO SUL;Falta de Atenção à Condução;Tombamento;Sem Vítimas;Plena Noite;Decrescente;Céu Claro;Simples;Curva;Não;1;0;0;0;1;0;0;1;-25,3277;-52,55921;SR-PR;UOP03;DEL04
276294;18/03/2020;quarta-feira;21:30:00;GO;153;165,6;CAMPINORTE;Desobediência às normas de trânsito pelo condutor;Colisão com objeto estático;Com Vítimas Feridas;Plena Noite;Crescente;Céu Claro;Simples;Não Informado;Não;2;0;1;0;1;0;1;2;-14,2136;-49,13111;SR-GO;UOP01;DEL07
276295;19/03/2020;quinta-feira;00:05:00;MT;364;192;RONDONOPOLIS;Animais na Pista;Atropelamento de Animal;Com Vítimas Feridas;Plena Noite;Crescente;Céu Claro;Simples;Reta;Não;3;0;1;1;1;0;2;1;-16,53501;-54,58265;SR-MT;UOP01;DEL02
276297;19/03/2020;quinta-feira;04:30:00;BA;116;716,1;MANOEL VITORINO;Condutor Dormindo;Colisão frontal;Com Vítimas Feridas;Plena Noite;Crescente;Nublado;Simples;Curva;Não;3;0;2;0;1;0;2;3;-14,20013;-40,27157;SR-BA;UOP02;DEL08
276298;19/03/2020;quinta-feira;04:30:00;MG;381;654,1;SANTO ANTONIO DO AMPARO;Falta de Atenção à Condução;Saída de leito carroçável;Com Vítimas Feridas;Plena Noite;Decrescente;Céu Claro;Dupla;Curva;Não;1;0;1;0;0;0;1;1;-20,99438;-44,96042;SR-MG;UOP02;DEL04
276299;19/03/2020;quinta-feira;04:45:00;PB;230;190,3;POCINHOS;Condutor Dormindo;Colisão com objeto estático;Sem Vítimas;Amanhecer;Decrescente;Nublado;Simples;Reta;Não;1;0;0;0;1;0;0;1;-7,1361;-36,153;SR-PB;UOP02;DEL02
276300;19/03/2020;quinta-feira;04:00:00;SP;116;343;MIRACATU;Condutor Dormindo;Saída de leito carroçável;Sem Vítimas;Plena Noite;Crescente;Nublado;Dupla;Reta;Não;1;0;0;0;1;0;0;1;-24,02387;-47,17257;SR-SP;UOP02;DEL04
276301;19/03/2020;quinta-feira;05:55:00;PB;101;81;BAYEUX;Defeito Mecânico no Veículo;Saída de leito carroçável;Sem Vítimas;Pleno dia;Crescente;Nublado;Dupla;Não Informado;Sim;1;0;0;0;1;0;0;1;-7,125086;-34,94513;SR-PB;UOP01;DEL01
276303;19/03/2020;quinta-feira;04:00:00;SC;282;115,8;ALFREDO WAGNER;Velocidade Incompatível;Saída de leito carroçável;Com Vítimas Feridas;Plena Noite;Decrescente;Céu Claro;Simples;Curva;Não;1;0;1;0;0;0;1;1;-27,75542;-49,39444;SR-SC;UOP03;DEL01
276304;19/03/2020;quinta-feira;03:50:00;PI;316;8;TERESINA;Ingestão de Álcool;Saída de leito carroçável;Sem Vítimas;Plena Noite;Crescente;Garoa/Chuvisco;Dupla;Reta;Sim;1;0;0;0;1;0;0;1;-5,155846;-42,77173;SR-PI;UOP02;DEL01
276305;19/03/2020;quinta-feira;06:35:00;MG;381;873,9;ESTIVA;Velocidade Incompatível;Tombamento;Sem Vítimas;Pleno dia;Crescente;Céu Claro;Dupla;Curva;Não;1;0;0;0;1;0;0;1;-22,4508;-46,00014;SR-MG;UOP01;DEL16
276306;19/03/2020;quinta-feira;06:40:00;MG;381;487,5;BETIM;Pista Escorregadia;Tombamento;Com Vítimas Feridas;Amanhecer;Decrescente;Céu Claro;Dupla;Reta;Sim;1;0;1;0;0;0;1;1;-19,95587;-44,1461;SR-MG;UOP03;DEL01
276307;19/03/2020;quinta-feira;06:50:00;SC;470;60,5;BLUMENAU;Desobediência às normas de trânsito pelo condutor;Colisão transversal;Com Vítimas Feridas;Pleno dia;Decrescente;Céu Claro;Simples;Reta;Sim;3;0;2;0;1;0;2;2;-26,88007;-49,16932;SR-SC;UOP01;DEL04
276308;19/03/2020;quinta-feira;06:40:00;MG;381;264;TIMOTEO;Falta de Atenção à Condução;Colisão transversal;Com Vítimas Feridas;Pleno dia;Crescente;Céu Claro;Simples;Reta;Sim;2;0;1;0;1;0;1;2;-19,59259;-42,73869;SR-MG;UOP02;DEL03
276309;19/03/2020;quinta-feira;06:30:00;MG;381;486,9;BETIM;Defeito na Via;Tombamento;Com Vítimas Feridas;Pleno dia;Decrescente;Céu Claro;Múltipla;Reta;Sim;1;0;1;0;0;0;1;1;-19,95644;-44,13612;SR-MG;UOP03;DEL01
276310;19/03/2020;quinta-feira;05:30:00;PA;316;120;SANTA MARIA DO PARA;Restrição de Visibilidade;Colisão traseira;Com Vítimas Feridas;Amanhecer;Crescente;Nevoeiro/Neblina;Simples;Reta;Não;3;0;2;1;0;0;3;1;-1,312934;-47,4346;SR-PA;UOP02;DEL01
276312;19/03/2020;quinta-feira;07:22:00;SP;116;210;GUARULHOS;Falta de Atenção à Condução;Colisão lateral;Com Vítimas Feridas;Amanhecer;Crescente;Nublado;Dupla;Não Informado;Sim;2;0;1;0;1;0;1;2;-23,4287;-46,41086;SR-SP;UOP01;DEL01
276313;19/03/2020;quinta-feira;07:30:00;PE;423;20,5;SAO CAITANO;Ultrapassagem Indevida;Saída de leito carroçável;Com Vítimas Feridas;Pleno dia;Crescente;Nublado;Simples;Reta;Não;1;0;0;1;0;0;1;1;-8,339325;-36,1591;SR-PE;UOP02;DEL02
276315;19/03/2020;quinta-feira;07:30:00;BA;324;517,9;FEIRA DE SANTANA;Falta de Atenção à Condução;Colisão transversal;Com Vítimas Feridas;Pleno dia;Decrescente;Céu Claro;Simples;Reta;Sim;2;0;1;0;1;0;1;2;-12,25914;-38,93218;SR-BA;UOP01;DEL02
276316;19/03/2020;quinta-feira;06:30:00;RJ;116;178,2;NOVA IGUACU;Desobediência às normas de trânsito pelo condutor;Colisão lateral;Com Vítimas Feridas;Amanhecer;Decrescente;Sol;Dupla;Reta;Sim;3;0;0;1;2;0;1;3;-22,77496;-43,40081;SR-RJ;UOP02;DEL01
276317;19/03/2020;quinta-feira;06:30:00;RS;116;121,7;SAO MARCOS;Falta de Atenção à Condução;Tombamento;Com Vítimas Feridas;Amanhecer;Crescente;Céu Claro;Dupla;Curva;Não;1;0;1;0;0;0;1;1;-29,00573;-51,06933;SR-RS;UOP01;DEL05
276318;19/03/2020;quinta-feira;06:40:00;PR;476;126,8;CURITIBA;Desobediência às normas de trânsito pelo condutor;Colisão lateral;Com Vítimas Feridas;Pleno dia;Crescente;Céu Claro;Múltipla;Reta;Sim;5;0;1;0;4;0;1;5;-25,41676;-49,22345;SR-PR;UOP06;DEL01
276319;19/03/2020;quinta-feira;06:40:00;PR;116;5;QUATRO BARRAS;Falta de Atenção do Pedestre;Atropelamento de Pedestre;Com Vítimas Fatais;Pleno dia;Decrescente;Céu Claro;Dupla;Reta;Sim;2;1;0;0;1;0;0;1;-25,3653;-49,0906;SR-PR;UOP01;DEL01
276320;19/03/2020;quinta-feira;07:00:00;PR;153;16,7;JACAREZINHO;Velocidade Incompatível;Saída de leito carroçável;Com Vítimas Feridas;Pleno dia;Decrescente;Garoa/Chuvisco;Simples;Não Informado;Não;1;0;1;0;0;0;1;1;-23,12749;-49,94481;SR-PR;UOP05;DEL07
276321;19/03/2020;quinta-feira;07:10:00;PR;153;16,7;JACAREZINHO;Não guardar distância de segurança;Engavetamento;Com Vítimas Feridas;Amanhecer;Decrescente;Chuva;Simples;Não Informado;Não;6;0;1;0;5;0;1;3;-23,12424;-49,94413;SR-PR;UOP05;DEL07
276322;19/03/2020;quinta-feira;07:20:00;DF;40;2,2;BRASILIA;Falta de Atenção à Condução;Colisão transversal;Com Vítimas Feridas;Pleno dia;Decrescente;Nublado;Múltipla;Reta;Sim;2;0;1;0;1;0;1;2;-15,99435;-47,98595;SR-DF;UOP01;DEL01
276323;11/03/2020;quarta-feira;07:40:00;BA;324;626;SALVADOR;Não guardar distância de segurança;Colisão traseira;Sem Vítimas;Pleno dia;Decrescente;Céu Claro;Dupla;Reta;Sim;2;0;0;0;1;1;0;2;-12,97211;-38,47618;SR-BA;UOP01;DEL01
276324;12/03/2020;quinta-feira;08:50:00;MS;163;700;RIO VERDE DE MATO GROSSO;Falta de Atenção à Condução;Colisão transversal;Com Vítimas Feridas;Pleno dia;Crescente;Céu Claro;Simples;Desvio Temporário;Não;3;0;3;0;0;0;3;2;-18,75702;-54,82411;SR-MS;UOP01;DEL06
276325;19/03/2020;quinta-feira;08:00:00;RJ;40;123;DUQUE DE CAXIAS;Falta de Atenção à Condução;Colisão com objeto estático;Com Vítimas Feridas;Pleno dia;Crescente;Céu Claro;Simples;Não Informado;Sim;1;0;1;0;0;0;1;1;-22,79908;-43,29016;SR-RJ;UOP01;DEL01
276326;19/03/2020;quinta-feira;08:13:00;GO;40;6;VALPARAISO DE GOIAS;Falta de Atenção à Condução;Colisão transversal;Com Vítimas Feridas;Pleno dia;Crescente;Céu Claro;Dupla;Reta;Sim;2;0;1;0;1;0;1;2;-16,10081;-47,97735;SR-DF;UOP01;DEL01
276327;19/03/2020;quinta-feira;08:00:00;PR;116;70,6;CAMPINA GRANDE DO SUL;Falta de Atenção à Condução;Atropelamento de Pedestre;Com Vítimas Feridas;Pleno dia;Crescente;Sol;Dupla;Reta;Não;2;0;1;0;0;1;1;1;-25,3385;-49,03793;SR-PR;UOP01;DEL01
276328;19/03/2020;quinta-feira;07:10:00;MG;267;66;BICAS;Defeito na Via;Queda de ocupante de veículo;Com Vítimas Feridas;Pleno dia;Crescente;Céu Claro;Simples;Reta;Não;1;0;0;1;0;0;1;1;-21,73866;-43,09799;SR-MG;UOP01;DEL05
276329;19/03/2020;quinta-feira;08:15:00;SC;101;151,3;ITAPEMA;Avarias e/ou desgaste excessivo no pneu;Tombamento;Com Vítimas Feridas;Pleno dia;Decrescente;Céu Claro;Dupla;Reta;Sim;1;0;1;0;0;0;1;1;-27,12654;-48,60964;SR-SC;UOP03;DEL04
276330;19/03/2020;quinta-feira;08:00:00;RS;290;175,3;BUTIA;Falta de Atenção à Condução;Colisão transversal;Com Vítimas Feridas;Pleno dia;Crescente;Sol;Simples;Reta;Sim;4;0;1;0;3;0;1;2;-30,12934;-51,96182;SR-RS;UOP03;DEL02
276331;19/03/2020;quinta-feira;07:30:00;MG;381;510;SAO JOAQUIM DE BICAS;Falta de Atenção à Condução;Tombamento;Com Vítimas Feridas;Pleno dia;Crescente;Céu Claro;Dupla;Reta;Sim;2;0;1;0;1;0;1;2;-20,07738;-44,30434;SR-MG;UOP03;DEL01
276332;15/02/2020;sábado;03:34:00;PA;316;84;SAO FRANCISCO DO PARA;Desobediência às normas de trânsito pelo condutor;Tombamento;Com Vítimas Feridas;Plena Noite;Decrescente;Céu Claro;Simples;Reta;Não;3;0;1;0;2;0;1;2;-1,310193;-47,74456;SR-PA;UOP02;DEL01
276333;19/03/2020;quinta-feira;09:40:00;PR;376;665;GUARATUBA;Defeito Mecânico no Veículo;Saída de leito carroçável;Sem Vítimas;Pleno dia;Crescente;Céu Claro;Dupla;Não Informado;Não;2;0;0;0;2;0;0;1;-25,85456;-48,95671;SR-PR;UOP05;DEL01
276334;08/02/2020;sábado;12:50:00;MG;381;481,7;BETIM;Falta de Atenção à Condução;Colisão com objeto estático;Com Vítimas Feridas;Pleno dia;Decrescente;Nublado;Dupla;Reta;Sim;2;0;1;0;1;0;1;2;-19,95932;-44,08826;SR-MG;DEL4/1;UOP03/MG
276335;19/03/2020;quinta-feira;06:38:00;MG;381;873,7;ESTIVA;Velocidade Incompatível;Colisão lateral;Sem Vítimas;Amanhecer;Crescente;Nublado;Dupla;Curva;Não;2;0;0;0;2;0;0;2;-22,4508;-46,00014;SR-MG;UOP01;DEL16
276336;19/03/2020;quinta-feira;01:20:00;SP;116;528;BARRA DO TURVO;Desobediência às normas de trânsito pelo pedestre;Atropelamento de Pedestre;Com Vítimas Fatais;Plena Noite;Crescente;Nublado;Dupla;Reta;Não;3;1;0;0;2;0;0;1;-24,93621;-48,29215;SR-SP;UOP02;DEL05
276337;19/03/2020;quinta-feira;08:40:00;SP;116;269,3;TABOAO DA SERRA;Falta de Atenção à Condução;Tombamento;Com Vítimas Feridas;Pleno dia;Decrescente;Nublado;Dupla;Reta;Sim;1;0;1;0;0;0;1;1;-23,61593;-46,78826;SR-SP;UOP01;DEL04
276338;19/03/2020;quinta-feira;01:50:00;RS;471;195;PANTANO GRANDE;Ingestão de Álcool;Saída de leito carroçável;Sem Vítimas;Plena Noite;Decrescente;Céu Claro;Simples;Interseção de vias;Não;1;0;0;0;1;0;0;1;-30,23011;-52,36242;SR-RS;UOP03;DEL02
276339;19/03/2020;quinta-feira;09:45:00;GO;70;8,3;AGUAS LINDAS DE GOIAS;Desobediência às normas de trânsito pelo condutor;Colisão traseira;Com Vítimas Feridas;Pleno dia;Decrescente;Céu Claro;Múltipla;Curva;Sim;3;0;2;0;1;0;2;2;-15,73614;-48,27668;SR-DF;UOP03;DEL01
276340;11/03/2020;quarta-feira;08:15:00;MS;262;226;RIBAS DO RIO PARDO;Falta de Atenção à Condução;Saída de leito carroçável;Com Vítimas Feridas;Pleno dia;Crescente;Céu Claro;Simples;Reta;Não;2;0;1;0;1;0;1;1;-20,47305;-53,63405;SR-MS;UOP02;DEL07
276341;19/03/2020;quinta-feira;10:35:00;PR;376;4;APUCARANA;Desobediência às normas de trânsito pelo condutor;Colisão transversal;Com Vítimas Feridas;Pleno dia;Crescente;Céu Claro;Dupla;Reta;Sim;2;0;1;0;1;0;1;2;-23,55552;-51,44424;SR-PR;UOP03;DEL07
276345;19/03/2020;quinta-feira;10:00:00;GO;20;31,8;FORMOSA;Condutor Dormindo;Colisão frontal;Com Vítimas Feridas;Pleno dia;Decrescente;Céu Claro;Simples;Curva;Sim;3;0;3;0;0;0;3;2;-15,49048;-47,10483;SR-DF;UOP01;DEL02
276347;19/03/2020;quinta-feira;12:00:00;SC;282;214,2;PALHOCA;Defeito Mecânico no Veículo;Colisão traseira;Com Vítimas Feridas;Pleno dia;Crescente;Céu Claro;Múltipla;Não Informado;Sim;2;0;1;0;1;0;1;2;-27,64652;-48,67209;SR-SC;UOP01;DEL05
276349;07/03/2020;sábado;00:50:00;GO;158;271,1;JATAI;Falta de Atenção à Condução;Colisão transversal;Sem Vítimas;Plena Noite;Decrescente;Céu Claro;Simples;Não Informado;Sim;3;0;0;0;3;0;0;2;-17,87375;-51,73016;SR-GO;UOP01;DEL05
276350;19/03/2020;quinta-feira;12:15:00;SC;101;102,9;BALNEARIO PICARRAS;Desobediência às normas de trânsito pelo condutor;Colisão traseira;Sem Vítimas;Pleno dia;Crescente;Sol;Dupla;Curva;Sim;2;0;0;0;2;0;0;2;-26,77383;-48,68594;SR-SC;UOP02;DEL03
276351;19/03/2020;quinta-feira;11:55:00;SP;381;60,8;MAIRIPORA;Pista Escorregadia;Atropelamento de Pedestre;Com Vítimas Feridas;Pleno dia;Crescente;Nublado;Dupla;Curva;Não;2;0;0;1;1;0;1;1;-23,28958;-46,5873;SR-SP;UOP01;DEL03
276352;19/03/2020;quinta-feira;06:35:00;MA;135;18,7;SAO LUIS;Não guardar distância de segurança;Colisão frontal;Com Vítimas Feridas;Pleno dia;Decrescente;Céu Claro;Simples;Reta;Não;3;0;2;0;1;0;2;3;-2,562502;-44,34018;SR-MA;UOP01;DEL01
276353;19/03/2020;quinta-feira;01:20:00;ES;101;184;ARACRUZ;Falta de Atenção à Condução;Tombamento;Com Vítimas Feridas;Plena Noite;Crescente;Nublado;Simples;Não Informado;Não;1;0;1;0;0;0;1;1;-19,65524;-40,23356;SR-ES;UOP01;DEL04
276354;19/03/2020;quinta-feira;08:40:00;SC;470;269,2;CURITIBANOS;Defeito Mecânico no Veículo;Colisão frontal;Com Vítimas Feridas;Pleno dia;Crescente;Céu Claro;Simples;Curva;Não;2;0;1;0;1;0;1;2;-27,31399;-50,75833;SR-SC;UOP03;DEL05
276355;19/03/2020;quinta-feira;12:40:00;GO;60;59,7;ABADIANIA;Velocidade Incompatível;Capotamento;Com Vítimas Feridas;Pleno dia;Crescente;Sol;Dupla;Reta;Não;2;0;2;0;0;0;2;1;-16,1845;-48,6957;SR-GO;UOP01;DEL02
276356;19/03/2020;quinta-feira;13:00:00;DF;80;17;BRASILIA;Falta de Atenção à Condução;Tombamento;Com Vítimas Feridas;Pleno dia;Decrescente;Céu Claro;Dupla;Retorno Regulamentado;Sim;1;0;1;0;0;0;1;1;-15,68957;-48,20598;SR-DF;UOP03;DEL01
276357;16/02/2020;domingo;13:30:00;MG;116;430;ALPERCATA;Falta de Atenção à Condução;Tombamento;Com Vítimas Feridas;Pleno dia;Crescente;Céu Claro;Simples;Reta;Não;1;0;1;0;0;0;1;1;-18,99634;-41,97898;SR-MG;UOP01;DEL06
276358;13/03/2020;sexta-feira;20:30:00;SC;101;127;ITAJAI;Falta de Atenção à Condução;Colisão lateral;Com Vítimas Feridas;Plena Noite;Crescente;Céu Claro;Simples;Reta;Não;2;0;0;1;1;0;1;2;-26,96393;-48,68328;SR-SC;UOP04;DEL04
276360;19/03/2020;quinta-feira;11:00:00;BA;101;293;LAJE;Velocidade Incompatível;Colisão frontal;Com Vítimas Fatais;Pleno dia;Crescente;Chuva;Simples;Curva;Não;3;2;0;0;1;0;0;2;-13,20328;-39,32235;SR-BA;UOP02;DEL01
276361;19/03/2020;quinta-feira;10:35:00;PB;230;142,9;CAMPINA GRANDE;Mal Súbito;Queda de ocupante de veículo;Com Vítimas Feridas;Pleno dia;Crescente;Céu Claro;Dupla;Não Informado;Não;1;0;1;0;0;0;1;1;-7,2573;-35,8131;SR-PB;UOP01;DEL02
276362;19/03/2020;quinta-feira;12:30:00;MT;70;556;NOSSA SENHORA DO LIVRAMENTO;Pista Escorregadia;Capotamento;Com Vítimas Fatais;Pleno dia;Decrescente;Chuva;Simples;Curva;Não;5;2;0;0;0;3;0;1;-15,68475;-56,36216;SR-MT;UOP01;DEL01
276363;19/03/2020;quinta-feira;12:00:00;RJ;101;454;MANGARATIBA;Desobediência às normas de trânsito pelo condutor;Colisão frontal;Com Vítimas Feridas;Pleno dia;Decrescente;Céu Claro;Simples;Reta;Não;3;0;2;1;0;0;3;2;-23,03403;-44,15062;SR-RJ;UOP02;DEL03
276364;19/03/2020;quinta-feira;10:56:00;MT;364;289,8;JACIARA;Pista Escorregadia;Saída de leito carroçável;Com Vítimas Feridas;Pleno dia;Decrescente;Chuva;Dupla;Curva;Não;2;0;2;0;0;0;2;1;-15,90641;-55,08299;SR-MT;UOP02;DEL05
276365;13/03/2020;sexta-feira;13:00:00;MS;163;294,7;DOURADINA;Condutor Dormindo;Colisão com objeto estático;Sem Vítimas;Pleno dia;Decrescente;Sol;Simples;Ponte;Não;3;0;0;0;2;1;0;2;-22,02802;-54,54696;SR-MS;UOP02;DEL02
276366;19/03/2020;quinta-feira;13:20:00;PI;316;312;PICOS;Falta de Atenção à Condução;Colisão lateral;Com Vítimas Feridas;Pleno dia;Decrescente;Nublado;Simples;Reta;Sim;3;0;1;0;2;0;1;2;-7,080925;-41,45826;SR-PI;UOP01;DEL04
276367;19/03/2020;quinta-feira;13:00:00;GO;20;21;FORMOSA;Avarias e/ou desgaste excessivo no pneu;Colisão lateral;Sem Vítimas;Pleno dia;Decrescente;Chuva;Simples;Desvio Temporário;Não;2;0;0;0;2;0;0;2;-15,54841;-47,16938;SR-DF;UOP01;DEL02
276368;19/03/2020;quinta-feira;14:10:00;MG;153;194,7;FRUTAL;Defeito Mecânico no Veículo;Colisão com objeto em movimento;Com Vítimas Fatais;Pleno dia;Crescente;Sol;Simples;Desvio Temporário;Não;2;1;0;0;1;0;0;1;-19,96223;-48,98832;SR-MG;UOP02;DEL13
276369;07/03/2020;sábado;20:30:00;PR;116;17;CURITIBA;Ingestão de Substâncias Psicoativas;Colisão traseira;Sem Vítimas;Plena Noite;Crescente;Céu Claro;Dupla;Reta;Sim;3;0;0;0;3;0;0;2;-25,38896;-49,18735;SR-PR;UOP01;DEL01
276370;19/03/2020;quinta-feira;14:30:00;SE;101;2;PROPRIA;Condutor Dormindo;Saída de leito carroçável;Com Vítimas Feridas;Pleno dia;Crescente;Chuva;Simples;Reta;Não;1;0;1;0;0;0;1;1;-10,22261;-36,8305;SR-SE;UOP02;DEL02
276371;19/03/2020;quinta-feira;06:55:00;GO;364;114,7;APARECIDA DO RIO DOCE;Falta de Atenção do Pedestre;Atropelamento de Pedestre;Com Vítimas Feridas;Pleno dia;Decrescente;Céu Claro;Simples;Reta;Não;2;0;1;1;0;0;2;1;-18,29357;-51,15215;SR-GO;UOP01;DEL05
276372;19/03/2020;quinta-feira;14:30:00;PE;101;70,2;RECIFE;Falta de Atenção do Pedestre;Atropelamento de Pedestre;Com Vítimas Feridas;Pleno dia;Decrescente;Céu Claro;Dupla;Reta;Sim;2;0;2;0;0;0;2;1;-8,067761;-34,94265;SR-PE;UOP01;DEL01
276373;19/03/2020;quinta-feira;15:44:00;PA;222;243;MARABA;Ultrapassagem Indevida;Tombamento;Com Vítimas Fatais;Pleno dia;Decrescente;Céu Claro;Simples;Ponte;Sim;2;1;0;0;1;0;0;2;-5,321047;-49,08245;SR-PA;UOP01;DEL03
276374;19/03/2020;quinta-feira;14:00:00;SP;116;512,3;CAJATI;Velocidade Incompatível;Tombamento;Com Vítimas Feridas;Pleno dia;Decrescente;Céu Claro;Simples;Curva;Não;1;0;1;0;0;0;1;1;-24,84304;-48,22028;SR-SP;UOP02;DEL05
276375;19/03/2020;quinta-feira;15:20:00;CE;20;337,7;CARIDADE;Pista Escorregadia;Capotamento;Com Vítimas Feridas;Pleno dia;Decrescente;Chuva;Simples;Curva;Não;1;0;1;0;0;0;1;1;-4,155648;-39,13798;SR-CE;UOP01;DEL02
276376;19/03/2020;quinta-feira;13:30:00;PA;230;572;VITORIA DO XINGU;Velocidade Incompatível;Saída de leito carroçável;Sem Vítimas;Pleno dia;Decrescente;Chuva;Simples;Curva;Não;1;0;0;0;1;0;0;1;-3,135454;-51,7127;SR-PA;UOP01;DEL04
276377;17/03/2020;terça-feira;18:50:00;PA;10;346;SANTA MARIA DO PARA;Falta de Atenção do Pedestre;Atropelamento de Pedestre;Com Vítimas Feridas;Plena Noite;Decrescente;Nublado;Simples;Reta;Sim;2;0;0;1;0;1;1;1;-1,416206;-47,55292;SR-PA;UOP02;DEL01
276378;19/03/2020;quinta-feira;15:30:00;GO;60;122;GOIANAPOLIS;Condutor Dormindo;Saída de leito carroçável;Com Vítimas Feridas;Pleno dia;Decrescente;Céu Claro;Dupla;Reta;Não;1;0;1;0;0;0;1;1;-16,5112;-49,1185;SR-GO;UOP01;DEL01