id;data_inversa;dia_semana;horario;uf;br;km;municipio;causa_acidente;tipo_acidente;classificacao_acidente;fase_dia;sentido_via;condicao_metereologica;tipo_pista;tracado_via;uso_solo;pessoas;mortos;feridos_leves;feridos_graves;ilesos;ignorados;feridos;veiculos;latitude;longitude;regional;delegacia;uop
276473;20/03/2020;sexta-feira;04:10:00;SC;470;63,8;INDAIAL;Avarias e/ou desgaste excessivo no pneu;Saída de leito carroçável;Com Vítimas Feridas;Plena Noite;Decrescente;Céu Claro;Simples;Não Informado;Sim;1;0;1;0;0;0;1;1;-26,8724;-49,19228;SR-SC;UOP01;DEL04
276474;20/03/2020;sexta-feira;04:40:00;SP;381;86;SAO PAULO;Falta de Atenção à Condução;Colisão traseira;Com Vítimas Feridas;Amanhecer;Crescente;Chuva;Dupla;Reta;Sim;1;0;0;1;0;0;1;1;-23,4593;-46,57161;SR-SP;UOP01;DEL03
276475;20/03/2020;sexta-feira;02:40:00;MT;364;285,4;JACIARA;Falta de Atenção à Condução;Saída de leito carroçável;Com Vítimas Feridas;Plena Noite;Decrescente;Nublado;Dupla;Curva;Não;1;0;0;1;0;0;1;1;-15,90625;-55,04865;SR-MT;UOP02;DEL05
276476;20/03/2020;sexta-feira;04:40:00;RS;101;16,7;OSORIO;Condutor Dormindo;Saída de leito carroçável;Com Vítimas Fatais;Plena Noite;Decrescente;Céu Claro;Simples;Curva;Não;4;1;0;0;0;3;0;2;-29,76603;-50,19866;SR-RS;UOP01;DEL03
276477;20/03/2020;sexta-feira;05:00:00;GO;158;3;ARAGARCAS;Ingestão de Álcool;Colisão traseira;Com Vítimas Feridas;Plena Noite;Crescente;Céu Claro;Simples;Reta;Sim;4;0;2;0;2;0;2;2;-15,8978;-52,22634;SR-GO;UOP01;DEL04
276478;20/03/2020;sexta-feira;04:20:00;MT;70;7;BARRA DO GARCAS;Falta de Atenção à Condução;Tombamento;Com Vítimas Feridas;Plena Noite;Crescente;Céu Claro;Simples;Rotatória;Sim;1;0;1;0;0;0;1;1;-15,87814;-52,31679;SR-MT;UOP01;DEL07
276479;20/03/2020;sexta-feira;05:50:00;RJ;101;78;CAMPOS DOS GOYTACAZES;Falta de Atenção à Condução;Colisão com objeto estático;Sem Vítimas;Amanhecer;Decrescente;Céu Claro;Simples;Reta;Não;1;0;0;0;1;0;0;1;-21,83526;-41,41878;SR-RJ;UOP02;DEL08
276480;20/03/2020;sexta-feira;05:55:00;DF;40;6,2;BRASILIA;Não guardar distância de segurança;Colisão traseira;Com Vítimas Fatais;Amanhecer;Decrescente;Céu Claro;Dupla;Reta;Não;2;1;0;0;0;1;0;2;-16,02974;-47,97887;SR-DF;UOP01;DEL01
276481;20/03/2020;sexta-feira;05:20:00;PR;376;59,6;GUAIRACA;Velocidade Incompatível;Colisão com objeto estático;Com Vítimas Feridas;Plena Noite;Decrescente;Céu Claro;Simples;Curva;Não;1;0;1;0;0;0;1;1;-22,92968;-52,85314;SR-PR;UOP02;DEL09
276482;19/03/2020;quinta-feira;18:50:00;MG;381;485;BETIM;Falta de Atenção à Condução;Tombamento;Com Vítimas Feridas;Plena Noite;Decrescente;Céu Claro;Dupla;Reta;Sim;1;0;0;1;0;0;1;1;-19,95659;-44,12623;SR-MG;UOP03;DEL01
276483;09/03/2020;segunda-feira;01:40:00;GO;80;135;BARRO ALTO;Defeito Mecânico no Veículo;Saída de leito carroçável;Com Vítimas Feridas;Plena Noite;Decrescente;Céu Claro;Simples;Curva;Não;1;0;1;0;0;0;1;1;-14,88188;-48,98762;SR-GO;UOP01;DEL07
276484;20/03/2020;sexta-feira;05:45:00;RS;392;59,2;RIO GRANDE;Defeito Mecânico no Veículo;Colisão com objeto estático;Com Vítimas Feridas;Amanhecer;Decrescente;Nublado;Dupla;Ponte;Não;2;0;1;0;1;0;1;1;-31,79657;-52,33967;SR-RS;UOP02;DEL07
276486;20/03/2020;sexta-feira;06:30:00;PR;373;262,1;PRUDENTOPOLIS;Ingestão de Álcool;Saída de leito carroçável;Com Vítimas Feridas;Amanhecer;Decrescente;Céu Claro;Simples;Curva;Sim;1;0;1;0;0;0;1;1;-25,20295;-50,9464;SR-PR;UOP01;DEL03
276487;20/03/2020;sexta-feira;05:00:00;MG;365;597;UBERLANDIA;Restrição de Visibilidade;Colisão frontal;Com Vítimas Feridas;Plena Noite;Decrescente;Chuva;Simples;Curva;Não;2;0;1;0;1;0;1;2;-18,88345;-48,10396;SR-MG;UOP01;DEL15
276488;20/03/2020;sexta-feira;06:50:00;BA;116;832;VITORIA DA CONQUISTA;Desobediência às normas de trânsito pelo condutor;Colisão transversal;Com Vítimas Feridas;Pleno dia;Decrescente;Nublado;Simples;Reta;Não;2;0;1;0;1;0;1;2;-14,85593;-40,84931;SR-BA;UOP01;DEL08
276489;20/03/2020;sexta-feira;07:30:00;PA;230;115;MARABA;Falta de Atenção à Condução;Colisão lateral;Com Vítimas Feridas;Pleno dia;Crescente;Céu Claro;Múltipla;Reta;Sim;2;0;1;0;1;0;1;2;-5,35742;-49,08692;SR-PA;UOP01;DEL03
276491;20/03/2020;sexta-feira;07:00:00;RJ;116;164;RIO DE JANEIRO;Não guardar distância de segurança;Colisão lateral;Com Vítimas Feridas;Pleno dia;Decrescente;Céu Claro;Múltipla;Reta;Sim;3;0;2;0;1;0;2;2;-22,81449;-43,32786;SR-RJ;UOP02;DEL01
276492;19/03/2020;quinta-feira;18:00:00;ES;101;149;LINHARES;Desobediência às normas de trânsito pelo pedestre;Colisão transversal;Com Vítimas Feridas;Anoitecer;Crescente;Céu Claro;Simples;Reta;Sim;2;0;1;0;0;1;1;2;-19,39619;-40,06436;SR-ES;UOP01;DEL04
276493;20/03/2020;sexta-feira;07:30:00;PR;277;80;CURITIBA;Falta de Atenção à Condução;Colisão traseira;Com Vítimas Feridas;Pleno dia;Crescente;Céu Claro;Dupla;Reta;Sim;2;0;1;0;1;0;1;2;-25,56894;-49,18198;SR-PR;UOP04;DEL01
276494;17/02/2020;segunda-feira;07:50:00;PR;277;74,4;SAO JOSE DOS PINHAIS;Falta de Atenção à Condução;Colisão lateral;Com Vítimas Feridas;Pleno dia;Crescente;Nublado;Dupla;Não Informado;Sim;3;0;1;0;2;0;1;3;-25,49736;-49,16039;SR-PR;UOP01;DEL01
276495;20/03/2020;sexta-feira;07:30:00;SC;101;124;ITAJAI;Falta de Atenção à Condução;Queda de ocupante de veículo;Com Vítimas Feridas;Amanhecer;Crescente;Céu Claro;Dupla;Reta;Sim;1;0;1;0;0;0;1;1;-26,94335;-48,69199;SR-SC;UOP04;DEL04
276496;20/03/2020;sexta-feira;06:30:00;SC;101;46,5;JOINVILLE;Carga excessiva e/ou mal acondicionada;Derramamento de carga;Com Vítimas Feridas;Pleno dia;Crescente;Nublado;Dupla;Reta;Sim;4;0;1;0;3;0;1;3;-26,3315;-48,86188;SR-SC;UOP01;DEL03
276497;20/03/2020;sexta-feira;05:10:00;AM;230;620;HUMAITA;Animais na Pista;Atropelamento de Animal;Com Vítimas Feridas;Amanhecer;Crescente;Nublado;Simples;Reta;Não;2;0;0;2;0;0;2;1;-7,572841;-63,11646;SR-RO;UOP03;DEL01
276498;20/03/2020;sexta-feira;07:45:00;SP;116;67,2;GUARATINGUETA;Ingestão de Álcool;Saída de leito carroçável;Com Vítimas Feridas;Pleno dia;Crescente;Céu Claro;Dupla;Rotatória;Não;1;0;1;0;0;0;1;1;-22,82868;-45,20889;SR-SP;UOP02;DEL08
276499;20/03/2020;sexta-feira;08:15:00;GO;60;185;GUAPO;Pista Escorregadia;Capotamento;Com Vítimas Feridas;Pleno dia;Crescente;Chuva;Dupla;Reta;Não;1;0;1;0;0;0;1;1;-16,7956;-49,51;SR-GO;UOP02;DEL01
276500;20/03/2020;sexta-feira;08:10:00;SP;116;218,7;GUARULHOS;Falta de Atenção à Condução;Colisão traseira;Com Vítimas Feridas;Pleno dia;Decrescente;Nublado;Múltipla;Não Informado;Sim;2;0;1;0;1;0;1;2;-23,45797;-46,47993;SR-SP;UOP01;DEL01
276501;20/03/2020;sexta-feira;04:00:00;ES;101;2,8;ICONHA;Falta de Atenção à Condução;Colisão transversal;Com Vítimas Fatais;Plena Noite;Crescente;Céu Claro;Dupla;Reta;Não;2;1;0;0;0;1;0;2;-20,80622;-40,79585;SR-ES;UOP01;DEL03
276502;20/03/2020;sexta-feira;06:45:00;SP;116;330;JUQUITIBA;Não guardar distância de segurança;Colisão traseira;Com Vítimas Feridas;Pleno dia;Crescente;Nublado;Dupla;Não Informado;Não;3;0;2;0;1;0;2;2;-23,94429;-47,09669;SR-SP;UOP01;DEL04
276503;20/03/2020;sexta-feira;06:50:00;RO;364;237;CACOAL;Desobediência às normas de trânsito pelo condutor;Colisão traseira;Com Vítimas Feridas;Pleno dia;Decrescente;Nublado;Simples;Não Informado;Sim;2;0;0;1;1;0;1;2;-11,44362;-61,44673;SR-RO;UOP02;DEL02
276504;20/03/2020;sexta-feira;07:45:00;RJ;393;138,1;SAPUCAIA;Velocidade Incompatível;Tombamento;Com Vítimas Feridas;Pleno dia;Decrescente;Céu Claro;Simples;Curva;Não;1;0;1;0;0;0;1;1;-22,01768;-42,96023;SR-RJ;UOP02;DEL06
276505;20/03/2020;sexta-feira;07:50:00;RJ;116;183,4;NOVA IGUACU;Animais na Pista;Colisão traseira;Sem Vítimas;Pleno dia;Crescente;Céu Claro;Múltipla;Reta;Sim;2;0;0;0;1;1;0;2;-22,7516;-43,4385;SR-RJ;UOP02;DEL01
276506;28/01/2020;terça-feira;10:20:00;PR;277;8,5;PARANAGUA;Mal Súbito;Saída de leito carroçável;Com Vítimas Feridas;Pleno dia;Decrescente;Nublado;Dupla;Reta;Não;1;0;1;0;0;0;1;1;-25,5682;-48,61529;SR-PR;DEL7/1;UOP07/PR
276507;20/03/2020;sexta-feira;05:40:00;MT;70;691,5;CACERES;Objeto estático sobre o leito carroçável;Colisão com objeto estático;Com Vítimas Feridas;Amanhecer;Decrescente;Garoa/Chuvisco;Simples;Reta;Não;2;0;1;1;0;0;2;1;-16,18933;-57,37535;SR-MT;UOP01;DEL03
276508;14/03/2020;sábado;18:35:00;PA;222;245;MARABA;Desobediência às normas de trânsito pelo condutor;Colisão traseira;Com Vítimas Feridas;Anoitecer;Decrescente;Céu Claro;Dupla;Interseção de vias;Sim;3;0;1;0;0;2;1;3;-5,355886;-49,07942;SR-PA;UOP01;DEL03
276509;20/03/2020;sexta-feira;08:20:00;RJ;116;188,2;QUEIMADOS;Defeito Mecânico no Veículo;Queda de ocupante de veículo;Com Vítimas Feridas;Pleno dia;Crescente;Céu Claro;Dupla;Reta;Não;2;0;2;0;0;0;2;1;-22,73727;-43,53729;SR-RJ;UOP02;DEL01
276510;20/03/2020;sexta-feira;04:30:00;PI;407;424,2;PICOS;Animais na Pista;Atropelamento de Animal;Com Vítimas Feridas;Plena Noite;Crescente;Ignorado;Simples;Reta;Sim;1;0;1;0;0;0;1;1;-7,086907;-41,4282;SR-PI;UOP01;DEL04
276512;20/03/2020;sexta-feira;08:30:00;GO;60;34,4;GUAPO;Falta de Atenção à Condução;Colisão traseira;Com Vítimas Feridas;Pleno dia;Decrescente;Chuva;Dupla;Reta;Sim;5;0;1;0;4;0;1;2;-16,8323;-49,5382;SR-GO;UOP02;DEL01
276513;20/03/2020;sexta-feira;09:20:00;SP;116;22,2;LAVRINHAS;Carga excessiva e/ou mal acondicionada;Derramamento de carga;Sem Vítimas;Pleno dia;Crescente;Céu Claro;Dupla;Curva;Não;1;0;0;0;1;0;0;1;-22,58369;-44,87773;SR-SP;UOP01;DEL08
276514;20/03/2020;sexta-feira;09:10:00;MT;364;459;VARZEA GRANDE;Falta de Atenção à Condução;Saída de leito carroçável;Com Vítimas Feridas;Pleno dia;Decrescente;Chuva;Dupla;Reta;Não;1;0;1;0;0;0;1;1;-15,53594;-56,27612;SR-MT;DEL2/4;UOP02/MT
276515;20/03/2020;sexta-feira;08:15:00;MG;40;502;ESMERALDAS;Avarias e/ou desgaste excessivo no pneu;Saída de leito carroçável;Sem Vítimas;Pleno dia;Decrescente;Céu Claro;Dupla;Curva;Não;1;0;0;0;0;1;0;1;-19,714;-44,16093;SR-MG;UOP01;DEL02
276516;20/03/2020;sexta-feira;06:20:00;MG;262;490,9;MOEMA;Condutor Dormindo;Colisão lateral;Com Vítimas Feridas;Pleno dia;Decrescente;Chuva;Simples;Reta;Não;2;0;1;0;1;0;1;2;-19,78274;-45,34197;SR-MG;UOP03;DEL08
276518;20/03/2020;sexta-feira;09:30:00;MG;40;408,6;CURVELO;Velocidade Incompatível;Capotamento;Com Vítimas Feridas;Pleno dia;Crescente;Céu Claro;Dupla;Reta;Não;1;0;0;1;0;0;1;1;-19,10122;-44,65199;SR-MG;UOP01;DEL02
276519;20/03/2020;sexta-feira;08:30:00;RJ;116;286;BARRA MANSA;Falta de Atenção à Condução;Colisão traseira;Sem Vítimas;Pleno dia;Decrescente;Céu Claro;Múltipla;Curva;Não;2;0;0;0;2;0;0;2;-22,49846;-44,23342;SR-RJ;UOP02;DEL07
276520;08/03/2020;domingo;18:52:00;PE;232;56;POMBOS;Falta de Atenção do Pedestre;Atropelamento de Pedestre;Com Vítimas Fatais;Plena Noite;Decrescente;Céu Claro;Dupla;Reta;Não;3;1;2;0;0;0;2;1;-8,137627;-35,37336;SR-PE;UOP04;DEL01
276521;20/03/2020;sexta-feira;10:10:00;SE;235;54;ITABAIANA;Falta de Atenção à Condução;Colisão traseira;Com Vítimas Feridas;Pleno dia;Decrescente;Sol;Simples;Reta;Sim;2;0;1;0;1;0;1;2;-10,67605;-37,44328;SR-SE;UOP02;DEL01
276522;20/03/2020;sexta-feira;09:00:00;RN;304;171,8;ANGICOS;Falta de Atenção à Condução;Colisão traseira;Com Vítimas Feridas;Pleno dia;Decrescente;Céu Claro;Simples;Reta;Não;4;0;1;1;2;0;2;4;-5,687111;-36,41946;SR-RN;UOP03;DEL01
276523;20/03/2020;sexta-feira;11:00:00;MG;40;786,7;JUIZ DE FORA;Velocidade Incompatível;Saída de leito carroçável;Com Vítimas Feridas;Pleno dia;Decrescente;Céu Claro;Dupla;Curva;Não;1;0;1;0;0;0;1;1;-21,72734;-43,43853;SR-MG;UOP01;DEL05
276524;20/03/2020;sexta-feira;11:05:00;RS;116;222;DOIS IRMAOS;Falta de Atenção à Condução;Colisão transversal;Com Vítimas Feridas;Pleno dia;Crescente;Sol;Simples;Reta;Sim;2;0;1;0;1;0;1;2;-29,58135;-51,0958;SR-RS;UOP02;DEL01
276525;20/03/2020;sexta-feira;09:35:00;MT;364;209,2;RONDONOPOLIS;Velocidade Incompatível;Tombamento;Com Vítimas Feridas;Pleno dia;Decrescente;Nublado;Dupla;Não Informado;Não;1;0;1;0;0;0;1;1;-16,42895;-54,69338;SR-MT;UOP01;DEL02
276526;20/03/2020;sexta-feira;08:30:00;MT;70;606;POCONE;Fenômenos da Natureza;Saída de leito carroçável;Com Vítimas Feridas;Pleno dia;Crescente;Chuva;Simples;Curva;Não;2;0;1;0;1;0;1;1;-15,83981;-56,7792;SR-MT;UOP02;DEL03
276527;20/03/2020;sexta-feira;11:00:00;MG;40;487;CAPIM BRANCO;Desobediência às normas de trânsito pelo condutor;Colisão traseira;Com Vítimas Feridas;Pleno dia;Decrescente;Céu Claro;Simples;Reta;Não;3;0;2;0;1;0;2;2;-19,59896;-44,22304;SR-MG;UOP01;DEL02
276528;20/03/2020;sexta-feira;11:32:00;PB;230;21,5;JOAO PESSOA;Velocidade Incompatível;Colisão traseira;Com Vítimas Feridas;Pleno dia;Decrescente;Céu Claro;Dupla;Não Informado;Sim;2;0;1;0;1;0;1;2;-7,1415;-34,8519;SR-PB;UOP01;DEL01
276530;20/03/2020;sexta-feira;11:22:00;PE;101;66;RECIFE;Falta de Atenção do Pedestre;Atropelamento de Pedestre;Com Vítimas Feridas;Pleno dia;Crescente;Céu Claro;Dupla;Reta;Sim;2;0;0;1;0;1;1;1;-8,037363;-34,94165;SR-PE;UOP01;DEL01
276531;20/03/2020;sexta-feira;11:25:00;RS;290;42,6;GLORINHA;Falta de Atenção à Condução;Colisão lateral;Com Vítimas Feridas;Pleno dia;Crescente;Céu Claro;Dupla;Reta;Não;2;0;1;0;1;0;1;2;-29,88918;-50,68191;SR-RS;UOP01;DEL03
276532;20/03/2020;sexta-feira;11:10:00;BA;101;271,7;SANTO ANTONIO DE JESUS;Pista Escorregadia;Colisão frontal;Com Vítimas Fatais;Pleno dia;Crescente;Chuva;Simples;Reta;Não;2;2;0;0;0;0;0;2;-13,03879;-39,28701;SR-BA;UOP02;DEL01
276533;07/03/2020;sábado;16:00:00;AM;174;977;PRESIDENTE FIGUEIREDO;Desobediência às normas de trânsito pelo condutor;Saída de leito carroçável;Com Vítimas Feridas;Pleno dia;Decrescente;Céu Claro;Simples;Não Informado;Não;3;0;2;0;1;0;2;2;-2,16385;-60,00585;SR-AM;UOP02;DEL01
276534;20/03/2020;sexta-feira;11:55:00;RS;285;567;SAO LUIZ GONZAGA;Desobediência às normas de trânsito pelo condutor;Colisão lateral;Sem Vítimas;Pleno dia;Crescente;Sol;Simples;Reta;Sim;2;0;0;0;2;0;0;2;-28,41745;-54,96687;SR-RS;UOP01;DEL12
276535;20/03/2020;sexta-feira;11:35:00;PE;101;174;JOAQUIM NABUCO;Defeito Mecânico no Veículo;Queda de ocupante de veículo;Com Vítimas Feridas;Pleno dia;Crescente;Céu Claro;Múltipla;Curva;Não;2;0;2;0;0;0;2;1;-8,597693;-35,52838;SR-PE;UOP03;DEL01
276537;20/03/2020;sexta-feira;12:20:00;MG;381;834,4;SAO SEBASTIAO DA BELA VISTA;Defeito Mecânico no Veículo;Tombamento;Com Vítimas Feridas;Pleno dia;Crescente;Céu Claro;Dupla;Reta;Não;2;0;2;0;0;0;2;1;-22,16462;-45,83245;SR-MG;UOP01;DEL16
276538;20/03/2020;sexta-feira;12:20:00;GO;153;699,2;ITUMBIARA;Falta de Atenção à Condução;Colisão lateral;Com Vítimas Feridas;Pleno dia;Crescente;Céu Claro;Simples;Não Informado;Sim;2;0;1;0;1;0;1;2;-18,3862;-49,2076;SR-GO;UOP02;DEL03
276539;20/03/2020;sexta-feira;12:45:00;MG;381;632,2;OLIVEIRA;Falta de Atenção à Condução;Capotamento;Com Vítimas Fatais;Pleno dia;Crescente;Chuva;Dupla;Não Informado;Não;2;1;1;0;0;0;1;1;-20,86148;-44,84048;SR-MG;UOP01;DEL04
276541;20/03/2020;sexta-feira;13:10:00;PR;376;9,5;MANDAGUARI;Falta de Atenção à Condução;Saída de leito carroçável;Com Vítimas Feridas;Pleno dia;Crescente;Céu Claro;Dupla;Não Informado;Não;1;0;1;0;0;0;1;1;-23,55895;-51,66492;SR-PR;UOP01;DEL09
276542;20/03/2020;sexta-feira;12:31:00;ES;101;172;LINHARES;Não guardar distância de segurança;Colisão traseira;Com Vítimas Feridas;Pleno dia;Decrescente;Céu Claro;Dupla;Reta;Não;3;0;1;0;2;0;1;2;-19,55735;-40,17329;SR-ES;UOP01;DEL04
276543;20/03/2020;sexta-feira;13:05:00;BA;116;468,8;SANTO ESTEVAO;Falta de Atenção à Condução;Colisão lateral;Com Vítimas Feridas;Pleno dia;Crescente;Nublado;Dupla;Reta;Não;5;0;4;0;1;0;4;2;-12,47726;-39,30451;SR-BA;UOP01;DEL02
276544;20/03/2020;sexta-feira;12:25:00;BA;101;327,1;PRESIDENTE TANCREDO NEVES;Falta de Atenção à Condução;Colisão transversal;Com Vítimas Feridas;Pleno dia;Crescente;Céu Claro;Simples;Interseção de vias;Sim;2;0;1;0;1;0;1;2;-13,5669;-39,47314;SR-BA;UOP03;DEL05
276545;20/03/2020;sexta-feira;13:45:00;SC;101;202;SAO JOSE;Falta de Atenção à Condução;Colisão traseira;Com Vítimas Feridas;Pleno dia;Decrescente;Sol;Múltipla;Reta;Sim;3;0;1;0;2;0;1;2;-27,55712;-48,61898;SR-SC;UOP01;DEL01
276546;20/03/2020;sexta-feira;13:20:00;MG;153;10,9;ARAPORA;Velocidade Incompatível;Saída de leito carroçável;Com Vítimas Feridas;Pleno dia;Decrescente;Chuva;Dupla;Curva;Não;1;0;1;0;0;0;1;1;-18,51209;-49,1891;SR-MG;UOP03;DEL15
276547;19/03/2020;quinta-feira;23:00:00;MG;116;325,5;CAMPANARIO;Velocidade Incompatível;Saída de leito carroçável;Com Vítimas Feridas;Plena Noite;Crescente;Céu Claro;Simples;Reta;Não;1;0;0;1;0;0;1;1;-18,19771;-41,71549;SR-MG;UOP01;DEL11
276548;20/03/2020;sexta-feira;12:50:00;BA;116;468,5;SANTO ESTEVAO;Pista Escorregadia;Saída de leito carroçável;Com Vítimas Feridas;Pleno dia;Crescente;Chuva;Dupla;Reta;Não;1;0;1;0;0;0;1;1;-12,47641;-39,30283;SR-BA;UOP01;DEL02
276549;20/03/2020;sexta-feira;14:30:00;SC;116;4,5;MAFRA;Velocidade Incompatível;Tombamento;Com Vítimas Feridas;Pleno dia;Crescente;Céu Claro;Simples;Rotatória;Sim;1;0;1;0;0;0;1;1;-26,13555;-49,80727;SR-SC;UOP01;DEL06
276550;20/03/2020;sexta-feira;14:50:00;RS;153;49,9;ERECHIM;Falta de Atenção do Pedestre;Atropelamento de Pedestre;Com Vítimas Feridas;Pleno dia;Decrescente;Céu Claro;Simples;Reta;Sim;2;0;0;1;1;0;1;1;-27,65514;-52,2658;SR-RS;UOP04;DEL08
276551;20/03/2020;sexta-feira;14:50:00;MG;153;212,3;FRUTAL;Condutor Dormindo;Saída de leito carroçável;Com Vítimas Feridas;Pleno dia;Crescente;Chuva;Simples;Reta;Não;2;0;1;1;0;0;2;1;-20,04345;-49,05051;SR-MG;UOP02;DEL13
276552;20/03/2020;sexta-feira;06:14:00;SE;101;87,1;NOSSA SENHORA DO SOCORRO;Desobediência às normas de trânsito pelo condutor;Colisão lateral;Sem Vítimas;Pleno dia;Crescente;Nublado;Dupla;Reta;Não;2;0;0;0;2;0;0;2;-10,86495;-37,13496;SR-SE;UOP01;DEL01
276553;20/03/2020;sexta-feira;14:30:00;MG;381;512;IGARAPE;Avarias e/ou desgaste excessivo no pneu;Tombamento;Com Vítimas Feridas;Pleno dia;Crescente;Chuva;Dupla;Reta;Sim;1;0;1;0;0;0;1;1;-20,0924;-44,31458;SR-MG;UOP03;DEL01
276554;20/03/2020;sexta-feira;13:55:00;RO;364;235,7;CACOAL;Desobediência às normas de trânsito pelo condutor;Colisão transversal;Com Vítimas Feridas;Pleno dia;Crescente;Garoa/Chuvisco;Simples;Interseção de vias;Sim;2;0;1;0;1;0;1;2;-11,44614;-61,43613;SR-RO;UOP02;DEL02
276555;20/03/2020;sexta-feira;15:05:00;PB;230;4;CABEDELO;Desobediência às normas de trânsito pelo condutor;Colisão transversal;Com Vítimas Feridas;Pleno dia;Crescente;Sol;Simples;Não Informado;Sim;2;0;1;0;1;0;1;2;-7,005573;-34,82956;SR-PB;UOP01;DEL01
276556;20/03/2020;sexta-feira;14:20:00;AL;104;88;RIO LARGO;Condutor Dormindo;Colisão com objeto estático;Com Vítimas Feridas;Pleno dia;Crescente;Céu Claro;Dupla;Reta;Não;2;0;0;2;0;0;2;1;-9,483752;-35,81816;SR-AL;UOP01;DEL01
276557;20/03/2020;sexta-feira;15:00:00;PA;222;245;MARABA;Ultrapassagem Indevida;Colisão transversal;Com Vítimas Feridas;Pleno dia;Decrescente;Céu Claro;Simples;Reta;Sim;3;0;1;0;2;0;1;2;-5,355886;-49,07942;SR-PA;UOP01;DEL03
276558;20/03/2020;sexta-feira;14:40:00;PR;373;174;PONTA GROSSA;Falta de Atenção à Condução;Colisão traseira;Com Vítimas Feridas;Pleno dia;Crescente;Céu Claro;Dupla;Reta;Sim;2;0;1;0;0;1;1;2;-25,07595;-50,20996;SR-PR;UOP01;DEL03
276559;14/03/2020;sábado;19:40:00;MS;163;663;RIO VERDE DE MATO GROSSO;Objeto estático sobre o leito carroçável;Tombamento;Com Vítimas Feridas;Plena Noite;Crescente;Céu Claro;Simples;Reta;Não;1;0;0;1;0;0;1;1;-19,059;-54,79849;SR-MS;UOP02;DEL06
276560;20/03/2020;sexta-feira;11:05:00;RO;364;305,6;PRESIDENTE MEDICI;Não guardar distância de segurança;Colisão traseira;Com Vítimas Feridas;Pleno dia;Decrescente;Céu Claro;Simples;Reta;Não;2;0;1;0;1;0;1;2;-11,19949;-61,9015;SR-RO;UOP01;DEL02
276561;20/03/2020;sexta-feira;15:05:00;PA;163;1001;SANTAREM;Desobediência às normas de trânsito pelo condutor;Queda de ocupante de veículo;Com Vítimas Feridas;Pleno dia;Crescente;Nublado;Simples;Interseção de vias;Sim;2;0;1;0;1;0;1;2;-2,455722;-54,72852;SR-PA;UOP01;DEL05
276562;20/03/2020;sexta-feira;14:45:00;PR;116;44;CAMPINA GRANDE DO SUL;Falta de Atenção à Condução;Saída de leito carroçável;Com Vítimas Feridas;Pleno dia;Crescente;Garoa/Chuvisco;Dupla;Curva;Não;1;0;1;0;0;0;1;1;-25,18823;-48,88493;SR-PR;UOP02;DEL01
276563;20/03/2020;sexta-feira;15:30:00;PB;101;86;JOAO PESSOA;Falta de Atenção à Condução;Colisão lateral;Com Vítimas Feridas;Pleno dia;Crescente;Céu Claro;Dupla;Reta;Sim;2;0;1;0;1;0;1;2;-7,15119;-34,91012;SR-PB;UOP01;DEL01
276564;20/03/2020;sexta-feira;14:45:00;RN;304;297,5;MACAIBA;Não guardar distância de segurança;Colisão traseira;Sem Vítimas;Pleno dia;Crescente;Sol;Dupla;Rotatória;Sim;2;0;0;0;2;0;0;2;-5,865341;-35,34069;SR-RN;UOP02;DEL01
276565;20/03/2020;sexta-feira;14:30:00;SC;470;91,5;ASCURRA;Desobediência às normas de trânsito pelo condutor;Colisão lateral;Com Vítimas Feridas;Pleno dia;Crescente;Céu Claro;Simples;Curva;Não;2;0;1;0;1;0;1;2;-26,97769;-49,3692;SR-SC;UOP01;DEL04
276566;20/03/2020;sexta-feira;14:45:00;SP;116;269,1;TABOAO DA SERRA;Não guardar distância de segurança;Colisão lateral;Com Vítimas Feridas;Pleno dia;Decrescente;Sol;Dupla;Não Informado;Sim;2;0;1;0;1;0;1;2;-23,60879;-46,75486;SR-SP;UOP01;DEL04
276567;20/03/2020;sexta-feira;15:00:00;SP;116;564;BARRA DO TURVO;Velocidade Incompatível;Capotamento;Com Vítimas Feridas;Pleno dia;Crescente;Chuva;Dupla;Curva;Não;4;0;1;0;3;0;1;1;-25,03459;-48,53544;SR-SP;UOP02;DEL05
276569;20/03/2020;sexta-feira;15:15:00;SP;116;56,2;LORENA;Não guardar distância de segurança;Colisão traseira;Com Vítimas Fatais;Pleno dia;Crescente;Chuva;Dupla;Reta;Não;7;1;1;1;4;0;2;2;-22,76975;-45,13175;SR-SP;UOP02;DEL08
276570;20/03/2020;sexta-feira;14:30:00;MG;381;882;ESTIVA;Desobediência às normas de trânsito pelo condutor;Colisão lateral;Com Vítimas Feridas;Pleno dia;Crescente;Chuva;Dupla;Reta;Não;4;0;2;0;2;0;2;3;-22,47499;-46,01067;SR-MG;UOP01;DEL16
276571;20/03/2020;sexta-feira;15:50:00;PI;343;3,4;PARNAIBA;Desobediência às normas de trânsito pelo condutor;Colisão lateral;Com Vítimas Feridas;Pleno dia;Crescente;Céu Claro;Simples;Reta;Não;2;0;1;0;1;0;1;2;-2,90124;-41,68093;SR-PI;UOP01;DEL05
276572;20/03/2020;sexta-feira;15:00:00;SP;116;230,7;SAO PAULO;Não guardar distância de segurança;Queda de ocupante de veículo;Com Vítimas Feridas;Pleno dia;Crescente;Nublado;Múltipla;Reta;Sim;1;0;1;0;0;0;1;1;-23,52186;-46,58524;SR-SP;UOP01;DEL01