id;data_inversa;dia_semana;horario;uf;br;km;municipio;causa_acidente;tipo_acidente;classificacao_acidente;fase_dia;sentido_via;condicao_metereologica;tipo_pista;tracado_via;uso_solo;pessoas;mortos;feridos_leves;feridos_graves;ilesos;ignorados;feridos;veiculos;latitude;longitude;regional;delegacia;uop
276677;21/03/2020;sábado;06:30:00;SP;116;270;TABOAO DA SERRA;Desobediência às normas de trânsito pelo pedestre;Danos eventuais;Com Vítimas Feridas;Amanhecer;Decrescente;Garoa/Chuvisco;Múltipla;Reta;Sim;2;0;1;0;1;0;1;1;-23,618;-46,79678;SR-SP;UOP01;DEL04
276678;21/03/2020;sábado;07:20:00;MG;381;720,9;CARMO DA CACHOEIRA;Falta de Atenção à Condução;Tombamento;Com Vítimas Feridas;Pleno dia;Decrescente;Céu Claro;Dupla;Curva;Não;1;0;1;0;0;0;1;1;-21,43258;-45,21076;SR-MG;UOP02;DEL04
276679;21/03/2020;sábado;07:50:00;RS;386;333,9;MARQUES DE SOUZA;Condutor Dormindo;Saída de leito carroçável;Sem Vítimas;Pleno dia;Crescente;Céu Claro;Simples;Curva;Não;1;0;0;0;1;0;0;1;-29,37128;-52,062;SR-RS;UOP01;DEL04
276680;21/03/2020;sábado;06:40:00;ES;262;44;DOMINGOS MARTINS;Defeito Mecânico no Veículo;Capotamento;Com Vítimas Feridas;Pleno dia;Crescente;Chuva;Simples;Curva;Não;5;0;3;0;2;0;3;1;-20,38909;-40,66912;SR-ES;UOP01;DEL01
276682;21/03/2020;sábado;03:10:00;RO;364;415;JARU;Ingestão de Álcool;Saída de leito carroçável;Com Vítimas Feridas;Plena Noite;Decrescente;Chuva;Simples;Reta;Não;1;0;1;0;0;0;1;1;-10,50319;-62,41427;SR-RO;UOP02;DEL03
276683;19/03/2020;quinta-feira;06:10:00;SC;470;227,5;SAO CRISTOVAO DO SUL;Condutor Dormindo;Colisão frontal;Com Vítimas Feridas;Amanhecer;Decrescente;Nublado;Simples;Reta;Não;3;0;1;0;2;0;1;2;-27,32456;-50,3696;SR-SC;UOP03;DEL05
276684;21/03/2020;sábado;06:00:00;RO;364;330;JI-PARANA;Desobediência às normas de trânsito pelo condutor;Colisão transversal;Com Vítimas Feridas;Amanhecer;Decrescente;Garoa/Chuvisco;Simples;Reta;Não;4;0;2;0;2;0;2;2;-10,98467;-61,9171;SR-RO;UOP01;DEL02
276685;17/03/2020;terça-feira;18:50:00;PR;277;83;CURITIBA;Carga excessiva e/ou mal acondicionada;Tombamento;Com Vítimas Feridas;Plena Noite;Decrescente;Nublado;Dupla;Reta;Sim;1;0;1;0;0;0;1;1;-25,44863;-49,22999;SR-PR;UOP04;DEL01
276686;21/03/2020;sábado;09:10:00;BA;101;852,7;TEIXEIRA DE FREITAS;Desobediência às normas de trânsito pelo condutor;Colisão lateral;Com Vítimas Feridas;Pleno dia;Crescente;Céu Claro;Simples;Interseção de vias;Sim;2;0;1;0;1;0;1;2;-17,5436;-39,71744;SR-BA;UOP02;DEL09
276687;21/03/2020;sábado;09:30:00;PR;277;82;CURITIBA;Falta de Atenção à Condução;Colisão traseira;Com Vítimas Feridas;Pleno dia;Decrescente;Nublado;Dupla;Reta;Não;3;0;1;0;2;0;1;2;-25,56894;-49,18198;SR-PR;UOP04;DEL01
276688;21/03/2020;sábado;09:50:00;MG;381;327,7;NOVA ERA;Falta de Atenção à Condução;Colisão transversal;Com Vítimas Feridas;Pleno dia;Decrescente;Chuva;Simples;Não Informado;Não;2;0;1;0;1;0;1;2;-19,76724;-43,04699;SR-MG;UOP01;DEL03
276689;21/03/2020;sábado;07:25:00;RJ;101;442;MANGARATIBA;Pista Escorregadia;Colisão frontal;Sem Vítimas;Pleno dia;Decrescente;Chuva;Simples;Curva;Não;3;0;0;0;3;0;0;2;-22,97397;-44,08709;SR-RJ;UOP01;DEL03
276690;21/03/2020;sábado;09:00:00;SP;116;303;SAO LOURENCO DA SERRA;Defeito Mecânico no Veículo;Saída de leito carroçável;Com Vítimas Feridas;Pleno dia;Crescente;Nublado;Dupla;Reta;Não;1;0;1;0;0;0;1;1;-23,82761;-46,92631;SR-SP;UOP01;DEL04
276691;21/03/2020;sábado;09:30:00;PE;423;171,8;AGUAS BELAS;Falta de Atenção à Condução;Colisão transversal;Com Vítimas Feridas;Pleno dia;Decrescente;Céu Claro;Simples;Desvio Temporário;Não;2;0;1;0;1;0;1;2;-9,12739;-37,06019;SR-AL;UOP02;DEL03
276693;21/03/2020;sábado;10:17:00;MG;50;43,3;ARAGUARI;Falta de Atenção à Condução;Saída de leito carroçável;Com Vítimas Feridas;Pleno dia;Decrescente;Nublado;Dupla;Não Informado;Não;1;0;1;0;0;0;1;1;-18,70145;-48,18751;SR-MG;UOP02;DEL15
276694;21/03/2020;sábado;09:50:00;GO;40;122,5;CRISTALINA;Falta de Atenção à Condução;Saída de leito carroçável;Com Vítimas Feridas;Pleno dia;Crescente;Nublado;Dupla;Reta;Não;1;0;0;1;0;0;1;1;-16,86651;-47,406;SR-DF;UOP04;DEL01
276695;21/03/2020;sábado;10:00:00;AL;104;93,7;RIO LARGO;Falta de Atenção do Pedestre;Atropelamento de Pedestre;Com Vítimas Feridas;Pleno dia;Crescente;Céu Claro;Dupla;Reta;Sim;2;0;0;1;1;0;1;1;-9,528917;-35,79808;SR-AL;SMTT/AL;
276696;21/03/2020;sábado;10:00:00;ES;101;66;SAO MATEUS;Desobediência às normas de trânsito pelo condutor;Colisão transversal;Com Vítimas Feridas;Pleno dia;Crescente;Sol;Simples;Reta;Sim;2;0;1;0;1;0;1;2;-18,71652;-39,87436;SR-ES;UOP02;DEL04
276698;21/03/2020;sábado;10:30:00;PR;277;489,5;NOVA LARANJEIRAS;Velocidade Incompatível;Saída de leito carroçável;Com Vítimas Feridas;Pleno dia;Crescente;Céu Claro;Simples;Curva;Não;1;0;1;0;0;0;1;1;-25,24155;-52,63061;SR-PR;UOP03;DEL04
276699;21/03/2020;sábado;10:10:00;BA;101;105;ALAGOINHAS;Mal Súbito;Colisão frontal;Com Vítimas Feridas;Pleno dia;Decrescente;Nublado;Simples;Reta;Não;3;0;1;0;2;0;1;3;-12,15964;-38,41162;SR-BA;UOP04;DEL01
276700;21/03/2020;sábado;10:45:00;MS;158;4;CASSILANDIA;Falta de Atenção à Condução;Queda de ocupante de veículo;Com Vítimas Feridas;Pleno dia;Decrescente;Sol;Simples;Reta;Sim;1;0;1;0;0;0;1;1;-19,12172;-51,72356;SR-MS;UOP01;DEL08
276702;21/03/2020;sábado;12:10:00;SP;381;90;SAO PAULO;Pista Escorregadia;Queda de ocupante de veículo;Com Vítimas Feridas;Pleno dia;Decrescente;Céu Claro;Simples;Curva;Sim;1;0;1;0;0;0;1;1;-23,49479;-46,5596;SR-SP;UOP01;DEL03
276703;21/03/2020;sábado;12:15:00;SP;381;73;SAO PAULO;Pista Escorregadia;Colisão lateral;Com Vítimas Feridas;Pleno dia;Crescente;Nublado;Dupla;Curva;Não;2;0;2;0;0;0;2;1;-23,36553;-46,55254;SR-SP;UOP01;DEL03
276704;21/03/2020;sábado;12:10:00;SP;381;10;VARGEM;Falta de Atenção à Condução;Saída de leito carroçável;Com Vítimas Feridas;Pleno dia;Crescente;Garoa/Chuvisco;Dupla;Reta;Não;1;0;1;0;0;0;1;1;-22,9224;-46,44346;SR-SP;UOP01;DEL03
276705;21/03/2020;sábado;12:30:00;MG;381;374;SAO GONCALO DO RIO ABAIXO;Velocidade Incompatível;Colisão transversal;Com Vítimas Feridas;Pleno dia;Crescente;Chuva;Simples;Curva;Não;2;0;0;2;0;0;2;2;-19,84142;-43,32982;SR-MG;UOP01;DEL01
276706;21/03/2020;sábado;12:08:00;MT;163;838;SINOP;Desobediência às normas de trânsito pelo condutor;Colisão transversal;Com Vítimas Feridas;Pleno dia;Crescente;Nublado;Dupla;Reta;Sim;1;0;0;1;0;0;1;1;-11,83434;-55,48824;SR-MT;UOP02;DEL06
276707;21/03/2020;sábado;09:15:00;MG;381;316,4;NOVA ERA;Velocidade Incompatível;Colisão frontal;Com Vítimas Feridas;Pleno dia;Crescente;Chuva;Simples;Curva;Não;4;0;3;1;0;0;4;2;-19,69896;-42,99487;SR-MG;UOP02;DEL03
276708;21/03/2020;sábado;14:15:00;MG;381;697;LAVRAS;Pista Escorregadia;Saída de leito carroçável;Com Vítimas Feridas;Pleno dia;Crescente;Céu Claro;Dupla;Curva;Não;3;0;2;0;1;0;2;1;-21,29043;-45,14792;SR-MG;UOP02;DEL04
276709;21/03/2020;sábado;12:45:00;RJ;40;93;DUQUE DE CAXIAS;Pista Escorregadia;Saída de leito carroçável;Com Vítimas Feridas;Pleno dia;Crescente;Chuva;Simples;Curva;Não;2;0;2;0;0;0;2;1;-22,55543;-43,2583;SR-RJ;UOP01;DEL01
276710;21/03/2020;sábado;14:50:00;SC;101;196;BIGUACU;Falta de Atenção à Condução;Colisão traseira;Sem Vítimas;Pleno dia;Crescente;Céu Claro;Simples;Reta;Sim;2;0;0;0;2;0;0;2;-27,51101;-48,64322;SR-SC;UOP01;DEL01
276712;13/03/2020;sexta-feira;06:55:00;MG;381;687;LAVRAS;Carga excessiva e/ou mal acondicionada;Derramamento de carga;Sem Vítimas;Amanhecer;Crescente;Céu Claro;Dupla;Reta;Não;2;0;0;0;2;0;0;2;-21,20874;-45,12333;SR-MG;UOP02;DEL04
276713;21/03/2020;sábado;10:55:00;MG;381;809;CAREACU;Velocidade Incompatível;Saída de leito carroçável;Com Vítimas Feridas;Pleno dia;Crescente;Chuva;Dupla;Reta;Não;2;0;2;0;0;0;2;1;-22,03746;-45,68396;SR-MG;UOP02;DEL16
276714;21/03/2020;sábado;11:30:00;MT;174;351;CONQUISTA DOESTE;Defeito Mecânico no Veículo;Saída de leito carroçável;Com Vítimas Feridas;Pleno dia;Crescente;Céu Claro;Simples;Reta;Não;1;0;1;0;0;0;1;1;-14,72523;-59,37388;SR-MT;UOP01;DEL04
276715;21/03/2020;sábado;15:00:00;MG;381;732,3;CARMO DA CACHOEIRA;Velocidade Incompatível;Colisão lateral;Com Vítimas Feridas;Pleno dia;Decrescente;Chuva;Dupla;Reta;Não;4;0;1;0;3;0;1;2;-21,55414;-45,24499;SR-MG;UOP02;DEL04
276717;21/03/2020;sábado;15:30:00;SP;116;276;EMBU DAS ARTES;Mal Súbito;Colisão com objeto estático;Com Vítimas Feridas;Pleno dia;Decrescente;Nublado;Dupla;Desvio Temporário;Não;1;0;1;0;0;0;1;1;-23,61873;-46,80691;SR-SP;UOP01;DEL04
276718;21/03/2020;sábado;15:50:00;SP;153;73;SAO JOSE DO RIO PRETO;Defeito Mecânico no Veículo;Tombamento;Com Vítimas Feridas;Pleno dia;Crescente;Céu Claro;Dupla;Reta;Sim;2;0;2;0;0;0;2;1;-20,87627;-49,42005;SR-SP;UOP01;DEL09
276719;21/03/2020;sábado;15:40:00;PB;230;20;JOAO PESSOA;Desobediência às normas de trânsito pelo condutor;Colisão transversal;Com Vítimas Feridas;Pleno dia;Decrescente;Sol;Dupla;Curva;Sim;2;0;1;0;1;0;1;2;-7,1337;-34,8544;SR-PB;UOP01;DEL01
276720;02/03/2020;segunda-feira;14:00:00;RS;470;226,3;GARIBALDI;Falta de Atenção à Condução;Colisão traseira;Com Vítimas Feridas;Pleno dia;Decrescente;Céu Claro;Dupla;Reta;Não;2;0;1;0;1;0;1;2;-29,25081;-51,51376;SR-RS;UOP01;DEL06
276721;21/03/2020;sábado;15:40:00;GO;40;30;LUZIANIA;Velocidade Incompatível;Capotamento;Com Vítimas Fatais;Pleno dia;Crescente;Céu Claro;Dupla;Curva;Não;2;1;1;0;0;0;1;1;-16,27731;-47,86291;SR-DF;UOP01;DEL01
276722;21/03/2020;sábado;15:30:00;BA;116;426,7;FEIRA DE SANTANA;Falta de Atenção à Condução;Colisão lateral;Com Vítimas Feridas;Pleno dia;Crescente;Sol;Simples;Reta;Não;2;0;1;0;1;0;1;2;-12,25532;-38,98916;SR-BA;UOP01;DEL02
276723;21/03/2020;sábado;16:20:00;MG;365;622;UBERLANDIA;Pista Escorregadia;Saída de leito carroçável;Com Vítimas Feridas;Pleno dia;Crescente;Chuva;Múltipla;Não Informado;Sim;1;0;1;0;0;0;1;1;-18,90752;-48,29937;SR-MG;UOP01;DEL15
276724;21/03/2020;sábado;15:30:00;PR;369;133,2;IBIPORA;Velocidade Incompatível;Saída de leito carroçável;Com Vítimas Feridas;Pleno dia;Crescente;Céu Claro;Dupla;Curva;Não;2;0;2;0;0;0;2;1;-23,26205;-50,99365;SR-PR;UOP01;DEL07
276725;21/03/2020;sábado;13:45:00;PR;369;144,6;LONDRINA;Desobediência às normas de trânsito pelo condutor;Colisão transversal;Com Vítimas Feridas;Pleno dia;Crescente;Céu Claro;Dupla;Não Informado;Não;2;0;1;0;1;0;1;2;-23,29337;-51,10773;SR-PR;UOP01;DEL07
276726;21/03/2020;sábado;13:00:00;PI;343;225;COCAL DE TELHA;Falta de Atenção à Condução;Saída de leito carroçável;Sem Vítimas;Pleno dia;Crescente;Nublado;Dupla;Reta;Sim;1;0;0;0;0;1;0;1;-4,556586;-41,97268;SR-PI;UOP03;DEL01
276728;21/03/2020;sábado;16:15:00;BA;101;828,9;ITAMARAJU;Desobediência às normas de trânsito pelo condutor;Colisão frontal;Com Vítimas Fatais;Pleno dia;Crescente;Nublado;Simples;Curva;Não;3;1;1;0;1;0;1;2;-17,16073;-39,57227;SR-BA;UOP01;DEL09
276729;21/03/2020;sábado;16:20:00;ES;101;269,5;SERRA;Desobediência às normas de trânsito pelo condutor;Colisão frontal;Com Vítimas Feridas;Pleno dia;Decrescente;Nublado;Múltipla;Interseção de vias;Sim;2;0;0;1;1;0;1;2;-20,2174;-40,26991;SR-ES;UOP01;DEL02
276730;21/03/2020;sábado;16:15:00;MG;381;697;LAVRAS;Pista Escorregadia;Saída de leito carroçável;Com Vítimas Feridas;Pleno dia;Crescente;Chuva;Dupla;Curva;Não;5;0;1;0;4;0;1;2;-21,29043;-45,14792;SR-MG;UOP02;DEL04
276731;21/03/2020;sábado;16:40:00;SP;153;18,5;NOVA GRANADA;Falta de Atenção à Condução;Colisão transversal;Com Vítimas Feridas;Pleno dia;Crescente;Nublado;Simples;Reta;Não;3;0;0;1;2;0;1;2;-20,44382;-49,28091;SR-SP;UOP01;DEL09
276732;21/03/2020;sábado;13:00:00;PR;153;387,4;MALLET;Defeito Mecânico no Veículo;Saída de leito carroçável;Sem Vítimas;Pleno dia;Crescente;Céu Claro;Simples;Reta;Não;1;0;0;0;1;0;0;1;-25,88183;-50,7559;SR-PR;UOP02;DEL08
276733;21/03/2020;sábado;08:35:00;BA;116;686,2;JEQUIE;Ultrapassagem Indevida;Tombamento;Sem Vítimas;Pleno dia;Decrescente;Céu Claro;Simples;Reta;Não;1;0;0;0;1;0;0;1;-13,90349;-40,14791;SR-BA;UOP01;DEL03
276734;21/03/2020;sábado;16:10:00;RS;116;521;PELOTAS;Falta de Atenção à Condução;Colisão lateral;Sem Vítimas;Pleno dia;Crescente;Céu Claro;Dupla;Não Informado;Sim;2;0;0;0;2;0;0;2;-31,70752;-52,36801;SR-RS;UOP01;DEL07
276735;21/03/2020;sábado;17:15:00;MG;365;630,7;UBERLANDIA;Pista Escorregadia;Saída de leito carroçável;Com Vítimas Feridas;Pleno dia;Crescente;Céu Claro;Dupla;Desvio Temporário;Sim;1;0;1;0;0;0;1;1;-18,89922;-48,37166;SR-MG;UOP01;DEL15
276736;21/03/2020;sábado;16:30:00;ES;482;101;GUACUI;Falta de Atenção à Condução;Tombamento;Com Vítimas Feridas;Anoitecer;Crescente;Céu Claro;Simples;Reta;Não;1;0;1;0;0;0;1;1;-20,77421;-41,63752;SR-ES;UOP02;DEL03
276737;21/03/2020;sábado;15:30:00;PR;376;362;ORTIGUEIRA;Ingestão de Álcool;Saída de leito carroçável;Com Vítimas Feridas;Pleno dia;Crescente;Céu Claro;Simples;Curva;Não;2;0;2;0;0;0;2;1;-24,28315;-50,87938;SR-PR;UOP04;DEL03
276738;21/03/2020;sábado;16:30:00;PI;343;306,1;ALTOS;Desobediência às normas de trânsito pelo condutor;Colisão transversal;Com Vítimas Feridas;Pleno dia;Crescente;Garoa/Chuvisco;Simples;Reta;Sim;3;0;1;0;2;0;1;3;-5,038756;-42,45089;SR-PI;UOP01;DEL01
276739;21/03/2020;sábado;17:30:00;RS;470;218,6;BENTO GONCALVES;Falta de Atenção à Condução;Tombamento;Com Vítimas Feridas;Pleno dia;Crescente;Céu Claro;Simples;Não Informado;Não;1;0;0;1;0;0;1;1;-29,18463;-51,52135;SR-RS;UOP01;DEL06
276740;21/03/2020;sábado;12:20:00;RJ;116;307;RESENDE;Fenômenos da Natureza;Colisão com objeto estático;Com Vítimas Feridas;Pleno dia;Decrescente;Chuva;Dupla;Reta;Não;2;0;1;1;0;0;2;1;-22,45713;-44,41064;SR-RJ;UOP02;DEL07
276741;21/03/2020;sábado;17:40:00;MG;381;505,3;BETIM;Ingestão de álcool e/ou substâncias psicoativas pelo pedestre;Colisão traseira;Com Vítimas Feridas;Pleno dia;Decrescente;Sol;Dupla;Curva;Não;2;0;1;0;1;0;1;2;-20,04478;-44,27276;SR-MG;UOP03;DEL01
276742;21/03/2020;sábado;18:07:00;PB;230;68,6;SOBRADO;Falta de Atenção à Condução;Colisão traseira;Com Vítimas Feridas;Plena Noite;Decrescente;Céu Claro;Dupla;Reta;Não;2;0;0;1;0;1;1;2;-7,1873;-35,2065;SR-PB;UOP02;DEL01
276743;14/03/2020;sábado;02:20:00;RJ;493;50;DUQUE DE CAXIAS;Animais na Pista;Atropelamento de Animal;Com Vítimas Feridas;Plena Noite;Crescente;Céu Claro;Dupla;Reta;Não;1;0;1;0;0;0;1;1;-22,66894;-43,31045;SR-RJ;UOP01;DEL01
276745;21/03/2020;sábado;18:00:00;BA;235;349,9;JUAZEIRO;Ingestão de Álcool;Colisão lateral;Com Vítimas Feridas;Plena Noite;Crescente;Nublado;Simples;Rotatória;Sim;3;0;2;0;1;0;2;2;-9,447676;-40,48782;SR-PE;UOP01;DEL06
276746;21/03/2020;sábado;18:30:00;GO;60;110,7;GOIANAPOLIS;Falta de Atenção à Condução;Saída de leito carroçável;Com Vítimas Feridas;Anoitecer;Crescente;Chuva;Dupla;Reta;Não;1;0;1;0;0;0;1;1;-16,45;-49,0316;SR-GO;UOP01;DEL01
276749;21/03/2020;sábado;17:30:00;RR;174;505;BOA VISTA;Ingestão de Álcool;Colisão traseira;Sem Vítimas;Anoitecer;Decrescente;Céu Claro;Dupla;Reta;Sim;2;0;0;0;2;0;0;2;2,805917;-60,69062;SR-RR;UOP01;DEL01
276750;21/03/2020;sábado;17:50:00;SC;101;305,5;LAGUNA;Ingestão de Álcool;Colisão lateral;Com Vítimas Feridas;Anoitecer;Decrescente;Nublado;Dupla;Reta;Não;3;0;1;0;1;1;1;2;-28,39841;-48,78411;SR-SC;UOP03;DEL02
276752;21/03/2020;sábado;19:25:00;PE;101;73;RECIFE;Desobediência às normas de trânsito pelo condutor;Colisão transversal;Com Vítimas Feridas;Plena Noite;Decrescente;Céu Claro;Simples;Não Informado;Sim;2;0;1;0;1;0;1;2;-8,093963;-34,94781;SR-PE;UOP01;DEL01
276753;21/03/2020;sábado;19:45:00;CE;222;121;ITAPAJE;Ingestão de Álcool;Colisão lateral;Com Vítimas Feridas;Plena Noite;Crescente;Nublado;Simples;Reta;Sim;4;0;1;2;1;0;3;3;-3,707015;-39,56969;SR-CE;UOP03;DEL04
276755;21/03/2020;sábado;13:00:00;BA;420;10;SAO SEBASTIAO DO PASSE;Defeito Mecânico no Veículo;Incêndio;Sem Vítimas;Pleno dia;Crescente;Sol;Simples;Reta;Não;1;0;0;0;1;0;0;1;-12,40814;-38,39597;SR-BA;UOP01;DEL01
276756;21/03/2020;sábado;20:00:00;MG;262;401;PARA DE MINAS;Desobediência às normas de trânsito pelo condutor;Colisão frontal;Com Vítimas Feridas;Plena Noite;Crescente;Nublado;Dupla;Curva;Sim;5;0;0;1;4;0;1;2;-19,90019;-44,55287;SR-MG;UOP03;DEL08
276757;21/03/2020;sábado;19:40:00;SE;235;56;ITABAIANA;Falta de Atenção à Condução;Queda de ocupante de veículo;Com Vítimas Feridas;Plena Noite;Crescente;Céu Claro;Simples;Reta;Não;2;0;2;0;0;0;2;1;-10,65864;-37,44843;SR-SE;UOP02;DEL01
276758;21/03/2020;sábado;19:40:00;RS;116;155;CAXIAS DO SUL;Falta de Atenção à Condução;Colisão com objeto estático;Sem Vítimas;Plena Noite;Crescente;Céu Claro;Dupla;Reta;Não;1;0;0;0;1;0;0;1;-29,19873;-51,1763;SR-RS;UOP01;DEL05
276759;21/03/2020;sábado;20:00:00;MG;365;162,2;PIRAPORA;Velocidade Incompatível;Colisão transversal;Com Vítimas Feridas;Plena Noite;Decrescente;Nublado;Simples;Reta;Sim;2;0;0;1;1;0;1;2;-17,36638;-44,93767;SR-MG;UOP01;DEL12
276761;21/03/2020;sábado;20:30:00;SC;101;84,8;BARRA VELHA;Velocidade Incompatível;Colisão com objeto estático;Com Vítimas Feridas;Plena Noite;Decrescente;Céu Claro;Simples;Não Informado;Sim;1;0;1;0;0;0;1;1;-26,62405;-48,71395;SR-SC;UOP02;DEL03
276762;21/03/2020;sábado;20:45:00;PR;116;113,4;CURITIBA;Ingestão de Álcool;Saída de leito carroçável;Com Vítimas Fatais;Plena Noite;Decrescente;Nublado;Dupla;Reta;Sim;2;1;0;0;1;0;0;2;-25,5499;-49,28279;SR-PR;UOP04;DEL01
276763;21/03/2020;sábado;15:25:00;MT;70;713,4;CACERES;Pista Escorregadia;Saída de leito carroçável;Sem Vítimas;Pleno dia;Crescente;Chuva;Simples;Curva;Não;1;0;0;0;1;0;0;1;-16,19498;-57,58836;SR-MT;UOP01;DEL03
276764;21/03/2020;sábado;18:40:00;PI;316;47,1;LAGOA DO PIAUI;Animais na Pista;Atropelamento de Animal;Com Vítimas Feridas;Plena Noite;Crescente;Chuva;Simples;Reta;Não;1;0;0;1;0;0;1;1;-5,466057;-42,63592;SR-PI;UOP02;DEL01
276765;21/03/2020;sábado;20:48:00;CE;222;2,9;FORTALEZA;Desobediência às normas de trânsito pelo condutor;Colisão transversal;Com Vítimas Feridas;Plena Noite;Crescente;Céu Claro;Múltipla;Interseção de vias;Sim;4;0;0;3;0;1;3;2;-3,740085;-38,59466;SR-CE;UOP01;DEL01
276766;21/03/2020;sábado;19:50:00;MS;163;261,9;DOURADOS;Falta de Atenção à Condução;Saída de leito carroçável;Sem Vítimas;Plena Noite;Crescente;Céu Claro;Dupla;Reta;Sim;1;0;0;0;0;1;0;1;-22,23864;-54,76553;SR-MS;UOP01;DEL04
276767;21/03/2020;sábado;20:07:00;PR;277;530,9;GUARANIACU;Ingestão de Álcool;Atropelamento de Pedestre;Com Vítimas Feridas;Plena Noite;Crescente;Céu Claro;Simples;Reta;Não;3;0;0;1;1;1;1;1;-25,09662;-52,96646;SR-PR;UOP02;DEL04
276768;21/03/2020;sábado;20:00:00;DF;60;2;BRASILIA;Ingestão de Álcool;Saída de leito carroçável;Com Vítimas Feridas;Plena Noite;Crescente;Céu Claro;Simples;Reta;Não;5;0;3;1;0;1;4;1;-15,88738;-48,07799;SR-DF;UOP02;DEL01
276769;21/03/2020;sábado;19:00:00;BA;242;218;ITABERABA;Desobediência às normas de trânsito pelo condutor;Colisão traseira;Com Vítimas Feridas;Plena Noite;Crescente;Garoa/Chuvisco;Simples;Reta;Não;3;0;1;1;1;0;2;2;-12,52106;-40,21476;SR-BA;UOP02;DEL06
276770;21/03/2020;sábado;21:00:00;PR;476;145;CURITIBA;Desobediência às normas de trânsito pelo pedestre;Atropelamento de Pedestre;Com Vítimas Feridas;Plena Noite;Crescente;Céu Claro;Dupla;Reta;Não;2;0;2;0;0;0;2;2;-25,54775;-49,32095;SR-PR;UOP04;DEL01
276771;21/03/2020;sábado;18:30:00;BA;407;195;PONTO NOVO;Desobediência às normas de trânsito pelo condutor;Colisão frontal;Sem Vítimas;Plena Noite;Decrescente;Céu Claro;Simples;Reta;Sim;2;0;0;0;2;0;0;2;-11,06197;-40,08611;SR-BA;UOP02;DEL04
276772;21/03/2020;sábado;21:00:00;PI;316;1;TERESINA;Animais na Pista;Atropelamento de Animal;Com Vítimas Fatais;Plena Noite;Decrescente;Nublado;Simples;Reta;Sim;1;1;0;0;0;0;0;1;-5,128619;-42,80707;SR-PI;UOP02;DEL01
276773;21/03/2020;sábado;21:40:00;SC;470;54,4;BLUMENAU;Desobediência às normas de trânsito pelo condutor;Colisão transversal;Com Vítimas Feridas;Plena Noite;Crescente;Céu Claro;Simples;Interseção de vias;Sim;3;0;2;0;1;0;2;2;-26,87326;-49,11421;SR-SC;UOP01;DEL04
276774;21/03/2020;sábado;21:40:00;SE;101;89;NOSSA SENHORA DO SOCORRO;Ingestão de Álcool;Colisão traseira;Com Vítimas Feridas;Plena Noite;Crescente;Céu Claro;Dupla;Reta;Não;2;0;0;1;1;0;1;2;-10,88051;-37,13356;SR-SE;UOP01;DEL01
276776;21/03/2020;sábado;22:10:00;PR;476;278,5;SAO MATEUS DO SUL;Ingestão de Álcool;Colisão transversal;Com Vítimas Feridas;Plena Noite;Crescente;Nublado;Simples;Reta;Sim;2;0;1;0;1;0;1;2;-25,86875;-50,39648;SR-PR;UOP05;DEL03
276778;21/03/2020;sábado;22:30:00;GO;70;9,8;AGUAS LINDAS DE GOIAS;Ingestão de Álcool;Colisão transversal;Sem Vítimas;Plena Noite;Decrescente;Chuva;Dupla;Não Informado;Sim;2;0;0;0;2;0;0;2;-15,73577;-48,28288;SR-DF;UOP03;DEL01
276779;21/03/2020;sábado;21:30:00;MG;356;265,8;MURIAE;Falta de Atenção à Condução;Colisão transversal;Com Vítimas Feridas;Plena Noite;Decrescente;Chuva;Simples;Não Informado;Sim;3;0;0;1;0;2;1;2;-21,12724;-42,36912;SR-MG;UOP02;DEL07
276780;21/03/2020;sábado;22:30:00;SP;116;212;GUARULHOS;Falta de Atenção à Condução;Colisão com objeto estático;Com Vítimas Feridas;Plena Noite;Crescente;Nublado;Múltipla;Reta;Não;1;0;1;0;0;0;1;1;-23,43608;-46,42805;SR-SP;UOP01;DEL01
276781;21/03/2020;sábado;22:30:00;PE;428;186,9;PETROLINA;Ingestão de Álcool;Colisão transversal;Com Vítimas Feridas;Plena Noite;Decrescente;Céu Claro;Simples;Reta;Sim;3;0;0;1;0;2;1;2;-9,348078;-40,47441;SR-PE;UOP01;DEL06
276782;21/03/2020;sábado;22:00:00;MG;381;533,4;ITATIAIUCU;Velocidade Incompatível;Saída de leito carroçável;Com Vítimas Feridas;Plena Noite;Crescente;Chuva;Dupla;Não Informado;Não;3;0;1;2;0;0;3;1;-20,17396;-44,37585;SR-MG;UOP03;DEL04
276784;21/03/2020;sábado;23:00:00;PR;116;69,6;CAMPINA GRANDE DO SUL;Ingestão de Álcool;Tombamento;Com Vítimas Feridas;Plena Noite;Crescente;Nublado;Dupla;Reta;Não;2;0;1;0;1;0;1;2;-25,33112;-49,03156;SR-PR;UOP01;DEL01
276785;21/03/2020;sábado;16:05:00;MT;158;604,3;AGUA BOA;Velocidade Incompatível;Saída de leito carroçável;Com Vítimas Feridas;Pleno dia;Crescente;Nublado;Simples;Reta;Não;1;0;1;0;0;0;1;1;-14,35846;-52,1691;SR-MT;UOP02;DEL07
276786;21/03/2020;sábado;22:40:00;SP;116;138,9;SAO JOSE DOS CAMPOS;Desobediência às normas de trânsito pelo condutor;Colisão transversal;Com Vítimas Feridas;Plena Noite;Decrescente;Nublado;Dupla;Reta;Não;4;0;1;1;1;1;2;3;-23,15727;-45,79555;SR-SP;UOP01;DEL06