id;data_inversa;dia_semana;horario;uf;br;km;municipio;causa_acidente;tipo_acidente;classificacao_acidente;fase_dia;sentido_via;condicao_metereologica;tipo_pista;tracado_via;uso_solo;pessoas;mortos;feridos_leves;feridos_graves;ilesos;ignorados;feridos;veiculos;latitude;longitude;regional;delegacia;uop
276788;21/03/2020;sábado;23:35:00;MG;381;478;CONTAGEM;Falta de Atenção à Condução;Colisão lateral;Sem Vítimas;Plena Noite;Decrescente;Céu Claro;Múltipla;Não Informado;Sim;2;0;0;0;2;0;0;2;-19,95826;-44,05921;SR-MG;UOP03;DEL01
276789;21/03/2020;sábado;21:50:00;MS;163;77;ITAQUIRAI;Desobediência às normas de trânsito pelo condutor;Colisão transversal;Com Vítimas Feridas;Plena Noite;Crescente;Céu Claro;Dupla;Reta;Sim;2;0;0;1;1;0;1;2;-23,47912;-54,18697;SR-MS;UOP01;DEL09
276790;21/03/2020;sábado;22:00:00;MG;40;506,1;RIBEIRAO DAS NEVES;Velocidade Incompatível;Saída de leito carroçável;Com Vítimas Feridas;Plena Noite;Decrescente;Nublado;Dupla;Retorno Regulamentado;Sim;1;0;1;0;0;0;1;1;-19,74717;-44,14731;SR-MG;UOP01;DEL02
276791;21/03/2020;sábado;23:50:00;ES;482;99;GUACUI;Falta de Atenção à Condução;Tombamento;Com Vítimas Fatais;Plena Noite;Crescente;Céu Claro;Simples;Curva;Não;1;1;0;0;0;0;0;1;-20,77171;-41,62619;SR-ES;UOP02;DEL03
276792;22/03/2020;domingo;00:05:00;PA;316;108;SANTA MARIA DO PARA;Falta de Atenção à Condução;Saída de leito carroçável;Com Vítimas Feridas;Plena Noite;Decrescente;Nublado;Simples;Reta;Não;1;0;1;0;0;0;1;1;-1,333277;-47,535;SR-PA;UOP02;DEL01
276793;22/03/2020;domingo;02:00:00;RN;101;94;NATAL;Falta de Atenção à Condução;Colisão com objeto estático;Sem Vítimas;Plena Noite;Crescente;Céu Claro;Múltipla;Reta;Sim;1;0;0;0;0;1;0;1;-5,831766;-35,21191;SR-RN;UOP01;DEL01
276795;21/03/2020;sábado;22:40:00;PR;116;158;QUITANDINHA;Falta de Atenção à Condução;Queda de ocupante de veículo;Com Vítimas Feridas;Plena Noite;Decrescente;Nublado;Simples;Reta;Não;1;0;1;0;0;0;1;1;-25,86775;-49,37339;SR-PR;UOP03;DEL01
276796;22/03/2020;domingo;03:19:00;GO;60;34,2;GOIANIA;Ingestão de Álcool;Colisão frontal;Com Vítimas Feridas;Plena Noite;Crescente;Céu Claro;Dupla;Reta;Sim;2;0;1;0;1;0;1;2;-16,6777;-49,2676;SR-GO;UOP02;DEL01
276797;21/03/2020;sábado;16:25:00;BA;415;49;ITABUNA;Falta de Atenção à Condução;Queda de ocupante de veículo;Com Vítimas Feridas;Pleno dia;Crescente;Céu Claro;Simples;Reta;Sim;1;0;1;0;0;0;1;1;-14,81574;-39,29612;SR-BA;UOP01;DEL05
276798;21/03/2020;sábado;19:35:00;BA;101;760;ITABELA;Ingestão de Álcool;Queda de ocupante de veículo;Com Vítimas Feridas;Plena Noite;Crescente;Céu Claro;Simples;Reta;Não;1;0;1;0;0;0;1;1;-16,83633;-39,48731;SR-BA;UOP01;DEL09
276799;22/01/2020;quarta-feira;19:30:00;BA;116;272;TUCANO;Falta de Atenção à Condução;Atropelamento de Pedestre;Com Vítimas Fatais;Plena Noite;Decrescente;Ignorado;Simples;Reta;Sim;3;1;0;2;0;0;2;1;-10,96129;-38,79158;SR-BA;UOP02;DEL07
276800;22/03/2020;domingo;05:50:00;MG;365;674;MONTE ALEGRE DE MINAS;Pista Escorregadia;Capotamento;Com Vítimas Feridas;Amanhecer;Crescente;Chuva;Múltipla;Reta;Não;2;0;2;0;0;0;2;1;-18,86311;-48,76609;SR-MG;UOP01;DEL15
276801;22/03/2020;domingo;03:50:00;PR;376;616;SAO JOSE DOS PINHAIS;Falta de Atenção à Condução;Queda de ocupante de veículo;Com Vítimas Feridas;Plena Noite;Crescente;Céu Claro;Dupla;Reta;Sim;1;0;1;0;0;0;1;1;-25,56574;-49,18055;SR-PR;UOP01;DEL01
276802;22/03/2020;domingo;02:15:00;MG;262;632,1;IBIA;Ingestão de álcool e/ou substâncias psicoativas pelo pedestre;Saída de leito carroçável;Sem Vítimas;Plena Noite;Decrescente;Céu Claro;Múltipla;Interseção de vias;Não;2;0;0;0;1;1;0;1;-19,59165;-46,49311;SR-MG;UOP01;DEL08
276803;22/03/2020;domingo;05:30:00;GO;153;48;PORANGATU;Condutor Dormindo;Colisão lateral;Com Vítimas Feridas;Amanhecer;Crescente;Garoa/Chuvisco;Simples;Reta;Não;3;0;1;0;0;2;1;2;-13,2395;-49,1424;SR-GO;UOP01;DEL07
276804;22/03/2020;domingo;06:45:00;SC;101;153;ITAPEMA;Defeito Mecânico no Veículo;Danos eventuais;Com Vítimas Feridas;Pleno dia;Crescente;Nublado;Dupla;Reta;Não;1;0;1;0;0;0;1;1;-27,14499;-48,61066;SR-SC;UOP03;DEL04
276805;22/03/2020;domingo;06:30:00;ES;101;124,4;SOORETAMA;Falta de Atenção à Condução;Saída de leito carroçável;Sem Vítimas;Amanhecer;Crescente;Céu Claro;Simples;Reta;Sim;1;0;0;0;0;1;0;1;-19,17653;-40,09118;SR-ES;UOP01;DEL04
276806;21/03/2020;sábado;23:00:00;BA;116;601,8;IRAJUBA;Avarias e/ou desgaste excessivo no pneu;Saída de leito carroçável;Sem Vítimas;Plena Noite;Crescente;Céu Claro;Simples;Reta;Não;1;0;0;0;1;0;0;1;-13,25173;-40,01328;SR-BA;UOP02;DEL03
276807;21/03/2020;sábado;11:00:00;SP;116;52,5;LORENA;Objeto estático sobre o leito carroçável;Tombamento;Com Vítimas Feridas;Pleno dia;Crescente;Nublado;Dupla;Curva;Sim;1;0;1;0;0;0;1;1;-22,74708;-45,09973;SR-SP;UOP02;DEL08
276808;22/03/2020;domingo;06:15:00;PI;230;182;SAO JOAO DA VARJOTA;Ingestão de Álcool;Colisão frontal;Com Vítimas Feridas;Pleno dia;Crescente;Nublado;Simples;Reta;Não;2;0;1;0;1;0;1;2;-6,95379;-42,0067;SR-PI;UOP01;DEL04
276809;22/03/2020;domingo;08:20:00;GO;40;6,3;VALPARAISO DE GOIAS;Falta de Atenção à Condução;Queda de ocupante de veículo;Com Vítimas Feridas;Pleno dia;Crescente;Céu Claro;Dupla;Reta;Sim;1;0;1;0;0;0;1;1;-16,10081;-47,97735;SR-DF;UOP01;DEL01
276810;22/03/2020;domingo;08:00:00;PR;476;133;CURITIBA;Falta de Atenção à Condução;Colisão traseira;Com Vítimas Feridas;Pleno dia;Crescente;Céu Claro;Múltipla;Reta;Sim;2;0;1;0;1;0;1;2;-25,45575;-49,2512;SR-PR;UOP03;DEL01
276811;22/03/2020;domingo;09:10:00;GO;60;105;GOIANAPOLIS;Condutor Dormindo;Saída de leito carroçável;Com Vítimas Feridas;Pleno dia;Crescente;Céu Claro;Dupla;Não Informado;Não;1;0;1;0;0;0;1;1;-16,42201;-49,01267;SR-GO;UOP01;DEL02
276813;19/02/2020;quarta-feira;19:20:00;PE;104;92;AGRESTINA;Desobediência às normas de trânsito pelo condutor;Colisão frontal;Com Vítimas Fatais;Plena Noite;Decrescente;Céu Claro;Simples;Reta;Sim;2;1;0;0;1;0;0;2;-8,496525;-35,94801;SR-PE;UOP01;DEL02
276814;21/03/2020;sábado;20:30:00;PE;408;77,5;PAUDALHO;Defeito Mecânico no Veículo;Saída de leito carroçável;Com Vítimas Feridas;Plena Noite;Decrescente;Ignorado;Dupla;Reta;Não;1;0;1;0;0;0;1;1;-7,921413;-35,15839;SR-PE;UOP01;DEL01
276815;22/03/2020;domingo;09:25:00;ES;101;246;SERRA;Condutor Dormindo;Saída de leito carroçável;Com Vítimas Feridas;Pleno dia;Crescente;Céu Claro;Simples;Reta;Não;2;0;1;0;1;0;1;1;-20,06198;-40,37679;SR-ES;UOP01;DEL02
276816;22/03/2020;domingo;10:00:00;SC;101;148;ITAPEMA;Falta de Atenção à Condução;Colisão transversal;Com Vítimas Feridas;Pleno dia;Crescente;Céu Claro;Dupla;Interseção de vias;Sim;2;0;1;0;1;0;1;2;-27,10124;-48,61808;SR-SC;UOP03;DEL04
276817;21/03/2020;sábado;14:45:00;MG;365;384;PATOS DE MINAS;Velocidade Incompatível;Saída de leito carroçável;Com Vítimas Feridas;Pleno dia;Decrescente;Chuva;Simples;Reta;Não;1;0;1;0;0;0;1;1;-18,58048;-46,27;SR-MG;UOP01;DEL10
276818;22/03/2020;domingo;11:00:00;MG;381;492;BETIM;Falta de Atenção à Condução;Colisão traseira;Com Vítimas Feridas;Pleno dia;Decrescente;Nublado;Múltipla;Reta;Sim;2;0;1;0;1;0;1;2;-19,96109;-44,15405;SR-MG;UOP03;DEL01
276819;22/03/2020;domingo;23:20:00;MG;116;164,8;PADRE PARAISO;Falta de Atenção à Condução;Tombamento;Com Vítimas Feridas;Plena Noite;Crescente;Nublado;Simples;Curva;Não;1;0;0;1;0;0;1;1;-16,96644;-41,451;SR-MG;UOP02;DEL11
276820;14/03/2020;sábado;20:00:00;MS;158;268;TRES LAGOAS;Falta de Atenção à Condução;Colisão com objeto estático;Com Vítimas Feridas;Plena Noite;Decrescente;Céu Claro;Dupla;Retorno Regulamentado;Sim;1;0;1;0;0;0;1;1;-20,7632;-51,68869;SR-MS;UOP01;DEL07
276821;22/03/2020;domingo;11:30:00;PA;316;29;SANTA IZABEL DO PARA;Defeito na Via;Tombamento;Com Vítimas Feridas;Pleno dia;Decrescente;Céu Claro;Dupla;Reta;Não;2;0;2;0;0;0;2;1;-1,307982;-48,21337;SR-PA;UOP01;DEL01
276822;22/03/2020;domingo;11:40:00;PE;101;74,1;RECIFE;Velocidade Incompatível;Tombamento;Com Vítimas Feridas;Pleno dia;Crescente;Sol;Dupla;Curva;Sim;2;0;2;0;0;0;2;1;-8,104075;-34,94863;SR-PE;UOP01;DEL01
276824;22/03/2020;domingo;11:15:00;PB;230;142,2;CAMPINA GRANDE;Defeito Mecânico no Veículo;Tombamento;Com Vítimas Feridas;Pleno dia;Crescente;Nublado;Dupla;Não Informado;Não;2;0;2;0;0;0;2;1;-7,255882;-35,82091;SR-PB;UOP01;DEL02
276825;22/03/2020;domingo;12:00:00;MG;153;9;ARAPORA;Falta de Atenção à Condução;Saída de leito carroçável;Com Vítimas Feridas;Pleno dia;Decrescente;Céu Claro;Dupla;Reta;Não;1;0;0;1;0;0;1;1;-18,48778;-49,18862;SR-MG;UOP03;DEL15
276826;23/02/2020;domingo;12:20:00;ES;101;66;SAO MATEUS;Falta de Atenção à Condução;Queda de ocupante de veículo;Com Vítimas Feridas;Pleno dia;Crescente;Chuva;Múltipla;Retorno Regulamentado;Sim;1;0;0;1;0;0;1;1;-18,71685;-39,8744;SR-ES;UOP02;DEL04
276827;22/03/2020;domingo;12:45:00;PE;101;71;RECIFE;Defeito Mecânico no Veículo;Saída de leito carroçável;Com Vítimas Feridas;Pleno dia;Decrescente;Céu Claro;Múltipla;Reta;Sim;1;0;1;0;0;0;1;1;-8,076887;-34,94291;SR-PE;UOP01;DEL01
276828;22/03/2020;domingo;13:38:00;PE;101;71;RECIFE;Falta de Atenção do Pedestre;Atropelamento de Pedestre;Sem Vítimas;Pleno dia;Crescente;Sol;Múltipla;Reta;Sim;2;0;0;0;1;1;0;1;-8,076631;-34,94278;SR-PE;UOP01;DEL01
276829;22/03/2020;domingo;13:15:00;SP;116;368;MIRACATU;Condutor Dormindo;Saída de leito carroçável;Com Vítimas Feridas;Pleno dia;Crescente;Céu Claro;Dupla;Curva;Não;2;0;2;0;0;0;2;1;-24,14719;-47,30268;SR-SP;UOP02;DEL04
276831;22/03/2020;domingo;14:00:00;MG;262;361;BETIM;Falta de Atenção à Condução;Colisão traseira;Sem Vítimas;Pleno dia;Decrescente;Nublado;Dupla;Reta;Não;1;0;0;0;1;0;0;1;-19,97906;-44,21765;SR-MG;UOP03;DEL01
276832;22/03/2020;domingo;09:30:00;BA;242;447,8;SEABRA;Condutor Dormindo;Colisão traseira;Com Vítimas Fatais;Pleno dia;Decrescente;Nublado;Simples;Desvio Temporário;Não;5;1;2;1;1;0;3;2;-12,42671;-42,04403;SR-BA;UOP01;DEL06
276833;22/03/2020;domingo;14:35:00;DF;70;13;BRASILIA;Avarias e/ou desgaste excessivo no pneu;Saída de leito carroçável;Com Vítimas Feridas;Pleno dia;Crescente;Nublado;Dupla;Reta;Sim;1;0;1;0;0;0;1;1;-15,79452;-48,16653;SR-DF;UOP03;DEL01
276834;22/03/2020;domingo;14:00:00;GO;60;185,1;GUAPO;Fenômenos da Natureza;Saída de leito carroçável;Com Vítimas Feridas;Pleno dia;Decrescente;Chuva;Dupla;Reta;Não;3;0;1;0;2;0;1;1;-16,7956;-49,51;SR-GO;UOP02;DEL01
276835;22/03/2020;domingo;14:40:00;RS;290;87;PORTO ALEGRE;Falta de Atenção à Condução;Saída de leito carroçável;Com Vítimas Feridas;Pleno dia;Decrescente;Céu Claro;Dupla;Reta;Não;1;0;1;0;0;0;1;1;-29,96784;-51,1272;SR-RS;UOP01;DEL01
276836;22/03/2020;domingo;14:45:00;DF;20;8;BRASILIA;Velocidade Incompatível;Tombamento;Sem Vítimas;Pleno dia;Decrescente;Garoa/Chuvisco;Dupla;Não Informado;Sim;1;0;0;0;1;0;0;1;-15,65839;-47,79153;SR-DF;UOP01;DEL02
276838;22/03/2020;domingo;15:30:00;MG;381;580;CARMOPOLIS DE MINAS;Falta de Atenção à Condução;Queda de ocupante de veículo;Com Vítimas Feridas;Pleno dia;Crescente;Céu Claro;Dupla;Reta;Não;1;0;1;0;0;0;1;1;-20,50796;-44,61145;SR-MG;UOP01;DEL04
276839;22/03/2020;domingo;14:00:00;MT;163;43;ITIQUIRA;Falta de Atenção à Condução;Saída de leito carroçável;Com Vítimas Feridas;Pleno dia;Decrescente;Céu Claro;Dupla;Reta;Não;1;0;1;0;0;0;1;1;-17,13726;-54,75757;SR-MT;DEL2/2;UOP02/MT
276840;22/03/2020;domingo;12:10:00;RS;116;262;CANOAS;Defeito Mecânico no Veículo;Tombamento;Com Vítimas Feridas;Pleno dia;Crescente;Céu Claro;Dupla;Reta;Não;2;0;0;2;0;0;2;1;-29,89647;-51,17593;SR-RS;UOP01;DEL01
276841;22/03/2020;domingo;16:40:00;PR;476;137;CURITIBA;Ingestão de Álcool;Colisão transversal;Com Vítimas Feridas;Pleno dia;Decrescente;Céu Claro;Múltipla;Não Informado;Sim;2;0;1;0;1;0;1;1;-25,4983;-49,27755;SR-PR;UOP03;DEL01
276842;22/03/2020;domingo;15:50:00;PR;116;126;FAZENDA RIO GRANDE;Falta de Atenção à Condução;Engavetamento;Sem Vítimas;Pleno dia;Crescente;Céu Claro;Dupla;Reta;Sim;4;0;0;0;4;0;0;4;-25,63994;-49,31304;SR-PR;UOP03;DEL01
276843;22/03/2020;domingo;17:00:00;SP;116;6,2;QUELUZ;Desobediência às normas de trânsito pelo condutor;Atropelamento de Pedestre;Com Vítimas Feridas;Pleno dia;Decrescente;Sol;Dupla;Reta;Não;2;0;0;1;1;0;1;1;-22,53158;-44,75375;SR-SP;UOP01;DEL08
276844;22/03/2020;domingo;17:00:00;DF;20;19;BRASILIA;Ingestão de Álcool;Colisão traseira;Sem Vítimas;Pleno dia;Crescente;Chuva;Dupla;Reta;Não;2;0;0;0;2;0;0;2;-15,61218;-47,70093;SR-DF;UOP01;DEL02
276845;22/03/2020;domingo;15:10:00;RS;290;12,5;IRAI;Velocidade Incompatível;Tombamento;Com Vítimas Feridas;Pleno dia;Crescente;Céu Claro;Simples;Curva;Não;1;0;1;0;0;0;1;1;-27,22329;-53,32406;SR-RS;UOP01;DEL03
276847;22/03/2020;domingo;13:50:00;GO;60;275;JANDAIA;Velocidade Incompatível;Saída de leito carroçável;Com Vítimas Feridas;Pleno dia;Crescente;Chuva;Dupla;Reta;Não;4;0;3;1;0;0;4;1;-17,215;-50,1678;SR-GO;UOP01;DEL04
276848;22/03/2020;domingo;16:35:00;MG;40;683,5;RESSAQUINHA;Velocidade Incompatível;Tombamento;Com Vítimas Feridas;Pleno dia;Decrescente;Nublado;Simples;Não Informado;Não;1;0;1;0;0;0;1;1;-21,07337;-43,76905;SR-MG;UOP02;DEL05
276849;22/03/2020;domingo;14:22:00;PE;232;238,6;ARCOVERDE;Desobediência às normas de trânsito pelo condutor;Colisão frontal;Com Vítimas Fatais;Pleno dia;Crescente;Nublado;Simples;Não Informado;Não;4;1;0;0;3;0;0;2;-8,418333;-36,9387;SR-PE;UOP02;DEL03
276850;22/03/2020;domingo;15:50:00;BA;101;896;CARAVELAS;Velocidade Incompatível;Colisão frontal;Com Vítimas Feridas;Pleno dia;Decrescente;Chuva;Simples;Curva;Não;4;0;1;2;1;0;3;2;-17,75493;-39,7696;SR-BA;UOP02;DEL09
276851;22/03/2020;domingo;17:00:00;PI;316;34;DEMERVAL LOBAO;Falta de Atenção à Condução;Tombamento;Com Vítimas Feridas;Pleno dia;Decrescente;Céu Claro;Simples;Reta;Não;1;0;1;0;0;0;1;1;-5,356908;-42,67649;SR-PI;UOP02;DEL01
276852;22/03/2020;domingo;17:30:00;SC;116;107,7;MONTE CASTELO;Velocidade Incompatível;Tombamento;Com Vítimas Fatais;Pleno dia;Decrescente;Sol;Simples;Curva;Não;1;1;0;0;0;0;0;1;-26,75569;-50,32812;SR-SC;UOP02;DEL06
276853;22/03/2020;domingo;16:00:00;BA;116;672;JEQUIE;Falta de Atenção à Condução;Saída de leito carroçável;Sem Vítimas;Pleno dia;Decrescente;Nublado;Simples;Reta;Sim;1;0;0;0;1;0;0;1;-13,7997;-40,1113;SR-BA;UOP01;DEL03
276854;22/03/2020;domingo;14:00:00;MT;70;530;VARZEA GRANDE;Falta de Atenção à Condução;Saída de leito carroçável;Com Vítimas Feridas;Pleno dia;Decrescente;Céu Claro;Simples;Reta;Não;3;0;2;0;1;0;2;1;-15,64921;-56,19486;SR-MT;UOP02;DEL05
276855;22/03/2020;domingo;17:50:00;SC;101;321;PESCARIA BRAVA;Falta de Atenção à Condução;Queda de ocupante de veículo;Com Vítimas Feridas;Anoitecer;Crescente;Céu Claro;Dupla;Reta;Não;1;0;1;0;0;0;1;1;-28,42532;-48,89191;SR-SC;UOP01;DEL02
276856;22/03/2020;domingo;15:40:00;SC;470;177;POUSO REDONDO;Falta de Atenção à Condução;Colisão transversal;Com Vítimas Feridas;Pleno dia;Crescente;Céu Claro;Simples;Rotatória;Não;3;0;1;1;0;1;2;2;-27,25186;-49,958;SR-SC;UOP02;DEL04
276857;22/03/2020;domingo;15:00:00;BA;407;98;JAGUARARI;Velocidade Incompatível;Saída de leito carroçável;Com Vítimas Feridas;Pleno dia;Decrescente;Chuva;Simples;Reta;Não;4;0;2;0;2;0;2;1;-10,22018;-40,21285;SR-BA;UOP01;DEL04
276859;22/03/2020;domingo;18:40:00;GO;40;4,6;VALPARAISO DE GOIAS;Ingestão de Álcool;Colisão traseira;Sem Vítimas;Anoitecer;Decrescente;Nublado;Dupla;Reta;Sim;2;0;0;0;2;0;0;2;-16,08524;-47,98675;SR-DF;UOP01;DEL01
276860;22/03/2020;domingo;19:15:00;PR;277;8,4;PARANAGUA;Falta de Atenção do Pedestre;Atropelamento de Pedestre;Com Vítimas Fatais;Plena Noite;Decrescente;Céu Claro;Dupla;Reta;Não;2;1;1;0;0;0;1;1;-25,5682;-48,61529;SR-PR;UOP07;DEL01
276861;22/03/2020;domingo;16:40:00;MG;262;896,8;CAMPO FLORIDO;Velocidade Incompatível;Saída de leito carroçável;Com Vítimas Feridas;Pleno dia;Decrescente;Nublado;Simples;Desvio Temporário;Não;1;0;0;1;0;0;1;1;-19,71052;-48,74292;SR-MG;UOP02;DEL13
276862;22/03/2020;domingo;18:40:00;PB;101;95,2;CONDE;Falta de Atenção à Condução;Colisão com objeto estático;Com Vítimas Feridas;Plena Noite;Decrescente;Céu Claro;Múltipla;Reta;Não;1;0;1;0;0;0;1;1;-7,223794;-34,91488;SR-PB;UOP01;DEL01
276863;22/03/2020;domingo;19:20:00;SC;101;236;PALHOCA;Falta de Atenção à Condução;Colisão com objeto estático;Sem Vítimas;Anoitecer;Decrescente;Céu Claro;Simples;Curva;Não;1;0;0;0;0;1;0;1;-27,82629;-48,63035;SR-SC;UOP02;DEL01
276864;22/03/2020;domingo;19:15:00;RS;290;143,7;ELDORADO DO SUL;Desobediência às normas de trânsito pelo condutor;Colisão lateral;Com Vítimas Feridas;Plena Noite;Crescente;Céu Claro;Simples;Desvio Temporário;Sim;3;0;0;2;1;0;2;2;-30,09331;-51,6378;SR-RS;UOP01;DEL02
276865;22/03/2020;domingo;17:10:00;PR;116;37,6;CAMPINA GRANDE DO SUL;Defeito Mecânico no Veículo;Saída de leito carroçável;Sem Vítimas;Pleno dia;Decrescente;Garoa/Chuvisco;Dupla;Desvio Temporário;Não;1;0;0;0;1;0;0;1;-25,13989;-48,85619;SR-PR;UOP02;DEL01
276866;22/03/2020;domingo;19:35:00;MG;381;488,1;BETIM;Falta de Atenção à Condução;Colisão com objeto estático;Com Vítimas Feridas;Plena Noite;Decrescente;Céu Claro;Múltipla;Reta;Sim;1;0;1;0;0;0;1;1;-19,95689;-44,13517;SR-MG;UOP03;DEL01
276867;22/03/2020;domingo;18:50:00;RS;392;53,9;RIO GRANDE;Falta de Atenção à Condução;Saída de leito carroçável;Com Vítimas Feridas;Plena Noite;Decrescente;Céu Claro;Dupla;Reta;Não;2;0;1;1;0;0;2;1;-31,84727;-52,32688;SR-RS;UOP02;DEL07
276868;22/03/2020;domingo;19:45:00;CE;20;406;CAUCAIA;Ingestão de Álcool;Queda de ocupante de veículo;Com Vítimas Feridas;Plena Noite;Decrescente;Céu Claro;Simples;Viaduto;Não;1;0;1;0;0;0;1;1;-3,76999;-38,67006;SR-CE;UOP01;DEL01
276869;22/03/2020;domingo;16:40:00;RS;116;221;DOIS IRMAOS;Desobediência às normas de trânsito pelo condutor;Queda de ocupante de veículo;Com Vítimas Feridas;Pleno dia;Crescente;Céu Claro;Dupla;Curva;Sim;1;0;1;0;0;0;1;1;-29,57244;-51,09625;SR-RS;UOP02;DEL01
276870;22/03/2020;domingo;19:45:00;SP;116;207,5;GUARULHOS;Desobediência às normas de trânsito pelo pedestre;Atropelamento de Pedestre;Com Vítimas Fatais;Plena Noite;Decrescente;Nublado;Dupla;Reta;Não;2;1;0;0;0;1;0;1;-23,41972;-46,38419;SR-SP;UOP01;DEL01
276871;22/03/2020;domingo;19:15:00;RJ;116;208,9;SEROPEDICA;Ingestão de Álcool;Saída de leito carroçável;Com Vítimas Feridas;Plena Noite;Decrescente;Nublado;Dupla;Curva;Sim;1;0;1;0;0;0;1;1;-22,71145;-43,73552;SR-RJ;UOP03;DEL01
276872;22/03/2020;domingo;17:40:00;RJ;393;175;TRES RIOS;Falta de Atenção à Condução;Queda de ocupante de veículo;Com Vítimas Feridas;Anoitecer;Crescente;Nublado;Simples;Rotatória;Não;2;0;1;1;0;0;2;1;-22,1231;-43,20364;SR-RJ;UOP01;DEL06
276873;22/03/2020;domingo;19:35:00;SC;101;194;BIGUACU;Velocidade Incompatível;Saída de leito carroçável;Sem Vítimas;Plena Noite;Crescente;Céu Claro;Múltipla;Reta;Não;1;0;0;0;0;1;0;1;-27,49815;-48,65661;SR-SC;UOP01;DEL01
276874;22/03/2020;domingo;19:00:00;PR;476;196;LAPA;Restrição de Visibilidade;Saída de leito carroçável;Sem Vítimas;Plena Noite;Crescente;Céu Claro;Simples;Reta;Sim;1;0;0;0;0;1;0;1;-25,75654;-49,72961;SR-PR;UOP04;DEL01
276875;22/03/2020;domingo;20:10:00;RJ;40;121;DUQUE DE CAXIAS;Falta de Atenção do Pedestre;Atropelamento de Pedestre;Com Vítimas Fatais;Plena Noite;Crescente;Céu Claro;Múltipla;Reta;Sim;3;1;0;0;2;0;0;2;-22,78185;-43,28571;SR-RJ;UOP01;DEL01
276876;22/03/2020;domingo;18:00:00;MG;365;402,8;PATOS DE MINAS;Velocidade Incompatível;Colisão lateral;Com Vítimas Feridas;Anoitecer;Crescente;Chuva;Simples;Não Informado;Não;5;0;3;1;1;0;4;2;-18,63876;-46,44951;SR-MG;UOP01;DEL10
276877;22/03/2020;domingo;19:50:00;MG;262;155;SAO DOMINGOS DO PRATA;Defeito Mecânico no Veículo;Colisão com objeto estático;Com Vítimas Feridas;Plena Noite;Decrescente;Céu Claro;Simples;Não Informado;Não;1;0;1;0;0;0;1;1;-19,9777;-42,80194;SR-MG;UOP03;DEL03
276878;22/03/2020;domingo;20:40:00;MG;40;492;ESMERALDAS;Desobediência às normas de trânsito pelo condutor;Tombamento;Com Vítimas Feridas;Plena Noite;Decrescente;Céu Claro;Dupla;Curva;Não;1;0;1;0;0;0;1;1;-19,63738;-44,20373;SR-MG;UOP01;DEL02
276879;22/03/2020;domingo;19:45:00;SP;153;155,3;PROMISSAO;Defeito Mecânico no Veículo;Colisão traseira;Com Vítimas Feridas;Plena Noite;Crescente;Céu Claro;Simples;Reta;Não;2;0;1;0;1;0;1;2;-21,46234;-49,78273;SR-SP;UOP01;DEL07
276880;04/03/2020;quarta-feira;07:55:00;RS;116;515,8;PELOTAS;Desobediência às normas de trânsito pelo condutor;Engavetamento;Com Vítimas Feridas;Pleno dia;Crescente;Céu Claro;Simples;Reta;Sim;3;0;2;0;1;0;2;3;-31,66114;-52,33868;SR-RS;UOP01;DEL07
276881;22/03/2020;domingo;19:50:00;SP;153;202,9;GETULINA;Objeto estático sobre o leito carroçável;Saída de leito carroçável;Com Vítimas Feridas;Plena Noite;Crescente;Céu Claro;Simples;Reta;Não;2;0;1;0;1;0;1;1;-21,83771;-49,904;SR-SP;UOP01;DEL07
276882;22/03/2020;domingo;19:40:00;RS;290;32,6;SANTO ANTONIO DA PATRULHA;Condutor Dormindo;Saída de leito carroçável;Com Vítimas Fatais;Plena Noite;Crescente;Céu Claro;Múltipla;Reta;Não;1;1;0;0;0;0;0;1;-29,88484;-50,57605;SR-RS;UOP01;DEL03
276883;22/03/2020;domingo;19:30:00;SC;282;174;BOCAINA DO SUL;Animais na Pista;Saída de leito carroçável;Sem Vítimas;Plena Noite;Crescente;Céu Claro;Simples;Reta;Não;2;0;0;0;2;0;0;1;-27,74256;-49,88225;SR-SC;UOP01;DEL05
276884;22/03/2020;domingo;19:53:00;SP;116;108,1;TAUBATE;Velocidade Incompatível;Colisão traseira;Com Vítimas Feridas;Plena Noite;Decrescente;Céu Claro;Dupla;Reta;Não;2;0;1;0;0;1;1;2;-23,02331;-45,53764;SR-SP;UOP01;DEL06
276885;22/03/2020;domingo;18:45:00;SC;280;7,7;SAO FRANCISCO DO SUL;Velocidade Incompatível;Colisão com objeto estático;Sem Vítimas;Plena Noite;Decrescente;Céu Claro;Simples;Reta;Sim;1;0;0;0;0;1;0;1;-26,27657;-48,64502;SR-SC;UOP03;DEL03
276886;22/03/2020;domingo;20:30:00;RS;287;520;SAO BORJA;Animais na Pista;Atropelamento de Animal;Com Vítimas Feridas;Plena Noite;Crescente;Céu Claro;Simples;Reta;Não;2;0;2;0;0;0;2;1;-28,72913;-55,849;SR-RS;UOP01;DEL12
276887;22/03/2020;domingo;19:00:00;BA;242;820;BARREIRAS;Não guardar distância de segurança;Colisão lateral;Com Vítimas Feridas;Plena Noite;Crescente;Céu Claro;Simples;Reta;Não;2;0;1;0;0;1;1;2;-12,12324;-45,03301;SR-BA;UOP01;DEL10