id;data_inversa;dia_semana;horario;uf;br;km;municipio;causa_acidente;tipo_acidente;classificacao_acidente;fase_dia;sentido_via;condicao_metereologica;tipo_pista;tracado_via;uso_solo;pessoas;mortos;feridos_leves;feridos_graves;ilesos;ignorados;feridos;veiculos;latitude;longitude;regional;delegacia;uop
276993;23/03/2020;segunda-feira;19:20:00;SC;470;22,8;ILHOTA;Falta de Atenção à Condução;Colisão traseira;Com Vítimas Feridas;Plena Noite;Decrescente;Nublado;Dupla;Reta;Não;2;0;1;0;0;1;1;2;-26,88007;-48,83622;SR-SC;UOP04;DEL04
276994;21/03/2020;sábado;16:30:00;RS;285;97,5;MONTE ALEGRE DOS CAMPOS;Velocidade Incompatível;Saída de leito carroçável;Com Vítimas Feridas;Pleno dia;Crescente;Céu Claro;Simples;Curva;Não;1;0;0;1;0;0;1;1;-28,5934;-50,75154;SR-RS;UOP03;DEL05
276996;23/03/2020;segunda-feira;20:00:00;MG;381;450;SABARA;Falta de Atenção à Condução;Colisão com objeto estático;Sem Vítimas;Plena Noite;Decrescente;Céu Claro;Simples;Desvio Temporário;Sim;3;0;0;0;3;0;0;2;-19,8346;-43,85026;SR-MG;UOP01;DEL01
276997;23/03/2020;segunda-feira;20:00:00;MS;163;266,9;DOURADOS;Falta de Atenção à Condução;Colisão com objeto estático;Com Vítimas Feridas;Plena Noite;Crescente;Céu Claro;Dupla;Reta;Sim;2;0;2;0;0;0;2;1;-22,21821;-54,72287;SR-MS;UOP01;DEL04
276998;23/03/2020;segunda-feira;21:30:00;RS;285;297;PASSO FUNDO;Não guardar distância de segurança;Colisão traseira;Com Vítimas Fatais;Plena Noite;Crescente;Céu Claro;Simples;Reta;Não;5;1;0;1;3;0;1;2;-28,23488;-52,41115;SR-RS;UOP03;DEL08
276999;21/03/2020;sábado;21:30:00;RS;116;50;VACARIA;Animais na Pista;Atropelamento de Animal;Sem Vítimas;Plena Noite;Decrescente;Céu Claro;Simples;Reta;Não;1;0;0;0;1;0;0;1;-28,56764;-50,9969;SR-RS;UOP03;DEL05
277000;13/03/2020;sexta-feira;23:20:00;PE;101;69,4;RECIFE;Ingestão de Álcool;Colisão frontal;Com Vítimas Feridas;Plena Noite;Decrescente;Céu Claro;Dupla;Reta;Sim;2;0;1;1;0;0;2;2;-8,059516;-34,94581;SR-PE;UOP01;DEL01
277001;23/03/2020;segunda-feira;20:45:00;SC;163;67;SAO MIGUEL DO OESTE;Falta de Atenção à Condução;Colisão lateral;Com Vítimas Feridas;Plena Noite;Crescente;Céu Claro;Dupla;Reta;Sim;2;0;1;0;1;0;1;2;-26,75944;-53,50055;SR-SC;UOP03;DEL07
277002;23/03/2020;segunda-feira;20:40:00;MG;381;576,5;ITAGUARA;Falta de Atenção à Condução;Colisão transversal;Com Vítimas Feridas;Plena Noite;Crescente;Céu Claro;Dupla;Curva;Não;3;0;1;0;1;1;1;2;-20,481;-44,58883;SR-MG;UOP03;DEL04
277003;23/03/2020;segunda-feira;16:25:00;SC;158;136,4;PALMITOS;Velocidade Incompatível;Saída de leito carroçável;Com Vítimas Feridas;Pleno dia;Decrescente;Céu Claro;Simples;Não Informado;Não;1;0;1;0;0;0;1;1;-27,08488;-53,21966;SR-SC;UOP02;DEL07
277005;23/03/2020;segunda-feira;21:10:00;SP;116;145;SAO JOSE DOS CAMPOS;Falta de Atenção à Condução;Queda de ocupante de veículo;Com Vítimas Feridas;Plena Noite;Crescente;Céu Claro;Dupla;Desvio Temporário;Sim;2;0;2;0;0;0;2;1;-23,18698;-45,85481;SR-SP;UOP01;DEL02
277006;23/03/2020;segunda-feira;21:40:00;BA;324;545;AMELIA RODRIGUES;Desobediência às normas de trânsito pelo condutor;Colisão transversal;Com Vítimas Feridas;Plena Noite;Crescente;Chuva;Dupla;Curva;Sim;3;0;1;0;2;0;1;2;-12,40647;-38,75314;SR-BA;UOP01;DEL01
277007;23/03/2020;segunda-feira;20:00:00;BA;116;663;JEQUIE;Desobediência às normas de trânsito pelo condutor;Colisão frontal;Com Vítimas Fatais;Plena Noite;Decrescente;Céu Claro;Simples;Não Informado;Não;2;1;0;0;1;0;0;2;-13,72455;-40,09665;SR-BA;UOP01;DEL03
277008;23/03/2020;segunda-feira;21:59:00;SP;116;34,2;CACHOEIRA PAULISTA;Falta de Atenção à Condução;Colisão traseira;Com Vítimas Feridas;Plena Noite;Crescente;Céu Claro;Dupla;Desvio Temporário;Sim;2;0;1;0;1;0;1;2;-22,65447;-44,9594;SR-SP;UOP01;DEL08
277009;24/03/2020;terça-feira;00:10:00;ES;101;270,5;SERRA;Falta de Atenção à Condução;Colisão transversal;Com Vítimas Fatais;Plena Noite;Crescente;Céu Claro;Dupla;Reta;Sim;3;1;0;1;1;0;1;2;-20,22662;-40,27075;SR-ES;UOP01;DEL02
277010;23/03/2020;segunda-feira;17:40:00;MT;364;505;JANGADA;Defeito na Via;Tombamento;Com Vítimas Feridas;Anoitecer;Crescente;Céu Claro;Simples;Desvio Temporário;Não;1;0;1;0;0;0;1;1;-15,22162;-56,49997;SR-MT;DEL2/4;UOP02/MT
277011;23/03/2020;segunda-feira;21:20:00;BA;101;328;PRESIDENTE TANCREDO NEVES;Velocidade Incompatível;Colisão transversal;Com Vítimas Feridas;Plena Noite;Crescente;Nublado;Simples;Curva;Não;2;0;0;1;1;0;1;2;-13,45941;-39,41719;SR-BA;UOP03;DEL05
277012;23/03/2020;segunda-feira;22:30:00;SC;282;58;RANCHO QUEIMADO;Velocidade Incompatível;Tombamento;Com Vítimas Feridas;Plena Noite;Decrescente;Céu Claro;Simples;Curva;Sim;1;0;0;1;0;0;1;1;-27,68359;-49,00554;SR-SC;UOP03;DEL01
277013;23/03/2020;segunda-feira;20:00:00;RS;285;100;VACARIA;Animais na Pista;Atropelamento de Animal;Sem Vítimas;Plena Noite;Decrescente;Céu Claro;Simples;Reta;Não;3;0;0;0;3;0;0;1;-28,57804;-50,77454;SR-RS;UOP03;DEL05
277014;24/03/2020;terça-feira;01:00:00;PR;369;33,9;CAMBARA;Velocidade Incompatível;Tombamento;Com Vítimas Feridas;Plena Noite;Crescente;Céu Claro;Simples;Curva;Não;2;0;2;0;0;0;2;1;-23,03145;-50,20626;SR-PR;UOP04;DEL07
277015;24/03/2020;terça-feira;01:25:00;MG;50;121,3;UBERABA;Condutor Dormindo;Saída de leito carroçável;Com Vítimas Feridas;Plena Noite;Decrescente;Céu Claro;Dupla;Reta;Não;1;0;1;0;0;0;1;1;-19,31648;-48,10646;SR-MG;UOP01;DEL13
277016;24/03/2020;terça-feira;00:30:00;MG;116;702,1;MURIAE;Velocidade Incompatível;Capotamento;Com Vítimas Feridas;Plena Noite;Crescente;Nublado;Simples;Curva;Sim;1;0;1;0;0;0;1;1;-21,11938;-42,38006;SR-MG;UOP02;DEL07
277017;24/03/2020;terça-feira;03:50:00;MG;40;552,1;NOVA LIMA;Velocidade Incompatível;Saída de leito carroçável;Com Vítimas Feridas;Plena Noite;Crescente;Céu Claro;Dupla;Reta;Sim;1;0;0;1;0;0;1;1;-20,06863;-43,98195;SR-MG;UOP02;DEL01
277018;24/03/2020;terça-feira;04:40:00;MG;251;449,7;GRAO MOGOL;Velocidade Incompatível;Saída de leito carroçável;Com Vítimas Feridas;Plena Noite;Decrescente;Chuva;Simples;Não Informado;Não;2;0;1;1;0;0;2;1;-16,42053;-43,28967;SR-MG;UOP01;DEL12
277019;24/03/2020;terça-feira;04:30:00;SP;116;128,2;CACAPAVA;Falta de Atenção do Pedestre;Atropelamento de Pedestre;Com Vítimas Fatais;Plena Noite;Decrescente;Nublado;Dupla;Reta;Sim;2;1;0;0;0;1;0;1;-23,11323;-45,70843;SR-SP;UOP01;DEL06
277020;24/03/2020;terça-feira;06:00:00;PB;230;191,7;POCINHOS;Não guardar distância de segurança;Colisão frontal;Com Vítimas Feridas;Amanhecer;Decrescente;Nublado;Simples;Reta;Não;2;0;2;0;0;0;2;2;-7,1331;-36,1616;SR-PB;UOP02;DEL02
277021;24/03/2020;terça-feira;04:30:00;MT;364;353;SANTO ANTONIO DO LEVERGER;Desobediência às normas de trânsito pelo condutor;Colisão traseira;Com Vítimas Fatais;Plena Noite;Decrescente;Céu Claro;Dupla;Desvio Temporário;Não;2;1;0;0;0;1;0;2;-15,802;-55,61327;SR-MT;UOP02;DEL01
277022;24/03/2020;terça-feira;07:00:00;MG;40;513;RIBEIRAO DAS NEVES;Não guardar distância de segurança;Queda de ocupante de veículo;Com Vítimas Feridas;Pleno dia;Crescente;Céu Claro;Dupla;Curva;Sim;1;0;1;0;0;0;1;1;-19,79705;-44,10805;SR-MG;UOP02;DEL01
277023;24/03/2020;terça-feira;05:40:00;GO;40;27,4;LUZIANIA;Desobediência às normas de trânsito pelo condutor;Colisão transversal;Com Vítimas Feridas;Amanhecer;Decrescente;Nevoeiro/Neblina;Dupla;Interseção de vias;Não;2;0;0;1;1;0;1;2;-16,26865;-47,88297;SR-DF;UOP01;DEL01
277024;09/02/2020;domingo;03:10:00;SC;470;50;BLUMENAU;Ingestão de Álcool;Tombamento;Com Vítimas Feridas;Plena Noite;Crescente;Céu Claro;Simples;Túnel;Não;1;0;1;0;0;0;1;1;-26,85977;-49,07449;SR-SC;DEL8/4;UOP01/SC
277025;24/03/2020;terça-feira;05:49:00;SP;116;15,9;LAVRINHAS;Falta de Atenção à Condução;Colisão com objeto estático;Com Vítimas Feridas;Amanhecer;Decrescente;Céu Claro;Dupla;Curva;Sim;1;0;1;0;0;0;1;1;-22,56007;-44,82887;SR-SP;UOP01;DEL08
277026;24/03/2020;terça-feira;07:00:00;SC;282;1;FLORIANOPOLIS;Falta de Atenção à Condução;Colisão traseira;Com Vítimas Feridas;Pleno dia;Decrescente;Céu Claro;Dupla;Reta;Sim;2;0;0;1;1;0;1;2;-27,60296;-48,58051;SR-SC;UOP01;DEL01
277027;24/03/2020;terça-feira;06:40:00;MG;116;712,2;MURIAE;Velocidade Incompatível;Tombamento;Com Vítimas Feridas;Pleno dia;Decrescente;Céu Claro;Simples;Não Informado;Não;1;0;1;0;0;0;1;1;-21,17942;-42,37339;SR-MG;UOP02;DEL07
277028;24/03/2020;terça-feira;06:20:00;MG;40;515;RIBEIRAO DAS NEVES;Não guardar distância de segurança;Colisão lateral;Com Vítimas Feridas;Pleno dia;Crescente;Céu Claro;Dupla;Reta;Não;2;0;1;0;1;0;1;2;-19,80901;-44,09493;SR-MG;UOP02;DEL01
277029;23/03/2020;segunda-feira;21:20:00;SC;163;2;DIONISIO CERQUEIRA;Defeito Mecânico no Veículo;Danos eventuais;Sem Vítimas;Plena Noite;Crescente;Céu Claro;Simples;Não Informado;Sim;1;0;0;0;1;0;0;1;-26,26896;-53,62916;SR-SC;UOP04;DEL07
277030;24/03/2020;terça-feira;08:10:00;ES;101;65,5;SAO MATEUS;Desobediência às normas de trânsito pelo condutor;Colisão lateral;Com Vítimas Feridas;Pleno dia;Decrescente;Céu Claro;Simples;Reta;Sim;2;0;0;1;1;0;1;2;-18,70936;-39,87762;SR-ES;UOP02;DEL04
277031;24/03/2020;terça-feira;07:30:00;MS;163;476,2;CAMPO GRANDE;Falta de Atenção do Pedestre;Atropelamento de Pedestre;Com Vítimas Feridas;Pleno dia;Crescente;Céu Claro;Simples;Reta;Sim;2;0;0;1;0;1;1;1;-20,51163;-54,56031;SR-MS;UOP01;DEL01
277032;17/03/2020;terça-feira;07:00:00;SC;470;57,5;BLUMENAU;Falta de Atenção à Condução;Engavetamento;Com Vítimas Feridas;Pleno dia;Crescente;Nublado;Simples;Reta;Sim;5;0;1;0;4;0;1;4;-26,88043;-49,13653;SR-SC;UOP01;DEL04
277033;24/03/2020;terça-feira;08:20:00;MG;381;296;ANTONIO DIAS;Mal Súbito;Saída de leito carroçável;Com Vítimas Feridas;Pleno dia;Crescente;Céu Claro;Simples;Não Informado;Não;1;0;1;0;0;0;1;1;-19,62698;-42,87082;SR-MG;UOP02;DEL03
277034;24/03/2020;terça-feira;06:30:00;SP;116;545;BARRA DO TURVO;Desobediência às normas de trânsito pelo condutor;Tombamento;Com Vítimas Feridas;Amanhecer;Crescente;Sol;Simples;Curva;Não;1;0;1;0;0;0;1;1;-24,95017;-48,424;SR-SP;UOP02;DEL05
277035;24/03/2020;terça-feira;07:20:00;SP;381;13;VARGEM;Condutor Dormindo;Colisão traseira;Com Vítimas Feridas;Pleno dia;Crescente;Céu Claro;Dupla;Reta;Não;3;0;0;2;1;0;2;2;-22,9332;-46,4698;SR-SP;UOP01;DEL03
277036;24/03/2020;terça-feira;07:10:00;MS;163;614;SAO GABRIEL DO OESTE;Desobediência às normas de trânsito pelo condutor;Colisão transversal;Sem Vítimas;Pleno dia;Decrescente;Céu Claro;Simples;Reta;Sim;4;0;0;0;4;0;0;2;-19,40629;-54,561;SR-MS;UOP02;DEL06
277038;24/03/2020;terça-feira;06:30:00;MT;163;837;SINOP;Desobediência às normas de trânsito pelo condutor;Saída de leito carroçável;Sem Vítimas;Pleno dia;Crescente;Chuva;Dupla;Reta;Sim;1;0;0;0;1;0;0;1;-11,96896;-55,51696;SR-MT;UOP02;DEL06
277039;24/03/2020;terça-feira;07:50:00;RJ;116;222;PIRAI;Carga excessiva e/ou mal acondicionada;Tombamento;Sem Vítimas;Pleno dia;Decrescente;Sol;Dupla;Curva;Não;1;0;0;0;1;0;0;1;-22,6897;-43,79175;SR-RJ;UOP01;DEL07
277040;29/02/2020;sábado;20:11:00;CE;222;121;ITAPAJE;Desobediência às normas de trânsito pelo condutor;Colisão transversal;Com Vítimas Feridas;Plena Noite;Decrescente;Céu Claro;Simples;Reta;Sim;2;0;1;0;1;0;1;2;-3,707015;-39,56969;SR-CE;UOP03;DEL04
277041;24/03/2020;terça-feira;08:20:00;RS;470;35,1;BARRACAO;Defeito Mecânico no Veículo;Capotamento;Sem Vítimas;Pleno dia;Decrescente;Céu Claro;Simples;Reta;Não;1;0;0;0;1;0;0;1;-27,85677;-51,45095;SR-RS;UOP05;DEL08
277042;19/03/2020;quinta-feira;19:00:00;BA;415;18;ILHEUS;Falta de Atenção à Condução;Colisão frontal;Com Vítimas Feridas;Plena Noite;Decrescente;Nublado;Simples;Reta;Não;2;0;0;1;1;0;1;2;-14,8482;-39,28199;SR-BA;UOP01;DEL05
277043;24/03/2020;terça-feira;10:45:00;SP;116;121,6;CACAPAVA;Falta de Atenção à Condução;Colisão com objeto estático;Com Vítimas Feridas;Pleno dia;Decrescente;Céu Claro;Dupla;Reta;Não;1;0;1;0;0;0;1;1;-23,07631;-45,65337;SR-SP;UOP01;DEL06
277044;24/03/2020;terça-feira;09:44:00;SC;101;98,8;BALNEARIO PICARRAS;Pista Escorregadia;Saída de leito carroçável;Com Vítimas Feridas;Pleno dia;Crescente;Chuva;Dupla;Curva;Não;1;0;0;1;0;0;1;1;-26,73761;-48,69919;SR-SC;UOP02;DEL03
277045;24/03/2020;terça-feira;11:10:00;PA;222;238,3;MARABA;Desobediência às normas de trânsito pelo condutor;Colisão transversal;Com Vítimas Feridas;Pleno dia;Decrescente;Céu Claro;Simples;Reta;Sim;2;0;1;0;1;0;1;2;-5,301523;-49,0724;SR-PA;UOP01;DEL03
277046;24/03/2020;terça-feira;11:15:00;ES;101;148;LINHARES;Desobediência às normas de trânsito pelo condutor;Colisão transversal;Com Vítimas Feridas;Pleno dia;Crescente;Sol;Múltipla;Interseção de vias;Não;2;0;1;0;1;0;1;2;-19,38787;-40,06753;SR-ES;UOP01;DEL04
277047;24/03/2020;terça-feira;11:32:00;PR;376;176,7;MARINGA;Desobediência às normas de trânsito pelo condutor;Colisão transversal;Com Vítimas Feridas;Pleno dia;Crescente;Céu Claro;Dupla;Não Informado;Sim;2;0;1;0;1;0;1;2;-23,41269;-51,93158;SR-PR;UOP01;DEL09
277048;24/03/2020;terça-feira;06:20:00;MA;222;341,5;MONCAO;Defeito na Via;Colisão frontal;Com Vítimas Feridas;Pleno dia;Decrescente;Sol;Simples;Reta;Não;2;0;1;0;1;0;1;2;-3,657247;-45,21667;SR-MA;UOP01;DEL02
277049;24/03/2020;terça-feira;12:30:00;GO;50;299,7;CUMARI;Falta de Atenção à Condução;Colisão transversal;Com Vítimas Feridas;Pleno dia;Decrescente;Céu Claro;Simples;Reta;Não;2;0;0;1;1;0;1;2;-18,3296;-48,025;SR-GO;UOP01;DEL06
277050;24/03/2020;terça-feira;11:45:00;MT;163;1038;MATUPA;Velocidade Incompatível;Saída de leito carroçável;Com Vítimas Feridas;Pleno dia;Crescente;Céu Claro;Simples;Curva;Não;2;0;1;1;0;0;2;1;-10,19186;-54,9506;SR-MT;UOP02;DEL06
277052;24/03/2020;terça-feira;13:20:00;SC;101;209,8;SAO JOSE;Falta de Atenção à Condução;Colisão lateral;Sem Vítimas;Pleno dia;Crescente;Céu Claro;Múltipla;Reta;Sim;4;0;0;0;3;1;0;4;-27,61001;-48,63895;SR-SC;UOP01;DEL01
277053;24/03/2020;terça-feira;13:20:00;MG;50;124;UBERABA;Falta de Atenção à Condução;Colisão traseira;Com Vítimas Feridas;Pleno dia;Decrescente;Céu Claro;Dupla;Reta;Não;2;0;0;1;1;0;1;2;-19,34165;-48,09547;SR-MG;UOP01;DEL13
277054;24/03/2020;terça-feira;12:50:00;BA;324;1,5;FEIRA DE SANTANA;Mal Súbito;Saída de leito carroçável;Com Vítimas Feridas;Pleno dia;Crescente;Nublado;Simples;Reta;Sim;1;0;1;0;0;0;1;1;-12,28162;-38,94519;SR-BA;UOP01;DEL02
277055;24/03/2020;terça-feira;12:45:00;RO;364;345,4;JI-PARANA;Velocidade Incompatível;Colisão traseira;Com Vítimas Feridas;Pleno dia;Decrescente;Céu Claro;Dupla;Curva;Sim;3;0;1;0;1;1;1;3;-10,86787;-61,96566;SR-RO;UOP01;DEL02
277056;24/03/2020;terça-feira;13:00:00;ES;101;269;SERRA;Falta de Atenção à Condução;Colisão traseira;Com Vítimas Feridas;Pleno dia;Decrescente;Céu Claro;Simples;Reta;Não;3;0;2;0;1;0;2;2;-20,2174;-40,26991;SR-ES;UOP01;DEL02
277057;01/02/2020;sábado;06:30:00;PI;316;362;VILA NOVA DO PIAUI;Falta de Atenção à Condução;Tombamento;Sem Vítimas;Pleno dia;Crescente;Céu Claro;Simples;Reta;Não;1;0;0;0;1;0;0;1;-7,135326;-41,01108;SR-PI;UOP03;DEL04
277058;24/03/2020;terça-feira;12:50:00;PI;316;326;PICOS;Falta de Atenção à Condução;Queda de ocupante de veículo;Sem Vítimas;Pleno dia;Crescente;Céu Claro;Simples;Não Informado;Não;1;0;0;0;0;1;0;1;-7,09967;-41,3351;SR-PI;UOP01;DEL04
277059;24/03/2020;terça-feira;12:30:00;PI;316;177;VALENCA DO PIAUI;Fenômenos da Natureza;Saída de leito carroçável;Com Vítimas Feridas;Pleno dia;Crescente;Chuva;Simples;Curva;Não;1;0;1;0;0;0;1;1;-6,230664;-41,97318;SR-PI;UOP02;DEL04
277060;24/03/2020;terça-feira;11:40:00;MG;262;36,7;MANHUACU;Falta de Atenção à Condução;Tombamento;Com Vítimas Feridas;Pleno dia;Crescente;Céu Claro;Simples;Reta;Sim;1;0;1;0;0;0;1;1;-20,25932;-42,02298;SR-MG;UOP04;DEL06
277061;21/02/2020;sexta-feira;10:30:00;ES;101;388,5;RIO NOVO DO SUL;Velocidade Incompatível;Tombamento;Com Vítimas Feridas;Pleno dia;Crescente;Sol;Simples;Curva;Não;1;0;0;1;0;0;1;1;-20,8569;-40,87678;SR-ES;UOP02;DEL03
277062;24/03/2020;terça-feira;14:45:00;MG;381;487,5;BETIM;Falta de Atenção à Condução;Queda de ocupante de veículo;Com Vítimas Feridas;Pleno dia;Crescente;Chuva;Dupla;Curva;Não;1;0;1;0;0;0;1;1;-19,95587;-44,1461;SR-MG;UOP03;DEL01
277065;05/03/2020;quinta-feira;09:20:00;PB;230;476;MARIZOPOLIS;Falta de Atenção à Condução;Colisão transversal;Sem Vítimas;Pleno dia;Crescente;Céu Claro;Simples;Rotatória;Não;2;0;0;0;2;0;0;2;-6,8298;-38,3177;SR-PB;UOP03;DEL03
277066;24/03/2020;terça-feira;15:15:00;CE;116;7;FORTALEZA;Não guardar distância de segurança;Colisão traseira;Com Vítimas Feridas;Pleno dia;Crescente;Sol;Múltipla;Reta;Sim;2;0;0;1;1;0;1;2;-3,816854;-38,50216;SR-CE;UOP02;DEL01
277067;24/02/2020;segunda-feira;18:50:00;RN;406;170;SAO GONCALO DO AMARANTE;Ingestão de Álcool;Colisão traseira;Com Vítimas Feridas;Plena Noite;Crescente;Céu Claro;Dupla;Reta;Sim;2;0;0;1;1;0;1;2;-5,758721;-35,29922;SR-RN;UOP01;DEL02
277068;24/03/2020;terça-feira;15:00:00;SP;116;304;SAO LOURENCO DA SERRA;Falta de Atenção à Condução;Colisão com objeto estático;Sem Vítimas;Pleno dia;Decrescente;Céu Claro;Dupla;Curva;Não;1;0;0;0;1;0;0;1;-23,83515;-46,92964;SR-SP;UOP01;DEL04
277070;24/03/2020;terça-feira;15:45:00;PB;101;78;SANTA RITA;Desobediência às normas de trânsito pelo condutor;Colisão com objeto estático;Com Vítimas Feridas;Pleno dia;Decrescente;Céu Claro;Dupla;Reta;Não;2;0;0;2;0;0;2;1;-7,108083;-34,96294;SR-PB;UOP03;DEL01
277071;24/03/2020;terça-feira;15:45:00;SP;459;30,1;LORENA;Desobediência às normas de trânsito pelo condutor;Colisão transversal;Com Vítimas Feridas;Pleno dia;Decrescente;Céu Claro;Simples;Reta;Não;3;0;0;1;1;1;1;2;-22,72502;-45,10353;SR-SP;DEL6/8;UOP03/SP
277072;24/03/2020;terça-feira;16:10:00;SC;470;142;RIO DO SUL;Desobediência às normas de trânsito pelo condutor;Colisão lateral;Com Vítimas Feridas;Pleno dia;Decrescente;Céu Claro;Simples;Não Informado;Não;2;0;1;0;1;0;1;2;-27,22248;-49,66283;SR-SC;UOP02;DEL04
277073;21/03/2020;sábado;05:30:00;RJ;116;172;MESQUITA;Ingestão de Álcool;Colisão transversal;Sem Vítimas;Amanhecer;Decrescente;Chuva;Dupla;Reta;Sim;3;0;0;0;3;0;0;2;-22,77365;-43,40458;SR-RJ;UOP02;DEL01
277074;24/03/2020;terça-feira;17:15:00;RN;101;83,5;SAO GONCALO DO AMARANTE;Não guardar distância de segurança;Colisão traseira;Com Vítimas Feridas;Anoitecer;Crescente;Céu Claro;Dupla;Reta;Sim;2;0;1;0;1;0;1;2;-5,771045;-35,26617;SR-RN;UOP01;DEL02
277075;24/03/2020;terça-feira;17:10:00;ES;101;270;SERRA;Falta de Atenção à Condução;Colisão transversal;Com Vítimas Feridas;Anoitecer;Decrescente;Nublado;Dupla;Interseção de vias;Sim;2;0;1;0;1;0;1;2;-20,22662;-40,27075;SR-ES;UOP01;DEL02
277077;24/03/2020;terça-feira;14:30:00;MG;50;39;ARAGUARI;Falta de Atenção à Condução;Colisão traseira;Com Vítimas Feridas;Pleno dia;Decrescente;Céu Claro;Múltipla;Reta;Sim;2;0;0;1;1;0;1;2;-18,66595;-48,17302;SR-MG;UOP02;DEL15
277078;24/03/2020;terça-feira;15:10:00;MG;356;267,4;MURIAE;Falta de Atenção à Condução;Colisão transversal;Com Vítimas Feridas;Pleno dia;Decrescente;Céu Claro;Simples;Rotatória;Sim;2;0;1;0;1;0;1;2;-21,12726;-42,35053;SR-MG;UOP02;DEL07
277079;24/03/2020;terça-feira;17:45:00;PR;369;180;ARAPONGAS;Avarias e/ou desgaste excessivo no pneu;Queda de ocupante de veículo;Com Vítimas Feridas;Pleno dia;Crescente;Céu Claro;Dupla;Reta;Sim;2;0;2;0;0;0;2;1;-23,37201;-51,41248;SR-PR;UOP03;DEL07
277080;24/03/2020;terça-feira;17:59:00;SC;101;201,7;SAO JOSE;Não guardar distância de segurança;Colisão traseira;Com Vítimas Feridas;Anoitecer;Crescente;Nublado;Múltipla;Não Informado;Sim;2;0;2;0;0;0;2;2;-27,54837;-48,61978;SR-SC;UOP01;DEL01
277081;24/03/2020;terça-feira;17:50:00;RS;116;193,1;PICADA CAFE;Velocidade Incompatível;Saída de leito carroçável;Com Vítimas Feridas;Anoitecer;Crescente;Céu Claro;Simples;Curva;Sim;3;0;1;2;0;0;3;1;-29,44461;-51,13861;SR-RS;UOP02;DEL05
277082;24/03/2020;terça-feira;17:45:00;PB;230;25;JOAO PESSOA;Não guardar distância de segurança;Colisão lateral;Com Vítimas Feridas;Anoitecer;Decrescente;Céu Claro;Dupla;Reta;Sim;2;0;2;0;0;0;2;2;-7,1707;-34,8684;SR-PB;UOP01;DEL01
277084;24/03/2020;terça-feira;17:10:00;RS;285;208,5;LAGOA VERMELHA;Falta de Atenção à Condução;Colisão transversal;Com Vítimas Feridas;Pleno dia;Decrescente;Céu Claro;Simples;Rotatória;Não;2;0;0;1;1;0;1;2;-28,21124;-51,5633;SR-RS;UOP05;DEL08
277085;24/03/2020;terça-feira;18:30:00;GO;60;164;GOIANIA;Falta de Atenção à Condução;Colisão traseira;Com Vítimas Feridas;Anoitecer;Crescente;Céu Claro;Dupla;Reta;Sim;1;0;1;0;0;0;1;1;-16,7036;-49,342;SR-GO;UOP02;DEL01
277086;24/03/2020;terça-feira;17:15:00;MS;163;260,8;DOURADOS;Falta de Atenção à Condução;Colisão com objeto estático;Com Vítimas Feridas;Pleno dia;Crescente;Sol;Dupla;Reta;Não;1;0;0;1;0;0;1;1;-22,24489;-54,77203;SR-MS;UOP01;DEL04
277087;24/03/2020;terça-feira;14:10:00;SC;280;147,4;MAFRA;Falta de Atenção à Condução;Saída de leito carroçável;Com Vítimas Feridas;Pleno dia;Decrescente;Céu Claro;Simples;Curva;Não;2;0;0;1;1;0;1;1;-26,25387;-49,67125;SR-SC;UOP03;DEL06
277089;24/03/2020;terça-feira;18:20:00;RJ;116;67;TERESOPOLIS;Desobediência às normas de trânsito pelo condutor;Colisão transversal;Com Vítimas Feridas;Plena Noite;Crescente;Nublado;Simples;Reta;Sim;2;0;1;0;0;1;1;2;-22,29372;-42,93354;SR-RJ;UOP01;DEL04
277090;24/03/2020;terça-feira;18:45:00;BA;324;595;CANDEIAS;Ingestão de álcool e/ou substâncias psicoativas pelo pedestre;Atropelamento de Pedestre;Com Vítimas Feridas;Plena Noite;Crescente;Garoa/Chuvisco;Dupla;Reta;Sim;3;0;0;1;1;1;1;1;-12,71235;-38,45525;SR-BA;UOP01;DEL01
277091;24/03/2020;terça-feira;18:30:00;MG;365;671,9;MONTE ALEGRE DE MINAS;Desobediência às normas de trânsito pelo condutor;Colisão lateral;Com Vítimas Feridas;Anoitecer;Decrescente;Céu Claro;Dupla;Reta;Não;3;0;1;0;1;1;1;2;-18,8792;-48,74332;SR-MG;UOP01;DEL15
277092;24/03/2020;terça-feira;18:30:00;RS;116;245,8;SAO LEOPOLDO;Desobediência às normas de trânsito pelo condutor;Colisão lateral;Com Vítimas Feridas;Anoitecer;Crescente;Céu Claro;Dupla;Reta;Sim;2;0;1;0;1;0;1;2;-29,74981;-51,15125;SR-RS;UOP02;DEL01
277093;24/03/2020;terça-feira;18:15:00;RJ;116;171;SAO JOAO DE MERITI;Defeito Mecânico no Veículo;Derramamento de carga;Com Vítimas Feridas;Plena Noite;Crescente;Céu Claro;Múltipla;Reta;Sim;3;0;1;0;2;0;1;3;-22,80604;-43,3429;SR-RJ;UOP02;DEL01