id;data_inversa;dia_semana;horario;uf;br;km;municipio;causa_acidente;tipo_acidente;classificacao_acidente;fase_dia;sentido_via;condicao_metereologica;tipo_pista;tracado_via;uso_solo;pessoas;mortos;feridos_leves;feridos_graves;ilesos;ignorados;feridos;veiculos;latitude;longitude;regional;delegacia;uop
277310;27/03/2020;sexta-feira;05:30:00;ES;262;89,4;DOMINGOS MARTINS;Falta de Atenção do Pedestre;Atropelamento de Pedestre;Com Vítimas Feridas;Amanhecer;Decrescente;Nublado;Simples;Reta;Não;2;0;0;1;0;1;1;1;-20,38353;-41,02042;SR-ES;UOP02;DEL01
277311;27/03/2020;sexta-feira;04:15:00;MG;381;760;TRES CORACOES;Condutor Dormindo;Saída de leito carroçável;Com Vítimas Feridas;Plena Noite;Decrescente;Céu Claro;Dupla;Reta;Não;1;0;1;0;0;0;1;1;-21,69585;-45,35932;SR-MG;UOP02;DEL16
277312;27/03/2020;sexta-feira;05:20:00;MG;381;650,9;SANTO ANTONIO DO AMPARO;Animais na Pista;Atropelamento de Animal;Sem Vítimas;Amanhecer;Crescente;Céu Claro;Dupla;Curva;Sim;1;0;0;0;1;0;0;1;-20,97113;-44,93201;SR-MG;UOP02;DEL04
277313;27/03/2020;sexta-feira;06:00:00;RS;293;175;BAGE;Animais na Pista;Atropelamento de Animal;Com Vítimas Feridas;Amanhecer;Decrescente;Nublado;Simples;Reta;Não;1;0;1;0;0;0;1;1;-31,31783;-54,00276;SR-RS;UOP03;DEL11
277314;27/03/2020;sexta-feira;06:40:00;SP;116;320;JUQUITIBA;Condutor Dormindo;Capotamento;Sem Vítimas;Pleno dia;Decrescente;Nevoeiro/Neblina;Dupla;Reta;Não;1;0;0;0;1;0;0;1;-23,93226;-47,00835;SR-SP;UOP01;DEL04
277315;27/03/2020;sexta-feira;06:00:00;GO;153;501;GOIANIA;Falta de Atenção à Condução;Colisão com objeto estático;Com Vítimas Feridas;Pleno dia;Crescente;Céu Claro;Dupla;Interseção de vias;Sim;2;0;0;1;1;0;1;1;-16,7189;-49,2382;SR-GO;UOP01;DEL01
277317;23/02/2020;domingo;20:00:00;MT;70;516;VARZEA GRANDE;Desobediência às normas de trânsito pelo condutor;Colisão frontal;Com Vítimas Feridas;Plena Noite;Decrescente;Garoa/Chuvisco;Simples;Reta;Sim;8;0;3;0;4;1;3;3;-15,63792;-56,04401;SR-MT;UOP02;DEL05
277318;19/02/2020;quarta-feira;07:40:00;GO;153;499;GOIANIA;Defeito Mecânico no Veículo;Colisão traseira;Com Vítimas Feridas;Pleno dia;Crescente;Céu Claro;Dupla;Reta;Sim;2;0;1;0;1;0;1;2;-16,7033;-49,2311;SR-GO;UOP01;DEL01
277319;26/03/2020;quinta-feira;21:40:00;MT;364;494;JANGADA;Condutor Dormindo;Colisão lateral;Sem Vítimas;Plena Noite;Crescente;Céu Claro;Simples;Reta;Sim;3;0;0;0;3;0;0;2;-15,29227;-56,43456;SR-MT;DEL2/4;UOP02/MT
277320;27/03/2020;sexta-feira;07:45:00;BA;116;856,8;VITORIA DA CONQUISTA;Falta de Atenção à Condução;Tombamento;Com Vítimas Feridas;Pleno dia;Crescente;Céu Claro;Simples;Reta;Não;2;0;2;0;0;0;2;1;-15,08837;-41,01334;SR-BA;UOP03;DEL08
277321;27/03/2020;sexta-feira;08:15:00;MG;381;808;SAO GONCALO DO SAPUCAI;Velocidade Incompatível;Saída de leito carroçável;Com Vítimas Feridas;Pleno dia;Crescente;Céu Claro;Dupla;Reta;Não;1;0;0;1;0;0;1;1;-22,03174;-45,676;SR-MG;UOP02;DEL16
277322;27/03/2020;sexta-feira;06:50:00;MG;116;386,6;GOVERNADOR VALADARES;Condutor Dormindo;Capotamento;Com Vítimas Feridas;Amanhecer;Decrescente;Céu Claro;Simples;Reta;Não;1;0;1;0;0;0;1;1;-18,65402;-41,97031;SR-MG;UOP01;DEL06
277323;27/03/2020;sexta-feira;07:30:00;PR;116;129;FAZENDA RIO GRANDE;Desobediência às normas de trânsito pelo condutor;Colisão com objeto estático;Com Vítimas Feridas;Pleno dia;Decrescente;Céu Claro;Múltipla;Reta;Sim;2;0;1;0;1;0;1;2;-25,63028;-49,31381;SR-PR;UOP03;DEL01
277324;27/03/2020;sexta-feira;08:20:00;MG;381;929,8;ITAPEVA;Velocidade Incompatível;Derramamento de carga;Sem Vítimas;Pleno dia;Crescente;Sol;Dupla;Não Informado;Não;1;0;0;0;1;0;0;1;-22,77379;-46,23884;SR-MG;UOP03;DEL16
277325;27/03/2020;sexta-feira;08:45:00;PE;101;67;RECIFE;Não guardar distância de segurança;Engavetamento;Com Vítimas Feridas;Pleno dia;Crescente;Nublado;Dupla;Reta;Sim;4;0;1;0;3;0;1;3;-8,042334;-34,9431;SR-PE;UOP01;DEL01
277326;27/03/2020;sexta-feira;08:10:00;BA;116;812;VITORIA DA CONQUISTA;Ingestão de Álcool;Capotamento;Com Vítimas Feridas;Pleno dia;Decrescente;Céu Claro;Simples;Reta;Não;1;0;1;0;0;0;1;1;-14,76038;-40,69756;SR-BA;UOP01;DEL08
277327;16/03/2020;segunda-feira;06:30:00;PB;230;136;CAMPINA GRANDE;Pista Escorregadia;Saída de leito carroçável;Com Vítimas Fatais;Pleno dia;Crescente;Garoa/Chuvisco;Dupla;Curva;Não;3;1;1;0;0;1;1;2;-7,2818;-35,7675;SR-PB;UOP01;DEL02
277328;27/03/2020;sexta-feira;09:00:00;AP;210;29;MACAPA;Defeito Mecânico no Veículo;Tombamento;Com Vítimas Feridas;Pleno dia;Crescente;Céu Claro;Simples;Reta;Não;4;0;4;0;0;0;4;1;0,267687;-51,08231;SR-AP;UOP01;DEL01
277329;27/03/2020;sexta-feira;08:20:00;MG;381;929,7;ITAPEVA;Restrição de Visibilidade;Colisão traseira;Com Vítimas Feridas;Pleno dia;Crescente;Céu Claro;Dupla;Curva;Não;2;0;1;0;1;0;1;2;-22,79911;-46,26124;SR-MG;UOP03;DEL16
277330;27/03/2020;sexta-feira;08:00:00;RO;364;514;ARIQUEMES;Falta de Atenção à Condução;Tombamento;Com Vítimas Feridas;Pleno dia;Decrescente;Céu Claro;Simples;Reta;Sim;1;0;1;0;0;0;1;1;-9,933984;-63,05523;SR-RO;UOP01;DEL03
277331;27/03/2020;sexta-feira;08:30:00;PR;116;108;CURITIBA;Velocidade Incompatível;Tombamento;Com Vítimas Feridas;Pleno dia;Crescente;Céu Claro;Dupla;Reta;Não;1;0;1;0;0;0;1;1;-25,57147;-49,19761;SR-PR;UOP04;DEL01
277332;27/03/2020;sexta-feira;10:15:00;PR;376;182;MARINGA;Falta de Atenção à Condução;Colisão traseira;Com Vítimas Feridas;Pleno dia;Crescente;Sol;Dupla;Reta;Sim;2;0;0;1;1;0;1;2;-23,43385;-51,88421;SR-PR;UOP01;DEL09
277334;27/03/2020;sexta-feira;06:30:00;RS;285;578,3;SAO LUIZ GONZAGA;Falta de Atenção à Condução;Colisão lateral;Com Vítimas Feridas;Amanhecer;Crescente;Sol;Simples;Reta;Não;2;0;1;0;0;1;1;2;-28,42676;-55,07614;SR-RS;UOP01;DEL12
277335;27/03/2020;sexta-feira;10:20:00;ES;262;16,9;VIANA;Ingestão de Álcool;Colisão lateral;Com Vítimas Feridas;Pleno dia;Crescente;Céu Claro;Simples;Reta;Não;2;0;2;0;0;0;2;2;-20,38441;-40,46308;SR-ES;UOP01;DEL01
277336;27/03/2020;sexta-feira;10:25:00;PI;402;34;PARNAIBA;Falta de Atenção à Condução;Colisão transversal;Com Vítimas Feridas;Pleno dia;Crescente;Céu Claro;Simples;Reta;Não;2;0;1;0;1;0;1;2;-2,932391;-41,74947;SR-PI;UOP01;DEL05
277337;27/03/2020;sexta-feira;10:50:00;SP;116;284,5;EMBU DAS ARTES;Velocidade Incompatível;Saída de leito carroçável;Com Vítimas Feridas;Pleno dia;Crescente;Céu Claro;Simples;Não Informado;Sim;2;0;0;1;1;0;1;1;-23,6817;-46,86023;SR-SP;UOP01;DEL04
277338;27/03/2020;sexta-feira;10:25:00;MS;163;728;COXIM;Falta de Atenção à Condução;Queda de ocupante de veículo;Com Vítimas Feridas;Pleno dia;Decrescente;Nublado;Simples;Reta;Sim;1;0;1;0;0;0;1;1;-18,52735;-54,74046;SR-MS;UOP01;DEL06
277339;27/03/2020;sexta-feira;11:20:00;PR;476;164,3;ARAUCARIA;Defeito Mecânico no Veículo;Tombamento;Com Vítimas Feridas;Pleno dia;Crescente;Céu Claro;Simples;Reta;Não;1;0;0;1;0;0;1;1;-25,64472;-49,47413;SR-PR;UOP04;DEL01
277340;27/03/2020;sexta-feira;09:30:00;AL;101;120;PILAR;Falta de Atenção à Condução;Tombamento;Com Vítimas Feridas;Pleno dia;Crescente;Chuva;Simples;Desvio Temporário;Não;1;0;1;0;0;0;1;1;-9,680881;-36,03737;SR-AL;UOP01;DEL02
277341;20/03/2020;sexta-feira;06:25:00;RO;364;25;VILHENA;Desobediência às normas de trânsito pelo condutor;Tombamento;Com Vítimas Feridas;Pleno dia;Crescente;Céu Claro;Simples;Não Informado;Não;2;0;1;1;0;0;2;1;-12,7243;-60,23884;SR-RO;UOP01;DEL04
277342;27/03/2020;sexta-feira;11:50:00;BA;116;422;FEIRA DE SANTANA;Falta de Atenção à Condução;Colisão lateral;Sem Vítimas;Pleno dia;Decrescente;Céu Claro;Simples;Reta;Sim;2;0;0;0;2;0;0;2;-12,23081;-38,96649;SR-BA;UOP01;DEL02
277343;27/03/2020;sexta-feira;11:00:00;SC;470;233,2;SAO CRISTOVAO DO SUL;Velocidade Incompatível;Tombamento;Com Vítimas Feridas;Pleno dia;Decrescente;Céu Claro;Simples;Rotatória;Sim;1;0;1;0;0;0;1;1;-27,30161;-50,42127;SR-SC;UOP03;DEL05
277344;27/03/2020;sexta-feira;11:30:00;AL;101;135,7;SAO MIGUEL DOS CAMPOS;Defeito Mecânico no Veículo;Tombamento;Com Vítimas Feridas;Pleno dia;Decrescente;Nublado;Simples;Reta;Sim;1;0;1;0;0;0;1;1;-9,788349;-36,10509;SR-AL;UOP01;DEL02
277345;22/03/2020;domingo;02:20:00;MG;365;151,8;PIRAPORA;Condutor Dormindo;Colisão frontal;Com Vítimas Fatais;Plena Noite;Decrescente;Chuva;Simples;Reta;Não;29;11;0;17;0;1;17;3;-17,29677;-44,88943;SR-MG;UOP01;DEL12
277347;27/03/2020;sexta-feira;13:20:00;PB;230;130,6;CAMPINA GRANDE;Velocidade Incompatível;Colisão com objeto estático;Com Vítimas Feridas;Pleno dia;Crescente;Nublado;Dupla;Curva;Não;2;0;2;0;0;0;2;1;-7,277617;-35,73253;SR-PB;UOP01;DEL02
277348;27/03/2020;sexta-feira;14:10:00;PR;476;224,6;LAPA;Velocidade Incompatível;Tombamento;Com Vítimas Feridas;Pleno dia;Crescente;Céu Claro;Simples;Curva;Não;1;0;1;0;0;0;1;1;-25,85064;-49,94674;SR-PR;UOP05;DEL03
277349;27/03/2020;sexta-feira;14:40:00;PR;476;179;CONTENDA;Pista Escorregadia;Tombamento;Com Vítimas Feridas;Pleno dia;Decrescente;Céu Claro;Simples;Curva;Não;1;0;1;0;0;0;1;1;-25,70298;-49,582;SR-PR;UOP04;DEL01
277350;27/03/2020;sexta-feira;14:45:00;SC;282;29;SANTO AMARO DA IMPERATRIZ;Velocidade Incompatível;Tombamento;Com Vítimas Fatais;Pleno dia;Crescente;Céu Claro;Simples;Não Informado;Sim;3;1;0;0;2;0;0;2;-27,68738;-48,79071;SR-SC;UOP03;DEL01
277351;27/03/2020;sexta-feira;08:50:00;MG;262;385;FLORESTAL;Defeito Mecânico no Veículo;Colisão com objeto estático;Com Vítimas Feridas;Pleno dia;Crescente;Sol;Dupla;Reta;Não;3;0;1;0;2;0;1;1;-19,93325;-44,42077;SR-MG;UOP03;DEL01
277352;27/03/2020;sexta-feira;15:20:00;PE;101;8;GOIANA;Falta de Atenção do Pedestre;Atropelamento de Pedestre;Com Vítimas Feridas;Pleno dia;Crescente;Céu Claro;Dupla;Reta;Sim;2;0;1;0;1;0;1;1;-7,568981;-34,9896;SR-PE;UOP02;DEL01
277354;27/03/2020;sexta-feira;13:45:00;CE;116;197,6;TABULEIRO DO NORTE;Condutor Dormindo;Saída de leito carroçável;Sem Vítimas;Pleno dia;Decrescente;Céu Claro;Simples;Reta;Não;1;0;0;0;1;0;0;1;-5,167632;-38,16654;SR-CE;UOP01;DEL03
277357;27/03/2020;sexta-feira;15:10:00;SC;101;260;PAULO LOPES;Desobediência às normas de trânsito pelo condutor;Colisão lateral;Sem Vítimas;Pleno dia;Crescente;Céu Claro;Dupla;Desvio Temporário;Não;2;0;0;0;1;1;0;2;-28,02106;-48,6979;SR-SC;UOP03;DEL02
277359;27/03/2020;sexta-feira;15:45:00;RN;101;104;PARNAMIRIM;Falta de Atenção à Condução;Tombamento;Com Vítimas Feridas;Pleno dia;Crescente;Céu Claro;Dupla;Curva;Sim;2;0;2;0;0;0;2;1;-5,892745;-35,25722;SR-RN;UOP01;DEL01
277360;27/03/2020;sexta-feira;16:20:00;RS;116;475,9;SAO LOURENCO DO SUL;Mal Súbito;Colisão lateral;Com Vítimas Feridas;Pleno dia;Decrescente;Céu Claro;Simples;Reta;Não;2;0;1;0;1;0;1;2;-31,37773;-52,1079;SR-RS;UOP01;DEL07
277361;27/03/2020;sexta-feira;16:25:00;GO;60;62,6;ABADIANIA;Velocidade Incompatível;Saída de leito carroçável;Com Vítimas Feridas;Pleno dia;Crescente;Nublado;Dupla;Reta;Sim;1;0;0;1;0;0;1;1;-16,18974;-48,72358;SR-GO;UOP01;DEL02
277362;27/03/2020;sexta-feira;16:40:00;GO;153;570,5;PROFESSOR JAMIL;Falta de Atenção à Condução;Saída de leito carroçável;Com Vítimas Feridas;Pleno dia;Crescente;Nublado;Dupla;Reta;Não;1;0;1;0;0;0;1;1;-17,3032;-49,2355;SR-GO;UOP01;DEL03
277363;27/03/2020;sexta-feira;16:30:00;SC;101;280,3;IMBITUBA;Desobediência às normas de trânsito pelo condutor;Colisão traseira;Com Vítimas Feridas;Pleno dia;Crescente;Céu Claro;Dupla;Reta;Não;4;0;1;0;3;0;1;2;-28,17963;-48,69563;SR-SC;UOP03;DEL02
277364;27/03/2020;sexta-feira;14:20:00;MT;163;829;SINOP;Desobediência às normas de trânsito pelo condutor;Colisão transversal;Com Vítimas Feridas;Pleno dia;Decrescente;Sol;Dupla;Rotatória;Sim;2;0;1;0;1;0;1;2;-12,0407;-55,51732;SR-MT;UOP01;DEL06
277365;07/03/2020;sábado;03:30:00;SC;101;131,8;BALNEARIO CAMBORIU;Ingestão de Álcool;Colisão com objeto estático;Com Vítimas Feridas;Plena Noite;Crescente;Céu Claro;Múltipla;Curva;Sim;1;0;1;0;0;0;1;1;-26,99064;-48,66311;SR-SC;UOP03;DEL04
277366;27/03/2020;sexta-feira;16:55:00;MS;163;491,9;CAMPO GRANDE;Falta de Atenção à Condução;Colisão lateral;Com Vítimas Feridas;Pleno dia;Decrescente;Céu Claro;Dupla;Rotatória;Sim;2;0;1;0;1;0;1;2;-20,39443;-54,55871;SR-MS;UOP02;DEL01
277367;27/03/2020;sexta-feira;16:50:00;MG;116;535,1;SANTA RITA DE MINAS;Desobediência às normas de trânsito pelo condutor;Colisão transversal;Com Vítimas Feridas;Pleno dia;Crescente;Nublado;Simples;Não Informado;Não;2;0;2;0;0;0;2;2;-19,85293;-42,14059;SR-MG;UOP02;DEL06
277368;27/03/2020;sexta-feira;15:10:00;MT;163;817;SINOP;Falta de Atenção à Condução;Colisão traseira;Com Vítimas Feridas;Pleno dia;Crescente;Céu Claro;Simples;Reta;Não;4;0;1;0;3;0;1;2;-12,0138;-55,51719;SR-MT;UOP01;DEL06
277369;27/03/2020;sexta-feira;18:00:00;ES;101;262,4;SERRA;Desobediência às normas de trânsito pelo condutor;Colisão lateral;Com Vítimas Feridas;Anoitecer;Decrescente;Céu Claro;Dupla;Reta;Sim;2;0;0;1;1;0;1;2;-20,16091;-40,27556;SR-ES;UOP01;DEL02
277370;27/03/2020;sexta-feira;18:30:00;PE;232;128,8;CARUARU;Animais na Pista;Atropelamento de Animal;Com Vítimas Feridas;Plena Noite;Decrescente;Nublado;Dupla;Reta;Sim;2;0;1;0;1;0;1;1;-8,303993;-35,97216;SR-PE;UOP02;DEL02
277371;27/03/2020;sexta-feira;16:30:00;PR;277;102,5;CURITIBA;Falta de Atenção à Condução;Colisão traseira;Com Vítimas Feridas;Pleno dia;Crescente;Céu Claro;Dupla;Não Informado;Sim;2;0;1;0;1;0;1;2;-25,42691;-49,38193;SR-PR;UOP04;DEL01
277372;27/03/2020;sexta-feira;18:30:00;ES;101;296;CARIACICA;Falta de Atenção à Condução;Queda de ocupante de veículo;Com Vítimas Feridas;Plena Noite;Decrescente;Céu Claro;Dupla;Curva;Sim;2;0;1;1;0;0;2;1;-20,3403;-40,40406;SR-ES;UOP01;DEL01
277374;27/03/2020;sexta-feira;16:45:00;RJ;393;168;TRES RIOS;Desobediência às normas de trânsito pelo condutor;Colisão transversal;Com Vítimas Feridas;Pleno dia;Crescente;Céu Claro;Simples;Interseção de vias;Não;3;0;0;2;1;0;2;2;-22,12511;-43,17428;SR-RJ;UOP01;DEL06
277375;27/03/2020;sexta-feira;18:10:00;PR;369;107;URAI;Desobediência às normas de trânsito pelo condutor;Colisão frontal;Com Vítimas Feridas;Pleno dia;Crescente;Céu Claro;Simples;Reta;Não;2;0;0;1;1;0;1;2;-23,26303;-50,78115;SR-PR;UOP04;DEL07
277376;27/03/2020;sexta-feira;18:15:00;ES;393;1,8;CACHOEIRO DE ITAPEMIRIM;Velocidade Incompatível;Atropelamento de Pedestre;Com Vítimas Fatais;Plena Noite;Decrescente;Céu Claro;Simples;Reta;Não;3;1;1;1;0;0;2;1;-20,83325;-41,17312;SR-ES;UOP02;DEL03
277377;27/03/2020;sexta-feira;18:45:00;RS;101;76,8;OSORIO;Falta de Atenção à Condução;Colisão lateral;Com Vítimas Feridas;Plena Noite;Decrescente;Céu Claro;Dupla;Reta;Não;3;0;1;0;2;0;1;2;-29,81059;-50,24123;SR-RS;UOP01;DEL03
277378;27/03/2020;sexta-feira;17:00:00;SC;101;88,5;BARRA VELHA;Ingestão de Álcool;Saída de leito carroçável;Com Vítimas Feridas;Pleno dia;Decrescente;Céu Claro;Simples;Reta;Sim;1;0;1;0;0;0;1;1;-26,64254;-48,68951;SR-SC;UOP02;DEL03
277379;27/03/2020;sexta-feira;19:15:00;GO;153;515,6;APARECIDA DE GOIANIA;Animais na Pista;Colisão traseira;Com Vítimas Feridas;Plena Noite;Crescente;Céu Claro;Dupla;Reta;Sim;3;0;2;0;1;0;2;2;-16,8413;-49,2454;SR-GO;UOP03;DEL01
277380;27/03/2020;sexta-feira;19:00:00;BA;418;88,6;NOVA VICOSA;Velocidade Incompatível;Colisão traseira;Com Vítimas Feridas;Plena Noite;Decrescente;Nublado;Simples;Reta;Não;3;0;1;1;1;0;2;2;-17,88949;-39,8236;SR-BA;UOP02;DEL09
277381;27/03/2020;sexta-feira;19:05:00;GO;60;95,1;ANAPOLIS;Desobediência às normas de trânsito pelo condutor;Colisão frontal;Com Vítimas Feridas;Plena Noite;Crescente;Chuva;Múltipla;Reta;Sim;2;0;1;0;1;0;1;2;-16,3679;-48,939;SR-GO;UOP01;DEL02
277382;27/03/2020;sexta-feira;16:30:00;MA;135;53,9;BACABEIRA;Defeito na Via;Tombamento;Sem Vítimas;Pleno dia;Crescente;Chuva;Simples;Reta;Não;1;0;0;0;1;0;0;1;-2,989205;-44,31246;SR-MA;UOP02;DEL01
277383;27/03/2020;sexta-feira;18:10:00;ES;101;271,8;SERRA;Falta de Atenção à Condução;Queda de ocupante de veículo;Com Vítimas Feridas;Plena Noite;Decrescente;Céu Claro;Dupla;Reta;Sim;1;0;0;1;0;0;1;1;-20,23267;-40,27658;SR-ES;UOP01;DEL02
277384;27/03/2020;sexta-feira;20:20:00;TO;153;490,6;PARAISO DO TOCANTINS;Falta de Atenção à Condução;Atropelamento de Pedestre;Com Vítimas Fatais;Plena Noite;Crescente;Nublado;Simples;Reta;Não;2;1;0;0;0;1;0;2;-10,12486;-48,88413;SR-TO;UOP02;DEL02
277385;27/03/2020;sexta-feira;18:45:00;RS;153;30,2;TRES ARROIOS;Ingestão de Álcool;Colisão traseira;Com Vítimas Feridas;Plena Noite;Decrescente;Céu Claro;Simples;Reta;Não;3;0;1;0;1;1;1;2;-27,53113;-52,16268;SR-RS;UOP04;DEL08
277386;27/03/2020;sexta-feira;18:00:00;BA;324;535;CONCEICAO DO JACUIPE;Ingestão de Álcool;Saída de leito carroçável;Sem Vítimas;Plena Noite;Decrescente;Chuva;Dupla;Reta;Não;1;0;0;0;0;1;0;1;-12,35775;-38,82803;SR-BA;UOP01;DEL01
277387;27/03/2020;sexta-feira;19:30:00;DF;20;19,2;BRASILIA;Desobediência às normas de trânsito pelo condutor;Colisão traseira;Com Vítimas Feridas;Plena Noite;Decrescente;Nublado;Dupla;Reta;Sim;2;0;0;1;0;1;1;2;-15,61218;-47,70093;SR-DF;UOP01;DEL02
277388;03/01/2020;sexta-feira;18:20:00;RN;110;12,1;AREIA BRANCA;Restrição de Visibilidade;Colisão traseira;Com Vítimas Fatais;Plena Noite;Crescente;Céu Claro;Simples;Reta;Não;2;1;0;0;0;1;0;2;-5,007348;-37,10115;SR-RN;UOP01;DEL04
277392;27/03/2020;sexta-feira;21:00:00;PE;101;50,2;ABREU E LIMA;Desobediência às normas de trânsito pelo condutor;Colisão transversal;Com Vítimas Feridas;Plena Noite;Crescente;Céu Claro;Múltipla;Interseção de vias;Sim;2;0;0;1;0;1;1;2;-7,909386;-34,90123;SR-PE;UOP02;DEL01
277393;27/03/2020;sexta-feira;18:15:00;RS;392;254;CACAPAVA DO SUL;Velocidade Incompatível;Tombamento;Sem Vítimas;Anoitecer;Decrescente;Nublado;Simples;Curva;Não;1;0;0;0;1;0;0;1;-30,51971;-53,45353;SR-RS;UOP02;DEL09
277395;27/03/2020;sexta-feira;19:40:00;GO;364;7;SAO SIMAO;Não guardar distância de segurança;Colisão transversal;Com Vítimas Feridas;Plena Noite;Decrescente;Céu Claro;Simples;Reta;Não;4;0;2;0;1;1;2;2;-19,0091;-50,54868;SR-GO;UOP02;DEL05
277396;27/03/2020;sexta-feira;19:15:00;SC;470;23;ILHOTA;Sinalização da via insuficiente ou inadequada;Colisão com objeto estático;Sem Vítimas;Plena Noite;Decrescente;Céu Claro;Dupla;Não Informado;Não;1;0;0;0;1;0;0;1;-26,88091;-48,84624;SR-SC;UOP04;DEL04
277397;27/03/2020;sexta-feira;18:40:00;AC;364;149,4;RIO BRANCO;Defeito na Via;Saída de leito carroçável;Com Vítimas Feridas;Plena Noite;Decrescente;Céu Claro;Dupla;Reta;Não;2;0;1;0;0;1;1;1;-9,879423;-67,90515;SR-AC;UOP01;DEL01
277398;27/03/2020;sexta-feira;22:00:00;PE;101;79,9;JABOATAO DOS GUARARAPES;Velocidade Incompatível;Colisão traseira;Com Vítimas Feridas;Plena Noite;Crescente;Nublado;Dupla;Reta;Sim;2;0;0;1;1;0;1;2;-8,143661;-34,94723;SR-PE;UOP01;DEL01
277400;27/03/2020;sexta-feira;22:00:00;ES;101;260,1;SERRA;Desobediência às normas de trânsito pelo condutor;Colisão traseira;Sem Vítimas;Plena Noite;Decrescente;Céu Claro;Dupla;Reta;Sim;2;0;0;0;2;0;0;2;-20,14616;-40,28836;SR-ES;UOP01;DEL02
277401;27/03/2020;sexta-feira;22:25:00;RS;116;629,1;ARROIO GRANDE;Animais na Pista;Atropelamento de Animal;Com Vítimas Feridas;Plena Noite;Crescente;Nublado;Simples;Reta;Não;2;0;2;0;0;0;2;1;-32,36235;-53,18061;SR-RS;UOP03;DEL07
277402;27/03/2020;sexta-feira;21:50:00;MS;163;343,9;RIO BRILHANTE;Ingestão de Álcool;Tombamento;Com Vítimas Feridas;Plena Noite;Crescente;Céu Claro;Simples;Reta;Não;1;0;0;1;0;0;1;1;-21,64163;-54,42369;SR-MS;UOP02;DEL02
277404;27/03/2020;sexta-feira;22:35:00;RJ;116;165;RIO DE JANEIRO;Pista Escorregadia;Saída de leito carroçável;Com Vítimas Feridas;Plena Noite;Decrescente;Céu Claro;Múltipla;Reta;Sim;3;0;3;0;0;0;3;1;-22,80724;-43,34134;SR-RJ;UOP02;DEL01
277405;27/03/2020;sexta-feira;20:45:00;MT;163;938;ITAUBA;Ultrapassagem Indevida;Saída de leito carroçável;Com Vítimas Feridas;Plena Noite;Crescente;Chuva;Simples;Não Informado;Não;1;0;1;0;0;0;1;1;-11,10386;-55,30035;SR-MT;UOP02;DEL06
277406;27/03/2020;sexta-feira;23:30:00;SC;101;162,8;TIJUCAS;Desobediência às normas de trânsito pelo condutor;Colisão transversal;Sem Vítimas;Plena Noite;Decrescente;Nublado;Dupla;Não Informado;Sim;3;0;0;0;1;2;0;2;-27,23101;-48,62918;SR-SC;UOP03;DEL04
277407;27/03/2020;sexta-feira;22:50:00;DF;70;11,2;BRASILIA;Ingestão de Álcool;Saída de leito carroçável;Sem Vítimas;Plena Noite;Crescente;Céu Claro;Dupla;Reta;Sim;2;0;0;0;2;0;0;2;-15,79007;-48,15106;SR-DF;UOP03;DEL01
277408;27/03/2020;sexta-feira;23:50:00;DF;20;24,4;BRASILIA;Velocidade Incompatível;Saída de leito carroçável;Com Vítimas Feridas;Plena Noite;Crescente;Céu Claro;Dupla;Interseção de vias;Não;4;0;4;0;0;0;4;1;-15,59632;-47,65489;SR-DF;UOP01;DEL02
277409;27/03/2020;sexta-feira;23:20:00;GO;153;515,8;APARECIDA DE GOIANIA;Ingestão de Álcool;Colisão transversal;Com Vítimas Feridas;Plena Noite;Decrescente;Chuva;Dupla;Reta;Sim;2;0;0;1;1;0;1;2;-16,8413;-49,2454;SR-GO;UOP03;DEL01
277411;28/03/2020;sábado;00:20:00;RJ;101;262;RIO BONITO;Defeito Mecânico no Veículo;Incêndio;Sem Vítimas;Plena Noite;Crescente;Nublado;Dupla;Reta;Sim;1;0;0;0;0;1;0;1;-22,71368;-42,62053;SR-RJ;UOP03;DEL02
277412;27/03/2020;sexta-feira;23:00:00;RS;153;50;ERECHIM;Ingestão de Álcool;Colisão traseira;Com Vítimas Feridas;Plena Noite;Decrescente;Céu Claro;Simples;Reta;Sim;2;0;1;0;1;0;1;2;-27,65623;-52,27555;SR-RS;UOP04;DEL08
277413;27/03/2020;sexta-feira;23:00:00;MG;50;56;UBERLANDIA;Falta de Atenção à Condução;Colisão com objeto estático;Sem Vítimas;Plena Noite;Decrescente;Vento;Dupla;Reta;Não;1;0;0;0;1;0;0;1;-18,78116;-48,23826;SR-MG;UOP02;DEL15
277414;27/03/2020;sexta-feira;23:16:00;RN;406;3,4;MACAU;Não guardar distância de segurança;Colisão traseira;Com Vítimas Feridas;Plena Noite;Decrescente;Nublado;Simples;Reta;Não;5;0;1;1;3;0;2;2;-5,141613;-36,61105;SR-RN;UOP01;DEL02
277415;27/03/2020;sexta-feira;18:20:00;MT;163;550,7;DIAMANTINO;Falta de Atenção à Condução;Colisão frontal;Com Vítimas Feridas;Plena Noite;Crescente;Nublado;Simples;Reta;Não;3;0;1;0;2;0;1;3;-14,30773;-56,13892;SR-MT;UOP01;DEL01
277416;28/03/2020;sábado;00:45:00;RJ;116;79;TERESOPOLIS;Falta de Atenção à Condução;Atropelamento de Pedestre;Com Vítimas Feridas;Plena Noite;Decrescente;Vento;Simples;Reta;Não;2;0;1;0;1;0;1;1;-22,3817;-42,95478;SR-RJ;UOP01;DEL04