id;data_inversa;dia_semana;horario;uf;br;km;municipio;causa_acidente;tipo_acidente;classificacao_acidente;fase_dia;sentido_via;condicao_metereologica;tipo_pista;tracado_via;uso_solo;pessoas;mortos;feridos_leves;feridos_graves;ilesos;ignorados;feridos;veiculos;latitude;longitude;regional;delegacia;uop
277524;28/03/2020;sábado;23:30:00;DF;60;9,5;BRASILIA;Falta de Atenção à Condução;Colisão traseira;Com Vítimas Feridas;Plena Noite;Decrescente;Céu Claro;Dupla;Retorno Regulamentado;Não;3;0;1;0;2;0;1;2;-15,90793;-48,14441;SR-DF;UOP02;DEL01
277525;29/03/2020;domingo;00:20:00;PE;232;510;SALGUEIRO;Ingestão de álcool e/ou substâncias psicoativas pelo pedestre;Atropelamento de Pedestre;Com Vítimas Feridas;Plena Noite;Crescente;Céu Claro;Simples;Reta;Sim;2;0;1;0;0;1;1;1;-8,067472;-39,13817;SR-PE;UOP01;DEL05
277526;28/03/2020;sábado;23:15:00;PR;277;94;CURITIBA;Condutor Dormindo;Colisão lateral;Sem Vítimas;Plena Noite;Decrescente;Nublado;Dupla;Reta;Sim;2;0;0;0;2;0;0;2;-25,43076;-49,32248;SR-PR;UOP04;DEL01
277527;28/03/2020;sábado;21:15:00;MG;40;278,1;TRES MARIAS;Falta de Atenção à Condução;Colisão traseira;Com Vítimas Fatais;Plena Noite;Crescente;Céu Claro;Simples;Reta;Sim;2;1;0;0;0;1;0;2;-18,22031;-45,22076;SR-MG;UOP02;DEL14
277528;29/03/2020;domingo;00:30:00;MG;40;505,5;RIBEIRAO DAS NEVES;Falta de Atenção do Pedestre;Atropelamento de Pedestre;Com Vítimas Feridas;Plena Noite;Crescente;Céu Claro;Dupla;Reta;Sim;2;0;0;1;0;1;1;1;-19,73838;-44,14936;SR-MG;UOP01;DEL02
277529;28/03/2020;sábado;22:45:00;MG;50;82,2;UBERLANDIA;Animais na Pista;Saída de leito carroçável;Com Vítimas Feridas;Plena Noite;Crescente;Céu Claro;Dupla;Reta;Não;4;0;1;3;0;0;4;1;-18,98691;-48,21185;SR-MG;UOP01;DEL15
277530;28/03/2020;sábado;23:00:00;AM;174;887;MANAUS;Ingestão de Álcool;Colisão lateral;Com Vítimas Feridas;Plena Noite;Crescente;Céu Claro;Simples;Não Informado;Sim;2;0;1;0;1;0;1;2;-2,951551;-60,03338;SR-AM;UOP01;DEL01
277531;28/03/2020;sábado;23:35:00;RS;116;400,1;CAMAQUA;Animais na Pista;Atropelamento de Animal;Com Vítimas Feridas;Plena Noite;Crescente;Nublado;Simples;Reta;Sim;1;0;1;0;0;0;1;1;-30,87211;-51,80853;SR-RS;UOP02;DEL02
277532;28/03/2020;sábado;23:30:00;DF;20;17,7;BRASILIA;Ingestão de Álcool;Colisão traseira;Com Vítimas Feridas;Plena Noite;Decrescente;Céu Claro;Dupla;Reta;Não;2;0;1;0;1;0;1;2;-15,62137;-47,71698;SR-DF;UOP01;DEL02
277533;29/03/2020;domingo;00:01:00;PB;101;22;MAMANGUAPE;Ingestão de álcool e/ou substâncias psicoativas pelo pedestre;Colisão com objeto estático;Com Vítimas Feridas;Plena Noite;Crescente;Céu Claro;Dupla;Reta;Não;2;0;2;0;0;0;2;1;-6,681084;-35,11407;SR-PB;UOP03;DEL01
277534;29/03/2020;domingo;00:20:00;SP;116;63,9;GUARATINGUETA;Ingestão de Álcool;Colisão com objeto estático;Com Vítimas Feridas;Plena Noite;Crescente;Nublado;Dupla;Curva;Não;1;0;0;1;0;0;1;1;-22,8127;-45,17801;SR-SP;UOP02;DEL08
277535;28/03/2020;sábado;18:20:00;MA;10;263;IMPERATRIZ;Falta de Atenção à Condução;Colisão traseira;Com Vítimas Feridas;Anoitecer;Crescente;Céu Claro;Simples;Reta;Sim;2;0;0;1;1;0;1;2;-5,436281;-47,47265;SR-MA;UOP01;DEL04
277536;29/03/2020;domingo;01:00:00;PR;158;511;CORONEL VIVIDA;Pista Escorregadia;Colisão com objeto estático;Sem Vítimas;Pleno dia;Decrescente;Garoa/Chuvisco;Simples;Reta;Não;1;0;0;0;1;0;0;1;-26,04034;-52,61094;SR-PR;UOP01;DEL02
277537;28/03/2020;sábado;23:00:00;RJ;116;269;BARRA MANSA;Falta de Atenção à Condução;Colisão traseira;Com Vítimas Feridas;Plena Noite;Crescente;Céu Claro;Dupla;Reta;Sim;2;0;1;0;1;0;1;2;-22,5751;-44,11542;SR-RJ;UOP02;DEL07
277538;28/03/2020;sábado;23:30:00;MG;381;533;ITATIAIUCU;Velocidade Incompatível;Saída de leito carroçável;Com Vítimas Feridas;Plena Noite;Decrescente;Céu Claro;Dupla;Curva;Não;1;0;1;0;0;0;1;1;-20,19896;-44,38641;SR-MG;UOP03;DEL04
277539;29/03/2020;domingo;01:15:00;RN;101;84,8;NATAL;Velocidade Incompatível;Saída de leito carroçável;Sem Vítimas;Plena Noite;Decrescente;Chuva;Dupla;Curva;Sim;2;0;0;0;0;2;0;1;-5,771045;-35,26617;SR-RN;UOP01;DEL02
277540;29/03/2020;domingo;02:30:00;SE;101;30,9;CAPELA;Condutor Dormindo;Colisão com objeto estático;Com Vítimas Feridas;Plena Noite;Decrescente;Chuva;Simples;Túnel;Não;1;0;0;1;0;0;1;1;-10,44545;-36,93658;SR-SE;UOP02;DEL02
277541;29/03/2020;domingo;03:20:00;AL;104;88,4;RIO LARGO;Falta de Atenção do Pedestre;Atropelamento de Pedestre;Com Vítimas Feridas;Plena Noite;Crescente;Chuva;Dupla;Reta;Sim;2;0;0;1;1;0;1;1;-9,483752;-35,81816;SR-AL;UOP01;DEL01
277542;25/02/2020;terça-feira;22:00:00;MG;381;404,5;NOVA UNIAO;Defeito na Via;Colisão com objeto estático;Com Vítimas Feridas;Plena Noite;Crescente;Céu Claro;Simples;Não Informado;Não;2;0;1;0;1;0;1;1;-19,74654;-43,54764;SR-MG;UOP01;DEL01
277543;29/03/2020;domingo;01:45:00;RO;425;140;GUAJARA-MIRIM;Ingestão de Álcool;Saída de leito carroçável;Com Vítimas Feridas;Plena Noite;Crescente;Nublado;Dupla;Reta;Sim;2;0;1;0;0;1;1;1;-10,74161;-65,293;SR-RO;UOP04;DEL01
277544;29/03/2020;domingo;05:20:00;RJ;101;84;CAMPOS DOS GOYTACAZES;Ingestão de Álcool;Queda de ocupante de veículo;Com Vítimas Feridas;Amanhecer;Crescente;Céu Claro;Simples;Curva;Não;1;0;0;1;0;0;1;1;-21,82137;-41,47024;SR-RJ;UOP02;DEL08
277545;28/03/2020;sábado;22:00:00;MA;230;370;FORTALEZA DOS NOGUEIRAS;Ingestão de Álcool;Saída de leito carroçável;Sem Vítimas;Plena Noite;Crescente;Céu Claro;Simples;Reta;Não;1;0;0;0;1;0;0;1;-7,246848;-45,91056;SR-MA;UOP01;DEL05
277547;28/03/2020;sábado;20:30:00;PA;230;682;BRASIL NOVO;Ingestão de Álcool;Saída de leito carroçável;Com Vítimas Feridas;Plena Noite;Crescente;Nublado;Simples;Reta;Não;1;0;1;0;0;0;1;1;-3,281522;-52,44515;SR-PA;UOP01;DEL04
277548;29/03/2020;domingo;07:05:00;BA;116;433,1;FEIRA DE SANTANA;Defeito na Via;Tombamento;Com Vítimas Feridas;Pleno dia;Decrescente;Nublado;Dupla;Curva;Não;3;0;3;0;0;0;3;1;-12,30248;-39,04094;SR-BA;UOP01;DEL02
277549;29/03/2020;domingo;06:20:00;RJ;101;269;RIO BONITO;Falta de Atenção à Condução;Tombamento;Com Vítimas Feridas;Amanhecer;Decrescente;Céu Claro;Dupla;Reta;Não;1;0;1;0;0;0;1;1;-22,71495;-42,67805;SR-RJ;UOP03;DEL02
277550;29/03/2020;domingo;07:00:00;SE;101;92;NOSSA SENHORA DO SOCORRO;Ingestão de Álcool;Colisão traseira;Com Vítimas Feridas;Pleno dia;Decrescente;Chuva;Dupla;Reta;Sim;3;0;1;0;1;1;1;3;-10,90169;-37,13619;SR-SE;UOP01;DEL01
277551;29/03/2020;domingo;07:10:00;RJ;495;29;PETROPOLIS;Defeito na Via;Colisão lateral;Com Vítimas Feridas;Pleno dia;Crescente;Céu Claro;Simples;Reta;Sim;2;0;0;1;1;0;1;2;-22,39161;-43,1262;SR-RJ;UOP01;DEL06
277552;29/03/2020;domingo;06:20:00;MG;381;923,7;CAMANDUCAIA;Velocidade Incompatível;Tombamento;Com Vítimas Feridas;Pleno dia;Crescente;Céu Claro;Dupla;Curva;Não;1;0;1;0;0;0;1;1;-22,77483;-46,18824;SR-MG;UOP03;DEL16
277553;29/03/2020;domingo;07:40:00;MG;381;345;JOAO MONLEVADE;Condutor Dormindo;Saída de leito carroçável;Sem Vítimas;Amanhecer;Decrescente;Céu Claro;Simples;Reta;Não;1;0;0;0;1;0;0;1;-19,86363;-43,12254;SR-MG;UOP01;DEL03
277554;29/03/2020;domingo;06:10:00;RS;116;520;PELOTAS;Velocidade Incompatível;Capotamento;Sem Vítimas;Pleno dia;Crescente;Nublado;Simples;Rotatória;Não;1;0;0;0;0;1;0;1;-31,70061;-52,3613;SR-RS;UOP01;DEL07
277555;29/03/2020;domingo;08:25:00;SC;280;24,9;ARAQUARI;Avarias e/ou desgaste excessivo no pneu;Queda de ocupante de veículo;Com Vítimas Feridas;Pleno dia;Decrescente;Céu Claro;Simples;Reta;Sim;2;0;2;0;0;0;2;1;-26,38238;-48,72547;SR-SC;UOP03;DEL03
277556;29/03/2020;domingo;08:30:00;PR;277;485,5;NOVA LARANJEIRAS;Restrição de Visibilidade;Colisão com objeto estático;Com Vítimas Feridas;Pleno dia;Decrescente;Nevoeiro/Neblina;Simples;Curva;Não;1;0;1;0;0;0;1;1;-25,26571;-52,62553;SR-PR;UOP03;DEL04
277557;29/03/2020;domingo;09:00:00;GO;60;49;ABADIANIA;Falta de Atenção à Condução;Saída de leito carroçável;Com Vítimas Feridas;Pleno dia;Crescente;Céu Claro;Dupla;Curva;Não;1;0;0;1;0;0;1;1;-16,1985;-48,7056;SR-GO;UOP01;DEL02
277558;29/03/2020;domingo;08:00:00;AP;210;3;MACAPA;Ingestão de Álcool;Saída de leito carroçável;Com Vítimas Feridas;Pleno dia;Decrescente;Sol;Dupla;Reta;Não;1;0;1;0;0;0;1;1;0,08723365;-51,08569;SR-AP;UOP01;DEL01
277559;12/02/2020;quarta-feira;07:45:00;SP;116;161,5;JACAREI;Falta de Atenção à Condução;Colisão lateral;Com Vítimas Feridas;Pleno dia;Crescente;Céu Claro;Múltipla;Ponte;Sim;2;0;0;1;1;0;1;2;-23,27765;-45,97848;SR-SP;UOP01;DEL02
277561;29/03/2020;domingo;07:40:00;SP;116;496,4;CAJATI;Falta de Atenção à Condução;Colisão com objeto estático;Com Vítimas Feridas;Pleno dia;Decrescente;Céu Claro;Dupla;Curva;Não;2;0;1;0;1;0;1;2;-24,75946;-48,16458;SR-SP;UOP02;DEL05
277562;29/03/2020;domingo;09:30:00;RJ;40;75;PETROPOLIS;Desobediência às normas de trânsito pelo condutor;Queda de ocupante de veículo;Com Vítimas Feridas;Pleno dia;Crescente;Céu Claro;Simples;Curva;Sim;1;0;1;0;0;0;1;1;-22,47922;-43,21731;SR-RJ;UOP03;DEL06
277563;01/03/2020;domingo;16:30:00;ES;101;122;SOORETAMA;Ultrapassagem Indevida;Colisão frontal;Com Vítimas Feridas;Pleno dia;Crescente;Céu Claro;Simples;Reta;Não;2;0;1;0;1;0;1;2;-19,16017;-40,08315;SR-ES;UOP01;DEL04
277564;29/03/2020;domingo;08:30:00;BA;116;368;SERRINHA;Não guardar distância de segurança;Colisão frontal;Com Vítimas Feridas;Pleno dia;Decrescente;Céu Claro;Simples;Reta;Não;3;0;1;0;2;0;1;3;-11,74326;-38,98617;SR-BA;UOP01;DEL02
277565;29/03/2020;domingo;10:00:00;BA;324;567;SAO SEBASTIAO DO PASSE;Avarias e/ou desgaste excessivo no pneu;Capotamento;Com Vítimas Feridas;Pleno dia;Decrescente;Nublado;Dupla;Reta;Não;1;0;1;0;0;0;1;1;-12,5299;-38,60321;SR-BA;UOP01;DEL01
277566;29/03/2020;domingo;10:25:00;MG;40;478,5;SETE LAGOAS;Desobediência às normas de trânsito pelo condutor;Colisão traseira;Com Vítimas Feridas;Pleno dia;Decrescente;Céu Claro;Dupla;Reta;Não;2;0;2;0;0;0;2;2;-19,52849;-44,2595;SR-MG;UOP01;DEL02
277567;24/02/2020;segunda-feira;19:50:00;ES;101;144;LINHARES;Restrição de Visibilidade;Colisão transversal;Com Vítimas Feridas;Plena Noite;Decrescente;Céu Claro;Dupla;Não Informado;Sim;2;0;1;1;0;0;2;2;-19,35188;-40,06367;SR-ES;UOP01;DEL04
277568;29/03/2020;domingo;10:40:00;PA;10;1,5;DOM ELISEU;Mal Súbito;Atropelamento de Pedestre;Com Vítimas Feridas;Pleno dia;Crescente;Céu Claro;Simples;Reta;Não;2;0;1;1;0;0;2;1;-4,436798;-47,53616;SR-PA;UOP02;DEL02
277569;29/03/2020;domingo;10:45:00;SP;381;58,1;ATIBAIA;Velocidade Incompatível;Colisão traseira;Com Vítimas Feridas;Pleno dia;Crescente;Nublado;Dupla;Não Informado;Não;2;0;1;0;1;0;1;2;-23,27438;-46,58531;SR-SP;UOP01;DEL03
277571;29/03/2020;domingo;09:00:00;RS;392;241,4;CACAPAVA DO SUL;Velocidade Incompatível;Colisão com objeto estático;Com Vítimas Feridas;Pleno dia;Crescente;Garoa/Chuvisco;Simples;Curva;Não;1;0;1;0;0;0;1;1;-30,60476;-53,36822;SR-RS;UOP02;DEL09
277572;29/03/2020;domingo;10:45:00;MG;381;907,3;CAMBUI;Velocidade Incompatível;Colisão com objeto estático;Com Vítimas Feridas;Pleno dia;Crescente;Nublado;Dupla;Não Informado;Não;1;0;0;1;0;0;1;1;-22,71022;-46,12178;SR-MG;UOP03;DEL16
277573;29/03/2020;domingo;11:40:00;SC;101;117,3;ITAJAI;Desobediência às normas de trânsito pelo condutor;Colisão transversal;Sem Vítimas;Pleno dia;Crescente;Céu Claro;Dupla;Viaduto;Não;2;0;0;0;2;0;0;2;-26,88747;-48,72253;SR-SC;UOP04;DEL04
277575;26/03/2020;quinta-feira;21:00:00;AL;101;194;SAO SEBASTIAO;Falta de Atenção à Condução;Saída de leito carroçável;Com Vítimas Feridas;Plena Noite;Decrescente;Nublado;Dupla;Curva;Não;1;0;1;0;0;0;1;1;-9,935958;-36,49545;SR-AL;UOP02;DEL02
277576;29/03/2020;domingo;11:20:00;SE;235;5,5;NOSSA SENHORA DO SOCORRO;Pista Escorregadia;Saída de leito carroçável;Sem Vítimas;Pleno dia;Decrescente;Chuva;Dupla;Não Informado;Sim;1;0;0;0;1;0;0;1;-10,9041;-37,1278;SR-SE;UOP01;DEL01
277577;29/03/2020;domingo;11:30:00;MG;381;489;BETIM;Mal Súbito;Saída de leito carroçável;Com Vítimas Feridas;Pleno dia;Crescente;Sol;Dupla;Não Informado;Sim;1;0;1;0;0;0;1;1;-19,96246;-44,16455;SR-MG;UOP03;DEL01
277578;29/03/2020;domingo;10:55:00;MG;116;619;ORIZANIA;Ingestão de Álcool;Colisão transversal;Com Vítimas Fatais;Pleno dia;Crescente;Céu Claro;Simples;Reta;Sim;8;2;4;2;0;0;6;2;-20,47497;-42,18041;SR-MG;UOP03;DEL07
277579;29/03/2020;domingo;11:15:00;CE;20;398;CAUCAIA;Não guardar distância de segurança;Colisão traseira;Com Vítimas Feridas;Pleno dia;Crescente;Céu Claro;Simples;Reta;Não;2;0;0;1;1;0;1;2;-3,79938;-38,717;SR-CE;UOP01;DEL01
277580;29/03/2020;domingo;10:20:00;MT;163;938;ITAUBA;Não guardar distância de segurança;Colisão traseira;Com Vítimas Feridas;Pleno dia;Decrescente;Céu Claro;Simples;Não Informado;Não;4;0;0;2;2;0;2;2;-10,99724;-55,24373;SR-MT;UOP02;DEL06
277581;29/03/2020;domingo;11:15:00;MA;10;172;CAMPESTRE DO MARANHAO;Não guardar distância de segurança;Tombamento;Com Vítimas Feridas;Pleno dia;Decrescente;Sol;Simples;Reta;Não;1;0;1;0;0;0;1;1;-6,212294;-47,3559;SR-MA;UOP02;DEL04
277582;29/03/2020;domingo;11:25:00;SC;101;443,9;SANTA ROSA DO SUL;Falta de Atenção à Condução;Colisão frontal;Com Vítimas Feridas;Pleno dia;Crescente;Céu Claro;Simples;Interseção de vias;Sim;2;0;1;0;1;0;1;2;-29,13224;-49,6966;SR-SC;UOP02;DEL02
277583;29/03/2020;domingo;11:15:00;RO;364;239;CACOAL;Defeito Mecânico no Veículo;Queda de ocupante de veículo;Com Vítimas Feridas;Pleno dia;Decrescente;Nublado;Simples;Não Informado;Sim;2;0;1;0;1;0;1;1;-11,43425;-61,46267;SR-RO;UOP02;DEL02
277584;29/03/2020;domingo;10:10:00;MG;116;517;UBAPORANGA;Velocidade Incompatível;Colisão com objeto estático;Com Vítimas Fatais;Pleno dia;Decrescente;Céu Claro;Simples;Curva;Não;1;1;0;0;0;0;0;1;-19,70493;-42,1172;SR-MG;UOP02;DEL06
277585;29/03/2020;domingo;12:00:00;MG;40;460,8;SETE LAGOAS;Falta de Atenção à Condução;Saída de leito carroçável;Com Vítimas Feridas;Pleno dia;Decrescente;Nublado;Dupla;Reta;Não;2;0;1;0;1;0;1;1;-19,39771;-44,33529;SR-MG;UOP01;DEL02
277586;29/03/2020;domingo;12:00:00;PR;116;177;QUITANDINHA;Falta de Atenção à Condução;Saída de leito carroçável;Com Vítimas Feridas;Pleno dia;Crescente;Nublado;Simples;Curva;Não;1;0;1;0;0;0;1;1;-25,89427;-49,54478;SR-PR;UOP03;DEL01
277587;29/03/2020;domingo;11:50:00;DF;70;11,2;BRASILIA;Ingestão de Álcool;Colisão transversal;Sem Vítimas;Pleno dia;Crescente;Nublado;Simples;Reta;Sim;6;0;0;0;5;1;0;2;-15,78976;-48,14873;SR-DF;UOP03;DEL01
277588;29/03/2020;domingo;13:30:00;PR;277;37,1;MORRETES;Falta de Atenção à Condução;Saída de leito carroçável;Com Vítimas Feridas;Pleno dia;Decrescente;Nublado;Dupla;Não Informado;Não;2;0;2;0;0;0;2;1;-25,56012;-48,8144;SR-PR;UOP07;DEL01
277589;29/03/2020;domingo;13:45:00;MG;50;10;ARAGUARI;Defeito Mecânico no Veículo;Queda de ocupante de veículo;Com Vítimas Feridas;Pleno dia;Decrescente;Céu Claro;Dupla;Reta;Não;2;0;1;1;0;0;2;1;-18,50601;-48,04053;SR-MG;UOP02;DEL15
277591;28/03/2020;sábado;15:00:00;MT;163;982;TERRA NOVA DO NORTE;Falta de Atenção à Condução;Saída de leito carroçável;Com Vítimas Feridas;Pleno dia;Decrescente;Chuva;Simples;Não Informado;Não;1;0;1;0;0;0;1;1;-10,74812;-55,14584;SR-MT;UOP02;DEL06
277592;29/03/2020;domingo;14:32:00;RS;116;143,9;CAXIAS DO SUL;Pista Escorregadia;Colisão com objeto estático;Sem Vítimas;Pleno dia;Decrescente;Chuva;Dupla;Curva;Sim;1;0;0;0;1;0;0;1;-29,12017;-51,12261;SR-RS;UOP01;DEL05
277593;29/03/2020;domingo;14:35:00;SP;116;226;GUARULHOS;Velocidade Incompatível;Colisão traseira;Com Vítimas Feridas;Pleno dia;Crescente;Nublado;Múltipla;Reta;Sim;2;0;2;0;0;0;2;2;-23,49103;-46,54878;SR-SP;UOP01;DEL01
277594;29/03/2020;domingo;14:00:00;RJ;40;97;DUQUE DE CAXIAS;Defeito Mecânico no Veículo;Colisão com objeto estático;Com Vítimas Feridas;Pleno dia;Crescente;Nublado;Simples;Desvio Temporário;Não;1;0;1;0;0;0;1;1;-22,57356;-43,27803;SR-RJ;UOP01;DEL01
277595;29/03/2020;domingo;15:00:00;MG;116;692,2;MURIAE;Falta de Atenção à Condução;Colisão frontal;Com Vítimas Fatais;Pleno dia;Decrescente;Céu Claro;Simples;Não Informado;Não;5;3;0;1;1;0;1;2;-21,01876;-42,36118;SR-MG;UOP02;DEL07
277597;29/03/2020;domingo;15:00:00;PR;116;39;CAMPINA GRANDE DO SUL;Velocidade Incompatível;Saída de leito carroçável;Com Vítimas Feridas;Pleno dia;Crescente;Garoa/Chuvisco;Dupla;Curva;Não;3;0;3;0;0;0;3;1;-25,15617;-48,86134;SR-PR;UOP02;DEL01
277598;29/03/2020;domingo;15:20:00;RJ;101;482,9;ANGRA DOS REIS;Falta de Atenção à Condução;Colisão traseira;Com Vítimas Feridas;Pleno dia;Decrescente;Nublado;Simples;Reta;Sim;3;0;2;0;1;0;2;2;-23,00453;-44,29746;SR-RJ;UOP03;DEL03
277599;29/03/2020;domingo;15:00:00;ES;259;30,9;COLATINA;Falta de Atenção à Condução;Queda de ocupante de veículo;Com Vítimas Feridas;Pleno dia;Crescente;Céu Claro;Simples;Rotatória;Não;1;0;1;0;0;0;1;1;-19,58823;-40,50923;SR-ES;UOP01;DEL02
277600;29/03/2020;domingo;15:00:00;PR;280;315;BARRACAO;Defeito Mecânico no Veículo;Incêndio;Sem Vítimas;Pleno dia;Crescente;Céu Claro;Simples;Desvio Temporário;Não;1;0;0;0;1;0;0;1;-26,29192;-53,52844;SR-PR;UOP01;DEL02
277601;29/03/2020;domingo;15:50:00;SP;116;488,8;CAJATI;Falta de Atenção à Condução;Capotamento;Com Vítimas Feridas;Pleno dia;Crescente;Garoa/Chuvisco;Múltipla;Curva;Sim;2;0;1;0;1;0;1;1;-24,73098;-48,09816;SR-SP;UOP02;DEL05
277602;29/03/2020;domingo;15:00:00;PR;116;107;SAO JOSE DOS PINHAIS;Falta de Atenção à Condução;Colisão lateral;Com Vítimas Feridas;Pleno dia;Crescente;Sol;Dupla;Reta;Não;2;0;1;0;1;0;1;2;-25,5699;-49,18778;SR-PR;UOP04;DEL01
277603;29/03/2020;domingo;15:00:00;RS;290;365,4;VILA NOVA DO SUL;Ingestão de Álcool;Colisão lateral;Com Vítimas Feridas;Pleno dia;Crescente;Garoa/Chuvisco;Simples;Reta;Não;2;0;1;0;1;0;1;2;-30,36079;-53,81754;SR-RS;UOP02;DEL09
277604;29/03/2020;domingo;15:40:00;PR;277;10;PARANAGUA;Falta de Atenção à Condução;Colisão com objeto estático;Sem Vítimas;Pleno dia;Crescente;Céu Claro;Simples;Curva;Não;3;0;0;0;3;0;0;1;-25,5682;-48,61529;SR-PR;UOP07;DEL01
277605;29/03/2020;domingo;15:55:00;PR;277;134;CURITIBA;Pista Escorregadia;Colisão traseira;Sem Vítimas;Pleno dia;Decrescente;Céu Claro;Múltipla;Reta;Sim;2;0;0;0;2;0;0;2;-25,46841;-49,25383;SR-PR;UOP03;DEL03
277606;29/03/2020;domingo;16:00:00;RN;101;171;CANGUARETAMA;Pista Escorregadia;Saída de leito carroçável;Com Vítimas Feridas;Pleno dia;Decrescente;Chuva;Dupla;Reta;Não;1;0;1;0;0;0;1;1;-6,457512;-35,11048;SR-RN;UOP01;DEL01
277607;29/03/2020;domingo;07:30:00;MA;10;318,9;ACAILANDIA;Agressão Externa;Queda de ocupante de veículo;Com Vítimas Fatais;Pleno dia;Crescente;Céu Claro;Dupla;Desvio Temporário;Não;4;1;0;1;2;0;1;2;-4,960145;-47,50748;SR-MA;UOP03;DEL04
277608;29/03/2020;domingo;12:10:00;MA;10;256;IMPERATRIZ;Desobediência às normas de trânsito pelo condutor;Colisão traseira;Com Vítimas Feridas;Pleno dia;Decrescente;Sol;Dupla;Reta;Sim;2;0;1;0;1;0;1;2;-5,499715;-47,47184;SR-MA;UOP01;DEL04
277610;29/03/2020;domingo;15:30:00;SC;470;18,9;ILHOTA;Falta de Atenção à Condução;Queda de ocupante de veículo;Com Vítimas Feridas;Pleno dia;Crescente;Céu Claro;Múltipla;Reta;Não;1;0;1;0;0;0;1;1;-26,85553;-48,80892;SR-SC;UOP04;DEL04
277611;29/03/2020;domingo;14:30:00;PI;316;56;MONSENHOR GIL;Falta de Atenção à Condução;Saída de leito carroçável;Com Vítimas Feridas;Pleno dia;Decrescente;Céu Claro;Simples;Reta;Não;2;0;2;0;0;0;2;1;-5,543235;-42,62284;SR-PI;UOP02;DEL01
277612;29/03/2020;domingo;15:50:00;MS;463;102;PONTA PORA;Falta de Atenção à Condução;Colisão lateral;Com Vítimas Feridas;Pleno dia;Decrescente;Céu Claro;Simples;Interseção de vias;Não;4;0;3;0;0;1;3;2;-22,61649;-55,63304;SR-MS;UOP03;DEL04
277613;29/03/2020;domingo;17:50:00;RN;304;32,4;MOSSORO;Pista Escorregadia;Saída de leito carroçável;Com Vítimas Feridas;Anoitecer;Decrescente;Chuva;Simples;Reta;Sim;2;0;0;1;0;1;1;1;-5,138183;-37,34528;SR-RN;UOP02;DEL04
277614;29/03/2020;domingo;16:15:00;MG;40;624,8;CONSELHEIRO LAFAIETE;Agressão Externa;Danos eventuais;Com Vítimas Feridas;Pleno dia;Crescente;Céu Claro;Simples;Reta;Não;3;0;1;0;2;0;1;1;-20,61106;-43,80635;SR-MG;UOP02;DEL05
277615;29/03/2020;domingo;17:25:00;PI;343;327,7;TERESINA;Animais na Pista;Atropelamento de Animal;Com Vítimas Feridas;Anoitecer;Crescente;Garoa/Chuvisco;Simples;Reta;Não;1;0;1;0;0;0;1;1;-5,071425;-42,62594;SR-PI;UOP01;DEL01
277616;29/03/2020;domingo;17:20:00;GO;40;5,2;VALPARAISO DE GOIAS;Velocidade Incompatível;Colisão traseira;Sem Vítimas;Pleno dia;Crescente;Céu Claro;Dupla;Desvio Temporário;Sim;2;0;0;0;2;0;0;2;-16,09313;-47,98224;SR-DF;UOP01;DEL01
277617;29/03/2020;domingo;18:00:00;SP;116;214;GUARULHOS;Ingestão de Álcool;Colisão lateral;Sem Vítimas;Anoitecer;Crescente;Garoa/Chuvisco;Múltipla;Reta;Sim;2;0;0;0;2;0;0;2;-23,44295;-46,44557;SR-SP;UOP01;DEL01
277618;29/03/2020;domingo;16:45:00;PR;373;185;PONTA GROSSA;Não guardar distância de segurança;Colisão lateral;Com Vítimas Feridas;Pleno dia;Decrescente;Céu Claro;Simples;Curva;Não;2;0;1;0;0;1;1;2;-25,04886;-50,29258;SR-PR;UOP01;DEL03
277619;29/03/2020;domingo;17:40:00;ES;259;30;COLATINA;Defeito na Via;Tombamento;Com Vítimas Feridas;Anoitecer;Decrescente;Céu Claro;Dupla;Rotatória;Não;2;0;1;0;0;1;1;1;-19,57067;-40,50497;SR-ES;UOP01;DEL02
277620;25/03/2020;quarta-feira;20:40:00;RJ;101;399;ITAGUAI;Velocidade Incompatível;Saída de leito carroçável;Sem Vítimas;Pleno dia;Decrescente;Céu Claro;Dupla;Reta;Não;1;0;0;0;0;1;0;1;-22,85922;-43,75891;SR-RJ;UOP01;DEL03
277621;29/03/2020;domingo;17:20:00;RO;364;708;PORTO VELHO;Desobediência às normas de trânsito pelo condutor;Atropelamento de Pedestre;Sem Vítimas;Pleno dia;Crescente;Céu Claro;Dupla;Reta;Sim;2;0;0;0;2;0;0;1;-8,795541;-63,84072;SR-RO;UOP01;DEL01
277622;29/03/2020;domingo;18:25:00;BA;324;515;FEIRA DE SANTANA;Desobediência às normas de trânsito pelo condutor;Colisão lateral;Com Vítimas Feridas;Plena Noite;Crescente;Céu Claro;Simples;Reta;Sim;2;0;0;1;1;0;1;2;-12,23548;-38,94397;SR-BA;UOP01;DEL02
277623;29/03/2020;domingo;18:20:00;ES;101;164,4;LINHARES;Desobediência às normas de trânsito pelo condutor;Colisão transversal;Com Vítimas Feridas;Plena Noite;Crescente;Céu Claro;Simples;Interseção de vias;Não;3;0;0;1;1;1;1;2;-19,50806;-40,13606;SR-ES;UOP01;DEL04
277625;29/03/2020;domingo;18:30:00;MG;381;487,5;BETIM;Velocidade Incompatível;Colisão com objeto estático;Com Vítimas Feridas;Plena Noite;Crescente;Chuva;Múltipla;Curva;Sim;2;0;1;0;1;0;1;2;-19,95587;-44,1461;SR-MG;UOP03;DEL01